{
  "load_summary": {
    "count": 120,
    "schedule_delay": {
      "mean": 0.8410983388777822,
      "min": -0.000879751518368721,
      "max": 6.381794711574912,
      "p0.1": -0.0008011500206775963,
      "p1": -0.00017305017914623024,
      "p5": 7.91504280641675e-05,
      "p10": 0.000494668260216713,
      "p25": 0.0017712453845888376,
      "median": 0.006692080292850733,
      "p75": 1.1858109541935846,
      "p90": 2.512174245342613,
      "p95": 4.321539068687706,
      "p99": 5.787978360299022,
      "p99.9": 6.320061190134387
    }
  },
  "successes": {
    "count": 120,
    "latency": {
      "request_latency": {
        "mean": 1.933128098708888,
        "min": 1.8944018720649183,
        "max": 3.532603826839477,
        "p0.1": 1.8944505509440788,
        "p1": 1.8948558857617899,
        "p5": 1.8965835471404717,
        "p10": 1.898464368376881,
        "p25": 1.9114075425313786,
        "median": 1.9138238369487226,
        "p75": 1.9157825720030814,
        "p90": 1.917605406511575,
        "p95": 1.9210623650113121,
        "p99": 2.658297525998207,
        "p99.9": 3.4464983067829267
      },
      "normalized_time_per_output_token": {
        "mean": 0.007951705405573165,
        "min": 0.007473369603829942,
        "max": 0.01418716396321075,
        "p0.1": 0.007483656769633183,
        "p1": 0.007564384984022518,
        "p5": 0.007601216279118071,
        "p10": 0.007633685964749629,
        "p25": 0.007680496527723609,
        "median": 0.007754099633552225,
        "p75": 0.007853128091378718,
        "p90": 0.008037166627836533,
        "p95": 0.008264600574553868,
        "p99": 0.013227497492713024,
        "p99.9": 0.014101422329048739
      },
      "time_per_output_token": {
        "mean": 0.007239438702895616,
        "min": 0.007223026508465409,
        "max": 0.007257841467857361,
        "p0.1": 0.007223326893018559,
        "p1": 0.007227100338097662,
        "p5": 0.007236193060409278,
        "p10": 0.007237076811864972,
        "p25": 0.007237851148471236,
        "median": 0.007239100904203951,
        "p75": 0.007239986701402813,
        "p90": 0.00724176002945751,
        "p95": 0.0072478158406913285,
        "p99": 0.007251729335933923,
        "p99.9": 0.007257140249241143
      },
      "time_to_first_token": {
        "mean": 0.11975459120391557,
        "min": 0.0814665942452848,
        "max": 1.7150573208928108,
        "p0.1": 0.08150249605672434,
        "p1": 0.0818995230551809,
        "p5": 0.08370852062944323,
        "p10": 0.08502138135954737,
        "p25": 0.0983398660318926,
        "median": 0.10039016208611429,
        "p75": 0.10256917914375663,
        "p90": 0.10425264588557184,
        "p95": 0.10621817626524717,
        "p99": 0.8442659073509294,
        "p99.9": 1.6294683253360085
      },
      "inter_token_latency": {
        "mean": 0.007239438702895617,
        "min": 4.149973392486572e-06,
        "max": 0.01420204434543848,
        "p0.1": 1.1529773473739624e-05,
        "p1": 0.0022085972875356672,
        "p5": 0.0045728521887212995,
        "p10": 0.006661018030717969,
        "p25": 0.007205637753941119,
        "median": 0.007268399465829134,
        "p75": 0.007338610012084246,
        "p90": 0.007710416056215765,
        "p95": 0.009839004091918468,
        "p99": 0.01195716488175094,
        "p99.9": 0.01256078818487004
      }
    },
    "throughput": {
      "input_tokens_per_sec": 258.9722489986217,
      "output_tokens_per_sec": 61.378473709750736,
      "total_tokens_per_sec": 320.3507227083724,
      "requests_per_sec": 0.2513622566777042
    },
    "prompt_len": {
      "mean": 1030.275,
      "min": 1014.0,
      "max": 1052.0,
      "p0.1": 1014.0,
      "p1": 1014.38,
      "p5": 1017.95,
      "p10": 1020.0,
      "p25": 1025.0,
      "median": 1030.0,
      "p75": 1035.0,
      "p90": 1042.1,
      "p95": 1044.05,
      "p99": 1046.81,
      "p99.9": 1051.405
    },
    "output_len": {
      "mean": 244.18333333333334,
      "min": 142.0,
      "max": 254.0,
      "p0.1": 143.785,
      "p1": 169.16,
      "p5": 236.0,
      "p10": 239.9,
      "p25": 244.0,
      "median": 247.0,
      "p75": 249.0,
      "p90": 250.0,
      "p95": 251.0,
      "p99": 252.0,
      "p99.9": 253.76200000000003
    }
  },
  "failures": {
    "count": 0,
    "request_latency": null,
    "prompt_len": null
  }
}