{
  "load_summary": {
    "count": 120,
    "schedule_delay": {
      "mean": 0.0106754015898332,
      "min": -0.0007134061306715012,
      "max": 0.12947372673079371,
      "p0.1": -0.0006667614327743649,
      "p1": -0.0002973472699522972,
      "p5": -9.231520816683769e-05,
      "p10": 5.735140293836594e-05,
      "p25": 0.00040288653690367937,
      "median": 0.001089586177840829,
      "p75": 0.0019695324590429664,
      "p90": 0.030568989459425232,
      "p95": 0.0950341774150729,
      "p99": 0.12446144863031805,
      "p99.9": 0.12898725113738335
    }
  },
  "successes": {
    "count": 120,
    "latency": {
      "request_latency": {
        "mean": 0.1361763098509982,
        "min": 0.132599966134876,
        "max": 0.14270473597571254,
        "p0.1": 0.13260261851130054,
        "p1": 0.13264146758709103,
        "p5": 0.1330446450272575,
        "p10": 0.13339895498938859,
        "p25": 0.13426353025715798,
        "median": 0.13582234596833587,
        "p75": 0.13773217459674925,
        "p90": 0.1394238168373704,
        "p95": 0.14058313174173237,
        "p99": 0.14182831928133965,
        "p99.9": 0.14260455599799754
      },
      "normalized_time_per_output_token": {
        "mean": 0.00913368114135145,
        "min": 0.00868186604930088,
        "max": 0.01012006784523172,
        "p0.1": 0.008685209167801076,
        "p1": 0.008734666751523037,
        "p5": 0.008863814932604632,
        "p10": 0.008890002484743793,
        "p25": 0.008961390897942087,
        "median": 0.009073231788352131,
        "p75": 0.009218375679726401,
        "p90": 0.009501323201028363,
        "p95": 0.009676871498647545,
        "p99": 0.009995247808484627,
        "p99.9": 0.010108431167567948
      },
      "time_per_output_token": {
        "mean": 0.00678794987525584,
        "min": 0.006567058557023605,
        "max": 0.007108775526285171,
        "p0.1": 0.006569118490877251,
        "p1": 0.006603824011981487,
        "p5": 0.006754010134997468,
        "p10": 0.0067721009068191056,
        "p25": 0.006782283602903286,
        "median": 0.006790632987394929,
        "p75": 0.0067983743113776045,
        "p90": 0.006805707666402061,
        "p95": 0.006809488525614142,
        "p99": 0.006819674187960724,
        "p99.9": 0.007074392264305307
      },
      "time_to_first_token": {
        "mean": 0.034080685062023504,
        "min": 0.03012170409783721,
        "max": 0.040576294995844364,
        "p0.1": 0.030152193543035537,
        "p1": 0.030416839509271085,
        "p5": 0.031007117475382984,
        "p10": 0.031272981129586694,
        "p25": 0.0321530009387061,
        "median": 0.033654407830908895,
        "p75": 0.03556416882202029,
        "p90": 0.038012366835027935,
        "p95": 0.03838845049031079,
        "p99": 0.04031422363128513,
        "p99.9": 0.04056761194719002
      },
      "inter_token_latency": {
        "mean": 0.00678794987525584,
        "min": 9.010080248117447e-06,
        "max": 0.01251831604167819,
        "p0.1": 9.425101801753044e-06,
        "p1": 9.899861179292202e-06,
        "p5": 1.3129739090800286e-05,
        "p10": 0.004409355157986284,
        "p25": 0.007167037110775709,
        "median": 0.007254108553752303,
        "p75": 0.0073390480829402804,
        "p90": 0.007549293898046016,
        "p95": 0.008802280179224908,
        "p99": 0.011692232633940876,
        "p99.9": 0.01237632072065027
      }
    },
    "throughput": {
      "input_tokens_per_sec": 1.0014321625304066,
      "output_tokens_per_sec": 14.93802975774523,
      "total_tokens_per_sec": 15.939461920275637,
      "requests_per_sec": 1.0014321625304066
    },
    "prompt_len": {
      "mean": 1.0,
      "min": 1.0,
      "max": 1.0,
      "p0.1": 1.0,
      "p1": 1.0,
      "p5": 1.0,
      "p10": 1.0,
      "p25": 1.0,
      "median": 1.0,
      "p75": 1.0,
      "p90": 1.0,
      "p95": 1.0,
      "p99": 1.0,
      "p99.9": 1.0
    },
    "output_len": {
      "mean": 14.916666666666666,
      "min": 14.0,
      "max": 16.0,
      "p0.1": 14.0,
      "p1": 14.0,
      "p5": 14.0,
      "p10": 14.9,
      "p25": 15.0,
      "median": 15.0,
      "p75": 15.0,
      "p90": 15.0,
      "p95": 15.0,
      "p99": 15.810000000000002,
      "p99.9": 16.0
    }
  },
  "failures": {
    "count": 0,
    "request_latency": null,
    "prompt_len": null
  }
}