{
  "load_summary": {
    "count": 1200,
    "schedule_delay": {
      "mean": 4.275627589474122e-05,
      "min": -0.001517582219094038,
      "max": 0.0021237945184111595,
      "p0.1": -0.0013757889047265053,
      "p1": -0.0010842240136116742,
      "p5": -0.0007754284422844648,
      "p10": -0.0005984976887702942,
      "p25": -0.0002880226820707321,
      "median": 3.3496180549263954e-05,
      "p75": 0.0003734142519533634,
      "p90": 0.0006744910962879658,
      "p95": 0.0008745555765926836,
      "p99": 0.001207065302878618,
      "p99.9": 0.001495120746549225
    },
    "send_duration": 119.95856844913214,
    "requested_rate": 10.0,
    "achieved_rate": 10.003453821715572
  },
  "successes": {
    "count": 1200,
    "latency": {
      "request_latency": {
        "mean": 62.946931845908985,
        "min": 46.74610084621236,
        "max": 68.55485797300935,
        "p0.1": 46.88075827629771,
        "p1": 47.841826551384294,
        "p5": 51.09670942234807,
        "p10": 54.816426660539584,
        "p25": 60.55297801538836,
        "median": 64.43508356390521,
        "p75": 67.15319925278891,
        "p90": 67.98092775037512,
        "p95": 68.33222923255525,
        "p99": 68.53207583144773,
        "p99.9": 68.55123771657283
      },
      "normalized_time_per_output_token": {
        "mean": 0.016122451161919057,
        "min": 0.011861928023367963,
        "max": 0.027321734587168644,
        "p0.1": 0.01190998776009969,
        "p1": 0.012265338151998015,
        "p5": 0.013100704512240597,
        "p10": 0.014102362930219162,
        "p25": 0.015428307708783142,
        "median": 0.0164505987592697,
        "p75": 0.01712280090589733,
        "p90": 0.017391841362094165,
        "p95": 0.01758251695254209,
        "p99": 0.018553946643079352,
        "p99.9": 0.024317900399825926
      },
      "time_per_output_token": {
        "mean": 0.01569877297369181,
        "min": 0.011648830298450775,
        "max": 0.017095585592789574,
        "p0.1": 0.011672080915683532,
        "p1": 0.011931350099358242,
        "p5": 0.012740092665876727,
        "p10": 0.013669059982988984,
        "p25": 0.015099513380031567,
        "median": 0.016072648065630347,
        "p75": 0.016748239149834265,
        "p90": 0.016956322226976045,
        "p95": 0.017043610018776963,
        "p99": 0.017087640843978152,
        "p99.9": 0.017094688060208803
      },
      "time_to_first_token": {
        "mean": 0.14324947023609033,
        "min": 0.0754482508637011,
        "max": 0.26868448313325644,
        "p0.1": 0.07952570085786283,
        "p1": 0.09302384891547262,
        "p5": 0.10146566960029305,
        "p10": 0.1097275662701577,
        "p25": 0.12734446651302278,
        "median": 0.14456489402800798,
        "p75": 0.1594242051942274,
        "p90": 0.17057558069936932,
        "p95": 0.17922281406354154,
        "p99": 0.19626762353349475,
        "p99.9": 0.21485151567496405
      },
      "inter_token_latency": {
        "mean": 0.01569877297369181,
        "min": 3.589782863855362e-06,
        "max": 0.0762650789692998,
        "p0.1": 0.00523965175403282,
        "p1": 0.00856206787750125,
        "p5": 0.010716161201708018,
        "p10": 0.011902004014700651,
        "p25": 0.013976184302009642,
        "median": 0.015885262051597238,
        "p75": 0.017231083940714598,
        "p90": 0.01866548610851169,
        "p95": 0.020112545718438922,
        "p99": 0.023520411890931407,
        "p99.9": 0.058354306212160915
      }
    },
    "throughput": {
      "input_tokens_per_sec": 1739.0930366951875,
      "output_tokens_per_sec": 26379.03943081537,
      "total_tokens_per_sec": 28118.132467510557,
      "requests_per_sec": 6.750853658568399
    },
    "prompt_len": {
      "mean": 257.61083333333335,
      "min": 250.0,
      "max": 270.0,
      "p0.1": 250.0,
      "p1": 251.0,
      "p5": 253.0,
      "p10": 253.0,
      "p25": 255.0,
      "median": 257.0,
      "p75": 260.0,
      "p90": 262.0,
      "p95": 264.0,
      "p99": 267.0,
      "p99.9": 269.80100000000016
    },
    "output_len": {
      "mean": 3907.5116666666668,
      "min": 2445.0,
      "max": 4245.0,
      "p0.1": 2681.786,
      "p1": 3548.85,
      "p5": 3777.85,
      "p10": 3855.0,
      "p25": 3897.0,
      "median": 3925.0,
      "p75": 3947.0,
      "p90": 3967.0,
      "p95": 3976.0,
      "p99": 3993.04,
      "p99.9": 4210.010000000002
    }
  },
  "failures": {
    "count": 0,
    "request_latency": null,
    "prompt_len": null
  }
}