{
  "load_summary": {
    "count": 120,
    "schedule_delay": {
      "mean": 4.998639530909713,
      "min": -9.927153587341309e-05,
      "max": 16.804518571589142,
      "p0.1": -8.045653672888875e-05,
      "p1": 8.115621283650398e-05,
      "p5": 0.0003839174052700401,
      "p10": 0.0024064854718744756,
      "p25": 1.6688139747129753,
      "median": 3.5218161013908684,
      "p75": 7.231617996701971,
      "p90": 14.01337735252455,
      "p95": 14.798724511847832,
      "p99": 15.556367823691108,
      "p99.9": 16.66122119144538
    },
    "send_duration": 235.67604448692873,
    "requested_rate": 0.5,
    "achieved_rate": 0.5091735151158121
  },
  "successes": {
    "count": 120,
    "latency": {
      "request_latency": {
        "mean": 1.713577322413524,
        "min": 1.7089797682128847,
        "max": 1.7229424961842597,
        "p0.1": 1.7090406894176267,
        "p1": 1.7095172305824236,
        "p5": 1.7102826160611584,
        "p10": 1.7107068598270416,
        "p25": 1.7116133000236005,
        "median": 1.713494643336162,
        "p75": 1.7148252062033862,
        "p90": 1.7162147376220673,
        "p95": 1.7171889981022104,
        "p99": 1.7218774395529182,
        "p99.9": 1.7228216802580283
      },
      "normalized_time_per_output_token": {
        "mean": 0.003482444591289695,
        "min": 0.002306316549869715,
        "max": 0.0037232362594528208,
        "p0.1": 0.002439562355203604,
        "p1": 0.003426809421144426,
        "p5": 0.003434888699392769,
        "p10": 0.0034409133685987837,
        "p25": 0.0034559948410202027,
        "median": 0.0034810812095399228,
        "p75": 0.003518040539147255,
        "p90": 0.0035503386608127254,
        "p95": 0.0035795631761721615,
        "p99": 0.003650686853336695,
        "p99.9": 0.003715390051828863
      },
      "time_per_output_token": {
        "mean": 0.0033568538088431716,
        "min": 0.0033171806186437607,
        "max": 0.003567541246961946,
        "p0.1": 0.003317682392627932,
        "p1": 0.0033214111728034914,
        "p5": 0.003323134724516422,
        "p10": 0.003323504852689803,
        "p25": 0.0033242006581276655,
        "median": 0.0033251770548522472,
        "p75": 0.0033497918770843817,
        "p90": 0.003470585588657439,
        "p95": 0.0035231371737056566,
        "p99": 0.0035601471166068596,
        "p99.9": 0.003566689300172296
      },
      "time_to_first_token": {
        "mean": 0.04961345689759279,
        "min": 0.045313151087611914,
        "max": 0.058420900255441666,
        "p0.1": 0.04535279914177954,
        "p1": 0.04568611135240644,
        "p5": 0.04619296970777213,
        "p10": 0.04653669116087258,
        "p25": 0.047635589144192636,
        "median": 0.049407926155254245,
        "p75": 0.050906461547128856,
        "p90": 0.052466249698773025,
        "p95": 0.05438419070560485,
        "p99": 0.058066370012238626,
        "p99.9": 0.058390097944531594
      },
      "inter_token_latency": {
        "mean": 0.0033556671003767647,
        "min": 3.6098062992095947e-06,
        "max": 0.010334096848964691,
        "p0.1": 1.1042710393667221e-05,
        "p1": 0.0005701969377696515,
        "p5": 0.0023207268677651882,
        "p10": 0.0032465518452227116,
        "p25": 0.0033039390109479427,
        "median": 0.0033286111429333687,
        "p75": 0.003354088868945837,
        "p90": 0.0034222560934722424,
        "p95": 0.004703984130173922,
        "p99": 0.006721179373562332,
        "p99.9": 0.008615428991615777
      }
    },
    "throughput": {
      "input_tokens_per_sec": 130.0487271567902,
      "output_tokens_per_sec": 249.14491833898674,
      "total_tokens_per_sec": 379.19364549577693,
      "requests_per_sec": 0.5055016603658598
    },
    "prompt_len": {
      "mean": 257.26666666666665,
      "min": 251.0,
      "max": 270.0,
      "p0.1": 251.0,
      "p1": 251.19,
      "p5": 253.0,
      "p10": 253.0,
      "p25": 255.0,
      "median": 257.0,
      "p75": 259.0,
      "p90": 261.1,
      "p95": 262.0,
      "p99": 264.0,
      "p99.9": 269.28600000000006
    },
    "output_len": {
      "mean": 492.8666666666667,
      "min": 461.0,
      "max": 744.0,
      "p0.1": 461.833,
      "p1": 468.76,
      "p5": 478.9,
      "p10": 483.0,
      "p25": 487.0,
      "median": 492.0,
      "p75": 496.0,
      "p90": 498.0,
      "p95": 499.0,
      "p99": 500.0,
      "p99.9": 714.9640000000036
    }
  },
  "failures": {
    "count": 0,
    "request_latency": null,
    "prompt_len": null
  }
}