{
  "load_summary": {
    "count": 120,
    "schedule_delay": {
      "mean": 0.24391066271346062,
      "min": -0.0003733900375664234,
      "max": 2.0606285827234387,
      "p0.1": -0.0003693048292770982,
      "p1": -0.00033623420167714355,
      "p5": 0.00010853859130293133,
      "p10": 0.00026942272670567037,
      "p25": 0.0006766961887478828,
      "median": 0.0021711864974349737,
      "p75": 0.33347782539203763,
      "p90": 0.7777836621738973,
      "p95": 1.2216431820066638,
      "p99": 2.0345670477533715,
      "p99.9": 2.058059329276905
    },
    "send_duration": 120.09509605914354,
    "requested_rate": 1.0,
    "achieved_rate": 0.9992081603473908
  },
  "successes": {
    "count": 120,
    "latency": {
      "request_latency": {
        "mean": 0.4044442238169722,
        "min": 0.3758878791704774,
        "max": 0.4916533692739904,
        "p0.1": 0.37589635064965116,
        "p1": 0.376067074094899,
        "p5": 0.3788618654245511,
        "p10": 0.3801534654106945,
        "p25": 0.40535522857680917,
        "median": 0.40757136489264667,
        "p75": 0.4091877741739154,
        "p90": 0.4112812826409936,
        "p95": 0.4123487631324679,
        "p99": 0.41912870755419135,
        "p99.9": 0.48314133863663405
      },
      "normalized_time_per_output_token": {
        "mean": 0.0040722192651782,
        "min": 0.001145172198592438,
        "max": 0.004916533692739904,
        "p0.1": 0.001456203283172806,
        "p1": 0.0037598908446830615,
        "p5": 0.0037935867444612087,
        "p10": 0.0038857501524512503,
        "p25": 0.004056195148732514,
        "median": 0.0041123321147946024,
        "p75": 0.004156494928923036,
        "p90": 0.00420817357240891,
        "p95": 0.00426476787873023,
        "p99": 0.004343453970639722,
        "p99.9": 0.0048493448449713015
      },
      "time_per_output_token": {
        "mean": 0.0035718644261913605,
        "min": 0.0032888404978439214,
        "max": 0.0037300773935082057,
        "p0.1": 0.003289141206345521,
        "p1": 0.003291730736615136,
        "p5": 0.0032963718906976283,
        "p10": 0.003401253843852847,
        "p25": 0.0035763499094173313,
        "median": 0.003578807422891259,
        "p75": 0.0035950091690991563,
        "p90": 0.0036915528107933776,
        "p95": 0.0037247413524407118,
        "p99": 0.0037294502329799193,
        "p99.9": 0.003730027799407253
      },
      "time_to_first_token": {
        "mean": 0.04992355414821456,
        "min": 0.044870409183204174,
        "max": 0.13291702698916197,
        "p0.1": 0.04487780463928357,
        "p1": 0.04501937543042004,
        "p5": 0.04557044154498726,
        "p10": 0.04611350996419787,
        "p25": 0.04771110985893756,
        "median": 0.0489366811234504,
        "p75": 0.05043257225770503,
        "p90": 0.05276088956743479,
        "p95": 0.05436604924034327,
        "p99": 0.05841168484650553,
        "p99.9": 0.12412118259864034
      },
      "inter_token_latency": {
        "mean": 0.0035713774100015676,
        "min": 4.250090569257736e-06,
        "max": 0.009196983184665442,
        "p0.1": 9.928915649652482e-06,
        "p1": 1.4084503054618836e-05,
        "p5": 0.002424187120050192,
        "p10": 0.0033002869226038457,
        "p25": 0.0035411538556218147,
        "median": 0.0036067040637135506,
        "p75": 0.0036345836706459522,
        "p90": 0.003707684762775898,
        "p95": 0.0047140809707343564,
        "p99": 0.007500219605863107,
        "p99.9": 0.00869397869706155
      }
    },
    "throughput": {
      "input_tokens_per_sec": 256.1335019793551,
      "output_tokens_per_sec": 100.47120290235974,
      "total_tokens_per_sec": 356.60470488171484,
      "requests_per_sec": 0.9960793413981467
    },
    "prompt_len": {
      "mean": 257.14166666666665,
      "min": 251.0,
      "max": 268.0,
      "p0.1": 251.0,
      "p1": 251.0,
      "p5": 252.0,
      "p10": 253.0,
      "p25": 254.75,
      "median": 256.5,
      "p75": 259.0,
      "p90": 262.0,
      "p95": 264.0,
      "p99": 266.0,
      "p99.9": 267.76200000000006
    },
    "output_len": {
      "mean": 100.86666666666666,
      "min": 94.0,
      "max": 354.0,
      "p0.1": 94.0,
      "p1": 94.19,
      "p5": 95.0,
      "p10": 97.0,
      "p25": 98.0,
      "median": 99.0,
      "p75": 100.0,
      "p90": 100.0,
      "p95": 101.0,
      "p99": 102.81,
      "p99.9": 324.1310000000036
    }
  },
  "failures": {
    "count": 0,
    "request_latency": null,
    "prompt_len": null
  }
}