{
  "load_summary": {
    "count": 120,
    "schedule_delay": {
      "mean": 15.366914945580842,
      "min": 0.0003253142349421978,
      "max": 43.821929986122996,
      "p0.1": 0.00034546714229509234,
      "p1": 0.0005133136129006744,
      "p5": 0.001130822696723044,
      "p10": 0.005065060546621681,
      "p25": 5.663301694090478,
      "median": 14.309554725885391,
      "p75": 23.90817838849034,
      "p90": 32.47369402791374,
      "p95": 34.88125245932024,
      "p99": 42.05742244017311,
      "p99.9": 43.7038264322784
    },
    "send_duration": 1191.749650155194,
    "requested_rate": 0.1,
    "achieved_rate": 0.10069228884134612
  },
  "successes": {
    "count": 120,
    "latency": {
      "request_latency": {
        "mean": 9.11261276912798,
        "min": 9.102144921198487,
        "max": 9.197390376124531,
        "p0.1": 9.10225692407554,
        "p1": 9.10313983461354,
        "p5": 9.105762230488471,
        "p10": 9.10750084510073,
        "p25": 9.109280291828327,
        "median": 9.111714027589187,
        "p75": 9.114780449308455,
        "p90": 9.117288426635787,
        "p95": 9.118226721114478,
        "p99": 9.124550387077033,
        "p99.9": 9.18874126425665
      },
      "normalized_time_per_output_token": {
        "mean": 0.0037229911534679776,
        "min": 0.0036498330072317125,
        "max": 0.003909922533131998,
        "p0.1": 0.00365022409252211,
        "p1": 0.0036533530200585345,
        "p5": 0.003663786443079188,
        "p10": 0.0036688123301788413,
        "p25": 0.003690275699947265,
        "median": 0.0037153999743544932,
        "p75": 0.003740362315675724,
        "p90": 0.0037815699013796097,
        "p95": 0.0038425540214384736,
        "p99": 0.0038795827831399907,
        "p99.9": 0.003906406836793334
      },
      "time_per_output_token": {
        "mean": 0.003696030399287718,
        "min": 0.003677438555707494,
        "max": 0.003716775009031784,
        "p0.1": 0.003677463756401166,
        "p1": 0.0036782610718474914,
        "p5": 0.0036843819501306612,
        "p10": 0.003688784543433953,
        "p25": 0.003690870369167955,
        "median": 0.0036949935944885284,
        "p75": 0.0037000857287871163,
        "p90": 0.003706641706778815,
        "p95": 0.00370774920211194,
        "p99": 0.0037120158212095764,
        "p99.9": 0.003716245132525792
      },
      "time_to_first_token": {
        "mean": 0.05292055041839679,
        "min": 0.0469261659309268,
        "max": 0.1359089040197432,
        "p0.1": 0.04697182276891544,
        "p1": 0.047369857300072905,
        "p5": 0.048338889190927145,
        "p10": 0.048678612196817996,
        "p25": 0.05065721529535949,
        "median": 0.052135481499135494,
        "p75": 0.05381807417143136,
        "p90": 0.05543083203956485,
        "p95": 0.056997747719287874,
        "p99": 0.05979291025083512,
        "p99.9": 0.12688951608073076
      },
      "inter_token_latency": {
        "mean": 0.0036960171827399076,
        "min": 3.4403055906295776e-06,
        "max": 0.012304188217967749,
        "p0.1": 1.9489221274852753e-05,
        "p1": 0.0004390123346820474,
        "p5": 0.0022578937700018288,
        "p10": 0.0034788853023201226,
        "p25": 0.003560963086783886,
        "median": 0.0036187514197081327,
        "p75": 0.0036866397131234407,
        "p90": 0.003801177302375436,
        "p95": 0.005745651526376607,
        "p99": 0.00801324005704373,
        "p99.9": 0.008731505253817915
      }
    },
    "throughput": {
      "input_tokens_per_sec": 25.781558635553058,
      "output_tokens_per_sec": 244.6358470620907,
      "total_tokens_per_sec": 270.41740569764374,
      "requests_per_sec": 0.09992852184322891
    },
    "prompt_len": {
      "mean": 258.0,
      "min": 251.0,
      "max": 267.0,
      "p0.1": 251.0,
      "p1": 251.19,
      "p5": 252.0,
      "p10": 254.0,
      "p25": 255.0,
      "median": 258.0,
      "p75": 260.0,
      "p90": 263.0,
      "p95": 264.0,
      "p99": 266.0,
      "p99.9": 266.88100000000003
    },
    "output_len": {
      "mean": 2448.108333333333,
      "min": 2331.0,
      "max": 2498.0,
      "p0.1": 2332.785,
      "p1": 2346.76,
      "p5": 2372.85,
      "p10": 2412.6,
      "p25": 2436.0,
      "median": 2453.0,
      "p75": 2470.0,
      "p90": 2485.0,
      "p95": 2487.05,
      "p99": 2493.81,
      "p99.9": 2497.524
    }
  },
  "failures": {
    "count": 0,
    "request_latency": null,
    "prompt_len": null
  }
}