{
  "load_summary": {
    "count": 120,
    "schedule_delay": {
      "mean": 0.017471486213617028,
      "min": -0.0003911326639354229,
      "max": 0.2550112600438297,
      "p0.1": -0.00038405134808272123,
      "p1": -0.0003089966578409076,
      "p5": 2.6466557756066473e-06,
      "p10": 0.0001229443121701479,
      "p25": 0.0003895917907357216,
      "median": 0.000836091348901391,
      "p75": 0.0025326396571472287,
      "p90": 0.06850882479920993,
      "p95": 0.14737677499651908,
      "p99": 0.16908296748995782,
      "p99.9": 0.24489880159730215
    }
  },
  "successes": {
    "count": 120,
    "latency": {
      "request_latency": {
        "mean": 0.1764252863242291,
        "min": 0.17270586313679814,
        "max": 0.18591334810480475,
        "p0.1": 0.17272216911474242,
        "p1": 0.17295410010032355,
        "p5": 0.17376860342919825,
        "p10": 0.1744087568949908,
        "p25": 0.17529227025806904,
        "median": 0.17634825129061937,
        "p75": 0.17725331196561456,
        "p90": 0.17824123329482972,
        "p95": 0.1788673916598782,
        "p99": 0.18068691607564688,
        "p99.9": 0.1853003312423826
      },
      "normalized_time_per_output_token": {
        "mean": 0.008799500223402886,
        "min": 0.005571156875380586,
        "max": 0.009881595253116555,
        "p0.1": 0.0055835681018990375,
        "p1": 0.005717710266120091,
        "p5": 0.008358060762596627,
        "p10": 0.008430066061693997,
        "p25": 0.008743010176112875,
        "median": 0.008825000980868936,
        "p75": 0.008966378140030429,
        "p90": 0.009288088641570588,
        "p95": 0.009332901382769801,
        "p99": 0.009783064623946073,
        "p99.9": 0.009870090071915253
      },
      "time_per_output_token": {
        "mean": 0.006877452028372015,
        "min": 0.006718441611155868,
        "max": 0.0070093977497890595,
        "p0.1": 0.006726330853113905,
        "p1": 0.006787583253812045,
        "p5": 0.006829955388093368,
        "p10": 0.006868394194170833,
        "p25": 0.006873353873379529,
        "median": 0.006877208675723523,
        "p75": 0.00688141057617031,
        "p90": 0.006888452547136694,
        "p95": 0.006896578026935459,
        "p99": 0.007005264467094094,
        "p99.9": 0.007009236385114491
      },
      "time_to_first_token": {
        "mean": 0.038570501278930656,
        "min": 0.03484698897227645,
        "max": 0.047092946246266365,
        "p0.1": 0.03488416114263237,
        "p1": 0.035235462565906345,
        "p5": 0.036146665713749825,
        "p10": 0.03650531484745443,
        "p25": 0.03755673405248672,
        "median": 0.03850769507698715,
        "p75": 0.03945177572313696,
        "p90": 0.04043921786360443,
        "p95": 0.04127799705602229,
        "p99": 0.04252712484914809,
        "p99.9": 0.04655121427914134
      },
      "inter_token_latency": {
        "mean": 0.006877452028372015,
        "min": 4.569999873638153e-06,
        "max": 0.012395006138831377,
        "p0.1": 8.914933074265718e-06,
        "p1": 1.029017847031355e-05,
        "p5": 0.0020579217933118406,
        "p10": 0.006619750056415796,
        "p25": 0.007150936755351722,
        "median": 0.007224154658615589,
        "p75": 0.007291343412362039,
        "p90": 0.007477058051154018,
        "p95": 0.007861495926044874,
        "p99": 0.010291875782422686,
        "p99.9": 0.0122221993743442
      }
    },
    "throughput": {
      "input_tokens_per_sec": 10.220013090459314,
      "output_tokens_per_sec": 20.156831034157733,
      "total_tokens_per_sec": 30.376844124617048,
      "requests_per_sec": 0.9995122826855075
    },
    "prompt_len": {
      "mean": 10.225,
      "min": 10.0,
      "max": 13.0,
      "p0.1": 10.0,
      "p1": 10.0,
      "p5": 10.0,
      "p10": 10.0,
      "p25": 10.0,
      "median": 10.0,
      "p75": 10.0,
      "p90": 11.0,
      "p95": 11.0,
      "p99": 12.0,
      "p99.9": 12.881000000000014
    },
    "output_len": {
      "mean": 20.166666666666668,
      "min": 18.0,
      "max": 31.0,
      "p0.1": 18.0,
      "p1": 18.19,
      "p5": 19.0,
      "p10": 19.0,
      "p25": 20.0,
      "median": 20.0,
      "p75": 20.0,
      "p90": 21.0,
      "p95": 21.0,
      "p99": 30.810000000000002,
      "p99.9": 31.0
    }
  },
  "failures": {
    "count": 0,
    "request_latency": null,
    "prompt_len": null
  }
}