{
  "load_summary": {
    "count": 120,
    "schedule_delay": {
      "mean": 1.5061696122594488,
      "min": 0.00015452969819307327,
      "max": 10.408753543160856,
      "p0.1": 0.00015876042284071446,
      "p1": 0.0001926884986460209,
      "p5": 0.00046932306140661244,
      "p10": 0.0008451639674603939,
      "p25": 0.0025503868237137794,
      "median": 0.010944686364382505,
      "p75": 1.9443579756189138,
      "p90": 5.490946556907149,
      "p95": 6.970555713516659,
      "p99": 9.820518196374179,
      "p99.9": 10.352190165343702
    }
  },
  "successes": {
    "count": 120,
    "latency": {
      "request_latency": {
        "mean": 2.114462203901106,
        "min": 2.0268732639960945,
        "max": 5.014186049811542,
        "p0.1": 2.0268836050778627,
        "p1": 2.026993319648318,
        "p5": 2.0283205608138815,
        "p10": 2.028887058002874,
        "p25": 2.030204994720407,
        "median": 2.0321047489997,
        "p75": 2.0351098482497036,
        "p90": 2.0393961247056724,
        "p95": 2.8633439886616543,
        "p99": 3.760813913708554,
        "p99.9": 4.876137572052905
      },
      "normalized_time_per_output_token": {
        "mean": 0.008395954358596356,
        "min": 0.0003774454193253423,
        "max": 0.020300348379803813,
        "p0.1": 0.00037772350597987264,
        "p1": 0.00042708166281085904,
        "p5": 0.008134635149966925,
        "p10": 0.008153277229570061,
        "p25": 0.00819733472223649,
        "median": 0.00828161312225308,
        "p75": 0.008377029674991507,
        "p90": 0.008511975576918981,
        "p95": 0.009276802381819374,
        "p99": 0.015407090585547976,
        "p99.9": 0.01979560551497772
      },
      "time_per_output_token": {
        "mean": 0.007272870129212511,
        "min": 0.007255923580378294,
        "max": 0.007305499792742322,
        "p0.1": 0.007256253172602504,
        "p1": 0.007259371285066009,
        "p5": 0.007264495875500143,
        "p10": 0.007265770568512381,
        "p25": 0.0072713798605836925,
        "median": 0.007273568291217089,
        "p75": 0.007275193346198649,
        "p90": 0.007276627750322223,
        "p95": 0.007277472687512636,
        "p99": 0.007285397969614715,
        "p99.9": 0.007303210644798878
      },
      "time_to_first_token": {
        "mean": 0.28544649091394,
        "min": 0.19798094779253006,
        "max": 3.183402915019542,
        "p0.1": 0.1979968269187957,
        "p1": 0.19820109196007252,
        "p5": 0.1996484982315451,
        "p10": 0.20017335475422443,
        "p25": 0.20161752926651388,
        "median": 0.20355860725976527,
        "p75": 0.20580548723228276,
        "p90": 0.2100494852755219,
        "p95": 1.032594279409386,
        "p99": 1.9287845872947957,
        "p99.9": 3.045357257762475
      },
      "inter_token_latency": {
        "mean": 0.007272869041520803,
        "min": 4.729721695184708e-06,
        "max": 0.018203757237643003,
        "p0.1": 1.0840089060366154e-05,
        "p1": 0.0037488354928791523,
        "p5": 0.005922338087111711,
        "p10": 0.007130273059010506,
        "p25": 0.007263093488290906,
        "median": 0.007314007263630629,
        "p75": 0.007365966914221644,
        "p90": 0.007502058707177639,
        "p95": 0.008250830648466928,
        "p99": 0.0099639259185642,
        "p99.9": 0.011654589495621656
      }
    },
    "throughput": {
      "input_tokens_per_sec": 1270.9736230123854,
      "output_tokens_per_sec": 92.10290573371816,
      "total_tokens_per_sec": 1363.0765287461036,
      "requests_per_sec": 0.24677582084190008
    },
    "prompt_len": {
      "mean": 5150.316666666667,
      "min": 5103.0,
      "max": 5194.0,
      "p0.1": 5105.142,
      "p1": 5121.0,
      "p5": 5127.9,
      "p10": 5130.9,
      "p25": 5140.0,
      "median": 5151.5,
      "p75": 5160.0,
      "p90": 5168.0,
      "p95": 5177.0,
      "p99": 5187.24,
      "p99.9": 5193.286
    },
    "output_len": {
      "mean": 373.225,
      "min": 222.0,
      "max": 5411.0,
      "p0.1": 223.071,
      "p1": 231.19,
      "p5": 238.95,
      "p10": 241.0,
      "p25": 243.0,
      "median": 246.0,
      "p75": 248.0,
      "p90": 249.0,
      "p95": 250.0,
      "p99": 5370.87,
      "p99.9": 5406.835000000001
    }
  },
  "failures": {
    "count": 0,
    "request_latency": null,
    "prompt_len": null
  }
}