{
  "load_summary": {
    "count": 120,
    "schedule_delay": {
      "mean": 0.23105163864869002,
      "min": -0.0005004680715501308,
      "max": 4.046699710190296,
      "p0.1": -0.0004882719609886408,
      "p1": -0.0003187389252707362,
      "p5": 0.0009094465523958207,
      "p10": 0.001658274233341217,
      "p25": 0.0029235491529107094,
      "median": 0.006379583850502968,
      "p75": 0.011615884490311146,
      "p90": 1.0840996582061055,
      "p95": 1.553868790832348,
      "p99": 2.666467681587675,
      "p99.9": 3.894549619791582
    },
    "send_duration": 1197.8627430931665,
    "requested_rate": 0.1,
    "achieved_rate": 0.10017842252120761
  },
  "successes": {
    "count": 120,
    "latency": {
      "request_latency": {
        "mean": 2.3170994017467215,
        "min": 2.228485155850649,
        "max": 5.149640728253871,
        "p0.1": 2.2286838949001395,
        "p1": 2.2303203472681346,
        "p5": 2.2336026194039733,
        "p10": 2.2352947200648488,
        "p25": 2.237970386398956,
        "median": 2.24292115168646,
        "p75": 2.2492329055676237,
        "p90": 2.2540888741146774,
        "p95": 2.8964048161637037,
        "p99": 3.9148782623186733,
        "p99.9": 5.0277926303879505
      },
      "normalized_time_per_output_token": {
        "mean": 0.009438247468448261,
        "min": 0.008832904856225012,
        "max": 0.020598562913015483,
        "p0.1": 0.008837460858095704,
        "p1": 0.008872565488837497,
        "p5": 0.008920049667358399,
        "p10": 0.00894987239652792,
        "p25": 0.009048014547818551,
        "median": 0.00913696837307391,
        "p75": 0.00923423414131915,
        "p90": 0.009464359673356447,
        "p95": 0.011800187515797015,
        "p99": 0.015529632931486627,
        "p99.9": 0.020087883921608898
      },
      "time_per_output_token": {
        "mean": 0.007290998333035388,
        "min": 0.007279201604425907,
        "max": 0.007312989728525281,
        "p0.1": 0.007279240172448945,
        "p1": 0.00727964207768126,
        "p5": 0.0072821855580434205,
        "p10": 0.0072835114171728495,
        "p25": 0.007286708769388497,
        "median": 0.007290099151432514,
        "p75": 0.00729271834064275,
        "p90": 0.007301302620954812,
        "p95": 0.007302952363807708,
        "p99": 0.0073113674169033764,
        "p99.9": 0.00731283312211372
      },
      "time_to_first_token": {
        "mean": 0.4711624726691904,
        "min": 0.3835565038025379,
        "max": 3.29354002000764,
        "p0.1": 0.3837221196494065,
        "p1": 0.3852971337735653,
        "p5": 0.38845033349934965,
        "p10": 0.3895122783258557,
        "p25": 0.3922333993250504,
        "median": 0.39773598150350153,
        "p75": 0.40305771632120013,
        "p90": 0.40780397816561165,
        "p95": 1.051930607529357,
        "p99": 2.0694571572914744,
        "p99.9": 3.172881485566046
      },
      "inter_token_latency": {
        "mean": 0.007290998587004318,
        "min": 9.400304406881332e-06,
        "max": 0.014692266006022692,
        "p0.1": 1.0949695482850075e-05,
        "p1": 0.002162659247405827,
        "p5": 0.004515225766226649,
        "p10": 0.006739690667018294,
        "p25": 0.007288780645467341,
        "median": 0.0073542974423617125,
        "p75": 0.007424987270496786,
        "p90": 0.00774188470095396,
        "p95": 0.009806222957558924,
        "p99": 0.011896687666885553,
        "p99.9": 0.012566860262770227
      }
    },
    "throughput": {
      "input_tokens_per_sec": 1030.27260398317,
      "output_tokens_per_sec": 24.54696526695249,
      "total_tokens_per_sec": 1054.8195692501224,
      "requests_per_sec": 0.09999103269066495
    },
    "prompt_len": {
      "mean": 10303.65,
      "min": 10254.0,
      "max": 10362.0,
      "p0.1": 10254.833,
      "p1": 10261.57,
      "p5": 10270.85,
      "p10": 10278.9,
      "p25": 10289.0,
      "median": 10302.5,
      "p75": 10316.0,
      "p90": 10334.2,
      "p95": 10342.0,
      "p99": 10352.81,
      "p99.9": 10360.929
    },
    "output_len": {
      "mean": 245.49166666666667,
      "min": 226.0,
      "max": 253.0,
      "p0.1": 226.119,
      "p1": 228.71,
      "p5": 237.95,
      "p10": 240.0,
      "p25": 243.75,
      "median": 246.0,
      "p75": 248.0,
      "p90": 251.0,
      "p95": 251.05,
      "p99": 253.0,
      "p99.9": 253.0
    }
  },
  "failures": {
    "count": 0,
    "request_latency": null,
    "prompt_len": null
  }
}