{"level":"info","ts":1785054272.2653391,"caller":"inflightload/producer.go:210","msg":"Injected dynamic attribute into endpoint","key":"InFlightLoadDataKey/inflight-load-producer","endpoint":"dpikus-epd-sglang-bench/epd-nvidia-gpu-vllm-prefill-688d795cbf-scwrs-rank-0"}
{"level":"info","ts":1785054272.2653735,"caller":"controller/pod_reconciler.go:99","msg":"Pod already exists","controller":"pod","controllerGroup":"","controllerKind":"Pod","Pod":{"name":"epd-nvidia-gpu-vllm-prefill-688d795cbf-scwrs","namespace":"dpikus-epd-sglang-bench"},"namespace":"dpikus-epd-sglang-bench","name":"epd-nvidia-gpu-vllm-prefill-688d795cbf-scwrs","reconcileID":"5043af80-b251-4eaf-aa17-760f227f5906"}
{"level":"info","ts":1785054302.5644531,"caller":"inflightload/producer.go:210","msg":"Injected dynamic attribute into endpoint","key":"InFlightLoadDataKey/inflight-load-producer","endpoint":"dpikus-epd-sglang-bench/epd-nvidia-gpu-vllm-prefill-688d795cbf-w7f95-rank-0"}
{"level":"info","ts":1785054302.5644841,"caller":"controller/pod_reconciler.go:99","msg":"Pod already exists","controller":"pod","controllerGroup":"","controllerKind":"Pod","Pod":{"name":"epd-nvidia-gpu-vllm-prefill-688d795cbf-w7f95","namespace":"dpikus-epd-sglang-bench"},"namespace":"dpikus-epd-sglang-bench","name":"epd-nvidia-gpu-vllm-prefill-688d795cbf-w7f95","reconcileID":"5e863e74-b453-48cc-b944-395eb6aea2d0"}
{"level":"info","ts":1785054335.263041,"caller":"controller/pod_reconciler.go:97","msg":"Pod added","controller":"pod","controllerGroup":"","controllerKind":"Pod","Pod":{"name":"epd-nvidia-gpu-vllm-prefill-688d795cbf-scwrs","namespace":"dpikus-epd-sglang-bench"},"namespace":"dpikus-epd-sglang-bench","name":"epd-nvidia-gpu-vllm-prefill-688d795cbf-scwrs","reconcileID":"91d7f226-74e1-4623-ac45-554c52a3a850"}
{"level":"info","ts":1785054363.1803145,"caller":"inflightload/producer.go:210","msg":"Injected dynamic attribute into endpoint","key":"InFlightLoadDataKey/inflight-load-producer","endpoint":"dpikus-epd-sglang-bench/epd-nvidia-gpu-vllm-prefill-688d795cbf-nfgdn-rank-0"}
{"level":"info","ts":1785054363.1804266,"caller":"controller/pod_reconciler.go:99","msg":"Pod already exists","controller":"pod","controllerGroup":"","controllerKind":"Pod","Pod":{"name":"epd-nvidia-gpu-vllm-prefill-688d795cbf-nfgdn","namespace":"dpikus-epd-sglang-bench"},"namespace":"dpikus-epd-sglang-bench","name":"epd-nvidia-gpu-vllm-prefill-688d795cbf-nfgdn","reconcileID":"b8cdf89b-24d7-453f-bc50-88b63c8c3582"}
{"level":"info","ts":1785054383.2625725,"caller":"controller/pod_reconciler.go:97","msg":"Pod added","controller":"pod","controllerGroup":"","controllerKind":"Pod","Pod":{"name":"epd-nvidia-gpu-vllm-prefill-688d795cbf-w7f95","namespace":"dpikus-epd-sglang-bench"},"namespace":"dpikus-epd-sglang-bench","name":"epd-nvidia-gpu-vllm-prefill-688d795cbf-w7f95","reconcileID":"a194a9b4-6c87-410c-94fc-1949a639ebec"}
{"level":"info","ts":1785054419.2623374,"caller":"controller/pod_reconciler.go:97","msg":"Pod added","controller":"pod","controllerGroup":"","controllerKind":"Pod","Pod":{"name":"epd-nvidia-gpu-vllm-prefill-688d795cbf-scwrs","namespace":"dpikus-epd-sglang-bench"},"namespace":"dpikus-epd-sglang-bench","name":"epd-nvidia-gpu-vllm-prefill-688d795cbf-scwrs","reconcileID":"e31101bf-bdc7-49a3-8fd9-c08a854c568a"}
{"level":"info","ts":1785054445.2632434,"caller":"controller/pod_reconciler.go:97","msg":"Pod added","controller":"pod","controllerGroup":"","controllerKind":"Pod","Pod":{"name":"epd-nvidia-gpu-vllm-prefill-688d795cbf-w7f95","namespace":"dpikus-epd-sglang-bench"},"namespace":"dpikus-epd-sglang-bench","name":"epd-nvidia-gpu-vllm-prefill-688d795cbf-w7f95","reconcileID":"85a990dd-0a5f-4924-a9e6-8646086c5dbe"}
{"level":"info","ts":1785054511.93766,"caller":"controller/pod_reconciler.go:97","msg":"Pod added","controller":"pod","controllerGroup":"","controllerKind":"Pod","Pod":{"name":"epd-nvidia-gpu-vllm-prefill-688d795cbf-nfgdn","namespace":"dpikus-epd-sglang-bench"},"namespace":"dpikus-epd-sglang-bench","name":"epd-nvidia-gpu-vllm-prefill-688d795cbf-nfgdn","reconcileID":"73eab22a-74d4-4b33-8751-56839d48ba1c"}
{"level":"info","ts":1785054588.9382637,"caller":"controller/pod_reconciler.go:97","msg":"Pod added","controller":"pod","controllerGroup":"","controllerKind":"Pod","Pod":{"name":"epd-nvidia-gpu-vllm-prefill-688d795cbf-nfgdn","namespace":"dpikus-epd-sglang-bench"},"namespace":"dpikus-epd-sglang-bench","name":"epd-nvidia-gpu-vllm-prefill-688d795cbf-nfgdn","reconcileID":"b6e8438f-7dbc-4b7e-9581-bbe0b66065d9"}
{"level":"info","ts":1785054606.2628639,"caller":"controller/pod_reconciler.go:97","msg":"Pod added","controller":"pod","controllerGroup":"","controllerKind":"Pod","Pod":{"name":"epd-nvidia-gpu-vllm-prefill-688d795cbf-w7f95","namespace":"dpikus-epd-sglang-bench"},"namespace":"dpikus-epd-sglang-bench","name":"epd-nvidia-gpu-vllm-prefill-688d795cbf-w7f95","reconcileID":"dc4dcbe5-e3a0-41fd-a372-81f21d491331"}
{"level":"info","ts":1785054660.2630758,"caller":"controller/pod_reconciler.go:97","msg":"Pod added","controller":"pod","controllerGroup":"","controllerKind":"Pod","Pod":{"name":"epd-nvidia-gpu-vllm-prefill-688d795cbf-scwrs","namespace":"dpikus-epd-sglang-bench"},"namespace":"dpikus-epd-sglang-bench","name":"epd-nvidia-gpu-vllm-prefill-688d795cbf-scwrs","reconcileID":"1fadc938-e9e1-4a74-bae4-4e810732a801"}
{"level":"info","ts":1785054676.2627828,"caller":"controller/pod_reconciler.go:97","msg":"Pod added","controller":"pod","controllerGroup":"","controllerKind":"Pod","Pod":{"name":"epd-nvidia-gpu-vllm-prefill-688d795cbf-w7f95","namespace":"dpikus-epd-sglang-bench"},"namespace":"dpikus-epd-sglang-bench","name":"epd-nvidia-gpu-vllm-prefill-688d795cbf-w7f95","reconcileID":"855040bc-f817-4bdc-a054-b450bda7d8f3"}
{"level":"info","ts":1785054726.2641718,"caller":"controller/pod_reconciler.go:97","msg":"Pod added","controller":"pod","controllerGroup":"","controllerKind":"Pod","Pod":{"name":"epd-nvidia-gpu-vllm-prefill-688d795cbf-scwrs","namespace":"dpikus-epd-sglang-bench"},"namespace":"dpikus-epd-sglang-bench","name":"epd-nvidia-gpu-vllm-prefill-688d795cbf-scwrs","reconcileID":"d79c4475-6dcb-4e18-8a36-a73a31467378"}
{"level":"info","ts":1785054742.2628531,"caller":"controller/pod_reconciler.go:97","msg":"Pod added","controller":"pod","controllerGroup":"","controllerKind":"Pod","Pod":{"name":"epd-nvidia-gpu-vllm-prefill-688d795cbf-w7f95","namespace":"dpikus-epd-sglang-bench"},"namespace":"dpikus-epd-sglang-bench","name":"epd-nvidia-gpu-vllm-prefill-688d795cbf-w7f95","reconcileID":"19892963-ee48-4571-b156-3470556794b5"}
{"level":"info","ts":1785054807.2622004,"caller":"controller/pod_reconciler.go:97","msg":"Pod added","controller":"pod","controllerGroup":"","controllerKind":"Pod","Pod":{"name":"epd-nvidia-gpu-vllm-prefill-688d795cbf-scwrs","namespace":"dpikus-epd-sglang-bench"},"namespace":"dpikus-epd-sglang-bench","name":"epd-nvidia-gpu-vllm-prefill-688d795cbf-scwrs","reconcileID":"1563cae7-6ad4-4a46-9929-41b4d4b63ee7"}
{"level":"info","ts":1785054879.475702,"caller":"handlers/server.go:368","msg":"EPP received request","x-request-id":"a2e3802e-12e2-45ba-942c-3dbedf54a267"}
{"level":"info","ts":1785054879.61446,"caller":"handlers/server.go:626","msg":"EPP sent request body response(s) to proxy","x-request-id":"a2e3802e-12e2-45ba-942c-3dbedf54a267","modelName":"Qwen/Qwen3-VL-32B-Instruct","targetModelName":"Qwen/Qwen3-VL-32B-Instruct"}
{"level":"info","ts":1785054882.3454669,"caller":"handlers/server.go:654","msg":"EPP sent response body back to proxy","x-request-id":"a2e3802e-12e2-45ba-942c-3dbedf54a267"}
{"level":"info","ts":1785054886.3100154,"caller":"handlers/server.go:368","msg":"EPP received request","x-request-id":"8c581476-d9aa-48f2-8068-29bdccd08b5d"}
{"level":"info","ts":1785054886.34873,"caller":"handlers/server.go:368","msg":"EPP received request","x-request-id":"f8f15bde-090b-4bbe-adba-3c656fa1f9b6"}
{"level":"info","ts":1785054886.3487809,"caller":"handlers/server.go:368","msg":"EPP received request","x-request-id":"9af25d56-4df0-4c22-888e-24808ae86280"}
{"level":"info","ts":1785054886.348967,"caller":"handlers/server.go:368","msg":"EPP received request","x-request-id":"e2ed1a7d-43ad-479c-ac33-c6ce4c4746df"}
{"level":"info","ts":1785054886.3513448,"caller":"handlers/server.go:368","msg":"EPP received request","x-request-id":"ea314c43-772f-4425-8959-b6839236ef59"}
{"level":"info","ts":1785054886.3517022,"caller":"handlers/server.go:368","msg":"EPP received request","x-request-id":"a6e9779c-7118-440c-9a6f-3d6831004c7f"}
{"level":"info","ts":1785054886.355235,"caller":"handlers/server.go:368","msg":"EPP received request","x-request-id":"e4f5a730-0876-4445-9f91-ff844e5642c8"}
{"level":"info","ts":1785054886.3626363,"caller":"handlers/server.go:368","msg":"EPP received request","x-request-id":"15e7f88b-02fb-4cc0-ac95-b152435d1a4c"}
{"level":"info","ts":1785054886.4219952,"caller":"handlers/server.go:626","msg":"EPP sent request body response(s) to proxy","x-request-id":"8c581476-d9aa-48f2-8068-29bdccd08b5d","modelName":"Qwen/Qwen3-VL-32B-Instruct","targetModelName":"Qwen/Qwen3-VL-32B-Instruct"}
{"level":"info","ts":1785054886.4301834,"caller":"handlers/server.go:626","msg":"EPP sent request body response(s) to proxy","x-request-id":"e4f5a730-0876-4445-9f91-ff844e5642c8","modelName":"Qwen/Qwen3-VL-32B-Instruct","targetModelName":"Qwen/Qwen3-VL-32B-Instruct"}
{"level":"info","ts":1785054886.4570315,"caller":"handlers/server.go:626","msg":"EPP sent request body response(s) to proxy","x-request-id":"e2ed1a7d-43ad-479c-ac33-c6ce4c4746df","modelName":"Qwen/Qwen3-VL-32B-Instruct","targetModelName":"Qwen/Qwen3-VL-32B-Instruct"}
{"level":"info","ts":1785054886.4585793,"caller":"handlers/server.go:626","msg":"EPP sent request body response(s) to proxy","x-request-id":"ea314c43-772f-4425-8959-b6839236ef59","modelName":"Qwen/Qwen3-VL-32B-Instruct","targetModelName":"Qwen/Qwen3-VL-32B-Instruct"}
{"level":"info","ts":1785054886.50086,"caller":"handlers/server.go:626","msg":"EPP sent request body response(s) to proxy","x-request-id":"f8f15bde-090b-4bbe-adba-3c656fa1f9b6","modelName":"Qwen/Qwen3-VL-32B-Instruct","targetModelName":"Qwen/Qwen3-VL-32B-Instruct"}
{"level":"info","ts":1785054886.5230918,"caller":"handlers/server.go:626","msg":"EPP sent request body response(s) to proxy","x-request-id":"9af25d56-4df0-4c22-888e-24808ae86280","modelName":"Qwen/Qwen3-VL-32B-Instruct","targetModelName":"Qwen/Qwen3-VL-32B-Instruct"}
{"level":"info","ts":1785054886.5340314,"caller":"handlers/server.go:626","msg":"EPP sent request body response(s) to proxy","x-request-id":"15e7f88b-02fb-4cc0-ac95-b152435d1a4c","modelName":"Qwen/Qwen3-VL-32B-Instruct","targetModelName":"Qwen/Qwen3-VL-32B-Instruct"}
{"level":"info","ts":1785054886.5398803,"caller":"handlers/server.go:626","msg":"EPP sent request body response(s) to proxy","x-request-id":"a6e9779c-7118-440c-9a6f-3d6831004c7f","modelName":"Qwen/Qwen3-VL-32B-Instruct","targetModelName":"Qwen/Qwen3-VL-32B-Instruct"}
{"level":"info","ts":1785054887.6575758,"caller":"handlers/server.go:654","msg":"EPP sent response body back to proxy","x-request-id":"8c581476-d9aa-48f2-8068-29bdccd08b5d"}
{"level":"info","ts":1785054888.1515093,"caller":"handlers/server.go:654","msg":"EPP sent response body back to proxy","x-request-id":"e4f5a730-0876-4445-9f91-ff844e5642c8"}
{"level":"info","ts":1785054888.2928264,"caller":"handlers/server.go:654","msg":"EPP sent response body back to proxy","x-request-id":"ea314c43-772f-4425-8959-b6839236ef59"}
{"level":"info","ts":1785054888.6949835,"caller":"handlers/server.go:654","msg":"EPP sent response body back to proxy","x-request-id":"e2ed1a7d-43ad-479c-ac33-c6ce4c4746df"}
{"level":"info","ts":1785054889.3192744,"caller":"handlers/server.go:654","msg":"EPP sent response body back to proxy","x-request-id":"15e7f88b-02fb-4cc0-ac95-b152435d1a4c"}
{"level":"info","ts":1785054889.4038699,"caller":"handlers/server.go:654","msg":"EPP sent response body back to proxy","x-request-id":"9af25d56-4df0-4c22-888e-24808ae86280"}
{"level":"info","ts":1785054890.2787302,"caller":"handlers/server.go:654","msg":"EPP sent response body back to proxy","x-request-id":"f8f15bde-090b-4bbe-adba-3c656fa1f9b6"}
{"level":"info","ts":1785054890.4851632,"caller":"handlers/server.go:654","msg":"EPP sent response body back to proxy","x-request-id":"a6e9779c-7118-440c-9a6f-3d6831004c7f"}
{"level":"info","ts":1785054899.263514,"caller":"controller/pod_reconciler.go:97","msg":"Pod added","controller":"pod","controllerGroup":"","controllerKind":"Pod","Pod":{"name":"epd-nvidia-gpu-vllm-prefill-688d795cbf-w7f95","namespace":"dpikus-epd-sglang-bench"},"namespace":"dpikus-epd-sglang-bench","name":"epd-nvidia-gpu-vllm-prefill-688d795cbf-w7f95","reconcileID":"f884a7e5-36e0-4cd6-bdb1-63c38e896116"}
{"level":"info","ts":1785054992.4102533,"caller":"handlers/server.go:368","msg":"EPP received request","x-request-id":"935d1892-40e2-4270-ad31-77895351bc0c"}
{"level":"info","ts":1785054992.5468206,"caller":"handlers/server.go:626","msg":"EPP sent request body response(s) to proxy","x-request-id":"935d1892-40e2-4270-ad31-77895351bc0c","modelName":"Qwen/Qwen3-VL-32B-Instruct","targetModelName":"Qwen/Qwen3-VL-32B-Instruct"}
{"level":"info","ts":1785054993.9552562,"caller":"handlers/server.go:654","msg":"EPP sent response body back to proxy","x-request-id":"935d1892-40e2-4270-ad31-77895351bc0c"}
{"level":"info","ts":1785054996.5720375,"caller":"handlers/server.go:368","msg":"EPP received request","x-request-id":"38c70d11-c27e-4ca9-8438-3dabdc4a08e6"}
{"level":"info","ts":1785054996.5763254,"caller":"handlers/server.go:368","msg":"EPP received request","x-request-id":"0a74fd08-8fcc-4a51-b86b-667dd2b70104"}
{"level":"info","ts":1785054996.5827475,"caller":"handlers/server.go:368","msg":"EPP received request","x-request-id":"e14d8b6b-9a7e-4c29-ac2d-1eadaecdd6c4"}
{"level":"info","ts":1785054996.5951607,"caller":"handlers/server.go:368","msg":"EPP received request","x-request-id":"65c1bb25-dcee-4ca3-9581-c45f8ad5767b"}
{"level":"info","ts":1785054996.6098495,"caller":"handlers/server.go:368","msg":"EPP received request","x-request-id":"a2605073-5a90-42c1-a3d5-30812e503071"}
{"level":"info","ts":1785054996.6156738,"caller":"handlers/server.go:368","msg":"EPP received request","x-request-id":"54e226a2-c80b-4e45-b375-07c251ce377d"}
{"level":"info","ts":1785054996.6162899,"caller":"handlers/server.go:368","msg":"EPP received request","x-request-id":"2b0ec3d6-cc07-4898-934f-ce4e7f295cec"}
{"level":"info","ts":1785054996.6230795,"caller":"handlers/server.go:368","msg":"EPP received request","x-request-id":"6d861aff-ed3d-4b0a-8f15-cd28ed1b1b46"}
{"level":"info","ts":1785054996.6513402,"caller":"handlers/server.go:368","msg":"EPP received request","x-request-id":"e630824b-40e1-4761-849b-191f9990e87c"}
{"level":"info","ts":1785054996.6695182,"caller":"handlers/server.go:626","msg":"EPP sent request body response(s) to proxy","x-request-id":"65c1bb25-dcee-4ca3-9581-c45f8ad5767b","modelName":"Qwen/Qwen3-VL-32B-Instruct","targetModelName":"Qwen/Qwen3-VL-32B-Instruct"}
{"level":"info","ts":1785054996.674581,"caller":"handlers/server.go:368","msg":"EPP received request","x-request-id":"5e661762-22b6-4bef-8009-6c68c1ac3689"}
{"level":"info","ts":1785054996.6765175,"caller":"handlers/server.go:368","msg":"EPP received request","x-request-id":"f5297262-343c-4b31-9b43-ac50402d7857"}
{"level":"info","ts":1785054996.6813436,"caller":"handlers/server.go:368","msg":"EPP received request","x-request-id":"904bbe7c-332f-4be3-86b7-c7ed58799233"}
{"level":"info","ts":1785054996.6818702,"caller":"handlers/server.go:368","msg":"EPP received request","x-request-id":"6e745720-a964-4850-9fd0-9480c95038c6"}
{"level":"info","ts":1785054996.6963212,"caller":"handlers/server.go:626","msg":"EPP sent request body response(s) to proxy","x-request-id":"0a74fd08-8fcc-4a51-b86b-667dd2b70104","modelName":"Qwen/Qwen3-VL-32B-Instruct","targetModelName":"Qwen/Qwen3-VL-32B-Instruct"}
{"level":"info","ts":1785054996.698295,"caller":"handlers/server.go:368","msg":"EPP received request","x-request-id":"58e1c02a-14b5-4731-bd4a-9399b706c655"}
{"level":"info","ts":1785054996.7128377,"caller":"handlers/server.go:368","msg":"EPP received request","x-request-id":"6b34b1a0-9647-4a4b-9a19-444706062bdc"}
{"level":"info","ts":1785054996.7406042,"caller":"handlers/server.go:368","msg":"EPP received request","x-request-id":"efae2319-f9d6-4061-a27e-2cfe1f90b732"}
{"level":"info","ts":1785054996.743058,"caller":"handlers/server.go:626","msg":"EPP sent request body response(s) to proxy","x-request-id":"38c70d11-c27e-4ca9-8438-3dabdc4a08e6","modelName":"Qwen/Qwen3-VL-32B-Instruct","targetModelName":"Qwen/Qwen3-VL-32B-Instruct"}
{"level":"info","ts":1785054996.745151,"caller":"handlers/server.go:626","msg":"EPP sent request body response(s) to proxy","x-request-id":"54e226a2-c80b-4e45-b375-07c251ce377d","modelName":"Qwen/Qwen3-VL-32B-Instruct","targetModelName":"Qwen/Qwen3-VL-32B-Instruct"}
{"level":"info","ts":1785054996.757397,"caller":"handlers/server.go:626","msg":"EPP sent request body response(s) to proxy","x-request-id":"5e661762-22b6-4bef-8009-6c68c1ac3689","modelName":"Qwen/Qwen3-VL-32B-Instruct","targetModelName":"Qwen/Qwen3-VL-32B-Instruct"}
{"level":"info","ts":1785054996.761341,"caller":"handlers/server.go:626","msg":"EPP sent request body response(s) to proxy","x-request-id":"6d861aff-ed3d-4b0a-8f15-cd28ed1b1b46","modelName":"Qwen/Qwen3-VL-32B-Instruct","targetModelName":"Qwen/Qwen3-VL-32B-Instruct"}
{"level":"info","ts":1785054996.7778063,"caller":"handlers/server.go:626","msg":"EPP sent request body response(s) to proxy","x-request-id":"e630824b-40e1-4761-849b-191f9990e87c","modelName":"Qwen/Qwen3-VL-32B-Instruct","targetModelName":"Qwen/Qwen3-VL-32B-Instruct"}
{"level":"info","ts":1785054996.784775,"caller":"handlers/server.go:626","msg":"EPP sent request body response(s) to proxy","x-request-id":"58e1c02a-14b5-4731-bd4a-9399b706c655","modelName":"Qwen/Qwen3-VL-32B-Instruct","targetModelName":"Qwen/Qwen3-VL-32B-Instruct"}
{"level":"info","ts":1785054996.793531,"caller":"handlers/server.go:626","msg":"EPP sent request body response(s) to proxy","x-request-id":"e14d8b6b-9a7e-4c29-ac2d-1eadaecdd6c4","modelName":"Qwen/Qwen3-VL-32B-Instruct","targetModelName":"Qwen/Qwen3-VL-32B-Instruct"}
{"level":"info","ts":1785054996.7976654,"caller":"handlers/server.go:626","msg":"EPP sent request body response(s) to proxy","x-request-id":"6e745720-a964-4850-9fd0-9480c95038c6","modelName":"Qwen/Qwen3-VL-32B-Instruct","targetModelName":"Qwen/Qwen3-VL-32B-Instruct"}
{"level":"info","ts":1785054996.8034835,"caller":"handlers/server.go:626","msg":"EPP sent request body response(s) to proxy","x-request-id":"a2605073-5a90-42c1-a3d5-30812e503071","modelName":"Qwen/Qwen3-VL-32B-Instruct","targetModelName":"Qwen/Qwen3-VL-32B-Instruct"}
{"level":"info","ts":1785054996.818405,"caller":"handlers/server.go:626","msg":"EPP sent request body response(s) to proxy","x-request-id":"2b0ec3d6-cc07-4898-934f-ce4e7f295cec","modelName":"Qwen/Qwen3-VL-32B-Instruct","targetModelName":"Qwen/Qwen3-VL-32B-Instruct"}
{"level":"info","ts":1785054996.836316,"caller":"handlers/server.go:626","msg":"EPP sent request body response(s) to proxy","x-request-id":"904bbe7c-332f-4be3-86b7-c7ed58799233","modelName":"Qwen/Qwen3-VL-32B-Instruct","targetModelName":"Qwen/Qwen3-VL-32B-Instruct"}
{"level":"info","ts":1785054996.8562028,"caller":"handlers/server.go:626","msg":"EPP sent request body response(s) to proxy","x-request-id":"6b34b1a0-9647-4a4b-9a19-444706062bdc","modelName":"Qwen/Qwen3-VL-32B-Instruct","targetModelName":"Qwen/Qwen3-VL-32B-Instruct"}
{"level":"info","ts":1785054996.860039,"caller":"handlers/server.go:626","msg":"EPP sent request body response(s) to proxy","x-request-id":"f5297262-343c-4b31-9b43-ac50402d7857","modelName":"Qwen/Qwen3-VL-32B-Instruct","targetModelName":"Qwen/Qwen3-VL-32B-Instruct"}
{"level":"info","ts":1785054996.9132311,"caller":"handlers/server.go:626","msg":"EPP sent request body response(s) to proxy","x-request-id":"efae2319-f9d6-4061-a27e-2cfe1f90b732","modelName":"Qwen/Qwen3-VL-32B-Instruct","targetModelName":"Qwen/Qwen3-VL-32B-Instruct"}
{"level":"info","ts":1785054997.4848564,"caller":"handlers/server.go:654","msg":"EPP sent response body back to proxy","x-request-id":"65c1bb25-dcee-4ca3-9581-c45f8ad5767b"}
{"level":"info","ts":1785054997.8833144,"caller":"handlers/server.go:654","msg":"EPP sent response body back to proxy","x-request-id":"5e661762-22b6-4bef-8009-6c68c1ac3689"}
{"level":"info","ts":1785054997.9295022,"caller":"handlers/server.go:654","msg":"EPP sent response body back to proxy","x-request-id":"0a74fd08-8fcc-4a51-b86b-667dd2b70104"}
{"level":"info","ts":1785054998.258736,"caller":"handlers/server.go:654","msg":"EPP sent response body back to proxy","x-request-id":"58e1c02a-14b5-4731-bd4a-9399b706c655"}
{"level":"info","ts":1785054998.4623592,"caller":"handlers/server.go:654","msg":"EPP sent response body back to proxy","x-request-id":"38c70d11-c27e-4ca9-8438-3dabdc4a08e6"}
{"level":"info","ts":1785054998.556875,"caller":"handlers/server.go:654","msg":"EPP sent response body back to proxy","x-request-id":"6d861aff-ed3d-4b0a-8f15-cd28ed1b1b46"}
{"level":"info","ts":1785054999.0107372,"caller":"handlers/server.go:654","msg":"EPP sent response body back to proxy","x-request-id":"54e226a2-c80b-4e45-b375-07c251ce377d"}
{"level":"info","ts":1785054999.4406443,"caller":"handlers/server.go:654","msg":"EPP sent response body back to proxy","x-request-id":"a2605073-5a90-42c1-a3d5-30812e503071"}
{"level":"info","ts":1785054999.6271489,"caller":"handlers/server.go:654","msg":"EPP sent response body back to proxy","x-request-id":"e14d8b6b-9a7e-4c29-ac2d-1eadaecdd6c4"}
{"level":"info","ts":1785054999.9525456,"caller":"handlers/server.go:654","msg":"EPP sent response body back to proxy","x-request-id":"e630824b-40e1-4761-849b-191f9990e87c"}
{"level":"info","ts":1785055000.1338139,"caller":"handlers/server.go:654","msg":"EPP sent response body back to proxy","x-request-id":"6b34b1a0-9647-4a4b-9a19-444706062bdc"}
{"level":"info","ts":1785055000.2839215,"caller":"handlers/server.go:654","msg":"EPP sent response body back to proxy","x-request-id":"6e745720-a964-4850-9fd0-9480c95038c6"}
{"level":"info","ts":1785055000.5476468,"caller":"handlers/server.go:654","msg":"EPP sent response body back to proxy","x-request-id":"2b0ec3d6-cc07-4898-934f-ce4e7f295cec"}
{"level":"info","ts":1785055000.9341602,"caller":"handlers/server.go:654","msg":"EPP sent response body back to proxy","x-request-id":"904bbe7c-332f-4be3-86b7-c7ed58799233"}
{"level":"info","ts":1785055001.3894255,"caller":"handlers/server.go:654","msg":"EPP sent response body back to proxy","x-request-id":"f5297262-343c-4b31-9b43-ac50402d7857"}
{"level":"info","ts":1785055002.2458105,"caller":"handlers/server.go:654","msg":"EPP sent response body back to proxy","x-request-id":"efae2319-f9d6-4061-a27e-2cfe1f90b732"}
{"level":"info","ts":1785055073.264823,"caller":"controller/pod_reconciler.go:97","msg":"Pod added","controller":"pod","controllerGroup":"","controllerKind":"Pod","Pod":{"name":"epd-nvidia-gpu-vllm-prefill-688d795cbf-w7f95","namespace":"dpikus-epd-sglang-bench"},"namespace":"dpikus-epd-sglang-bench","name":"epd-nvidia-gpu-vllm-prefill-688d795cbf-w7f95","reconcileID":"9ce35ed4-8605-4403-97d5-e820a40e1897"}
{"level":"info","ts":1785055074.943935,"caller":"controller/pod_reconciler.go:97","msg":"Pod added","controller":"pod","controllerGroup":"","controllerKind":"Pod","Pod":{"name":"epd-nvidia-gpu-vllm-prefill-688d795cbf-nfgdn","namespace":"dpikus-epd-sglang-bench"},"namespace":"dpikus-epd-sglang-bench","name":"epd-nvidia-gpu-vllm-prefill-688d795cbf-nfgdn","reconcileID":"214d4d88-942e-4a60-8e9b-6cd4a28468f4"}
{"level":"info","ts":1785055112.0314429,"caller":"handlers/server.go:368","msg":"EPP received request","x-request-id":"b285437d-414f-4b40-9912-75c038c7b20a"}
{"level":"info","ts":1785055112.177141,"caller":"handlers/server.go:626","msg":"EPP sent request body response(s) to proxy","x-request-id":"b285437d-414f-4b40-9912-75c038c7b20a","modelName":"Qwen/Qwen3-VL-32B-Instruct","targetModelName":"Qwen/Qwen3-VL-32B-Instruct"}
{"level":"info","ts":1785055113.5055475,"caller":"handlers/server.go:654","msg":"EPP sent response body back to proxy","x-request-id":"b285437d-414f-4b40-9912-75c038c7b20a"}
{"level":"info","ts":1785055115.874735,"caller":"handlers/server.go:368","msg":"EPP received request","x-request-id":"a5bc1016-3f71-41e4-9d42-42bf73df87da"}
{"level":"info","ts":1785055115.886598,"caller":"handlers/server.go:368","msg":"EPP received request","x-request-id":"218b63d9-6434-4983-8fed-67c12fbc63d0"}
{"level":"info","ts":1785055115.891928,"caller":"handlers/server.go:368","msg":"EPP received request","x-request-id":"c590c765-75c1-4044-a114-bbec28935af1"}
{"level":"info","ts":1785055115.907389,"caller":"handlers/server.go:368","msg":"EPP received request","x-request-id":"fd554f0c-f4de-4aff-9b92-077e268fad64"}
{"level":"info","ts":1785055115.9148333,"caller":"handlers/server.go:368","msg":"EPP received request","x-request-id":"47dca134-e4bc-4e25-8082-ec470cba3b18"}
{"level":"info","ts":1785055115.9221108,"caller":"handlers/server.go:368","msg":"EPP received request","x-request-id":"1554f61c-597f-4209-a891-bbb9ffb4ede6"}
{"level":"info","ts":1785055115.9256454,"caller":"handlers/server.go:368","msg":"EPP received request","x-request-id":"c2d9abe8-7ecf-4b82-b209-94a798966d70"}
{"level":"info","ts":1785055115.9352713,"caller":"handlers/server.go:368","msg":"EPP received request","x-request-id":"f687f3d2-cb9f-4801-9fd3-246da1e03953"}
{"level":"info","ts":1785055115.9454505,"caller":"handlers/server.go:368","msg":"EPP received request","x-request-id":"86492ee6-ef43-41c5-ab81-89c82ff94e8c"}
{"level":"info","ts":1785055115.9817069,"caller":"handlers/server.go:626","msg":"EPP sent request body response(s) to proxy","x-request-id":"fd554f0c-f4de-4aff-9b92-077e268fad64","modelName":"Qwen/Qwen3-VL-32B-Instruct","targetModelName":"Qwen/Qwen3-VL-32B-Instruct"}
{"level":"info","ts":1785055115.9845958,"caller":"handlers/server.go:368","msg":"EPP received request","x-request-id":"720199ec-ed18-4e93-9a98-46c0c1e97a1d"}
{"level":"info","ts":1785055115.9860423,"caller":"handlers/server.go:368","msg":"EPP received request","x-request-id":"4f7fbd06-9655-46fd-80fe-171a900d1a25"}
{"level":"info","ts":1785055115.989052,"caller":"handlers/server.go:368","msg":"EPP received request","x-request-id":"df36e8b4-6016-480f-9efa-5d1c81067387"}
{"level":"info","ts":1785055116.003847,"caller":"handlers/server.go:626","msg":"EPP sent request body response(s) to proxy","x-request-id":"218b63d9-6434-4983-8fed-67c12fbc63d0","modelName":"Qwen/Qwen3-VL-32B-Instruct","targetModelName":"Qwen/Qwen3-VL-32B-Instruct"}
{"level":"info","ts":1785055116.0049431,"caller":"handlers/server.go:368","msg":"EPP received request","x-request-id":"72aa68a3-509a-4774-a6e1-03088e13399b"}
{"level":"info","ts":1785055116.0386279,"caller":"handlers/server.go:626","msg":"EPP sent request body response(s) to proxy","x-request-id":"a5bc1016-3f71-41e4-9d42-42bf73df87da","modelName":"Qwen/Qwen3-VL-32B-Instruct","targetModelName":"Qwen/Qwen3-VL-32B-Instruct"}
{"level":"info","ts":1785055116.043618,"caller":"handlers/server.go:368","msg":"EPP received request","x-request-id":"efd613b2-2aa1-4564-a81b-321d148b9fef"}
{"level":"info","ts":1785055116.0437129,"caller":"handlers/server.go:368","msg":"EPP received request","x-request-id":"e86f90f7-58da-4bea-8778-4a8035811070"}
{"level":"info","ts":1785055116.0488887,"caller":"handlers/server.go:626","msg":"EPP sent request body response(s) to proxy","x-request-id":"c2d9abe8-7ecf-4b82-b209-94a798966d70","modelName":"Qwen/Qwen3-VL-32B-Instruct","targetModelName":"Qwen/Qwen3-VL-32B-Instruct"}
{"level":"info","ts":1785055116.055918,"caller":"handlers/server.go:368","msg":"EPP received request","x-request-id":"9b2fba88-014c-441b-9209-f8c563929cf6"}
{"level":"info","ts":1785055116.0583498,"caller":"handlers/server.go:626","msg":"EPP sent request body response(s) to proxy","x-request-id":"f687f3d2-cb9f-4801-9fd3-246da1e03953","modelName":"Qwen/Qwen3-VL-32B-Instruct","targetModelName":"Qwen/Qwen3-VL-32B-Instruct"}
{"level":"info","ts":1785055116.06163,"caller":"handlers/server.go:368","msg":"EPP received request","x-request-id":"afb190cd-2a9c-4760-81a1-dbaca01cd5ba"}
{"level":"info","ts":1785055116.0697408,"caller":"handlers/server.go:368","msg":"EPP received request","x-request-id":"e5e08c98-e67f-4270-83bc-dce6a4dd5618"}
{"level":"info","ts":1785055116.0808196,"caller":"handlers/server.go:368","msg":"EPP received request","x-request-id":"6656c71a-bcf8-4cce-9488-7118ac8dfc47"}
{"level":"info","ts":1785055116.0825393,"caller":"handlers/server.go:626","msg":"EPP sent request body response(s) to proxy","x-request-id":"86492ee6-ef43-41c5-ab81-89c82ff94e8c","modelName":"Qwen/Qwen3-VL-32B-Instruct","targetModelName":"Qwen/Qwen3-VL-32B-Instruct"}
{"level":"info","ts":1785055116.085059,"caller":"handlers/server.go:368","msg":"EPP received request","x-request-id":"850a9c29-4864-44d3-a79a-b190232ff588"}
{"level":"info","ts":1785055116.0920625,"caller":"handlers/server.go:626","msg":"EPP sent request body response(s) to proxy","x-request-id":"72aa68a3-509a-4774-a6e1-03088e13399b","modelName":"Qwen/Qwen3-VL-32B-Instruct","targetModelName":"Qwen/Qwen3-VL-32B-Instruct"}
{"level":"info","ts":1785055116.0987582,"caller":"handlers/server.go:368","msg":"EPP received request","x-request-id":"9e3cd49e-98fb-431a-b4ff-e0322d1cdc22"}
{"level":"info","ts":1785055116.1001081,"caller":"handlers/server.go:626","msg":"EPP sent request body response(s) to proxy","x-request-id":"afb190cd-2a9c-4760-81a1-dbaca01cd5ba","modelName":"Qwen/Qwen3-VL-32B-Instruct","targetModelName":"Qwen/Qwen3-VL-32B-Instruct"}
{"level":"info","ts":1785055116.103193,"caller":"handlers/server.go:368","msg":"EPP received request","x-request-id":"80720056-3cb6-4eee-a23a-c1d6b71e93c1"}
{"level":"info","ts":1785055116.1095254,"caller":"handlers/server.go:368","msg":"EPP received request","x-request-id":"ddae3509-3b95-4413-8929-67e2c0667817"}
{"level":"info","ts":1785055116.1129713,"caller":"handlers/server.go:626","msg":"EPP sent request body response(s) to proxy","x-request-id":"df36e8b4-6016-480f-9efa-5d1c81067387","modelName":"Qwen/Qwen3-VL-32B-Instruct","targetModelName":"Qwen/Qwen3-VL-32B-Instruct"}
{"level":"info","ts":1785055116.116895,"caller":"handlers/server.go:626","msg":"EPP sent request body response(s) to proxy","x-request-id":"47dca134-e4bc-4e25-8082-ec470cba3b18","modelName":"Qwen/Qwen3-VL-32B-Instruct","targetModelName":"Qwen/Qwen3-VL-32B-Instruct"}
{"level":"info","ts":1785055116.1196005,"caller":"handlers/server.go:368","msg":"EPP received request","x-request-id":"2689e7d3-09cf-4303-b531-3c64bfb7a21b"}
{"level":"info","ts":1785055116.1200378,"caller":"handlers/server.go:626","msg":"EPP sent request body response(s) to proxy","x-request-id":"c590c765-75c1-4044-a114-bbec28935af1","modelName":"Qwen/Qwen3-VL-32B-Instruct","targetModelName":"Qwen/Qwen3-VL-32B-Instruct"}
{"level":"info","ts":1785055116.1219306,"caller":"handlers/server.go:626","msg":"EPP sent request body response(s) to proxy","x-request-id":"e86f90f7-58da-4bea-8778-4a8035811070","modelName":"Qwen/Qwen3-VL-32B-Instruct","targetModelName":"Qwen/Qwen3-VL-32B-Instruct"}
{"level":"info","ts":1785055116.1267228,"caller":"handlers/server.go:368","msg":"EPP received request","x-request-id":"b9b90d9a-5507-46de-935f-af656077f147"}
{"level":"info","ts":1785055116.1499543,"caller":"handlers/server.go:368","msg":"EPP received request","x-request-id":"e806668c-9b77-470e-baa1-64bb08c09dd4"}
{"level":"info","ts":1785055116.1502528,"caller":"handlers/server.go:626","msg":"EPP sent request body response(s) to proxy","x-request-id":"1554f61c-597f-4209-a891-bbb9ffb4ede6","modelName":"Qwen/Qwen3-VL-32B-Instruct","targetModelName":"Qwen/Qwen3-VL-32B-Instruct"}
{"level":"info","ts":1785055116.152518,"caller":"handlers/server.go:626","msg":"EPP sent request body response(s) to proxy","x-request-id":"720199ec-ed18-4e93-9a98-46c0c1e97a1d","modelName":"Qwen/Qwen3-VL-32B-Instruct","targetModelName":"Qwen/Qwen3-VL-32B-Instruct"}
{"level":"info","ts":1785055116.1531823,"caller":"handlers/server.go:626","msg":"EPP sent request body response(s) to proxy","x-request-id":"6656c71a-bcf8-4cce-9488-7118ac8dfc47","modelName":"Qwen/Qwen3-VL-32B-Instruct","targetModelName":"Qwen/Qwen3-VL-32B-Instruct"}
{"level":"info","ts":1785055116.1576955,"caller":"handlers/server.go:626","msg":"EPP sent request body response(s) to proxy","x-request-id":"ddae3509-3b95-4413-8929-67e2c0667817","modelName":"Qwen/Qwen3-VL-32B-Instruct","targetModelName":"Qwen/Qwen3-VL-32B-Instruct"}
{"level":"info","ts":1785055116.1578088,"caller":"handlers/server.go:368","msg":"EPP received request","x-request-id":"5a9e07ab-9fee-4b7c-a087-1e39d069610b"}
{"level":"info","ts":1785055116.1578004,"caller":"handlers/server.go:368","msg":"EPP received request","x-request-id":"a8bcfebc-a6d4-48d5-8882-414a853e3092"}
{"level":"info","ts":1785055116.1578746,"caller":"handlers/server.go:626","msg":"EPP sent request body response(s) to proxy","x-request-id":"80720056-3cb6-4eee-a23a-c1d6b71e93c1","modelName":"Qwen/Qwen3-VL-32B-Instruct","targetModelName":"Qwen/Qwen3-VL-32B-Instruct"}
{"level":"info","ts":1785055116.1746557,"caller":"handlers/server.go:626","msg":"EPP sent request body response(s) to proxy","x-request-id":"4f7fbd06-9655-46fd-80fe-171a900d1a25","modelName":"Qwen/Qwen3-VL-32B-Instruct","targetModelName":"Qwen/Qwen3-VL-32B-Instruct"}
{"level":"info","ts":1785055116.1896412,"caller":"handlers/server.go:368","msg":"EPP received request","x-request-id":"f33e86f9-7bca-4a56-80aa-7a015dc56715"}
{"level":"info","ts":1785055116.1965914,"caller":"handlers/server.go:368","msg":"EPP received request","x-request-id":"a53917e0-0ca7-476f-bcf7-f9991c57e7e1"}
{"level":"info","ts":1785055116.2014117,"caller":"handlers/server.go:368","msg":"EPP received request","x-request-id":"3705ca16-96fa-4c2a-b89d-0255ccb03144"}
{"level":"info","ts":1785055116.2019417,"caller":"handlers/server.go:626","msg":"EPP sent request body response(s) to proxy","x-request-id":"9b2fba88-014c-441b-9209-f8c563929cf6","modelName":"Qwen/Qwen3-VL-32B-Instruct","targetModelName":"Qwen/Qwen3-VL-32B-Instruct"}
{"level":"info","ts":1785055116.2028818,"caller":"handlers/server.go:368","msg":"EPP received request","x-request-id":"3adcb18a-58db-43a9-9374-7f3242f14d52"}
{"level":"info","ts":1785055116.21223,"caller":"handlers/server.go:626","msg":"EPP sent request body response(s) to proxy","x-request-id":"e5e08c98-e67f-4270-83bc-dce6a4dd5618","modelName":"Qwen/Qwen3-VL-32B-Instruct","targetModelName":"Qwen/Qwen3-VL-32B-Instruct"}
{"level":"info","ts":1785055116.2332027,"caller":"handlers/server.go:626","msg":"EPP sent request body response(s) to proxy","x-request-id":"5a9e07ab-9fee-4b7c-a087-1e39d069610b","modelName":"Qwen/Qwen3-VL-32B-Instruct","targetModelName":"Qwen/Qwen3-VL-32B-Instruct"}
{"level":"info","ts":1785055116.2525125,"caller":"handlers/server.go:626","msg":"EPP sent request body response(s) to proxy","x-request-id":"e806668c-9b77-470e-baa1-64bb08c09dd4","modelName":"Qwen/Qwen3-VL-32B-Instruct","targetModelName":"Qwen/Qwen3-VL-32B-Instruct"}
{"level":"info","ts":1785055116.254534,"caller":"handlers/server.go:626","msg":"EPP sent request body response(s) to proxy","x-request-id":"a8bcfebc-a6d4-48d5-8882-414a853e3092","modelName":"Qwen/Qwen3-VL-32B-Instruct","targetModelName":"Qwen/Qwen3-VL-32B-Instruct"}
{"level":"info","ts":1785055116.254629,"caller":"handlers/server.go:626","msg":"EPP sent request body response(s) to proxy","x-request-id":"efd613b2-2aa1-4564-a81b-321d148b9fef","modelName":"Qwen/Qwen3-VL-32B-Instruct","targetModelName":"Qwen/Qwen3-VL-32B-Instruct"}
{"level":"info","ts":1785055116.258032,"caller":"handlers/server.go:626","msg":"EPP sent request body response(s) to proxy","x-request-id":"9e3cd49e-98fb-431a-b4ff-e0322d1cdc22","modelName":"Qwen/Qwen3-VL-32B-Instruct","targetModelName":"Qwen/Qwen3-VL-32B-Instruct"}
{"level":"info","ts":1785055116.267866,"caller":"handlers/server.go:626","msg":"EPP sent request body response(s) to proxy","x-request-id":"2689e7d3-09cf-4303-b531-3c64bfb7a21b","modelName":"Qwen/Qwen3-VL-32B-Instruct","targetModelName":"Qwen/Qwen3-VL-32B-Instruct"}
{"level":"info","ts":1785055116.2849383,"caller":"handlers/server.go:626","msg":"EPP sent request body response(s) to proxy","x-request-id":"850a9c29-4864-44d3-a79a-b190232ff588","modelName":"Qwen/Qwen3-VL-32B-Instruct","targetModelName":"Qwen/Qwen3-VL-32B-Instruct"}
{"level":"info","ts":1785055116.296603,"caller":"handlers/server.go:626","msg":"EPP sent request body response(s) to proxy","x-request-id":"b9b90d9a-5507-46de-935f-af656077f147","modelName":"Qwen/Qwen3-VL-32B-Instruct","targetModelName":"Qwen/Qwen3-VL-32B-Instruct"}
{"level":"info","ts":1785055116.304745,"caller":"handlers/server.go:626","msg":"EPP sent request body response(s) to proxy","x-request-id":"3705ca16-96fa-4c2a-b89d-0255ccb03144","modelName":"Qwen/Qwen3-VL-32B-Instruct","targetModelName":"Qwen/Qwen3-VL-32B-Instruct"}
{"level":"info","ts":1785055116.3178582,"caller":"handlers/server.go:626","msg":"EPP sent request body response(s) to proxy","x-request-id":"f33e86f9-7bca-4a56-80aa-7a015dc56715","modelName":"Qwen/Qwen3-VL-32B-Instruct","targetModelName":"Qwen/Qwen3-VL-32B-Instruct"}
{"level":"info","ts":1785055116.3276925,"caller":"handlers/server.go:626","msg":"EPP sent request body response(s) to proxy","x-request-id":"a53917e0-0ca7-476f-bcf7-f9991c57e7e1","modelName":"Qwen/Qwen3-VL-32B-Instruct","targetModelName":"Qwen/Qwen3-VL-32B-Instruct"}
{"level":"info","ts":1785055116.3299193,"caller":"handlers/server.go:626","msg":"EPP sent request body response(s) to proxy","x-request-id":"3adcb18a-58db-43a9-9374-7f3242f14d52","modelName":"Qwen/Qwen3-VL-32B-Instruct","targetModelName":"Qwen/Qwen3-VL-32B-Instruct"}
{"level":"info","ts":1785055116.791247,"caller":"handlers/server.go:654","msg":"EPP sent response body back to proxy","x-request-id":"fd554f0c-f4de-4aff-9b92-077e268fad64"}
{"level":"info","ts":1785055117.4181879,"caller":"handlers/server.go:654","msg":"EPP sent response body back to proxy","x-request-id":"218b63d9-6434-4983-8fed-67c12fbc63d0"}
{"level":"info","ts":1785055117.6786475,"caller":"handlers/server.go:654","msg":"EPP sent response body back to proxy","x-request-id":"86492ee6-ef43-41c5-ab81-89c82ff94e8c"}
{"level":"info","ts":1785055117.6813807,"caller":"handlers/server.go:654","msg":"EPP sent response body back to proxy","x-request-id":"a5bc1016-3f71-41e4-9d42-42bf73df87da"}
{"level":"info","ts":1785055118.0139737,"caller":"handlers/server.go:654","msg":"EPP sent response body back to proxy","x-request-id":"f687f3d2-cb9f-4801-9fd3-246da1e03953"}
{"level":"info","ts":1785055118.3566046,"caller":"handlers/server.go:654","msg":"EPP sent response body back to proxy","x-request-id":"c2d9abe8-7ecf-4b82-b209-94a798966d70"}
{"level":"info","ts":1785055118.6031537,"caller":"handlers/server.go:654","msg":"EPP sent response body back to proxy","x-request-id":"df36e8b4-6016-480f-9efa-5d1c81067387"}
{"level":"info","ts":1785055118.7293358,"caller":"handlers/server.go:654","msg":"EPP sent response body back to proxy","x-request-id":"72aa68a3-509a-4774-a6e1-03088e13399b"}
{"level":"info","ts":1785055118.729457,"caller":"handlers/server.go:654","msg":"EPP sent response body back to proxy","x-request-id":"afb190cd-2a9c-4760-81a1-dbaca01cd5ba"}
{"level":"info","ts":1785055118.884347,"caller":"handlers/server.go:654","msg":"EPP sent response body back to proxy","x-request-id":"47dca134-e4bc-4e25-8082-ec470cba3b18"}
{"level":"info","ts":1785055119.2948914,"caller":"handlers/server.go:654","msg":"EPP sent response body back to proxy","x-request-id":"ddae3509-3b95-4413-8929-67e2c0667817"}
{"level":"info","ts":1785055119.5795822,"caller":"handlers/server.go:654","msg":"EPP sent response body back to proxy","x-request-id":"e86f90f7-58da-4bea-8778-4a8035811070"}
{"level":"info","ts":1785055119.5796032,"caller":"handlers/server.go:654","msg":"EPP sent response body back to proxy","x-request-id":"80720056-3cb6-4eee-a23a-c1d6b71e93c1"}
{"level":"info","ts":1785055119.7342691,"caller":"handlers/server.go:654","msg":"EPP sent response body back to proxy","x-request-id":"c590c765-75c1-4044-a114-bbec28935af1"}
{"level":"info","ts":1785055119.7923555,"caller":"handlers/server.go:654","msg":"EPP sent response body back to proxy","x-request-id":"6656c71a-bcf8-4cce-9488-7118ac8dfc47"}
{"level":"info","ts":1785055119.9304473,"caller":"handlers/server.go:654","msg":"EPP sent response body back to proxy","x-request-id":"720199ec-ed18-4e93-9a98-46c0c1e97a1d"}
{"level":"info","ts":1785055120.1563106,"caller":"handlers/server.go:654","msg":"EPP sent response body back to proxy","x-request-id":"9b2fba88-014c-441b-9209-f8c563929cf6"}
{"level":"info","ts":1785055120.9457247,"caller":"handlers/server.go:654","msg":"EPP sent response body back to proxy","x-request-id":"e806668c-9b77-470e-baa1-64bb08c09dd4"}
{"level":"info","ts":1785055120.9457753,"caller":"handlers/server.go:654","msg":"EPP sent response body back to proxy","x-request-id":"e5e08c98-e67f-4270-83bc-dce6a4dd5618"}
{"level":"info","ts":1785055121.0253289,"caller":"handlers/server.go:654","msg":"EPP sent response body back to proxy","x-request-id":"1554f61c-597f-4209-a891-bbb9ffb4ede6"}
{"level":"info","ts":1785055121.0254805,"caller":"handlers/server.go:654","msg":"EPP sent response body back to proxy","x-request-id":"5a9e07ab-9fee-4b7c-a087-1e39d069610b"}
{"level":"info","ts":1785055121.2389705,"caller":"handlers/server.go:654","msg":"EPP sent response body back to proxy","x-request-id":"9e3cd49e-98fb-431a-b4ff-e0322d1cdc22"}
{"level":"info","ts":1785055121.2390118,"caller":"handlers/server.go:654","msg":"EPP sent response body back to proxy","x-request-id":"3705ca16-96fa-4c2a-b89d-0255ccb03144"}
{"level":"info","ts":1785055122.1314676,"caller":"handlers/server.go:654","msg":"EPP sent response body back to proxy","x-request-id":"2689e7d3-09cf-4303-b531-3c64bfb7a21b"}
{"level":"info","ts":1785055122.1840553,"caller":"handlers/server.go:654","msg":"EPP sent response body back to proxy","x-request-id":"4f7fbd06-9655-46fd-80fe-171a900d1a25"}
{"level":"info","ts":1785055122.2247832,"caller":"handlers/server.go:654","msg":"EPP sent response body back to proxy","x-request-id":"850a9c29-4864-44d3-a79a-b190232ff588"}
{"level":"info","ts":1785055122.7308168,"caller":"handlers/server.go:654","msg":"EPP sent response body back to proxy","x-request-id":"a53917e0-0ca7-476f-bcf7-f9991c57e7e1"}
{"level":"info","ts":1785055122.765369,"caller":"handlers/server.go:654","msg":"EPP sent response body back to proxy","x-request-id":"a8bcfebc-a6d4-48d5-8882-414a853e3092"}
{"level":"info","ts":1785055122.9787054,"caller":"handlers/server.go:654","msg":"EPP sent response body back to proxy","x-request-id":"b9b90d9a-5507-46de-935f-af656077f147"}
{"level":"info","ts":1785055123.3589296,"caller":"handlers/server.go:654","msg":"EPP sent response body back to proxy","x-request-id":"efd613b2-2aa1-4564-a81b-321d148b9fef"}
{"level":"info","ts":1785055123.95892,"caller":"handlers/server.go:654","msg":"EPP sent response body back to proxy","x-request-id":"f33e86f9-7bca-4a56-80aa-7a015dc56715"}
{"level":"info","ts":1785055124.21838,"caller":"handlers/server.go:654","msg":"EPP sent response body back to proxy","x-request-id":"3adcb18a-58db-43a9-9374-7f3242f14d52"}
{"level":"info","ts":1785055155.2635329,"caller":"controller/pod_reconciler.go:97","msg":"Pod added","controller":"pod","controllerGroup":"","controllerKind":"Pod","Pod":{"name":"epd-nvidia-gpu-vllm-prefill-688d795cbf-w7f95","namespace":"dpikus-epd-sglang-bench"},"namespace":"dpikus-epd-sglang-bench","name":"epd-nvidia-gpu-vllm-prefill-688d795cbf-w7f95","reconcileID":"280316c5-fd98-43a8-8596-da7f5328746a"}
{"level":"info","ts":1785055216.9382699,"caller":"controller/pod_reconciler.go:97","msg":"Pod added","controller":"pod","controllerGroup":"","controllerKind":"Pod","Pod":{"name":"epd-nvidia-gpu-vllm-prefill-688d795cbf-nfgdn","namespace":"dpikus-epd-sglang-bench"},"namespace":"dpikus-epd-sglang-bench","name":"epd-nvidia-gpu-vllm-prefill-688d795cbf-nfgdn","reconcileID":"a34d5638-01a8-4633-8e26-044cc93649a9"}
{"level":"info","ts":1785055226.2622452,"caller":"controller/pod_reconciler.go:97","msg":"Pod added","controller":"pod","controllerGroup":"","controllerKind":"Pod","Pod":{"name":"epd-nvidia-gpu-vllm-prefill-688d795cbf-w7f95","namespace":"dpikus-epd-sglang-bench"},"namespace":"dpikus-epd-sglang-bench","name":"epd-nvidia-gpu-vllm-prefill-688d795cbf-w7f95","reconcileID":"b0c7c846-b411-43e5-ab73-ff63ef60b9de"}
{"level":"info","ts":1785055242.2640574,"caller":"controller/pod_reconciler.go:97","msg":"Pod added","controller":"pod","controllerGroup":"","controllerKind":"Pod","Pod":{"name":"epd-nvidia-gpu-vllm-prefill-688d795cbf-scwrs","namespace":"dpikus-epd-sglang-bench"},"namespace":"dpikus-epd-sglang-bench","name":"epd-nvidia-gpu-vllm-prefill-688d795cbf-scwrs","reconcileID":"f956cc0c-28f6-44ae-a270-93a6f166687c"}
{"level":"info","ts":1785055272.2111857,"caller":"handlers/server.go:368","msg":"EPP received request","x-request-id":"ce668ed2-d7f6-4970-bfeb-65de1ae15a33"}
{"level":"info","ts":1785055272.3476849,"caller":"handlers/server.go:626","msg":"EPP sent request body response(s) to proxy","x-request-id":"ce668ed2-d7f6-4970-bfeb-65de1ae15a33","modelName":"Qwen/Qwen3-VL-32B-Instruct","targetModelName":"Qwen/Qwen3-VL-32B-Instruct"}
{"level":"info","ts":1785055273.8033347,"caller":"handlers/server.go:654","msg":"EPP sent response body back to proxy","x-request-id":"ce668ed2-d7f6-4970-bfeb-65de1ae15a33"}
{"level":"info","ts":1785055276.2118652,"caller":"handlers/server.go:368","msg":"EPP received request","x-request-id":"f607e983-137f-4b48-9102-52e9c48acff9"}
{"level":"info","ts":1785055276.2225404,"caller":"handlers/server.go:368","msg":"EPP received request","x-request-id":"7f65c19e-1bbb-4745-8087-6de58b55b6fd"}
{"level":"info","ts":1785055276.226102,"caller":"handlers/server.go:368","msg":"EPP received request","x-request-id":"dbf3aa28-0a25-45b9-bc4a-4fc7796aafa3"}
{"level":"info","ts":1785055276.246403,"caller":"handlers/server.go:368","msg":"EPP received request","x-request-id":"1a927b36-c4c1-4f5b-9e6a-2c1ad8c8dea2"}
{"level":"info","ts":1785055276.2605069,"caller":"handlers/server.go:368","msg":"EPP received request","x-request-id":"fa858116-0c7d-4afe-94b1-455e05bcdb5f"}
{"level":"info","ts":1785055276.2657855,"caller":"handlers/server.go:368","msg":"EPP received request","x-request-id":"abab7e67-6ebe-4bc9-bdf8-f1d4710ffedb"}
{"level":"info","ts":1785055276.2769141,"caller":"handlers/server.go:368","msg":"EPP received request","x-request-id":"15731f04-a47d-4b4f-bea4-fa0902992492"}
{"level":"info","ts":1785055276.2820992,"caller":"handlers/server.go:368","msg":"EPP received request","x-request-id":"e1371c08-2570-4c66-8574-ab1d496aae77"}
{"level":"info","ts":1785055276.297695,"caller":"handlers/server.go:368","msg":"EPP received request","x-request-id":"467a8fb5-15cf-47ed-86db-937cc81d5e4e"}
{"level":"info","ts":1785055276.3242574,"caller":"handlers/server.go:626","msg":"EPP sent request body response(s) to proxy","x-request-id":"1a927b36-c4c1-4f5b-9e6a-2c1ad8c8dea2","modelName":"Qwen/Qwen3-VL-32B-Instruct","targetModelName":"Qwen/Qwen3-VL-32B-Instruct"}
{"level":"info","ts":1785055276.3308413,"caller":"handlers/server.go:368","msg":"EPP received request","x-request-id":"4694f6fa-b680-40c0-96ea-ac5d4368fe97"}
{"level":"info","ts":1785055276.3311574,"caller":"handlers/server.go:368","msg":"EPP received request","x-request-id":"01335b4c-93b5-4cf7-9e5f-04d544074a5c"}
{"level":"info","ts":1785055276.3364024,"caller":"handlers/server.go:626","msg":"EPP sent request body response(s) to proxy","x-request-id":"7f65c19e-1bbb-4745-8087-6de58b55b6fd","modelName":"Qwen/Qwen3-VL-32B-Instruct","targetModelName":"Qwen/Qwen3-VL-32B-Instruct"}
{"level":"info","ts":1785055276.3377259,"caller":"handlers/server.go:368","msg":"EPP received request","x-request-id":"75507a5c-dac8-4642-b127-51c3324b85ce"}
{"level":"info","ts":1785055276.3554523,"caller":"handlers/server.go:368","msg":"EPP received request","x-request-id":"c0cf84df-9b2a-4bb5-a853-7d56cb2b69db"}
{"level":"info","ts":1785055276.362467,"caller":"handlers/server.go:368","msg":"EPP received request","x-request-id":"8864371e-f720-45a1-b9f3-0b7de44f5083"}
{"level":"info","ts":1785055276.3695614,"caller":"handlers/server.go:626","msg":"EPP sent request body response(s) to proxy","x-request-id":"f607e983-137f-4b48-9102-52e9c48acff9","modelName":"Qwen/Qwen3-VL-32B-Instruct","targetModelName":"Qwen/Qwen3-VL-32B-Instruct"}
{"level":"info","ts":1785055276.3727021,"caller":"handlers/server.go:368","msg":"EPP received request","x-request-id":"b1bb82ae-cdac-42b6-ac97-fe390720bb94"}
{"level":"info","ts":1785055276.3790276,"caller":"handlers/server.go:368","msg":"EPP received request","x-request-id":"be2e32df-209f-48bb-a9eb-85cdb8255278"}
{"level":"info","ts":1785055276.3907242,"caller":"handlers/server.go:368","msg":"EPP received request","x-request-id":"efc04adc-45ce-455f-a8ae-6372626a3301"}
{"level":"info","ts":1785055276.393163,"caller":"handlers/server.go:626","msg":"EPP sent request body response(s) to proxy","x-request-id":"15731f04-a47d-4b4f-bea4-fa0902992492","modelName":"Qwen/Qwen3-VL-32B-Instruct","targetModelName":"Qwen/Qwen3-VL-32B-Instruct"}
{"level":"info","ts":1785055276.397595,"caller":"handlers/server.go:368","msg":"EPP received request","x-request-id":"3dce248d-8ab8-43aa-b317-69ab8238265d"}
{"level":"info","ts":1785055276.4061537,"caller":"handlers/server.go:626","msg":"EPP sent request body response(s) to proxy","x-request-id":"e1371c08-2570-4c66-8574-ab1d496aae77","modelName":"Qwen/Qwen3-VL-32B-Instruct","targetModelName":"Qwen/Qwen3-VL-32B-Instruct"}
{"level":"info","ts":1785055276.4186304,"caller":"handlers/server.go:626","msg":"EPP sent request body response(s) to proxy","x-request-id":"467a8fb5-15cf-47ed-86db-937cc81d5e4e","modelName":"Qwen/Qwen3-VL-32B-Instruct","targetModelName":"Qwen/Qwen3-VL-32B-Instruct"}
{"level":"info","ts":1785055276.4302838,"caller":"handlers/server.go:626","msg":"EPP sent request body response(s) to proxy","x-request-id":"efc04adc-45ce-455f-a8ae-6372626a3301","modelName":"Qwen/Qwen3-VL-32B-Instruct","targetModelName":"Qwen/Qwen3-VL-32B-Instruct"}
{"level":"info","ts":1785055276.4305394,"caller":"handlers/server.go:626","msg":"EPP sent request body response(s) to proxy","x-request-id":"c0cf84df-9b2a-4bb5-a853-7d56cb2b69db","modelName":"Qwen/Qwen3-VL-32B-Instruct","targetModelName":"Qwen/Qwen3-VL-32B-Instruct"}
{"level":"info","ts":1785055276.4331474,"caller":"handlers/server.go:626","msg":"EPP sent request body response(s) to proxy","x-request-id":"dbf3aa28-0a25-45b9-bc4a-4fc7796aafa3","modelName":"Qwen/Qwen3-VL-32B-Instruct","targetModelName":"Qwen/Qwen3-VL-32B-Instruct"}
{"level":"info","ts":1785055276.4366505,"caller":"handlers/server.go:626","msg":"EPP sent request body response(s) to proxy","x-request-id":"8864371e-f720-45a1-b9f3-0b7de44f5083","modelName":"Qwen/Qwen3-VL-32B-Instruct","targetModelName":"Qwen/Qwen3-VL-32B-Instruct"}
{"level":"info","ts":1785055276.4420755,"caller":"handlers/server.go:368","msg":"EPP received request","x-request-id":"9b8db341-590f-4f75-ad61-de14779cd8cc"}
{"level":"info","ts":1785055276.4420984,"caller":"handlers/server.go:368","msg":"EPP received request","x-request-id":"1000c396-e716-45a5-9a97-606e0c86780b"}
{"level":"info","ts":1785055276.4455307,"caller":"handlers/server.go:368","msg":"EPP received request","x-request-id":"941e7306-2833-4216-a5fb-9b4f553bd0c8"}
{"level":"info","ts":1785055276.445809,"caller":"handlers/server.go:368","msg":"EPP received request","x-request-id":"9d5d6bef-0e7a-4910-8a60-f4904f406a3a"}
{"level":"info","ts":1785055276.4458635,"caller":"handlers/server.go:368","msg":"EPP received request","x-request-id":"088f3d9b-0b6d-4bae-8ce6-abf7a882d492"}
{"level":"info","ts":1785055276.4505563,"caller":"handlers/server.go:626","msg":"EPP sent request body response(s) to proxy","x-request-id":"01335b4c-93b5-4cf7-9e5f-04d544074a5c","modelName":"Qwen/Qwen3-VL-32B-Instruct","targetModelName":"Qwen/Qwen3-VL-32B-Instruct"}
{"level":"info","ts":1785055276.4592881,"caller":"handlers/server.go:368","msg":"EPP received request","x-request-id":"a9621062-f145-47c7-baa6-7cb368b075ec"}
{"level":"info","ts":1785055276.466139,"caller":"handlers/server.go:368","msg":"EPP received request","x-request-id":"896bd5ee-1f66-43f1-91ce-7dd860519e09"}
{"level":"info","ts":1785055276.467827,"caller":"handlers/server.go:626","msg":"EPP sent request body response(s) to proxy","x-request-id":"abab7e67-6ebe-4bc9-bdf8-f1d4710ffedb","modelName":"Qwen/Qwen3-VL-32B-Instruct","targetModelName":"Qwen/Qwen3-VL-32B-Instruct"}
{"level":"info","ts":1785055276.4733837,"caller":"handlers/server.go:626","msg":"EPP sent request body response(s) to proxy","x-request-id":"fa858116-0c7d-4afe-94b1-455e05bcdb5f","modelName":"Qwen/Qwen3-VL-32B-Instruct","targetModelName":"Qwen/Qwen3-VL-32B-Instruct"}
{"level":"info","ts":1785055276.483942,"caller":"handlers/server.go:626","msg":"EPP sent request body response(s) to proxy","x-request-id":"941e7306-2833-4216-a5fb-9b4f553bd0c8","modelName":"Qwen/Qwen3-VL-32B-Instruct","targetModelName":"Qwen/Qwen3-VL-32B-Instruct"}
{"level":"info","ts":1785055276.4845102,"caller":"handlers/server.go:626","msg":"EPP sent request body response(s) to proxy","x-request-id":"9d5d6bef-0e7a-4910-8a60-f4904f406a3a","modelName":"Qwen/Qwen3-VL-32B-Instruct","targetModelName":"Qwen/Qwen3-VL-32B-Instruct"}
{"level":"info","ts":1785055276.4878745,"caller":"handlers/server.go:368","msg":"EPP received request","x-request-id":"8fa81779-e881-4c39-bcb3-179b6073b125"}
{"level":"info","ts":1785055276.4891691,"caller":"handlers/server.go:368","msg":"EPP received request","x-request-id":"0f7d2d81-de2d-4f5d-a056-6c74d4355270"}
{"level":"info","ts":1785055276.4917347,"caller":"handlers/server.go:626","msg":"EPP sent request body response(s) to proxy","x-request-id":"75507a5c-dac8-4642-b127-51c3324b85ce","modelName":"Qwen/Qwen3-VL-32B-Instruct","targetModelName":"Qwen/Qwen3-VL-32B-Instruct"}
{"level":"info","ts":1785055276.491753,"caller":"handlers/server.go:368","msg":"EPP received request","x-request-id":"44114f2a-6342-4a81-8cd5-282af5d9deca"}
{"level":"info","ts":1785055276.5097337,"caller":"handlers/server.go:626","msg":"EPP sent request body response(s) to proxy","x-request-id":"4694f6fa-b680-40c0-96ea-ac5d4368fe97","modelName":"Qwen/Qwen3-VL-32B-Instruct","targetModelName":"Qwen/Qwen3-VL-32B-Instruct"}
{"level":"info","ts":1785055276.5147603,"caller":"handlers/server.go:626","msg":"EPP sent request body response(s) to proxy","x-request-id":"9b8db341-590f-4f75-ad61-de14779cd8cc","modelName":"Qwen/Qwen3-VL-32B-Instruct","targetModelName":"Qwen/Qwen3-VL-32B-Instruct"}
{"level":"info","ts":1785055276.5355413,"caller":"handlers/server.go:626","msg":"EPP sent request body response(s) to proxy","x-request-id":"be2e32df-209f-48bb-a9eb-85cdb8255278","modelName":"Qwen/Qwen3-VL-32B-Instruct","targetModelName":"Qwen/Qwen3-VL-32B-Instruct"}
{"level":"info","ts":1785055276.5389223,"caller":"handlers/server.go:368","msg":"EPP received request","x-request-id":"d383f801-296e-44c5-a22b-edb79898104f"}
{"level":"info","ts":1785055276.5416846,"caller":"handlers/server.go:368","msg":"EPP received request","x-request-id":"cf786845-2ca1-4d89-b968-58612567cb39"}
{"level":"info","ts":1785055276.5440474,"caller":"handlers/server.go:368","msg":"EPP received request","x-request-id":"c4375031-72cf-4266-806c-d93d9ee02693"}
{"level":"info","ts":1785055276.554016,"caller":"handlers/server.go:626","msg":"EPP sent request body response(s) to proxy","x-request-id":"b1bb82ae-cdac-42b6-ac97-fe390720bb94","modelName":"Qwen/Qwen3-VL-32B-Instruct","targetModelName":"Qwen/Qwen3-VL-32B-Instruct"}
{"level":"info","ts":1785055276.5622895,"caller":"handlers/server.go:626","msg":"EPP sent request body response(s) to proxy","x-request-id":"8fa81779-e881-4c39-bcb3-179b6073b125","modelName":"Qwen/Qwen3-VL-32B-Instruct","targetModelName":"Qwen/Qwen3-VL-32B-Instruct"}
{"level":"info","ts":1785055276.570189,"caller":"handlers/server.go:368","msg":"EPP received request","x-request-id":"a6f1c10a-e772-4cd8-8707-2ea229317456"}
{"level":"info","ts":1785055276.5730994,"caller":"handlers/server.go:368","msg":"EPP received request","x-request-id":"0b66d58b-d79a-47c5-9c15-0da8ce984deb"}
{"level":"info","ts":1785055276.5754235,"caller":"handlers/server.go:626","msg":"EPP sent request body response(s) to proxy","x-request-id":"3dce248d-8ab8-43aa-b317-69ab8238265d","modelName":"Qwen/Qwen3-VL-32B-Instruct","targetModelName":"Qwen/Qwen3-VL-32B-Instruct"}
{"level":"info","ts":1785055276.5836031,"caller":"handlers/server.go:368","msg":"EPP received request","x-request-id":"0c9252e3-8684-473f-a6b2-f088f645e00a"}
{"level":"info","ts":1785055276.5912535,"caller":"handlers/server.go:626","msg":"EPP sent request body response(s) to proxy","x-request-id":"44114f2a-6342-4a81-8cd5-282af5d9deca","modelName":"Qwen/Qwen3-VL-32B-Instruct","targetModelName":"Qwen/Qwen3-VL-32B-Instruct"}
{"level":"info","ts":1785055276.5933285,"caller":"handlers/server.go:368","msg":"EPP received request","x-request-id":"62541a27-5180-43fb-a62f-bdf03188ba34"}
{"level":"info","ts":1785055276.5989685,"caller":"handlers/server.go:626","msg":"EPP sent request body response(s) to proxy","x-request-id":"0f7d2d81-de2d-4f5d-a056-6c74d4355270","modelName":"Qwen/Qwen3-VL-32B-Instruct","targetModelName":"Qwen/Qwen3-VL-32B-Instruct"}
{"level":"info","ts":1785055276.6072757,"caller":"handlers/server.go:626","msg":"EPP sent request body response(s) to proxy","x-request-id":"088f3d9b-0b6d-4bae-8ce6-abf7a882d492","modelName":"Qwen/Qwen3-VL-32B-Instruct","targetModelName":"Qwen/Qwen3-VL-32B-Instruct"}
{"level":"info","ts":1785055276.6102018,"caller":"handlers/server.go:626","msg":"EPP sent request body response(s) to proxy","x-request-id":"a6f1c10a-e772-4cd8-8707-2ea229317456","modelName":"Qwen/Qwen3-VL-32B-Instruct","targetModelName":"Qwen/Qwen3-VL-32B-Instruct"}
{"level":"info","ts":1785055276.6108654,"caller":"handlers/server.go:368","msg":"EPP received request","x-request-id":"3c78ac0a-2c5f-4ca3-9383-c4248f257d5d"}
{"level":"info","ts":1785055276.625648,"caller":"handlers/server.go:626","msg":"EPP sent request body response(s) to proxy","x-request-id":"896bd5ee-1f66-43f1-91ce-7dd860519e09","modelName":"Qwen/Qwen3-VL-32B-Instruct","targetModelName":"Qwen/Qwen3-VL-32B-Instruct"}
{"level":"info","ts":1785055276.629063,"caller":"handlers/server.go:626","msg":"EPP sent request body response(s) to proxy","x-request-id":"1000c396-e716-45a5-9a97-606e0c86780b","modelName":"Qwen/Qwen3-VL-32B-Instruct","targetModelName":"Qwen/Qwen3-VL-32B-Instruct"}
{"level":"info","ts":1785055276.6305885,"caller":"handlers/server.go:368","msg":"EPP received request","x-request-id":"f11d75c8-a089-46dc-8d73-20a56ac23b88"}
{"level":"info","ts":1785055276.6308446,"caller":"handlers/server.go:368","msg":"EPP received request","x-request-id":"70c9a8c2-e1f5-42e3-a855-4917b84db3fa"}
{"level":"info","ts":1785055276.6331518,"caller":"handlers/server.go:626","msg":"EPP sent request body response(s) to proxy","x-request-id":"a9621062-f145-47c7-baa6-7cb368b075ec","modelName":"Qwen/Qwen3-VL-32B-Instruct","targetModelName":"Qwen/Qwen3-VL-32B-Instruct"}
{"level":"info","ts":1785055276.6404402,"caller":"handlers/server.go:368","msg":"EPP received request","x-request-id":"4e20caeb-4749-4771-b991-421c2a025f83"}
{"level":"info","ts":1785055276.6434395,"caller":"handlers/server.go:626","msg":"EPP sent request body response(s) to proxy","x-request-id":"3c78ac0a-2c5f-4ca3-9383-c4248f257d5d","modelName":"Qwen/Qwen3-VL-32B-Instruct","targetModelName":"Qwen/Qwen3-VL-32B-Instruct"}
{"level":"info","ts":1785055276.644151,"caller":"handlers/server.go:368","msg":"EPP received request","x-request-id":"6913d059-b6ab-4605-9f7e-0023f5e3e138"}
{"level":"info","ts":1785055276.6534941,"caller":"handlers/server.go:626","msg":"EPP sent request body response(s) to proxy","x-request-id":"c4375031-72cf-4266-806c-d93d9ee02693","modelName":"Qwen/Qwen3-VL-32B-Instruct","targetModelName":"Qwen/Qwen3-VL-32B-Instruct"}
{"level":"info","ts":1785055276.6560924,"caller":"handlers/server.go:368","msg":"EPP received request","x-request-id":"9e1d9632-9789-47ae-b7e7-4181766c339a"}
{"level":"info","ts":1785055276.6561224,"caller":"handlers/server.go:368","msg":"EPP received request","x-request-id":"093e3960-0bc8-41f7-9220-59bebaac12d7"}
{"level":"info","ts":1785055276.6624305,"caller":"handlers/server.go:368","msg":"EPP received request","x-request-id":"b967e962-43f8-40d7-a552-80f0e034135f"}
{"level":"info","ts":1785055276.6682408,"caller":"handlers/server.go:368","msg":"EPP received request","x-request-id":"92b557a9-0796-4e85-9375-4f0ff169cf3e"}
{"level":"info","ts":1785055276.6724606,"caller":"handlers/server.go:368","msg":"EPP received request","x-request-id":"10005a80-9e0b-4071-a80f-8644f6314e54"}
{"level":"info","ts":1785055276.677723,"caller":"handlers/server.go:626","msg":"EPP sent request body response(s) to proxy","x-request-id":"6913d059-b6ab-4605-9f7e-0023f5e3e138","modelName":"Qwen/Qwen3-VL-32B-Instruct","targetModelName":"Qwen/Qwen3-VL-32B-Instruct"}
{"level":"info","ts":1785055276.684956,"caller":"handlers/server.go:368","msg":"EPP received request","x-request-id":"e1808003-6104-471d-995e-945b14b2da3b"}
{"level":"info","ts":1785055276.6850877,"caller":"handlers/server.go:368","msg":"EPP received request","x-request-id":"28ba27f8-4c65-4a56-9a01-f64a1f12ae05"}
{"level":"info","ts":1785055276.6925576,"caller":"handlers/server.go:626","msg":"EPP sent request body response(s) to proxy","x-request-id":"cf786845-2ca1-4d89-b968-58612567cb39","modelName":"Qwen/Qwen3-VL-32B-Instruct","targetModelName":"Qwen/Qwen3-VL-32B-Instruct"}
{"level":"info","ts":1785055276.702506,"caller":"handlers/server.go:626","msg":"EPP sent request body response(s) to proxy","x-request-id":"d383f801-296e-44c5-a22b-edb79898104f","modelName":"Qwen/Qwen3-VL-32B-Instruct","targetModelName":"Qwen/Qwen3-VL-32B-Instruct"}
{"level":"info","ts":1785055276.7038677,"caller":"handlers/server.go:626","msg":"EPP sent request body response(s) to proxy","x-request-id":"70c9a8c2-e1f5-42e3-a855-4917b84db3fa","modelName":"Qwen/Qwen3-VL-32B-Instruct","targetModelName":"Qwen/Qwen3-VL-32B-Instruct"}
{"level":"info","ts":1785055276.7055178,"caller":"handlers/server.go:626","msg":"EPP sent request body response(s) to proxy","x-request-id":"92b557a9-0796-4e85-9375-4f0ff169cf3e","modelName":"Qwen/Qwen3-VL-32B-Instruct","targetModelName":"Qwen/Qwen3-VL-32B-Instruct"}
{"level":"info","ts":1785055276.7064865,"caller":"handlers/server.go:626","msg":"EPP sent request body response(s) to proxy","x-request-id":"62541a27-5180-43fb-a62f-bdf03188ba34","modelName":"Qwen/Qwen3-VL-32B-Instruct","targetModelName":"Qwen/Qwen3-VL-32B-Instruct"}
{"level":"info","ts":1785055276.7192197,"caller":"handlers/server.go:368","msg":"EPP received request","x-request-id":"c77d7a08-c40d-4947-a972-6f01bb22b35e"}
{"level":"info","ts":1785055276.7253742,"caller":"handlers/server.go:626","msg":"EPP sent request body response(s) to proxy","x-request-id":"9e1d9632-9789-47ae-b7e7-4181766c339a","modelName":"Qwen/Qwen3-VL-32B-Instruct","targetModelName":"Qwen/Qwen3-VL-32B-Instruct"}
{"level":"info","ts":1785055276.7263982,"caller":"handlers/server.go:626","msg":"EPP sent request body response(s) to proxy","x-request-id":"0b66d58b-d79a-47c5-9c15-0da8ce984deb","modelName":"Qwen/Qwen3-VL-32B-Instruct","targetModelName":"Qwen/Qwen3-VL-32B-Instruct"}
{"level":"info","ts":1785055276.7348182,"caller":"handlers/server.go:626","msg":"EPP sent request body response(s) to proxy","x-request-id":"f11d75c8-a089-46dc-8d73-20a56ac23b88","modelName":"Qwen/Qwen3-VL-32B-Instruct","targetModelName":"Qwen/Qwen3-VL-32B-Instruct"}
{"level":"info","ts":1785055276.7446544,"caller":"handlers/server.go:626","msg":"EPP sent request body response(s) to proxy","x-request-id":"0c9252e3-8684-473f-a6b2-f088f645e00a","modelName":"Qwen/Qwen3-VL-32B-Instruct","targetModelName":"Qwen/Qwen3-VL-32B-Instruct"}
{"level":"info","ts":1785055276.7451887,"caller":"handlers/server.go:626","msg":"EPP sent request body response(s) to proxy","x-request-id":"10005a80-9e0b-4071-a80f-8644f6314e54","modelName":"Qwen/Qwen3-VL-32B-Instruct","targetModelName":"Qwen/Qwen3-VL-32B-Instruct"}
{"level":"info","ts":1785055276.7459843,"caller":"handlers/server.go:368","msg":"EPP received request","x-request-id":"82f128bf-a4d9-4fa0-bd67-83ff86ef79bd"}
{"level":"info","ts":1785055276.7558105,"caller":"handlers/server.go:368","msg":"EPP received request","x-request-id":"f2fc3497-a3b2-4e82-9607-960f0a99d6f3"}
{"level":"info","ts":1785055276.766499,"caller":"handlers/server.go:626","msg":"EPP sent request body response(s) to proxy","x-request-id":"28ba27f8-4c65-4a56-9a01-f64a1f12ae05","modelName":"Qwen/Qwen3-VL-32B-Instruct","targetModelName":"Qwen/Qwen3-VL-32B-Instruct"}
{"level":"info","ts":1785055276.7875748,"caller":"handlers/server.go:626","msg":"EPP sent request body response(s) to proxy","x-request-id":"c77d7a08-c40d-4947-a972-6f01bb22b35e","modelName":"Qwen/Qwen3-VL-32B-Instruct","targetModelName":"Qwen/Qwen3-VL-32B-Instruct"}
{"level":"info","ts":1785055276.7917614,"caller":"handlers/server.go:626","msg":"EPP sent request body response(s) to proxy","x-request-id":"b967e962-43f8-40d7-a552-80f0e034135f","modelName":"Qwen/Qwen3-VL-32B-Instruct","targetModelName":"Qwen/Qwen3-VL-32B-Instruct"}
{"level":"info","ts":1785055276.8003016,"caller":"handlers/server.go:368","msg":"EPP received request","x-request-id":"0cc46331-2c94-493e-8e2c-57a0fbb534e1"}
{"level":"info","ts":1785055276.8126957,"caller":"handlers/server.go:626","msg":"EPP sent request body response(s) to proxy","x-request-id":"4e20caeb-4749-4771-b991-421c2a025f83","modelName":"Qwen/Qwen3-VL-32B-Instruct","targetModelName":"Qwen/Qwen3-VL-32B-Instruct"}
{"level":"info","ts":1785055276.8191347,"caller":"handlers/server.go:368","msg":"EPP received request","x-request-id":"860f4d29-ef50-4be7-a48a-bc92f92de428"}
{"level":"info","ts":1785055276.8192565,"caller":"handlers/server.go:368","msg":"EPP received request","x-request-id":"646a3f57-e097-4808-9071-70fbd9a9b3bb"}
{"level":"info","ts":1785055276.8192587,"caller":"handlers/server.go:368","msg":"EPP received request","x-request-id":"e772b07a-e4e2-442e-8526-8307f2e59983"}
{"level":"info","ts":1785055276.8199677,"caller":"handlers/server.go:368","msg":"EPP received request","x-request-id":"6ea80b6e-4154-4d21-a168-3a9a4d048ae0"}
{"level":"info","ts":1785055276.8248327,"caller":"handlers/server.go:626","msg":"EPP sent request body response(s) to proxy","x-request-id":"093e3960-0bc8-41f7-9220-59bebaac12d7","modelName":"Qwen/Qwen3-VL-32B-Instruct","targetModelName":"Qwen/Qwen3-VL-32B-Instruct"}
{"level":"info","ts":1785055276.82539,"caller":"handlers/server.go:626","msg":"EPP sent request body response(s) to proxy","x-request-id":"e1808003-6104-471d-995e-945b14b2da3b","modelName":"Qwen/Qwen3-VL-32B-Instruct","targetModelName":"Qwen/Qwen3-VL-32B-Instruct"}
{"level":"info","ts":1785055276.853611,"caller":"handlers/server.go:626","msg":"EPP sent request body response(s) to proxy","x-request-id":"860f4d29-ef50-4be7-a48a-bc92f92de428","modelName":"Qwen/Qwen3-VL-32B-Instruct","targetModelName":"Qwen/Qwen3-VL-32B-Instruct"}
{"level":"info","ts":1785055276.8645241,"caller":"handlers/server.go:368","msg":"EPP received request","x-request-id":"3f3a50aa-fb76-4d02-9237-3db1e32b6939"}
{"level":"info","ts":1785055276.8645205,"caller":"handlers/server.go:368","msg":"EPP received request","x-request-id":"63a11a64-9f90-4ac8-98d5-b1f7154076fa"}
{"level":"info","ts":1785055276.8647547,"caller":"handlers/server.go:368","msg":"EPP received request","x-request-id":"f5d827d6-329f-4143-9576-e4cd9dde29c4"}
{"level":"info","ts":1785055276.875155,"caller":"handlers/server.go:368","msg":"EPP received request","x-request-id":"52671b69-7fb4-4e52-93dc-a4ec63b0bb62"}
{"level":"info","ts":1785055276.8761559,"caller":"handlers/server.go:368","msg":"EPP received request","x-request-id":"787866e4-0da1-4bd5-9e8a-ec0d21dcd26a"}
{"level":"info","ts":1785055276.8764586,"caller":"handlers/server.go:368","msg":"EPP received request","x-request-id":"4a3bfd77-85d2-4e56-b101-162267fa9c61"}
{"level":"info","ts":1785055276.876989,"caller":"handlers/server.go:368","msg":"EPP received request","x-request-id":"0aa2895c-8f60-49b9-ada8-f1cf643d7b0b"}
{"level":"info","ts":1785055276.8874292,"caller":"handlers/server.go:626","msg":"EPP sent request body response(s) to proxy","x-request-id":"f2fc3497-a3b2-4e82-9607-960f0a99d6f3","modelName":"Qwen/Qwen3-VL-32B-Instruct","targetModelName":"Qwen/Qwen3-VL-32B-Instruct"}
{"level":"info","ts":1785055276.9037337,"caller":"handlers/server.go:368","msg":"EPP received request","x-request-id":"3ec55c4b-8e2d-42dd-97e9-9babe99d5398"}
{"level":"info","ts":1785055276.9071064,"caller":"handlers/server.go:368","msg":"EPP received request","x-request-id":"70971034-ed93-48dc-a4b7-52cc3fcdbd66"}
{"level":"info","ts":1785055276.9100735,"caller":"handlers/server.go:626","msg":"EPP sent request body response(s) to proxy","x-request-id":"6ea80b6e-4154-4d21-a168-3a9a4d048ae0","modelName":"Qwen/Qwen3-VL-32B-Instruct","targetModelName":"Qwen/Qwen3-VL-32B-Instruct"}
{"level":"info","ts":1785055276.9130254,"caller":"handlers/server.go:626","msg":"EPP sent request body response(s) to proxy","x-request-id":"82f128bf-a4d9-4fa0-bd67-83ff86ef79bd","modelName":"Qwen/Qwen3-VL-32B-Instruct","targetModelName":"Qwen/Qwen3-VL-32B-Instruct"}
{"level":"info","ts":1785055276.9486437,"caller":"handlers/server.go:626","msg":"EPP sent request body response(s) to proxy","x-request-id":"0aa2895c-8f60-49b9-ada8-f1cf643d7b0b","modelName":"Qwen/Qwen3-VL-32B-Instruct","targetModelName":"Qwen/Qwen3-VL-32B-Instruct"}
{"level":"info","ts":1785055276.951687,"caller":"handlers/server.go:626","msg":"EPP sent request body response(s) to proxy","x-request-id":"0cc46331-2c94-493e-8e2c-57a0fbb534e1","modelName":"Qwen/Qwen3-VL-32B-Instruct","targetModelName":"Qwen/Qwen3-VL-32B-Instruct"}
{"level":"info","ts":1785055276.9534643,"caller":"handlers/server.go:626","msg":"EPP sent request body response(s) to proxy","x-request-id":"646a3f57-e097-4808-9071-70fbd9a9b3bb","modelName":"Qwen/Qwen3-VL-32B-Instruct","targetModelName":"Qwen/Qwen3-VL-32B-Instruct"}
{"level":"info","ts":1785055276.9534893,"caller":"handlers/server.go:626","msg":"EPP sent request body response(s) to proxy","x-request-id":"787866e4-0da1-4bd5-9e8a-ec0d21dcd26a","modelName":"Qwen/Qwen3-VL-32B-Instruct","targetModelName":"Qwen/Qwen3-VL-32B-Instruct"}
{"level":"info","ts":1785055276.9834812,"caller":"handlers/server.go:626","msg":"EPP sent request body response(s) to proxy","x-request-id":"52671b69-7fb4-4e52-93dc-a4ec63b0bb62","modelName":"Qwen/Qwen3-VL-32B-Instruct","targetModelName":"Qwen/Qwen3-VL-32B-Instruct"}
{"level":"info","ts":1785055276.9845643,"caller":"handlers/server.go:626","msg":"EPP sent request body response(s) to proxy","x-request-id":"e772b07a-e4e2-442e-8526-8307f2e59983","modelName":"Qwen/Qwen3-VL-32B-Instruct","targetModelName":"Qwen/Qwen3-VL-32B-Instruct"}
{"level":"info","ts":1785055276.9974165,"caller":"handlers/server.go:626","msg":"EPP sent request body response(s) to proxy","x-request-id":"3f3a50aa-fb76-4d02-9237-3db1e32b6939","modelName":"Qwen/Qwen3-VL-32B-Instruct","targetModelName":"Qwen/Qwen3-VL-32B-Instruct"}
{"level":"info","ts":1785055277.0214972,"caller":"handlers/server.go:626","msg":"EPP sent request body response(s) to proxy","x-request-id":"63a11a64-9f90-4ac8-98d5-b1f7154076fa","modelName":"Qwen/Qwen3-VL-32B-Instruct","targetModelName":"Qwen/Qwen3-VL-32B-Instruct"}
{"level":"info","ts":1785055277.041266,"caller":"handlers/server.go:626","msg":"EPP sent request body response(s) to proxy","x-request-id":"3ec55c4b-8e2d-42dd-97e9-9babe99d5398","modelName":"Qwen/Qwen3-VL-32B-Instruct","targetModelName":"Qwen/Qwen3-VL-32B-Instruct"}
{"level":"info","ts":1785055277.053234,"caller":"handlers/server.go:626","msg":"EPP sent request body response(s) to proxy","x-request-id":"f5d827d6-329f-4143-9576-e4cd9dde29c4","modelName":"Qwen/Qwen3-VL-32B-Instruct","targetModelName":"Qwen/Qwen3-VL-32B-Instruct"}
{"level":"info","ts":1785055277.0556574,"caller":"handlers/server.go:626","msg":"EPP sent request body response(s) to proxy","x-request-id":"4a3bfd77-85d2-4e56-b101-162267fa9c61","modelName":"Qwen/Qwen3-VL-32B-Instruct","targetModelName":"Qwen/Qwen3-VL-32B-Instruct"}
{"level":"info","ts":1785055277.0780807,"caller":"handlers/server.go:626","msg":"EPP sent request body response(s) to proxy","x-request-id":"70971034-ed93-48dc-a4b7-52cc3fcdbd66","modelName":"Qwen/Qwen3-VL-32B-Instruct","targetModelName":"Qwen/Qwen3-VL-32B-Instruct"}
{"level":"info","ts":1785055277.24868,"caller":"handlers/server.go:654","msg":"EPP sent response body back to proxy","x-request-id":"1a927b36-c4c1-4f5b-9e6a-2c1ad8c8dea2"}
{"level":"info","ts":1785055277.7307105,"caller":"handlers/server.go:654","msg":"EPP sent response body back to proxy","x-request-id":"7f65c19e-1bbb-4745-8087-6de58b55b6fd"}
{"level":"info","ts":1785055278.1039963,"caller":"handlers/server.go:654","msg":"EPP sent response body back to proxy","x-request-id":"f607e983-137f-4b48-9102-52e9c48acff9"}
{"level":"info","ts":1785055278.2539456,"caller":"handlers/server.go:654","msg":"EPP sent response body back to proxy","x-request-id":"15731f04-a47d-4b4f-bea4-fa0902992492"}
{"level":"info","ts":1785055278.5730617,"caller":"handlers/server.go:654","msg":"EPP sent response body back to proxy","x-request-id":"e1371c08-2570-4c66-8574-ab1d496aae77"}
{"level":"info","ts":1785055278.6380234,"caller":"handlers/server.go:654","msg":"EPP sent response body back to proxy","x-request-id":"c0cf84df-9b2a-4bb5-a853-7d56cb2b69db"}
{"level":"info","ts":1785055278.638142,"caller":"handlers/server.go:654","msg":"EPP sent response body back to proxy","x-request-id":"efc04adc-45ce-455f-a8ae-6372626a3301"}
{"level":"info","ts":1785055279.436148,"caller":"handlers/server.go:654","msg":"EPP sent response body back to proxy","x-request-id":"467a8fb5-15cf-47ed-86db-937cc81d5e4e"}
{"level":"info","ts":1785055279.6071818,"caller":"handlers/server.go:654","msg":"EPP sent response body back to proxy","x-request-id":"8864371e-f720-45a1-b9f3-0b7de44f5083"}
{"level":"info","ts":1785055279.8863595,"caller":"handlers/server.go:654","msg":"EPP sent response body back to proxy","x-request-id":"9d5d6bef-0e7a-4910-8a60-f4904f406a3a"}
{"level":"info","ts":1785055279.8863676,"caller":"handlers/server.go:654","msg":"EPP sent response body back to proxy","x-request-id":"abab7e67-6ebe-4bc9-bdf8-f1d4710ffedb"}
{"level":"info","ts":1785055279.984869,"caller":"handlers/server.go:654","msg":"EPP sent response body back to proxy","x-request-id":"941e7306-2833-4216-a5fb-9b4f553bd0c8"}
{"level":"info","ts":1785055279.9849417,"caller":"handlers/server.go:654","msg":"EPP sent response body back to proxy","x-request-id":"dbf3aa28-0a25-45b9-bc4a-4fc7796aafa3"}
{"level":"info","ts":1785055280.2824812,"caller":"handlers/server.go:654","msg":"EPP sent response body back to proxy","x-request-id":"01335b4c-93b5-4cf7-9e5f-04d544074a5c"}
{"level":"info","ts":1785055280.4725702,"caller":"handlers/server.go:654","msg":"EPP sent response body back to proxy","x-request-id":"8fa81779-e881-4c39-bcb3-179b6073b125"}
{"level":"info","ts":1785055280.6591868,"caller":"handlers/server.go:654","msg":"EPP sent response body back to proxy","x-request-id":"9b8db341-590f-4f75-ad61-de14779cd8cc"}
{"level":"info","ts":1785055280.701776,"caller":"handlers/server.go:654","msg":"EPP sent response body back to proxy","x-request-id":"fa858116-0c7d-4afe-94b1-455e05bcdb5f"}
{"level":"info","ts":1785055280.7976038,"caller":"handlers/server.go:654","msg":"EPP sent response body back to proxy","x-request-id":"0f7d2d81-de2d-4f5d-a056-6c74d4355270"}
{"level":"info","ts":1785055281.5404592,"caller":"handlers/server.go:654","msg":"EPP sent response body back to proxy","x-request-id":"3c78ac0a-2c5f-4ca3-9383-c4248f257d5d"}
{"level":"info","ts":1785055281.540536,"caller":"handlers/server.go:654","msg":"EPP sent response body back to proxy","x-request-id":"4694f6fa-b680-40c0-96ea-ac5d4368fe97"}
{"level":"info","ts":1785055281.9770064,"caller":"handlers/server.go:654","msg":"EPP sent response body back to proxy","x-request-id":"a6f1c10a-e772-4cd8-8707-2ea229317456"}
{"level":"info","ts":1785055281.9770358,"caller":"handlers/server.go:654","msg":"EPP sent response body back to proxy","x-request-id":"75507a5c-dac8-4642-b127-51c3324b85ce"}
{"level":"info","ts":1785055282.0832937,"caller":"handlers/server.go:654","msg":"EPP sent response body back to proxy","x-request-id":"6913d059-b6ab-4605-9f7e-0023f5e3e138"}
{"level":"info","ts":1785055282.0833464,"caller":"handlers/server.go:654","msg":"EPP sent response body back to proxy","x-request-id":"be2e32df-209f-48bb-a9eb-85cdb8255278"}
{"level":"info","ts":1785055282.15169,"caller":"handlers/server.go:654","msg":"EPP sent response body back to proxy","x-request-id":"44114f2a-6342-4a81-8cd5-282af5d9deca"}
{"level":"info","ts":1785055282.4768753,"caller":"handlers/server.go:654","msg":"EPP sent response body back to proxy","x-request-id":"3dce248d-8ab8-43aa-b317-69ab8238265d"}
{"level":"info","ts":1785055282.4769087,"caller":"handlers/server.go:654","msg":"EPP sent response body back to proxy","x-request-id":"70c9a8c2-e1f5-42e3-a855-4917b84db3fa"}
{"level":"info","ts":1785055282.6472318,"caller":"handlers/server.go:654","msg":"EPP sent response body back to proxy","x-request-id":"92b557a9-0796-4e85-9375-4f0ff169cf3e"}
{"level":"info","ts":1785055282.6472466,"caller":"handlers/server.go:654","msg":"EPP sent response body back to proxy","x-request-id":"088f3d9b-0b6d-4bae-8ce6-abf7a882d492"}
{"level":"info","ts":1785055282.7717412,"caller":"handlers/server.go:654","msg":"EPP sent response body back to proxy","x-request-id":"c4375031-72cf-4266-806c-d93d9ee02693"}
{"level":"info","ts":1785055283.2368276,"caller":"handlers/server.go:654","msg":"EPP sent response body back to proxy","x-request-id":"28ba27f8-4c65-4a56-9a01-f64a1f12ae05"}
{"level":"info","ts":1785055283.2369556,"caller":"handlers/server.go:654","msg":"EPP sent response body back to proxy","x-request-id":"10005a80-9e0b-4071-a80f-8644f6314e54"}
{"level":"info","ts":1785055283.365603,"caller":"handlers/server.go:654","msg":"EPP sent response body back to proxy","x-request-id":"896bd5ee-1f66-43f1-91ce-7dd860519e09"}
{"level":"info","ts":1785055283.5861948,"caller":"handlers/server.go:654","msg":"EPP sent response body back to proxy","x-request-id":"9e1d9632-9789-47ae-b7e7-4181766c339a"}
{"level":"info","ts":1785055283.586208,"caller":"handlers/server.go:654","msg":"EPP sent response body back to proxy","x-request-id":"b1bb82ae-cdac-42b6-ac97-fe390720bb94"}
{"level":"info","ts":1785055283.771125,"caller":"handlers/server.go:654","msg":"EPP sent response body back to proxy","x-request-id":"62541a27-5180-43fb-a62f-bdf03188ba34"}
{"level":"info","ts":1785055283.9869392,"caller":"handlers/server.go:654","msg":"EPP sent response body back to proxy","x-request-id":"860f4d29-ef50-4be7-a48a-bc92f92de428"}
{"level":"info","ts":1785055283.986956,"caller":"handlers/server.go:654","msg":"EPP sent response body back to proxy","x-request-id":"d383f801-296e-44c5-a22b-edb79898104f"}
{"level":"info","ts":1785055284.397734,"caller":"handlers/server.go:654","msg":"EPP sent response body back to proxy","x-request-id":"1000c396-e716-45a5-9a97-606e0c86780b"}
{"level":"info","ts":1785055284.5801663,"caller":"handlers/server.go:654","msg":"EPP sent response body back to proxy","x-request-id":"f11d75c8-a089-46dc-8d73-20a56ac23b88"}
{"level":"info","ts":1785055284.7751656,"caller":"handlers/server.go:654","msg":"EPP sent response body back to proxy","x-request-id":"cf786845-2ca1-4d89-b968-58612567cb39"}
{"level":"info","ts":1785055284.9680002,"caller":"handlers/server.go:654","msg":"EPP sent response body back to proxy","x-request-id":"0aa2895c-8f60-49b9-ada8-f1cf643d7b0b"}
{"level":"info","ts":1785055285.140424,"caller":"handlers/server.go:654","msg":"EPP sent response body back to proxy","x-request-id":"c77d7a08-c40d-4947-a972-6f01bb22b35e"}
{"level":"info","ts":1785055285.3770945,"caller":"handlers/server.go:654","msg":"EPP sent response body back to proxy","x-request-id":"a9621062-f145-47c7-baa6-7cb368b075ec"}
{"level":"info","ts":1785055285.3771584,"caller":"handlers/server.go:654","msg":"EPP sent response body back to proxy","x-request-id":"6ea80b6e-4154-4d21-a168-3a9a4d048ae0"}
{"level":"info","ts":1785055285.5805833,"caller":"handlers/server.go:654","msg":"EPP sent response body back to proxy","x-request-id":"4e20caeb-4749-4771-b991-421c2a025f83"}
{"level":"info","ts":1785055285.7616508,"caller":"handlers/server.go:654","msg":"EPP sent response body back to proxy","x-request-id":"0b66d58b-d79a-47c5-9c15-0da8ce984deb"}
{"level":"info","ts":1785055285.890903,"caller":"handlers/server.go:654","msg":"EPP sent response body back to proxy","x-request-id":"52671b69-7fb4-4e52-93dc-a4ec63b0bb62"}
{"level":"info","ts":1785055285.890906,"caller":"handlers/server.go:654","msg":"EPP sent response body back to proxy","x-request-id":"787866e4-0da1-4bd5-9e8a-ec0d21dcd26a"}
{"level":"info","ts":1785055286.1816556,"caller":"handlers/server.go:654","msg":"EPP sent response body back to proxy","x-request-id":"f2fc3497-a3b2-4e82-9607-960f0a99d6f3"}
{"level":"info","ts":1785055286.3622468,"caller":"handlers/server.go:654","msg":"EPP sent response body back to proxy","x-request-id":"e1808003-6104-471d-995e-945b14b2da3b"}
{"level":"info","ts":1785055286.756389,"caller":"handlers/server.go:654","msg":"EPP sent response body back to proxy","x-request-id":"646a3f57-e097-4808-9071-70fbd9a9b3bb"}
{"level":"info","ts":1785055286.96815,"caller":"handlers/server.go:654","msg":"EPP sent response body back to proxy","x-request-id":"3f3a50aa-fb76-4d02-9237-3db1e32b6939"}
{"level":"info","ts":1785055287.0861733,"caller":"handlers/server.go:654","msg":"EPP sent response body back to proxy","x-request-id":"0c9252e3-8684-473f-a6b2-f088f645e00a"}
{"level":"info","ts":1785055287.3592443,"caller":"handlers/server.go:654","msg":"EPP sent response body back to proxy","x-request-id":"63a11a64-9f90-4ac8-98d5-b1f7154076fa"}
{"level":"info","ts":1785055287.5569034,"caller":"handlers/server.go:654","msg":"EPP sent response body back to proxy","x-request-id":"0cc46331-2c94-493e-8e2c-57a0fbb534e1"}
{"level":"info","ts":1785055287.6828346,"caller":"handlers/server.go:654","msg":"EPP sent response body back to proxy","x-request-id":"b967e962-43f8-40d7-a552-80f0e034135f"}
{"level":"info","ts":1785055287.796725,"caller":"handlers/server.go:654","msg":"EPP sent response body back to proxy","x-request-id":"3ec55c4b-8e2d-42dd-97e9-9babe99d5398"}
{"level":"info","ts":1785055288.1639318,"caller":"handlers/server.go:654","msg":"EPP sent response body back to proxy","x-request-id":"e772b07a-e4e2-442e-8526-8307f2e59983"}
{"level":"info","ts":1785055288.292639,"caller":"handlers/server.go:654","msg":"EPP sent response body back to proxy","x-request-id":"093e3960-0bc8-41f7-9220-59bebaac12d7"}
{"level":"info","ts":1785055288.465185,"caller":"handlers/server.go:654","msg":"EPP sent response body back to proxy","x-request-id":"f5d827d6-329f-4143-9576-e4cd9dde29c4"}
{"level":"info","ts":1785055288.8758624,"caller":"handlers/server.go:654","msg":"EPP sent response body back to proxy","x-request-id":"4a3bfd77-85d2-4e56-b101-162267fa9c61"}
{"level":"info","ts":1785055289.4933383,"caller":"handlers/server.go:654","msg":"EPP sent response body back to proxy","x-request-id":"82f128bf-a4d9-4fa0-bd67-83ff86ef79bd"}
{"level":"info","ts":1785055290.0705092,"caller":"handlers/server.go:654","msg":"EPP sent response body back to proxy","x-request-id":"70971034-ed93-48dc-a4b7-52cc3fcdbd66"}
{"level":"info","ts":1785055295.2628183,"caller":"controller/pod_reconciler.go:97","msg":"Pod added","controller":"pod","controllerGroup":"","controllerKind":"Pod","Pod":{"name":"epd-nvidia-gpu-vllm-prefill-688d795cbf-w7f95","namespace":"dpikus-epd-sglang-bench"},"namespace":"dpikus-epd-sglang-bench","name":"epd-nvidia-gpu-vllm-prefill-688d795cbf-w7f95","reconcileID":"852b73ef-41f3-4ad5-a5b5-8333cf362716"}
{"level":"info","ts":1785055325.2615194,"caller":"controller/pod_reconciler.go:97","msg":"Pod added","controller":"pod","controllerGroup":"","controllerKind":"Pod","Pod":{"name":"epd-nvidia-gpu-vllm-prefill-688d795cbf-scwrs","namespace":"dpikus-epd-sglang-bench"},"namespace":"dpikus-epd-sglang-bench","name":"epd-nvidia-gpu-vllm-prefill-688d795cbf-scwrs","reconcileID":"720af824-c4e9-4aa4-80f2-19467c802bf4"}
{"level":"info","ts":1785055381.2627783,"caller":"controller/pod_reconciler.go:97","msg":"Pod added","controller":"pod","controllerGroup":"","controllerKind":"Pod","Pod":{"name":"epd-nvidia-gpu-vllm-prefill-688d795cbf-w7f95","namespace":"dpikus-epd-sglang-bench"},"namespace":"dpikus-epd-sglang-bench","name":"epd-nvidia-gpu-vllm-prefill-688d795cbf-w7f95","reconcileID":"1aafb2e9-424a-4de4-a46d-7a839c3a125a"}
{"level":"info","ts":1785055446.2635887,"caller":"controller/pod_reconciler.go:97","msg":"Pod added","controller":"pod","controllerGroup":"","controllerKind":"Pod","Pod":{"name":"epd-nvidia-gpu-vllm-prefill-688d795cbf-w7f95","namespace":"dpikus-epd-sglang-bench"},"namespace":"dpikus-epd-sglang-bench","name":"epd-nvidia-gpu-vllm-prefill-688d795cbf-w7f95","reconcileID":"a32a2340-3bc6-4a35-a509-c4a0869818fc"}
{"level":"info","ts":1785055467.938849,"caller":"controller/pod_reconciler.go:97","msg":"Pod added","controller":"pod","controllerGroup":"","controllerKind":"Pod","Pod":{"name":"epd-nvidia-gpu-vllm-prefill-688d795cbf-nfgdn","namespace":"dpikus-epd-sglang-bench"},"namespace":"dpikus-epd-sglang-bench","name":"epd-nvidia-gpu-vllm-prefill-688d795cbf-nfgdn","reconcileID":"8cdb1b81-e516-4b61-8638-6e200daa9013"}
{"level":"info","ts":1785055511.8065867,"caller":"handlers/server.go:368","msg":"EPP received request","x-request-id":"4e9df5fa-b3d9-44d4-b02b-1d603f6f8f26"}
{"level":"info","ts":1785055511.9430206,"caller":"handlers/server.go:626","msg":"EPP sent request body response(s) to proxy","x-request-id":"4e9df5fa-b3d9-44d4-b02b-1d603f6f8f26","modelName":"Qwen/Qwen3-VL-32B-Instruct","targetModelName":"Qwen/Qwen3-VL-32B-Instruct"}
{"level":"info","ts":1785055512.261834,"caller":"controller/pod_reconciler.go:97","msg":"Pod added","controller":"pod","controllerGroup":"","controllerKind":"Pod","Pod":{"name":"epd-nvidia-gpu-vllm-prefill-688d795cbf-w7f95","namespace":"dpikus-epd-sglang-bench"},"namespace":"dpikus-epd-sglang-bench","name":"epd-nvidia-gpu-vllm-prefill-688d795cbf-w7f95","reconcileID":"dc19c426-42b0-46e3-b753-b5a90010545f"}
{"level":"info","ts":1785055513.3313444,"caller":"handlers/server.go:654","msg":"EPP sent response body back to proxy","x-request-id":"4e9df5fa-b3d9-44d4-b02b-1d603f6f8f26"}
{"level":"info","ts":1785055515.6909952,"caller":"handlers/server.go:368","msg":"EPP received request","x-request-id":"8096dca4-65db-45d9-b405-514406411c48"}
{"level":"info","ts":1785055515.70232,"caller":"handlers/server.go:368","msg":"EPP received request","x-request-id":"250a8e81-d122-4cf6-8355-2af76f00c0e3"}
{"level":"info","ts":1785055515.7101755,"caller":"handlers/server.go:368","msg":"EPP received request","x-request-id":"2a3f2ed7-83de-42a7-a477-b1c8cc8d8cc9"}
{"level":"info","ts":1785055515.7382898,"caller":"handlers/server.go:368","msg":"EPP received request","x-request-id":"4db817df-6ac4-4ffa-9005-2048860f8f28"}
{"level":"info","ts":1785055515.7383318,"caller":"handlers/server.go:368","msg":"EPP received request","x-request-id":"af7a4de5-a03c-4e1a-baf0-7a48bde9b85b"}
{"level":"info","ts":1785055515.7421803,"caller":"handlers/server.go:368","msg":"EPP received request","x-request-id":"cc30cc9f-65d9-4710-b4b5-cf5a9be563c4"}
{"level":"info","ts":1785055515.7504597,"caller":"handlers/server.go:368","msg":"EPP received request","x-request-id":"515af9e5-f3ec-410f-8ecb-571c45a232b7"}
{"level":"info","ts":1785055515.7557702,"caller":"handlers/server.go:368","msg":"EPP received request","x-request-id":"fac87d91-8830-4698-86df-a36b194977fb"}
{"level":"info","ts":1785055515.7694705,"caller":"handlers/server.go:368","msg":"EPP received request","x-request-id":"7a64d605-fb50-4a2e-8fe2-003a8ac24113"}
{"level":"info","ts":1785055515.7951238,"caller":"handlers/server.go:368","msg":"EPP received request","x-request-id":"f4fbe2f6-6032-4175-842f-c60cf19ca0c4"}
{"level":"info","ts":1785055515.7952838,"caller":"handlers/server.go:368","msg":"EPP received request","x-request-id":"32083ce8-8816-4e84-a5ea-882ecf48eb09"}
{"level":"info","ts":1785055515.8030355,"caller":"handlers/server.go:368","msg":"EPP received request","x-request-id":"8fb757cb-8c78-4678-9875-87acf3d2cdb9"}
{"level":"info","ts":1785055515.8117604,"caller":"handlers/server.go:368","msg":"EPP received request","x-request-id":"5baf1a74-895e-40da-b23d-c8e18a78b65c"}
{"level":"info","ts":1785055515.8206935,"caller":"handlers/server.go:368","msg":"EPP received request","x-request-id":"27a6895d-0854-4b52-a72e-e8a0be6d37e0"}
{"level":"info","ts":1785055515.8238757,"caller":"handlers/server.go:626","msg":"EPP sent request body response(s) to proxy","x-request-id":"4db817df-6ac4-4ffa-9005-2048860f8f28","modelName":"Qwen/Qwen3-VL-32B-Instruct","targetModelName":"Qwen/Qwen3-VL-32B-Instruct"}
{"level":"info","ts":1785055515.8245878,"caller":"handlers/server.go:626","msg":"EPP sent request body response(s) to proxy","x-request-id":"250a8e81-d122-4cf6-8355-2af76f00c0e3","modelName":"Qwen/Qwen3-VL-32B-Instruct","targetModelName":"Qwen/Qwen3-VL-32B-Instruct"}
{"level":"info","ts":1785055515.831926,"caller":"handlers/server.go:368","msg":"EPP received request","x-request-id":"834ffeff-2ada-46db-89ce-f23d9ff10ca5"}
{"level":"info","ts":1785055515.8499641,"caller":"handlers/server.go:368","msg":"EPP received request","x-request-id":"78068a96-4ebc-473d-9028-d0bcfce8876a"}
{"level":"info","ts":1785055515.8617618,"caller":"handlers/server.go:368","msg":"EPP received request","x-request-id":"c0c363f9-af86-48d7-8b48-2cd7447f5ac5"}
{"level":"info","ts":1785055515.8626492,"caller":"handlers/server.go:368","msg":"EPP received request","x-request-id":"85151e43-9c9c-4d16-a1e0-51d9c9c7d2ff"}
{"level":"info","ts":1785055515.8673918,"caller":"handlers/server.go:626","msg":"EPP sent request body response(s) to proxy","x-request-id":"cc30cc9f-65d9-4710-b4b5-cf5a9be563c4","modelName":"Qwen/Qwen3-VL-32B-Instruct","targetModelName":"Qwen/Qwen3-VL-32B-Instruct"}
{"level":"info","ts":1785055515.870118,"caller":"handlers/server.go:626","msg":"EPP sent request body response(s) to proxy","x-request-id":"8096dca4-65db-45d9-b405-514406411c48","modelName":"Qwen/Qwen3-VL-32B-Instruct","targetModelName":"Qwen/Qwen3-VL-32B-Instruct"}
{"level":"info","ts":1785055515.8831692,"caller":"handlers/server.go:368","msg":"EPP received request","x-request-id":"6865578a-b0d3-4581-9e5c-276127cedb9d"}
{"level":"info","ts":1785055515.8919008,"caller":"handlers/server.go:626","msg":"EPP sent request body response(s) to proxy","x-request-id":"fac87d91-8830-4698-86df-a36b194977fb","modelName":"Qwen/Qwen3-VL-32B-Instruct","targetModelName":"Qwen/Qwen3-VL-32B-Instruct"}
{"level":"info","ts":1785055515.8923883,"caller":"handlers/server.go:626","msg":"EPP sent request body response(s) to proxy","x-request-id":"5baf1a74-895e-40da-b23d-c8e18a78b65c","modelName":"Qwen/Qwen3-VL-32B-Instruct","targetModelName":"Qwen/Qwen3-VL-32B-Instruct"}
{"level":"info","ts":1785055515.8947403,"caller":"handlers/server.go:368","msg":"EPP received request","x-request-id":"4246eeb7-c1c4-4b8c-99b0-1ef5cdac8b66"}
{"level":"info","ts":1785055515.9061928,"caller":"handlers/server.go:626","msg":"EPP sent request body response(s) to proxy","x-request-id":"7a64d605-fb50-4a2e-8fe2-003a8ac24113","modelName":"Qwen/Qwen3-VL-32B-Instruct","targetModelName":"Qwen/Qwen3-VL-32B-Instruct"}
{"level":"info","ts":1785055515.906894,"caller":"handlers/server.go:368","msg":"EPP received request","x-request-id":"44f701d2-9808-4066-9ab7-c139a37c7556"}
{"level":"info","ts":1785055515.906922,"caller":"handlers/server.go:368","msg":"EPP received request","x-request-id":"cba1427a-279b-4cbd-99b7-d96e41a47497"}
{"level":"info","ts":1785055515.9076118,"caller":"handlers/server.go:626","msg":"EPP sent request body response(s) to proxy","x-request-id":"85151e43-9c9c-4d16-a1e0-51d9c9c7d2ff","modelName":"Qwen/Qwen3-VL-32B-Instruct","targetModelName":"Qwen/Qwen3-VL-32B-Instruct"}
{"level":"info","ts":1785055515.9149084,"caller":"handlers/server.go:626","msg":"EPP sent request body response(s) to proxy","x-request-id":"834ffeff-2ada-46db-89ce-f23d9ff10ca5","modelName":"Qwen/Qwen3-VL-32B-Instruct","targetModelName":"Qwen/Qwen3-VL-32B-Instruct"}
{"level":"info","ts":1785055515.915176,"caller":"handlers/server.go:626","msg":"EPP sent request body response(s) to proxy","x-request-id":"2a3f2ed7-83de-42a7-a477-b1c8cc8d8cc9","modelName":"Qwen/Qwen3-VL-32B-Instruct","targetModelName":"Qwen/Qwen3-VL-32B-Instruct"}
{"level":"info","ts":1785055515.9227114,"caller":"handlers/server.go:368","msg":"EPP received request","x-request-id":"270cead9-b0d1-4866-abef-3c7b706c23f5"}
{"level":"info","ts":1785055515.9284945,"caller":"handlers/server.go:368","msg":"EPP received request","x-request-id":"2bc94f55-d9e1-41c3-b394-ae39d546e690"}
{"level":"info","ts":1785055515.9287648,"caller":"handlers/server.go:368","msg":"EPP received request","x-request-id":"b17be9df-cf5d-434a-986a-f8ec43ca0a84"}
{"level":"info","ts":1785055515.9406393,"caller":"handlers/server.go:626","msg":"EPP sent request body response(s) to proxy","x-request-id":"af7a4de5-a03c-4e1a-baf0-7a48bde9b85b","modelName":"Qwen/Qwen3-VL-32B-Instruct","targetModelName":"Qwen/Qwen3-VL-32B-Instruct"}
{"level":"info","ts":1785055515.9434865,"caller":"handlers/server.go:626","msg":"EPP sent request body response(s) to proxy","x-request-id":"515af9e5-f3ec-410f-8ecb-571c45a232b7","modelName":"Qwen/Qwen3-VL-32B-Instruct","targetModelName":"Qwen/Qwen3-VL-32B-Instruct"}
{"level":"info","ts":1785055515.9442985,"caller":"handlers/server.go:626","msg":"EPP sent request body response(s) to proxy","x-request-id":"f4fbe2f6-6032-4175-842f-c60cf19ca0c4","modelName":"Qwen/Qwen3-VL-32B-Instruct","targetModelName":"Qwen/Qwen3-VL-32B-Instruct"}
{"level":"info","ts":1785055515.9481297,"caller":"handlers/server.go:368","msg":"EPP received request","x-request-id":"dac9eada-7b00-49cd-9d29-f8242d7a0e3b"}
{"level":"info","ts":1785055515.9493053,"caller":"handlers/server.go:626","msg":"EPP sent request body response(s) to proxy","x-request-id":"44f701d2-9808-4066-9ab7-c139a37c7556","modelName":"Qwen/Qwen3-VL-32B-Instruct","targetModelName":"Qwen/Qwen3-VL-32B-Instruct"}
{"level":"info","ts":1785055515.957532,"caller":"handlers/server.go:626","msg":"EPP sent request body response(s) to proxy","x-request-id":"8fb757cb-8c78-4678-9875-87acf3d2cdb9","modelName":"Qwen/Qwen3-VL-32B-Instruct","targetModelName":"Qwen/Qwen3-VL-32B-Instruct"}
{"level":"info","ts":1785055515.9624062,"caller":"handlers/server.go:368","msg":"EPP received request","x-request-id":"441af3ab-1593-470e-88e7-beed066d253e"}
{"level":"info","ts":1785055515.963665,"caller":"handlers/server.go:626","msg":"EPP sent request body response(s) to proxy","x-request-id":"270cead9-b0d1-4866-abef-3c7b706c23f5","modelName":"Qwen/Qwen3-VL-32B-Instruct","targetModelName":"Qwen/Qwen3-VL-32B-Instruct"}
{"level":"info","ts":1785055515.964753,"caller":"handlers/server.go:368","msg":"EPP received request","x-request-id":"ab2e3878-6fdc-46c2-9194-3ce745d17937"}
{"level":"info","ts":1785055515.9814382,"caller":"handlers/server.go:626","msg":"EPP sent request body response(s) to proxy","x-request-id":"4246eeb7-c1c4-4b8c-99b0-1ef5cdac8b66","modelName":"Qwen/Qwen3-VL-32B-Instruct","targetModelName":"Qwen/Qwen3-VL-32B-Instruct"}
{"level":"info","ts":1785055515.989017,"caller":"handlers/server.go:626","msg":"EPP sent request body response(s) to proxy","x-request-id":"32083ce8-8816-4e84-a5ea-882ecf48eb09","modelName":"Qwen/Qwen3-VL-32B-Instruct","targetModelName":"Qwen/Qwen3-VL-32B-Instruct"}
{"level":"info","ts":1785055516.001386,"caller":"handlers/server.go:368","msg":"EPP received request","x-request-id":"08446368-9437-4433-8edf-76f465abd6d5"}
{"level":"info","ts":1785055516.0107276,"caller":"handlers/server.go:626","msg":"EPP sent request body response(s) to proxy","x-request-id":"78068a96-4ebc-473d-9028-d0bcfce8876a","modelName":"Qwen/Qwen3-VL-32B-Instruct","targetModelName":"Qwen/Qwen3-VL-32B-Instruct"}
{"level":"info","ts":1785055516.0126994,"caller":"handlers/server.go:368","msg":"EPP received request","x-request-id":"ceafff15-c6d2-4366-829d-b13ed20ebf08"}
{"level":"info","ts":1785055516.0254662,"caller":"handlers/server.go:368","msg":"EPP received request","x-request-id":"c2d3e528-72e6-4060-a641-16003162b6fc"}
{"level":"info","ts":1785055516.0304444,"caller":"handlers/server.go:368","msg":"EPP received request","x-request-id":"49cece3f-d817-4e18-bcf3-b418604b9ff0"}
{"level":"info","ts":1785055516.0310245,"caller":"handlers/server.go:368","msg":"EPP received request","x-request-id":"84820f21-e054-49eb-96bc-d3349e56515f"}
{"level":"info","ts":1785055516.0362427,"caller":"handlers/server.go:626","msg":"EPP sent request body response(s) to proxy","x-request-id":"c0c363f9-af86-48d7-8b48-2cd7447f5ac5","modelName":"Qwen/Qwen3-VL-32B-Instruct","targetModelName":"Qwen/Qwen3-VL-32B-Instruct"}
{"level":"info","ts":1785055516.0402074,"caller":"handlers/server.go:626","msg":"EPP sent request body response(s) to proxy","x-request-id":"ab2e3878-6fdc-46c2-9194-3ce745d17937","modelName":"Qwen/Qwen3-VL-32B-Instruct","targetModelName":"Qwen/Qwen3-VL-32B-Instruct"}
{"level":"info","ts":1785055516.040686,"caller":"handlers/server.go:626","msg":"EPP sent request body response(s) to proxy","x-request-id":"27a6895d-0854-4b52-a72e-e8a0be6d37e0","modelName":"Qwen/Qwen3-VL-32B-Instruct","targetModelName":"Qwen/Qwen3-VL-32B-Instruct"}
{"level":"info","ts":1785055516.0518413,"caller":"handlers/server.go:368","msg":"EPP received request","x-request-id":"03a7953f-0365-4bdd-ad8a-d529d81cbe8e"}
{"level":"info","ts":1785055516.0645752,"caller":"handlers/server.go:368","msg":"EPP received request","x-request-id":"67bf41f6-5aa1-4ec4-b258-f809487b00cc"}
{"level":"info","ts":1785055516.0679955,"caller":"handlers/server.go:626","msg":"EPP sent request body response(s) to proxy","x-request-id":"84820f21-e054-49eb-96bc-d3349e56515f","modelName":"Qwen/Qwen3-VL-32B-Instruct","targetModelName":"Qwen/Qwen3-VL-32B-Instruct"}
{"level":"info","ts":1785055516.0692668,"caller":"handlers/server.go:626","msg":"EPP sent request body response(s) to proxy","x-request-id":"dac9eada-7b00-49cd-9d29-f8242d7a0e3b","modelName":"Qwen/Qwen3-VL-32B-Instruct","targetModelName":"Qwen/Qwen3-VL-32B-Instruct"}
{"level":"info","ts":1785055516.07285,"caller":"handlers/server.go:626","msg":"EPP sent request body response(s) to proxy","x-request-id":"cba1427a-279b-4cbd-99b7-d96e41a47497","modelName":"Qwen/Qwen3-VL-32B-Instruct","targetModelName":"Qwen/Qwen3-VL-32B-Instruct"}
{"level":"info","ts":1785055516.0761547,"caller":"handlers/server.go:626","msg":"EPP sent request body response(s) to proxy","x-request-id":"441af3ab-1593-470e-88e7-beed066d253e","modelName":"Qwen/Qwen3-VL-32B-Instruct","targetModelName":"Qwen/Qwen3-VL-32B-Instruct"}
{"level":"info","ts":1785055516.0779,"caller":"handlers/server.go:626","msg":"EPP sent request body response(s) to proxy","x-request-id":"b17be9df-cf5d-434a-986a-f8ec43ca0a84","modelName":"Qwen/Qwen3-VL-32B-Instruct","targetModelName":"Qwen/Qwen3-VL-32B-Instruct"}
{"level":"info","ts":1785055516.078496,"caller":"handlers/server.go:368","msg":"EPP received request","x-request-id":"be22b698-b513-4c67-b1dc-47f19bf59643"}
{"level":"info","ts":1785055516.0785818,"caller":"handlers/server.go:368","msg":"EPP received request","x-request-id":"c8025a99-eab3-40ee-9246-7c43832bd20d"}
{"level":"info","ts":1785055516.085315,"caller":"handlers/server.go:626","msg":"EPP sent request body response(s) to proxy","x-request-id":"6865578a-b0d3-4581-9e5c-276127cedb9d","modelName":"Qwen/Qwen3-VL-32B-Instruct","targetModelName":"Qwen/Qwen3-VL-32B-Instruct"}
{"level":"info","ts":1785055516.088272,"caller":"handlers/server.go:368","msg":"EPP received request","x-request-id":"f7a266ad-8563-4317-962f-bc220325dbd1"}
{"level":"info","ts":1785055516.1044047,"caller":"handlers/server.go:368","msg":"EPP received request","x-request-id":"fd15e424-ef66-496d-a0a8-8242334ef2b3"}
{"level":"info","ts":1785055516.1049573,"caller":"handlers/server.go:626","msg":"EPP sent request body response(s) to proxy","x-request-id":"2bc94f55-d9e1-41c3-b394-ae39d546e690","modelName":"Qwen/Qwen3-VL-32B-Instruct","targetModelName":"Qwen/Qwen3-VL-32B-Instruct"}
{"level":"info","ts":1785055516.1062195,"caller":"handlers/server.go:368","msg":"EPP received request","x-request-id":"fbff28e6-be2f-415d-ace2-5692ec64827e"}
{"level":"info","ts":1785055516.1130288,"caller":"handlers/server.go:368","msg":"EPP received request","x-request-id":"51f23085-19c5-4b5b-be77-3349d44fce6b"}
{"level":"info","ts":1785055516.1150298,"caller":"handlers/server.go:626","msg":"EPP sent request body response(s) to proxy","x-request-id":"be22b698-b513-4c67-b1dc-47f19bf59643","modelName":"Qwen/Qwen3-VL-32B-Instruct","targetModelName":"Qwen/Qwen3-VL-32B-Instruct"}
{"level":"info","ts":1785055516.126272,"caller":"handlers/server.go:368","msg":"EPP received request","x-request-id":"6113cc90-bcf3-41bf-8168-115fbe29e746"}
{"level":"info","ts":1785055516.128702,"caller":"handlers/server.go:368","msg":"EPP received request","x-request-id":"d1f47182-5aeb-4a16-9d22-80c736a94f4d"}
{"level":"info","ts":1785055516.1382937,"caller":"handlers/server.go:368","msg":"EPP received request","x-request-id":"1730c62d-ae19-49cf-a0d2-78f4260e5877"}
{"level":"info","ts":1785055516.1400523,"caller":"handlers/server.go:368","msg":"EPP received request","x-request-id":"fbfa7621-b88d-4559-b2c4-0e4c78bb3a75"}
{"level":"info","ts":1785055516.1408074,"caller":"handlers/server.go:626","msg":"EPP sent request body response(s) to proxy","x-request-id":"c2d3e528-72e6-4060-a641-16003162b6fc","modelName":"Qwen/Qwen3-VL-32B-Instruct","targetModelName":"Qwen/Qwen3-VL-32B-Instruct"}
{"level":"info","ts":1785055516.142063,"caller":"handlers/server.go:368","msg":"EPP received request","x-request-id":"8031bb3b-c588-4f1a-b4bf-7369bdaba773"}
{"level":"info","ts":1785055516.1425927,"caller":"handlers/server.go:626","msg":"EPP sent request body response(s) to proxy","x-request-id":"08446368-9437-4433-8edf-76f465abd6d5","modelName":"Qwen/Qwen3-VL-32B-Instruct","targetModelName":"Qwen/Qwen3-VL-32B-Instruct"}
{"level":"info","ts":1785055516.1435328,"caller":"handlers/server.go:626","msg":"EPP sent request body response(s) to proxy","x-request-id":"fbff28e6-be2f-415d-ace2-5692ec64827e","modelName":"Qwen/Qwen3-VL-32B-Instruct","targetModelName":"Qwen/Qwen3-VL-32B-Instruct"}
{"level":"info","ts":1785055516.162719,"caller":"handlers/server.go:368","msg":"EPP received request","x-request-id":"962ad4aa-c958-4b66-b02f-26910c623468"}
{"level":"info","ts":1785055516.1632998,"caller":"handlers/server.go:626","msg":"EPP sent request body response(s) to proxy","x-request-id":"ceafff15-c6d2-4366-829d-b13ed20ebf08","modelName":"Qwen/Qwen3-VL-32B-Instruct","targetModelName":"Qwen/Qwen3-VL-32B-Instruct"}
{"level":"info","ts":1785055516.1654663,"caller":"handlers/server.go:626","msg":"EPP sent request body response(s) to proxy","x-request-id":"67bf41f6-5aa1-4ec4-b258-f809487b00cc","modelName":"Qwen/Qwen3-VL-32B-Instruct","targetModelName":"Qwen/Qwen3-VL-32B-Instruct"}
{"level":"info","ts":1785055516.1788518,"caller":"handlers/server.go:626","msg":"EPP sent request body response(s) to proxy","x-request-id":"fd15e424-ef66-496d-a0a8-8242334ef2b3","modelName":"Qwen/Qwen3-VL-32B-Instruct","targetModelName":"Qwen/Qwen3-VL-32B-Instruct"}
{"level":"info","ts":1785055516.1800919,"caller":"handlers/server.go:626","msg":"EPP sent request body response(s) to proxy","x-request-id":"1730c62d-ae19-49cf-a0d2-78f4260e5877","modelName":"Qwen/Qwen3-VL-32B-Instruct","targetModelName":"Qwen/Qwen3-VL-32B-Instruct"}
{"level":"info","ts":1785055516.1811798,"caller":"handlers/server.go:626","msg":"EPP sent request body response(s) to proxy","x-request-id":"49cece3f-d817-4e18-bcf3-b418604b9ff0","modelName":"Qwen/Qwen3-VL-32B-Instruct","targetModelName":"Qwen/Qwen3-VL-32B-Instruct"}
{"level":"info","ts":1785055516.1860044,"caller":"handlers/server.go:626","msg":"EPP sent request body response(s) to proxy","x-request-id":"c8025a99-eab3-40ee-9246-7c43832bd20d","modelName":"Qwen/Qwen3-VL-32B-Instruct","targetModelName":"Qwen/Qwen3-VL-32B-Instruct"}
{"level":"info","ts":1785055516.189259,"caller":"handlers/server.go:626","msg":"EPP sent request body response(s) to proxy","x-request-id":"03a7953f-0365-4bdd-ad8a-d529d81cbe8e","modelName":"Qwen/Qwen3-VL-32B-Instruct","targetModelName":"Qwen/Qwen3-VL-32B-Instruct"}
{"level":"info","ts":1785055516.1907265,"caller":"handlers/server.go:368","msg":"EPP received request","x-request-id":"eb3f0a4a-8685-4b9f-a9ae-594d9881b31e"}
{"level":"info","ts":1785055516.1993642,"caller":"handlers/server.go:626","msg":"EPP sent request body response(s) to proxy","x-request-id":"6113cc90-bcf3-41bf-8168-115fbe29e746","modelName":"Qwen/Qwen3-VL-32B-Instruct","targetModelName":"Qwen/Qwen3-VL-32B-Instruct"}
{"level":"info","ts":1785055516.2209544,"caller":"handlers/server.go:368","msg":"EPP received request","x-request-id":"28ead407-9867-47a9-8498-1a1278645432"}
{"level":"info","ts":1785055516.2227767,"caller":"handlers/server.go:368","msg":"EPP received request","x-request-id":"1d85c6ae-9c1c-40f8-93ab-57ca69ef4781"}
{"level":"info","ts":1785055516.2291236,"caller":"handlers/server.go:626","msg":"EPP sent request body response(s) to proxy","x-request-id":"8031bb3b-c588-4f1a-b4bf-7369bdaba773","modelName":"Qwen/Qwen3-VL-32B-Instruct","targetModelName":"Qwen/Qwen3-VL-32B-Instruct"}
{"level":"info","ts":1785055516.2362406,"caller":"handlers/server.go:626","msg":"EPP sent request body response(s) to proxy","x-request-id":"962ad4aa-c958-4b66-b02f-26910c623468","modelName":"Qwen/Qwen3-VL-32B-Instruct","targetModelName":"Qwen/Qwen3-VL-32B-Instruct"}
{"level":"info","ts":1785055516.2503164,"caller":"handlers/server.go:368","msg":"EPP received request","x-request-id":"9e8666bf-6c75-4725-8188-e7e1f1e90da2"}
{"level":"info","ts":1785055516.2508144,"caller":"handlers/server.go:626","msg":"EPP sent request body response(s) to proxy","x-request-id":"eb3f0a4a-8685-4b9f-a9ae-594d9881b31e","modelName":"Qwen/Qwen3-VL-32B-Instruct","targetModelName":"Qwen/Qwen3-VL-32B-Instruct"}
{"level":"info","ts":1785055516.2603436,"caller":"handlers/server.go:368","msg":"EPP received request","x-request-id":"6d4cc143-15d5-4f62-873f-3d9bd3f0b0e4"}
{"level":"info","ts":1785055516.2642326,"caller":"handlers/server.go:626","msg":"EPP sent request body response(s) to proxy","x-request-id":"d1f47182-5aeb-4a16-9d22-80c736a94f4d","modelName":"Qwen/Qwen3-VL-32B-Instruct","targetModelName":"Qwen/Qwen3-VL-32B-Instruct"}
{"level":"info","ts":1785055516.265805,"caller":"handlers/server.go:368","msg":"EPP received request","x-request-id":"4c2ebff1-56fe-46c0-baf2-b9897f9fed0b"}
{"level":"info","ts":1785055516.2664442,"caller":"handlers/server.go:368","msg":"EPP received request","x-request-id":"eb22568f-d625-4bc9-ad35-78c47880460e"}
{"level":"info","ts":1785055516.270306,"caller":"handlers/server.go:368","msg":"EPP received request","x-request-id":"ba4fb42f-c455-467f-bde1-5a5ed9350964"}
{"level":"info","ts":1785055516.2754295,"caller":"handlers/server.go:626","msg":"EPP sent request body response(s) to proxy","x-request-id":"f7a266ad-8563-4317-962f-bc220325dbd1","modelName":"Qwen/Qwen3-VL-32B-Instruct","targetModelName":"Qwen/Qwen3-VL-32B-Instruct"}
{"level":"info","ts":1785055516.287788,"caller":"handlers/server.go:368","msg":"EPP received request","x-request-id":"1bbcbf6d-4dc0-44dd-a07c-df8d1c7d2af2"}
{"level":"info","ts":1785055516.2891672,"caller":"handlers/server.go:626","msg":"EPP sent request body response(s) to proxy","x-request-id":"fbfa7621-b88d-4559-b2c4-0e4c78bb3a75","modelName":"Qwen/Qwen3-VL-32B-Instruct","targetModelName":"Qwen/Qwen3-VL-32B-Instruct"}
{"level":"info","ts":1785055516.29113,"caller":"handlers/server.go:626","msg":"EPP sent request body response(s) to proxy","x-request-id":"51f23085-19c5-4b5b-be77-3349d44fce6b","modelName":"Qwen/Qwen3-VL-32B-Instruct","targetModelName":"Qwen/Qwen3-VL-32B-Instruct"}
{"level":"info","ts":1785055516.2981904,"caller":"handlers/server.go:368","msg":"EPP received request","x-request-id":"91cd7232-38ba-4d54-8fd4-f17579ba7368"}
{"level":"info","ts":1785055516.3061464,"caller":"handlers/server.go:368","msg":"EPP received request","x-request-id":"b84a141d-4bee-47a3-b225-ccde30ed877f"}
{"level":"info","ts":1785055516.315437,"caller":"handlers/server.go:368","msg":"EPP received request","x-request-id":"69ab659d-94b4-405e-98d7-ab48b0b0caae"}
{"level":"info","ts":1785055516.319048,"caller":"handlers/server.go:626","msg":"EPP sent request body response(s) to proxy","x-request-id":"eb22568f-d625-4bc9-ad35-78c47880460e","modelName":"Qwen/Qwen3-VL-32B-Instruct","targetModelName":"Qwen/Qwen3-VL-32B-Instruct"}
{"level":"info","ts":1785055516.322284,"caller":"handlers/server.go:368","msg":"EPP received request","x-request-id":"b64f8461-1398-44b8-b45e-14b4e8811964"}
{"level":"info","ts":1785055516.3318279,"caller":"handlers/server.go:368","msg":"EPP received request","x-request-id":"f960ab9c-c006-4dd3-b2d9-07b64f480aea"}
{"level":"info","ts":1785055516.3497634,"caller":"handlers/server.go:626","msg":"EPP sent request body response(s) to proxy","x-request-id":"1d85c6ae-9c1c-40f8-93ab-57ca69ef4781","modelName":"Qwen/Qwen3-VL-32B-Instruct","targetModelName":"Qwen/Qwen3-VL-32B-Instruct"}
{"level":"info","ts":1785055516.361401,"caller":"handlers/server.go:368","msg":"EPP received request","x-request-id":"bf29c8f6-1181-4ac4-9871-0bf39558cf11"}
{"level":"info","ts":1785055516.361635,"caller":"handlers/server.go:368","msg":"EPP received request","x-request-id":"d0ca363a-8a8c-4496-9956-0a93c1ce7f4c"}
{"level":"info","ts":1785055516.3657594,"caller":"handlers/server.go:368","msg":"EPP received request","x-request-id":"33d2f57d-a321-4d29-bd00-6968e565c68b"}
{"level":"info","ts":1785055516.3746967,"caller":"handlers/server.go:626","msg":"EPP sent request body response(s) to proxy","x-request-id":"1bbcbf6d-4dc0-44dd-a07c-df8d1c7d2af2","modelName":"Qwen/Qwen3-VL-32B-Instruct","targetModelName":"Qwen/Qwen3-VL-32B-Instruct"}
{"level":"info","ts":1785055516.3804631,"caller":"handlers/server.go:626","msg":"EPP sent request body response(s) to proxy","x-request-id":"ba4fb42f-c455-467f-bde1-5a5ed9350964","modelName":"Qwen/Qwen3-VL-32B-Instruct","targetModelName":"Qwen/Qwen3-VL-32B-Instruct"}
{"level":"info","ts":1785055516.3847654,"caller":"handlers/server.go:368","msg":"EPP received request","x-request-id":"37e97ea0-eca4-4871-857b-37397cbb8216"}
{"level":"info","ts":1785055516.3892014,"caller":"handlers/server.go:368","msg":"EPP received request","x-request-id":"6db7ab18-b588-4749-a939-ba4a5eebb201"}
{"level":"info","ts":1785055516.3917627,"caller":"handlers/server.go:368","msg":"EPP received request","x-request-id":"b9c4c016-9538-46e0-ac75-a2a8193b0c33"}
{"level":"info","ts":1785055516.3985682,"caller":"handlers/server.go:368","msg":"EPP received request","x-request-id":"3a682fa9-214f-42ba-84b7-2cb0d1822db2"}
{"level":"info","ts":1785055516.4018273,"caller":"handlers/server.go:626","msg":"EPP sent request body response(s) to proxy","x-request-id":"28ead407-9867-47a9-8498-1a1278645432","modelName":"Qwen/Qwen3-VL-32B-Instruct","targetModelName":"Qwen/Qwen3-VL-32B-Instruct"}
{"level":"info","ts":1785055516.4019277,"caller":"handlers/server.go:626","msg":"EPP sent request body response(s) to proxy","x-request-id":"69ab659d-94b4-405e-98d7-ab48b0b0caae","modelName":"Qwen/Qwen3-VL-32B-Instruct","targetModelName":"Qwen/Qwen3-VL-32B-Instruct"}
{"level":"info","ts":1785055516.4082875,"caller":"handlers/server.go:626","msg":"EPP sent request body response(s) to proxy","x-request-id":"9e8666bf-6c75-4725-8188-e7e1f1e90da2","modelName":"Qwen/Qwen3-VL-32B-Instruct","targetModelName":"Qwen/Qwen3-VL-32B-Instruct"}
{"level":"info","ts":1785055516.409796,"caller":"handlers/server.go:626","msg":"EPP sent request body response(s) to proxy","x-request-id":"4c2ebff1-56fe-46c0-baf2-b9897f9fed0b","modelName":"Qwen/Qwen3-VL-32B-Instruct","targetModelName":"Qwen/Qwen3-VL-32B-Instruct"}
{"level":"info","ts":1785055516.4177334,"caller":"handlers/server.go:368","msg":"EPP received request","x-request-id":"89e14f62-9496-4e35-ba20-04044c7c29f9"}
{"level":"info","ts":1785055516.42193,"caller":"handlers/server.go:626","msg":"EPP sent request body response(s) to proxy","x-request-id":"6d4cc143-15d5-4f62-873f-3d9bd3f0b0e4","modelName":"Qwen/Qwen3-VL-32B-Instruct","targetModelName":"Qwen/Qwen3-VL-32B-Instruct"}
{"level":"info","ts":1785055516.4222097,"caller":"handlers/server.go:626","msg":"EPP sent request body response(s) to proxy","x-request-id":"b64f8461-1398-44b8-b45e-14b4e8811964","modelName":"Qwen/Qwen3-VL-32B-Instruct","targetModelName":"Qwen/Qwen3-VL-32B-Instruct"}
{"level":"info","ts":1785055516.4241612,"caller":"handlers/server.go:368","msg":"EPP received request","x-request-id":"cc7d255a-ae07-4cdf-bde3-10bc0a2c9918"}
{"level":"info","ts":1785055516.4412212,"caller":"handlers/server.go:368","msg":"EPP received request","x-request-id":"5fc8addd-c052-46ec-af02-2251cc4a16f0"}
{"level":"info","ts":1785055516.453112,"caller":"handlers/server.go:626","msg":"EPP sent request body response(s) to proxy","x-request-id":"d0ca363a-8a8c-4496-9956-0a93c1ce7f4c","modelName":"Qwen/Qwen3-VL-32B-Instruct","targetModelName":"Qwen/Qwen3-VL-32B-Instruct"}
{"level":"info","ts":1785055516.4561021,"caller":"handlers/server.go:626","msg":"EPP sent request body response(s) to proxy","x-request-id":"89e14f62-9496-4e35-ba20-04044c7c29f9","modelName":"Qwen/Qwen3-VL-32B-Instruct","targetModelName":"Qwen/Qwen3-VL-32B-Instruct"}
{"level":"info","ts":1785055516.4607224,"caller":"handlers/server.go:626","msg":"EPP sent request body response(s) to proxy","x-request-id":"bf29c8f6-1181-4ac4-9871-0bf39558cf11","modelName":"Qwen/Qwen3-VL-32B-Instruct","targetModelName":"Qwen/Qwen3-VL-32B-Instruct"}
{"level":"info","ts":1785055516.4625971,"caller":"handlers/server.go:626","msg":"EPP sent request body response(s) to proxy","x-request-id":"6db7ab18-b588-4749-a939-ba4a5eebb201","modelName":"Qwen/Qwen3-VL-32B-Instruct","targetModelName":"Qwen/Qwen3-VL-32B-Instruct"}
{"level":"info","ts":1785055516.4636397,"caller":"handlers/server.go:626","msg":"EPP sent request body response(s) to proxy","x-request-id":"b9c4c016-9538-46e0-ac75-a2a8193b0c33","modelName":"Qwen/Qwen3-VL-32B-Instruct","targetModelName":"Qwen/Qwen3-VL-32B-Instruct"}
{"level":"info","ts":1785055516.468015,"caller":"handlers/server.go:368","msg":"EPP received request","x-request-id":"01d85314-e1d4-460c-b6de-d327ef77aaf3"}
{"level":"info","ts":1785055516.4856186,"caller":"handlers/server.go:368","msg":"EPP received request","x-request-id":"4f37ce89-1f66-4741-8c3d-471dfc195f3a"}
{"level":"info","ts":1785055516.4858422,"caller":"handlers/server.go:368","msg":"EPP received request","x-request-id":"e3b63095-275c-4da6-ab65-98124ab91a5a"}
{"level":"info","ts":1785055516.48629,"caller":"handlers/server.go:626","msg":"EPP sent request body response(s) to proxy","x-request-id":"b84a141d-4bee-47a3-b225-ccde30ed877f","modelName":"Qwen/Qwen3-VL-32B-Instruct","targetModelName":"Qwen/Qwen3-VL-32B-Instruct"}
{"level":"info","ts":1785055516.4877255,"caller":"handlers/server.go:626","msg":"EPP sent request body response(s) to proxy","x-request-id":"91cd7232-38ba-4d54-8fd4-f17579ba7368","modelName":"Qwen/Qwen3-VL-32B-Instruct","targetModelName":"Qwen/Qwen3-VL-32B-Instruct"}
{"level":"info","ts":1785055516.4887285,"caller":"handlers/server.go:368","msg":"EPP received request","x-request-id":"cacd630b-544c-47c8-b340-2e3bd54896aa"}
{"level":"info","ts":1785055516.4967678,"caller":"handlers/server.go:626","msg":"EPP sent request body response(s) to proxy","x-request-id":"f960ab9c-c006-4dd3-b2d9-07b64f480aea","modelName":"Qwen/Qwen3-VL-32B-Instruct","targetModelName":"Qwen/Qwen3-VL-32B-Instruct"}
{"level":"info","ts":1785055516.4971356,"caller":"handlers/server.go:368","msg":"EPP received request","x-request-id":"e8982255-4543-40bc-af69-c65ff1f54e9e"}
{"level":"info","ts":1785055516.5116498,"caller":"handlers/server.go:368","msg":"EPP received request","x-request-id":"8ab43a18-1d01-40b3-aa0f-757fed951c84"}
{"level":"info","ts":1785055516.5213783,"caller":"handlers/server.go:626","msg":"EPP sent request body response(s) to proxy","x-request-id":"4f37ce89-1f66-4741-8c3d-471dfc195f3a","modelName":"Qwen/Qwen3-VL-32B-Instruct","targetModelName":"Qwen/Qwen3-VL-32B-Instruct"}
{"level":"info","ts":1785055516.530643,"caller":"handlers/server.go:626","msg":"EPP sent request body response(s) to proxy","x-request-id":"33d2f57d-a321-4d29-bd00-6968e565c68b","modelName":"Qwen/Qwen3-VL-32B-Instruct","targetModelName":"Qwen/Qwen3-VL-32B-Instruct"}
{"level":"info","ts":1785055516.537668,"caller":"handlers/server.go:368","msg":"EPP received request","x-request-id":"b4577f38-c56f-45fe-be54-35992427f1f1"}
{"level":"info","ts":1785055516.5391884,"caller":"handlers/server.go:626","msg":"EPP sent request body response(s) to proxy","x-request-id":"01d85314-e1d4-460c-b6de-d327ef77aaf3","modelName":"Qwen/Qwen3-VL-32B-Instruct","targetModelName":"Qwen/Qwen3-VL-32B-Instruct"}
{"level":"info","ts":1785055516.5394518,"caller":"handlers/server.go:626","msg":"EPP sent request body response(s) to proxy","x-request-id":"3a682fa9-214f-42ba-84b7-2cb0d1822db2","modelName":"Qwen/Qwen3-VL-32B-Instruct","targetModelName":"Qwen/Qwen3-VL-32B-Instruct"}
{"level":"info","ts":1785055516.5490952,"caller":"handlers/server.go:368","msg":"EPP received request","x-request-id":"9baf6360-38ca-4a4f-bee1-f1d25d5ce710"}
{"level":"info","ts":1785055516.549384,"caller":"handlers/server.go:368","msg":"EPP received request","x-request-id":"8d802bf1-b731-4ca9-b073-285b5cafc242"}
{"level":"info","ts":1785055516.5566547,"caller":"handlers/server.go:626","msg":"EPP sent request body response(s) to proxy","x-request-id":"cc7d255a-ae07-4cdf-bde3-10bc0a2c9918","modelName":"Qwen/Qwen3-VL-32B-Instruct","targetModelName":"Qwen/Qwen3-VL-32B-Instruct"}
{"level":"info","ts":1785055516.561734,"caller":"handlers/server.go:626","msg":"EPP sent request body response(s) to proxy","x-request-id":"e8982255-4543-40bc-af69-c65ff1f54e9e","modelName":"Qwen/Qwen3-VL-32B-Instruct","targetModelName":"Qwen/Qwen3-VL-32B-Instruct"}
{"level":"info","ts":1785055516.5665052,"caller":"handlers/server.go:368","msg":"EPP received request","x-request-id":"33275778-d12a-4ede-91e7-a53585ca6be6"}
{"level":"info","ts":1785055516.5668826,"caller":"handlers/server.go:368","msg":"EPP received request","x-request-id":"aec06c7c-7251-4265-8aca-95ac542af002"}
{"level":"info","ts":1785055516.5811808,"caller":"handlers/server.go:368","msg":"EPP received request","x-request-id":"28aa4b10-c738-4852-b13a-eeb38d5d76ee"}
{"level":"info","ts":1785055516.5814636,"caller":"handlers/server.go:368","msg":"EPP received request","x-request-id":"f42e0f29-7fd6-4551-8f57-94fc33050cb3"}
{"level":"info","ts":1785055516.582898,"caller":"handlers/server.go:626","msg":"EPP sent request body response(s) to proxy","x-request-id":"37e97ea0-eca4-4871-857b-37397cbb8216","modelName":"Qwen/Qwen3-VL-32B-Instruct","targetModelName":"Qwen/Qwen3-VL-32B-Instruct"}
{"level":"info","ts":1785055516.5886908,"caller":"handlers/server.go:626","msg":"EPP sent request body response(s) to proxy","x-request-id":"5fc8addd-c052-46ec-af02-2251cc4a16f0","modelName":"Qwen/Qwen3-VL-32B-Instruct","targetModelName":"Qwen/Qwen3-VL-32B-Instruct"}
{"level":"info","ts":1785055516.5969691,"caller":"handlers/server.go:368","msg":"EPP received request","x-request-id":"e6120616-e2bb-4e3f-89d0-ac97819e1289"}
{"level":"info","ts":1785055516.5972927,"caller":"handlers/server.go:368","msg":"EPP received request","x-request-id":"b2edaa03-e461-9739-b6b2-9cd48c4c4d59"}
{"level":"info","ts":1785055516.599384,"caller":"handlers/server.go:626","msg":"EPP sent request body response(s) to proxy","x-request-id":"9baf6360-38ca-4a4f-bee1-f1d25d5ce710","modelName":"Qwen/Qwen3-VL-32B-Instruct","targetModelName":"Qwen/Qwen3-VL-32B-Instruct"}
{"level":"info","ts":1785055516.605783,"caller":"handlers/server.go:368","msg":"EPP received request","x-request-id":"c7e0a3d8-d779-4a4c-80de-96241197071e"}
{"level":"info","ts":1785055516.6069248,"caller":"handlers/server.go:626","msg":"EPP sent request body response(s) to proxy","x-request-id":"aec06c7c-7251-4265-8aca-95ac542af002","modelName":"Qwen/Qwen3-VL-32B-Instruct","targetModelName":"Qwen/Qwen3-VL-32B-Instruct"}
{"level":"info","ts":1785055516.6157067,"caller":"handlers/server.go:626","msg":"EPP sent request body response(s) to proxy","x-request-id":"28aa4b10-c738-4852-b13a-eeb38d5d76ee","modelName":"Qwen/Qwen3-VL-32B-Instruct","targetModelName":"Qwen/Qwen3-VL-32B-Instruct"}
{"level":"info","ts":1785055516.618322,"caller":"handlers/server.go:626","msg":"EPP sent request body response(s) to proxy","x-request-id":"f42e0f29-7fd6-4551-8f57-94fc33050cb3","modelName":"Qwen/Qwen3-VL-32B-Instruct","targetModelName":"Qwen/Qwen3-VL-32B-Instruct"}
{"level":"info","ts":1785055516.631808,"caller":"handlers/server.go:368","msg":"EPP received request","x-request-id":"f6d869d0-5769-4dc4-8121-b38f462ccbcb"}
{"level":"info","ts":1785055516.6320608,"caller":"handlers/server.go:368","msg":"EPP received request","x-request-id":"2b35c2d8-a744-4a13-b456-92d03121af7d"}
{"level":"info","ts":1785055516.6349363,"caller":"handlers/server.go:368","msg":"EPP received request","x-request-id":"b09cf570-dce5-4bb8-9bf0-7c13be8d42c9"}
{"level":"info","ts":1785055516.6375747,"caller":"handlers/server.go:626","msg":"EPP sent request body response(s) to proxy","x-request-id":"b2edaa03-e461-9739-b6b2-9cd48c4c4d59","modelName":"Qwen/Qwen3-VL-32B-Instruct","targetModelName":"Qwen/Qwen3-VL-32B-Instruct"}
{"level":"info","ts":1785055516.6501105,"caller":"handlers/server.go:368","msg":"EPP received request","x-request-id":"49ab0c5a-b7bf-4f37-9183-8ddad0040459"}
{"level":"info","ts":1785055516.6625564,"caller":"handlers/server.go:626","msg":"EPP sent request body response(s) to proxy","x-request-id":"e3b63095-275c-4da6-ab65-98124ab91a5a","modelName":"Qwen/Qwen3-VL-32B-Instruct","targetModelName":"Qwen/Qwen3-VL-32B-Instruct"}
{"level":"info","ts":1785055516.66458,"caller":"handlers/server.go:368","msg":"EPP received request","x-request-id":"15aebb3a-4148-4797-98b8-75404a85fa96"}
{"level":"info","ts":1785055516.664897,"caller":"handlers/server.go:368","msg":"EPP received request","x-request-id":"3af8e5a3-3ad0-4e70-986e-2d356b0b4710"}
{"level":"info","ts":1785055516.668781,"caller":"handlers/server.go:626","msg":"EPP sent request body response(s) to proxy","x-request-id":"cacd630b-544c-47c8-b340-2e3bd54896aa","modelName":"Qwen/Qwen3-VL-32B-Instruct","targetModelName":"Qwen/Qwen3-VL-32B-Instruct"}
{"level":"info","ts":1785055516.6789782,"caller":"handlers/server.go:626","msg":"EPP sent request body response(s) to proxy","x-request-id":"2b35c2d8-a744-4a13-b456-92d03121af7d","modelName":"Qwen/Qwen3-VL-32B-Instruct","targetModelName":"Qwen/Qwen3-VL-32B-Instruct"}
{"level":"info","ts":1785055516.6882062,"caller":"handlers/server.go:626","msg":"EPP sent request body response(s) to proxy","x-request-id":"8ab43a18-1d01-40b3-aa0f-757fed951c84","modelName":"Qwen/Qwen3-VL-32B-Instruct","targetModelName":"Qwen/Qwen3-VL-32B-Instruct"}
{"level":"info","ts":1785055516.7024198,"caller":"handlers/server.go:626","msg":"EPP sent request body response(s) to proxy","x-request-id":"33275778-d12a-4ede-91e7-a53585ca6be6","modelName":"Qwen/Qwen3-VL-32B-Instruct","targetModelName":"Qwen/Qwen3-VL-32B-Instruct"}
{"level":"info","ts":1785055516.703577,"caller":"handlers/server.go:626","msg":"EPP sent request body response(s) to proxy","x-request-id":"15aebb3a-4148-4797-98b8-75404a85fa96","modelName":"Qwen/Qwen3-VL-32B-Instruct","targetModelName":"Qwen/Qwen3-VL-32B-Instruct"}
{"level":"info","ts":1785055516.7198706,"caller":"handlers/server.go:626","msg":"EPP sent request body response(s) to proxy","x-request-id":"8d802bf1-b731-4ca9-b073-285b5cafc242","modelName":"Qwen/Qwen3-VL-32B-Instruct","targetModelName":"Qwen/Qwen3-VL-32B-Instruct"}
{"level":"info","ts":1785055516.7215824,"caller":"handlers/server.go:368","msg":"EPP received request","x-request-id":"1cdf3ab4-ceaf-4310-af4b-9df8fb53b321"}
{"level":"info","ts":1785055516.7220597,"caller":"handlers/server.go:368","msg":"EPP received request","x-request-id":"8f2de8d0-f3be-41d2-89f6-e4b9d5c0aa2b"}
{"level":"info","ts":1785055516.7220829,"caller":"handlers/server.go:368","msg":"EPP received request","x-request-id":"698ea949-ba00-473b-a582-0a3506df8539"}
{"level":"info","ts":1785055516.7224324,"caller":"handlers/server.go:368","msg":"EPP received request","x-request-id":"395354eb-c125-4863-82de-2ea86178821e"}
{"level":"info","ts":1785055516.722639,"caller":"handlers/server.go:368","msg":"EPP received request","x-request-id":"2507e896-b371-4e65-b22f-4f10af05eaeb"}
{"level":"info","ts":1785055516.736734,"caller":"handlers/server.go:626","msg":"EPP sent request body response(s) to proxy","x-request-id":"b4577f38-c56f-45fe-be54-35992427f1f1","modelName":"Qwen/Qwen3-VL-32B-Instruct","targetModelName":"Qwen/Qwen3-VL-32B-Instruct"}
{"level":"info","ts":1785055516.7562969,"caller":"handlers/server.go:626","msg":"EPP sent request body response(s) to proxy","x-request-id":"49ab0c5a-b7bf-4f37-9183-8ddad0040459","modelName":"Qwen/Qwen3-VL-32B-Instruct","targetModelName":"Qwen/Qwen3-VL-32B-Instruct"}
{"level":"info","ts":1785055516.7593787,"caller":"handlers/server.go:368","msg":"EPP received request","x-request-id":"32446d0e-9632-49a4-b248-5f0389c1349c"}
{"level":"info","ts":1785055516.7600305,"caller":"handlers/server.go:368","msg":"EPP received request","x-request-id":"b8562c6f-b4b2-42d3-b7c3-8c6ff4d33af2"}
{"level":"info","ts":1785055516.760069,"caller":"handlers/server.go:368","msg":"EPP received request","x-request-id":"f6d72c23-8ef5-4934-9fb1-e3e74b3d2f65"}
{"level":"info","ts":1785055516.7600942,"caller":"handlers/server.go:368","msg":"EPP received request","x-request-id":"25598a01-0cba-4c11-9a33-45bcc1d65a07"}
{"level":"info","ts":1785055516.7601135,"caller":"handlers/server.go:368","msg":"EPP received request","x-request-id":"c43112a3-bf66-4e4c-8a46-f950632b111b"}
{"level":"info","ts":1785055516.7754133,"caller":"handlers/server.go:368","msg":"EPP received request","x-request-id":"ecd96c9c-874c-4b34-928e-5ed8ebd71638"}
{"level":"info","ts":1785055516.7781117,"caller":"handlers/server.go:626","msg":"EPP sent request body response(s) to proxy","x-request-id":"2507e896-b371-4e65-b22f-4f10af05eaeb","modelName":"Qwen/Qwen3-VL-32B-Instruct","targetModelName":"Qwen/Qwen3-VL-32B-Instruct"}
{"level":"info","ts":1785055516.7850392,"caller":"handlers/server.go:626","msg":"EPP sent request body response(s) to proxy","x-request-id":"1cdf3ab4-ceaf-4310-af4b-9df8fb53b321","modelName":"Qwen/Qwen3-VL-32B-Instruct","targetModelName":"Qwen/Qwen3-VL-32B-Instruct"}
{"level":"info","ts":1785055516.7861824,"caller":"handlers/server.go:368","msg":"EPP received request","x-request-id":"17ff4047-e9cc-4e15-a110-bdfb77e64bcb"}
{"level":"info","ts":1785055516.7898638,"caller":"handlers/server.go:626","msg":"EPP sent request body response(s) to proxy","x-request-id":"3af8e5a3-3ad0-4e70-986e-2d356b0b4710","modelName":"Qwen/Qwen3-VL-32B-Instruct","targetModelName":"Qwen/Qwen3-VL-32B-Instruct"}
{"level":"info","ts":1785055516.7922442,"caller":"handlers/server.go:626","msg":"EPP sent request body response(s) to proxy","x-request-id":"c7e0a3d8-d779-4a4c-80de-96241197071e","modelName":"Qwen/Qwen3-VL-32B-Instruct","targetModelName":"Qwen/Qwen3-VL-32B-Instruct"}
{"level":"info","ts":1785055516.8133004,"caller":"handlers/server.go:626","msg":"EPP sent request body response(s) to proxy","x-request-id":"32446d0e-9632-49a4-b248-5f0389c1349c","modelName":"Qwen/Qwen3-VL-32B-Instruct","targetModelName":"Qwen/Qwen3-VL-32B-Instruct"}
{"level":"info","ts":1785055516.8161755,"caller":"handlers/server.go:626","msg":"EPP sent request body response(s) to proxy","x-request-id":"e6120616-e2bb-4e3f-89d0-ac97819e1289","modelName":"Qwen/Qwen3-VL-32B-Instruct","targetModelName":"Qwen/Qwen3-VL-32B-Instruct"}
{"level":"info","ts":1785055516.8171036,"caller":"handlers/server.go:626","msg":"EPP sent request body response(s) to proxy","x-request-id":"b09cf570-dce5-4bb8-9bf0-7c13be8d42c9","modelName":"Qwen/Qwen3-VL-32B-Instruct","targetModelName":"Qwen/Qwen3-VL-32B-Instruct"}
{"level":"info","ts":1785055516.8260214,"caller":"handlers/server.go:626","msg":"EPP sent request body response(s) to proxy","x-request-id":"f6d869d0-5769-4dc4-8121-b38f462ccbcb","modelName":"Qwen/Qwen3-VL-32B-Instruct","targetModelName":"Qwen/Qwen3-VL-32B-Instruct"}
{"level":"info","ts":1785055516.832868,"caller":"handlers/server.go:368","msg":"EPP received request","x-request-id":"958c1de4-ef8f-4604-9fca-ba846e90d77f"}
{"level":"info","ts":1785055516.833059,"caller":"handlers/server.go:368","msg":"EPP received request","x-request-id":"2bb2a590-f4fc-4b8c-beb9-e31b187e2d1c"}
{"level":"info","ts":1785055516.8330925,"caller":"handlers/server.go:368","msg":"EPP received request","x-request-id":"7d63a846-8248-4bf5-8866-dacb4a1e7a67"}
{"level":"info","ts":1785055516.8332102,"caller":"handlers/server.go:368","msg":"EPP received request","x-request-id":"4d2d9d90-b2a1-4b67-83c0-1cdb90bc1a6d"}
{"level":"info","ts":1785055516.8374877,"caller":"handlers/server.go:626","msg":"EPP sent request body response(s) to proxy","x-request-id":"c43112a3-bf66-4e4c-8a46-f950632b111b","modelName":"Qwen/Qwen3-VL-32B-Instruct","targetModelName":"Qwen/Qwen3-VL-32B-Instruct"}
{"level":"info","ts":1785055516.8452594,"caller":"handlers/server.go:626","msg":"EPP sent request body response(s) to proxy","x-request-id":"b8562c6f-b4b2-42d3-b7c3-8c6ff4d33af2","modelName":"Qwen/Qwen3-VL-32B-Instruct","targetModelName":"Qwen/Qwen3-VL-32B-Instruct"}
{"level":"info","ts":1785055516.847259,"caller":"handlers/server.go:626","msg":"EPP sent request body response(s) to proxy","x-request-id":"698ea949-ba00-473b-a582-0a3506df8539","modelName":"Qwen/Qwen3-VL-32B-Instruct","targetModelName":"Qwen/Qwen3-VL-32B-Instruct"}
{"level":"info","ts":1785055516.8499646,"caller":"handlers/server.go:626","msg":"EPP sent request body response(s) to proxy","x-request-id":"25598a01-0cba-4c11-9a33-45bcc1d65a07","modelName":"Qwen/Qwen3-VL-32B-Instruct","targetModelName":"Qwen/Qwen3-VL-32B-Instruct"}
{"level":"info","ts":1785055516.8513591,"caller":"handlers/server.go:368","msg":"EPP received request","x-request-id":"afa07ace-c311-4562-8639-b561128905c9"}
{"level":"info","ts":1785055516.8515246,"caller":"handlers/server.go:368","msg":"EPP received request","x-request-id":"9eb177d3-f758-481d-8b04-daf7e05f8dfe"}
{"level":"info","ts":1785055516.852017,"caller":"handlers/server.go:368","msg":"EPP received request","x-request-id":"85d584e4-da38-4277-8cd1-605805e9735e"}
{"level":"info","ts":1785055516.8538926,"caller":"handlers/server.go:626","msg":"EPP sent request body response(s) to proxy","x-request-id":"8f2de8d0-f3be-41d2-89f6-e4b9d5c0aa2b","modelName":"Qwen/Qwen3-VL-32B-Instruct","targetModelName":"Qwen/Qwen3-VL-32B-Instruct"}
{"level":"info","ts":1785055516.8553774,"caller":"handlers/server.go:626","msg":"EPP sent request body response(s) to proxy","x-request-id":"395354eb-c125-4863-82de-2ea86178821e","modelName":"Qwen/Qwen3-VL-32B-Instruct","targetModelName":"Qwen/Qwen3-VL-32B-Instruct"}
{"level":"info","ts":1785055516.869732,"caller":"handlers/server.go:626","msg":"EPP sent request body response(s) to proxy","x-request-id":"958c1de4-ef8f-4604-9fca-ba846e90d77f","modelName":"Qwen/Qwen3-VL-32B-Instruct","targetModelName":"Qwen/Qwen3-VL-32B-Instruct"}
{"level":"info","ts":1785055516.8857586,"caller":"handlers/server.go:654","msg":"EPP sent response body back to proxy","x-request-id":"4db817df-6ac4-4ffa-9005-2048860f8f28"}
{"level":"info","ts":1785055516.8935404,"caller":"handlers/server.go:626","msg":"EPP sent request body response(s) to proxy","x-request-id":"85d584e4-da38-4277-8cd1-605805e9735e","modelName":"Qwen/Qwen3-VL-32B-Instruct","targetModelName":"Qwen/Qwen3-VL-32B-Instruct"}
{"level":"info","ts":1785055516.9181175,"caller":"handlers/server.go:626","msg":"EPP sent request body response(s) to proxy","x-request-id":"ecd96c9c-874c-4b34-928e-5ed8ebd71638","modelName":"Qwen/Qwen3-VL-32B-Instruct","targetModelName":"Qwen/Qwen3-VL-32B-Instruct"}
{"level":"info","ts":1785055516.9200106,"caller":"handlers/server.go:368","msg":"EPP received request","x-request-id":"557bcb38-d5fc-46de-91dd-9979a18a9771"}
{"level":"info","ts":1785055516.9201918,"caller":"handlers/server.go:368","msg":"EPP received request","x-request-id":"1f1a5603-bf53-4927-bd16-499f90394787"}
{"level":"info","ts":1785055516.9202595,"caller":"handlers/server.go:368","msg":"EPP received request","x-request-id":"ecaff1d6-7236-436f-90f9-6e5eaf01264b"}
{"level":"info","ts":1785055516.9206648,"caller":"handlers/server.go:368","msg":"EPP received request","x-request-id":"22a4d297-6dd7-4a32-950c-48e03e96983e"}
{"level":"info","ts":1785055516.9211009,"caller":"handlers/server.go:368","msg":"EPP received request","x-request-id":"f22123f5-1329-41ae-9ee8-b68f11095180"}
{"level":"info","ts":1785055516.923198,"caller":"handlers/server.go:368","msg":"EPP received request","x-request-id":"f67a0d94-8fbe-4892-a4d8-3f3de30f2e81"}
{"level":"info","ts":1785055516.9252687,"caller":"handlers/server.go:626","msg":"EPP sent request body response(s) to proxy","x-request-id":"17ff4047-e9cc-4e15-a110-bdfb77e64bcb","modelName":"Qwen/Qwen3-VL-32B-Instruct","targetModelName":"Qwen/Qwen3-VL-32B-Instruct"}
{"level":"info","ts":1785055516.936318,"caller":"handlers/server.go:368","msg":"EPP received request","x-request-id":"0e4ae35e-bd2b-46f8-a0ce-3ce294dd474e"}
{"level":"info","ts":1785055516.936393,"caller":"handlers/server.go:368","msg":"EPP received request","x-request-id":"b6c156dd-1f98-45bf-a6c4-f32b5cdbdd2a"}
{"level":"info","ts":1785055516.9374964,"caller":"handlers/server.go:368","msg":"EPP received request","x-request-id":"3a5c6496-c7f1-417e-a00b-b3636de0dc38"}
{"level":"info","ts":1785055516.9477017,"caller":"handlers/server.go:626","msg":"EPP sent request body response(s) to proxy","x-request-id":"7d63a846-8248-4bf5-8866-dacb4a1e7a67","modelName":"Qwen/Qwen3-VL-32B-Instruct","targetModelName":"Qwen/Qwen3-VL-32B-Instruct"}
{"level":"info","ts":1785055516.948151,"caller":"handlers/server.go:626","msg":"EPP sent request body response(s) to proxy","x-request-id":"2bb2a590-f4fc-4b8c-beb9-e31b187e2d1c","modelName":"Qwen/Qwen3-VL-32B-Instruct","targetModelName":"Qwen/Qwen3-VL-32B-Instruct"}
{"level":"info","ts":1785055516.955522,"caller":"handlers/server.go:626","msg":"EPP sent request body response(s) to proxy","x-request-id":"f6d72c23-8ef5-4934-9fb1-e3e74b3d2f65","modelName":"Qwen/Qwen3-VL-32B-Instruct","targetModelName":"Qwen/Qwen3-VL-32B-Instruct"}
{"level":"info","ts":1785055516.9574177,"caller":"handlers/server.go:368","msg":"EPP received request","x-request-id":"28441641-48e5-456d-be0f-270ab015621f"}
{"level":"info","ts":1785055516.9577844,"caller":"handlers/server.go:368","msg":"EPP received request","x-request-id":"7be2f322-8cbf-4676-94e0-edaf4812d32f"}
{"level":"info","ts":1785055516.9601686,"caller":"handlers/server.go:626","msg":"EPP sent request body response(s) to proxy","x-request-id":"557bcb38-d5fc-46de-91dd-9979a18a9771","modelName":"Qwen/Qwen3-VL-32B-Instruct","targetModelName":"Qwen/Qwen3-VL-32B-Instruct"}
{"level":"info","ts":1785055516.962582,"caller":"handlers/server.go:626","msg":"EPP sent request body response(s) to proxy","x-request-id":"afa07ace-c311-4562-8639-b561128905c9","modelName":"Qwen/Qwen3-VL-32B-Instruct","targetModelName":"Qwen/Qwen3-VL-32B-Instruct"}
{"level":"info","ts":1785055516.9790366,"caller":"handlers/server.go:368","msg":"EPP received request","x-request-id":"6cf4b3fe-5a6c-4119-a2ce-f3fb7b427ffe"}
{"level":"info","ts":1785055517.0011141,"caller":"handlers/server.go:368","msg":"EPP received request","x-request-id":"1e514e01-f93a-4215-b370-11852b71919d"}
{"level":"info","ts":1785055517.012286,"caller":"handlers/server.go:368","msg":"EPP received request","x-request-id":"6c9ffe92-61ae-4aba-9594-7355d84d22e6"}
{"level":"info","ts":1785055517.0126781,"caller":"handlers/server.go:626","msg":"EPP sent request body response(s) to proxy","x-request-id":"9eb177d3-f758-481d-8b04-daf7e05f8dfe","modelName":"Qwen/Qwen3-VL-32B-Instruct","targetModelName":"Qwen/Qwen3-VL-32B-Instruct"}
{"level":"info","ts":1785055517.016227,"caller":"handlers/server.go:626","msg":"EPP sent request body response(s) to proxy","x-request-id":"ecaff1d6-7236-436f-90f9-6e5eaf01264b","modelName":"Qwen/Qwen3-VL-32B-Instruct","targetModelName":"Qwen/Qwen3-VL-32B-Instruct"}
{"level":"info","ts":1785055517.0179713,"caller":"handlers/server.go:626","msg":"EPP sent request body response(s) to proxy","x-request-id":"7be2f322-8cbf-4676-94e0-edaf4812d32f","modelName":"Qwen/Qwen3-VL-32B-Instruct","targetModelName":"Qwen/Qwen3-VL-32B-Instruct"}
{"level":"info","ts":1785055517.0238068,"caller":"handlers/server.go:368","msg":"EPP received request","x-request-id":"4473ac41-87dd-44b6-80d7-39185f4c9211"}
{"level":"info","ts":1785055517.0315845,"caller":"handlers/server.go:626","msg":"EPP sent request body response(s) to proxy","x-request-id":"0e4ae35e-bd2b-46f8-a0ce-3ce294dd474e","modelName":"Qwen/Qwen3-VL-32B-Instruct","targetModelName":"Qwen/Qwen3-VL-32B-Instruct"}
{"level":"info","ts":1785055517.0328083,"caller":"handlers/server.go:626","msg":"EPP sent request body response(s) to proxy","x-request-id":"4d2d9d90-b2a1-4b67-83c0-1cdb90bc1a6d","modelName":"Qwen/Qwen3-VL-32B-Instruct","targetModelName":"Qwen/Qwen3-VL-32B-Instruct"}
{"level":"info","ts":1785055517.0361955,"caller":"handlers/server.go:626","msg":"EPP sent request body response(s) to proxy","x-request-id":"3a5c6496-c7f1-417e-a00b-b3636de0dc38","modelName":"Qwen/Qwen3-VL-32B-Instruct","targetModelName":"Qwen/Qwen3-VL-32B-Instruct"}
{"level":"info","ts":1785055517.0463467,"caller":"handlers/server.go:626","msg":"EPP sent request body response(s) to proxy","x-request-id":"f67a0d94-8fbe-4892-a4d8-3f3de30f2e81","modelName":"Qwen/Qwen3-VL-32B-Instruct","targetModelName":"Qwen/Qwen3-VL-32B-Instruct"}
{"level":"info","ts":1785055517.0494556,"caller":"handlers/server.go:626","msg":"EPP sent request body response(s) to proxy","x-request-id":"1f1a5603-bf53-4927-bd16-499f90394787","modelName":"Qwen/Qwen3-VL-32B-Instruct","targetModelName":"Qwen/Qwen3-VL-32B-Instruct"}
{"level":"info","ts":1785055517.0557764,"caller":"handlers/server.go:368","msg":"EPP received request","x-request-id":"6ad4e4e8-1974-4d9d-ac67-6745eaa543c7"}
{"level":"info","ts":1785055517.0842738,"caller":"handlers/server.go:626","msg":"EPP sent request body response(s) to proxy","x-request-id":"22a4d297-6dd7-4a32-950c-48e03e96983e","modelName":"Qwen/Qwen3-VL-32B-Instruct","targetModelName":"Qwen/Qwen3-VL-32B-Instruct"}
{"level":"info","ts":1785055517.0937028,"caller":"handlers/server.go:626","msg":"EPP sent request body response(s) to proxy","x-request-id":"6cf4b3fe-5a6c-4119-a2ce-f3fb7b427ffe","modelName":"Qwen/Qwen3-VL-32B-Instruct","targetModelName":"Qwen/Qwen3-VL-32B-Instruct"}
{"level":"info","ts":1785055517.1191902,"caller":"handlers/server.go:626","msg":"EPP sent request body response(s) to proxy","x-request-id":"28441641-48e5-456d-be0f-270ab015621f","modelName":"Qwen/Qwen3-VL-32B-Instruct","targetModelName":"Qwen/Qwen3-VL-32B-Instruct"}
{"level":"info","ts":1785055517.1222754,"caller":"handlers/server.go:626","msg":"EPP sent request body response(s) to proxy","x-request-id":"f22123f5-1329-41ae-9ee8-b68f11095180","modelName":"Qwen/Qwen3-VL-32B-Instruct","targetModelName":"Qwen/Qwen3-VL-32B-Instruct"}
{"level":"info","ts":1785055517.1403556,"caller":"handlers/server.go:626","msg":"EPP sent request body response(s) to proxy","x-request-id":"1e514e01-f93a-4215-b370-11852b71919d","modelName":"Qwen/Qwen3-VL-32B-Instruct","targetModelName":"Qwen/Qwen3-VL-32B-Instruct"}
{"level":"info","ts":1785055517.1544409,"caller":"handlers/server.go:626","msg":"EPP sent request body response(s) to proxy","x-request-id":"b6c156dd-1f98-45bf-a6c4-f32b5cdbdd2a","modelName":"Qwen/Qwen3-VL-32B-Instruct","targetModelName":"Qwen/Qwen3-VL-32B-Instruct"}
{"level":"info","ts":1785055517.15939,"caller":"handlers/server.go:626","msg":"EPP sent request body response(s) to proxy","x-request-id":"4473ac41-87dd-44b6-80d7-39185f4c9211","modelName":"Qwen/Qwen3-VL-32B-Instruct","targetModelName":"Qwen/Qwen3-VL-32B-Instruct"}
{"level":"info","ts":1785055517.1863658,"caller":"handlers/server.go:626","msg":"EPP sent request body response(s) to proxy","x-request-id":"6c9ffe92-61ae-4aba-9594-7355d84d22e6","modelName":"Qwen/Qwen3-VL-32B-Instruct","targetModelName":"Qwen/Qwen3-VL-32B-Instruct"}
{"level":"info","ts":1785055517.2154832,"caller":"handlers/server.go:654","msg":"EPP sent response body back to proxy","x-request-id":"250a8e81-d122-4cf6-8355-2af76f00c0e3"}
{"level":"info","ts":1785055517.2176332,"caller":"handlers/server.go:626","msg":"EPP sent request body response(s) to proxy","x-request-id":"6ad4e4e8-1974-4d9d-ac67-6745eaa543c7","modelName":"Qwen/Qwen3-VL-32B-Instruct","targetModelName":"Qwen/Qwen3-VL-32B-Instruct"}
{"level":"info","ts":1785055517.9818993,"caller":"handlers/server.go:654","msg":"EPP sent response body back to proxy","x-request-id":"8096dca4-65db-45d9-b405-514406411c48"}
{"level":"info","ts":1785055518.0518563,"caller":"handlers/server.go:654","msg":"EPP sent response body back to proxy","x-request-id":"5baf1a74-895e-40da-b23d-c8e18a78b65c"}
{"level":"info","ts":1785055518.0810337,"caller":"handlers/server.go:654","msg":"EPP sent response body back to proxy","x-request-id":"85151e43-9c9c-4d16-a1e0-51d9c9c7d2ff"}
{"level":"info","ts":1785055518.1419218,"caller":"handlers/server.go:654","msg":"EPP sent response body back to proxy","x-request-id":"cc30cc9f-65d9-4710-b4b5-cf5a9be563c4"}
{"level":"info","ts":1785055518.3227518,"caller":"handlers/server.go:654","msg":"EPP sent response body back to proxy","x-request-id":"834ffeff-2ada-46db-89ce-f23d9ff10ca5"}
{"level":"info","ts":1785055519.015445,"caller":"handlers/server.go:654","msg":"EPP sent response body back to proxy","x-request-id":"7a64d605-fb50-4a2e-8fe2-003a8ac24113"}
{"level":"info","ts":1785055519.1662192,"caller":"handlers/server.go:654","msg":"EPP sent response body back to proxy","x-request-id":"f4fbe2f6-6032-4175-842f-c60cf19ca0c4"}
{"level":"info","ts":1785055519.1971304,"caller":"handlers/server.go:654","msg":"EPP sent response body back to proxy","x-request-id":"44f701d2-9808-4066-9ab7-c139a37c7556"}
{"level":"info","ts":1785055519.3980863,"caller":"handlers/server.go:654","msg":"EPP sent response body back to proxy","x-request-id":"fac87d91-8830-4698-86df-a36b194977fb"}
{"level":"info","ts":1785055519.5907662,"caller":"handlers/server.go:654","msg":"EPP sent response body back to proxy","x-request-id":"270cead9-b0d1-4866-abef-3c7b706c23f5"}
{"level":"info","ts":1785055520.2659745,"caller":"handlers/server.go:654","msg":"EPP sent response body back to proxy","x-request-id":"8fb757cb-8c78-4678-9875-87acf3d2cdb9"}
{"level":"info","ts":1785055520.6432235,"caller":"handlers/server.go:654","msg":"EPP sent response body back to proxy","x-request-id":"af7a4de5-a03c-4e1a-baf0-7a48bde9b85b"}
{"level":"info","ts":1785055520.7119422,"caller":"handlers/server.go:654","msg":"EPP sent response body back to proxy","x-request-id":"2a3f2ed7-83de-42a7-a477-b1c8cc8d8cc9"}
{"level":"info","ts":1785055521.17433,"caller":"handlers/server.go:654","msg":"EPP sent response body back to proxy","x-request-id":"515af9e5-f3ec-410f-8ecb-571c45a232b7"}
{"level":"info","ts":1785055521.2105627,"caller":"handlers/server.go:654","msg":"EPP sent response body back to proxy","x-request-id":"dac9eada-7b00-49cd-9d29-f8242d7a0e3b"}
{"level":"info","ts":1785055521.3290713,"caller":"handlers/server.go:654","msg":"EPP sent response body back to proxy","x-request-id":"4246eeb7-c1c4-4b8c-99b0-1ef5cdac8b66"}
{"level":"info","ts":1785055521.3291712,"caller":"handlers/server.go:654","msg":"EPP sent response body back to proxy","x-request-id":"84820f21-e054-49eb-96bc-d3349e56515f"}
{"level":"info","ts":1785055521.6846433,"caller":"handlers/server.go:654","msg":"EPP sent response body back to proxy","x-request-id":"ab2e3878-6fdc-46c2-9194-3ce745d17937"}
{"level":"info","ts":1785055521.6846693,"caller":"handlers/server.go:654","msg":"EPP sent response body back to proxy","x-request-id":"1730c62d-ae19-49cf-a0d2-78f4260e5877"}
{"level":"info","ts":1785055521.95519,"caller":"handlers/server.go:654","msg":"EPP sent response body back to proxy","x-request-id":"78068a96-4ebc-473d-9028-d0bcfce8876a"}
{"level":"info","ts":1785055522.3084154,"caller":"handlers/server.go:654","msg":"EPP sent response body back to proxy","x-request-id":"c2d3e528-72e6-4060-a641-16003162b6fc"}
{"level":"info","ts":1785055522.4774437,"caller":"handlers/server.go:654","msg":"EPP sent response body back to proxy","x-request-id":"c0c363f9-af86-48d7-8b48-2cd7447f5ac5"}
{"level":"info","ts":1785055522.6402576,"caller":"handlers/server.go:654","msg":"EPP sent response body back to proxy","x-request-id":"67bf41f6-5aa1-4ec4-b258-f809487b00cc"}
{"level":"info","ts":1785055523.0774186,"caller":"handlers/server.go:654","msg":"EPP sent response body back to proxy","x-request-id":"cba1427a-279b-4cbd-99b7-d96e41a47497"}
{"level":"info","ts":1785055523.3594804,"caller":"handlers/server.go:654","msg":"EPP sent response body back to proxy","x-request-id":"32083ce8-8816-4e84-a5ea-882ecf48eb09"}
{"level":"info","ts":1785055523.4673634,"caller":"handlers/server.go:654","msg":"EPP sent response body back to proxy","x-request-id":"b17be9df-cf5d-434a-986a-f8ec43ca0a84"}
{"level":"info","ts":1785055523.4673715,"caller":"handlers/server.go:654","msg":"EPP sent response body back to proxy","x-request-id":"fd15e424-ef66-496d-a0a8-8242334ef2b3"}
{"level":"info","ts":1785055523.8512218,"caller":"handlers/server.go:654","msg":"EPP sent response body back to proxy","x-request-id":"27a6895d-0854-4b52-a72e-e8a0be6d37e0"}
{"level":"info","ts":1785055523.9114506,"caller":"handlers/server.go:654","msg":"EPP sent response body back to proxy","x-request-id":"fbff28e6-be2f-415d-ace2-5692ec64827e"}
{"level":"info","ts":1785055523.9115324,"caller":"handlers/server.go:654","msg":"EPP sent response body back to proxy","x-request-id":"be22b698-b513-4c67-b1dc-47f19bf59643"}
{"level":"info","ts":1785055523.9115217,"caller":"handlers/server.go:654","msg":"EPP sent response body back to proxy","x-request-id":"441af3ab-1593-470e-88e7-beed066d253e"}
{"level":"info","ts":1785055524.4328613,"caller":"handlers/server.go:654","msg":"EPP sent response body back to proxy","x-request-id":"c8025a99-eab3-40ee-9246-7c43832bd20d"}
{"level":"info","ts":1785055524.5092752,"caller":"handlers/server.go:654","msg":"EPP sent response body back to proxy","x-request-id":"6113cc90-bcf3-41bf-8168-115fbe29e746"}
{"level":"info","ts":1785055524.50931,"caller":"handlers/server.go:654","msg":"EPP sent response body back to proxy","x-request-id":"962ad4aa-c958-4b66-b02f-26910c623468"}
{"level":"info","ts":1785055524.6917355,"caller":"handlers/server.go:654","msg":"EPP sent response body back to proxy","x-request-id":"8031bb3b-c588-4f1a-b4bf-7369bdaba773"}
{"level":"info","ts":1785055524.6917837,"caller":"handlers/server.go:654","msg":"EPP sent response body back to proxy","x-request-id":"2bc94f55-d9e1-41c3-b394-ae39d546e690"}
{"level":"info","ts":1785055525.046249,"caller":"handlers/server.go:654","msg":"EPP sent response body back to proxy","x-request-id":"eb3f0a4a-8685-4b9f-a9ae-594d9881b31e"}
{"level":"info","ts":1785055525.0462804,"caller":"handlers/server.go:654","msg":"EPP sent response body back to proxy","x-request-id":"6865578a-b0d3-4581-9e5c-276127cedb9d"}
{"level":"info","ts":1785055525.0961509,"caller":"handlers/server.go:654","msg":"EPP sent response body back to proxy","x-request-id":"ceafff15-c6d2-4366-829d-b13ed20ebf08"}
{"level":"info","ts":1785055525.2638905,"caller":"handlers/server.go:654","msg":"EPP sent response body back to proxy","x-request-id":"eb22568f-d625-4bc9-ad35-78c47880460e"}
{"level":"info","ts":1785055525.5625083,"caller":"handlers/server.go:654","msg":"EPP sent response body back to proxy","x-request-id":"9baf6360-38ca-4a4f-bee1-f1d25d5ce710"}
{"level":"info","ts":1785055525.5625482,"caller":"handlers/server.go:654","msg":"EPP sent response body back to proxy","x-request-id":"4f37ce89-1f66-4741-8c3d-471dfc195f3a"}
{"level":"info","ts":1785055525.562738,"caller":"handlers/server.go:654","msg":"EPP sent response body back to proxy","x-request-id":"89e14f62-9496-4e35-ba20-04044c7c29f9"}
{"level":"info","ts":1785055525.7022364,"caller":"handlers/server.go:654","msg":"EPP sent response body back to proxy","x-request-id":"03a7953f-0365-4bdd-ad8a-d529d81cbe8e"}
{"level":"info","ts":1785055525.8683836,"caller":"handlers/server.go:654","msg":"EPP sent response body back to proxy","x-request-id":"08446368-9437-4433-8edf-76f465abd6d5"}
{"level":"info","ts":1785055526.134589,"caller":"handlers/server.go:654","msg":"EPP sent response body back to proxy","x-request-id":"2b35c2d8-a744-4a13-b456-92d03121af7d"}
{"level":"info","ts":1785055526.1346056,"caller":"handlers/server.go:654","msg":"EPP sent response body back to proxy","x-request-id":"28aa4b10-c738-4852-b13a-eeb38d5d76ee"}
{"level":"info","ts":1785055526.134809,"caller":"handlers/server.go:654","msg":"EPP sent response body back to proxy","x-request-id":"bf29c8f6-1181-4ac4-9871-0bf39558cf11"}
{"level":"info","ts":1785055526.2875328,"caller":"handlers/server.go:654","msg":"EPP sent response body back to proxy","x-request-id":"49cece3f-d817-4e18-bcf3-b418604b9ff0"}
{"level":"info","ts":1785055526.287605,"caller":"handlers/server.go:654","msg":"EPP sent response body back to proxy","x-request-id":"1bbcbf6d-4dc0-44dd-a07c-df8d1c7d2af2"}
{"level":"info","ts":1785055526.2927744,"caller":"handlers/server.go:654","msg":"EPP sent response body back to proxy","x-request-id":"69ab659d-94b4-405e-98d7-ab48b0b0caae"}
{"level":"info","ts":1785055526.709031,"caller":"handlers/server.go:654","msg":"EPP sent response body back to proxy","x-request-id":"ba4fb42f-c455-467f-bde1-5a5ed9350964"}
{"level":"info","ts":1785055526.9226875,"caller":"handlers/server.go:654","msg":"EPP sent response body back to proxy","x-request-id":"51f23085-19c5-4b5b-be77-3349d44fce6b"}
{"level":"info","ts":1785055527.2832143,"caller":"handlers/server.go:654","msg":"EPP sent response body back to proxy","x-request-id":"01d85314-e1d4-460c-b6de-d327ef77aaf3"}
{"level":"info","ts":1785055527.4770887,"caller":"handlers/server.go:654","msg":"EPP sent response body back to proxy","x-request-id":"6db7ab18-b588-4749-a939-ba4a5eebb201"}
{"level":"info","ts":1785055527.477285,"caller":"handlers/server.go:654","msg":"EPP sent response body back to proxy","x-request-id":"d1f47182-5aeb-4a16-9d22-80c736a94f4d"}
{"level":"info","ts":1785055527.5339692,"caller":"handlers/server.go:654","msg":"EPP sent response body back to proxy","x-request-id":"1d85c6ae-9c1c-40f8-93ab-57ca69ef4781"}
{"level":"info","ts":1785055527.8704894,"caller":"handlers/server.go:654","msg":"EPP sent response body back to proxy","x-request-id":"fbfa7621-b88d-4559-b2c4-0e4c78bb3a75"}
{"level":"info","ts":1785055527.8704932,"caller":"handlers/server.go:654","msg":"EPP sent response body back to proxy","x-request-id":"85d584e4-da38-4277-8cd1-605805e9735e"}
{"level":"info","ts":1785055528.0104196,"caller":"handlers/server.go:654","msg":"EPP sent response body back to proxy","x-request-id":"d0ca363a-8a8c-4496-9956-0a93c1ce7f4c"}
{"level":"info","ts":1785055528.0104487,"caller":"handlers/server.go:654","msg":"EPP sent response body back to proxy","x-request-id":"f42e0f29-7fd6-4551-8f57-94fc33050cb3"}
{"level":"info","ts":1785055528.091303,"caller":"handlers/server.go:654","msg":"EPP sent response body back to proxy","x-request-id":"b9c4c016-9538-46e0-ac75-a2a8193b0c33"}
{"level":"info","ts":1785055528.0913224,"caller":"handlers/server.go:654","msg":"EPP sent response body back to proxy","x-request-id":"b64f8461-1398-44b8-b45e-14b4e8811964"}
{"level":"info","ts":1785055528.450653,"caller":"handlers/server.go:654","msg":"EPP sent response body back to proxy","x-request-id":"4c2ebff1-56fe-46c0-baf2-b9897f9fed0b"}
{"level":"info","ts":1785055528.6422439,"caller":"handlers/server.go:654","msg":"EPP sent response body back to proxy","x-request-id":"f7a266ad-8563-4317-962f-bc220325dbd1"}
{"level":"info","ts":1785055528.6422384,"caller":"handlers/server.go:654","msg":"EPP sent response body back to proxy","x-request-id":"b2edaa03-e461-9739-b6b2-9cd48c4c4d59"}
{"level":"info","ts":1785055528.689309,"caller":"handlers/server.go:654","msg":"EPP sent response body back to proxy","x-request-id":"aec06c7c-7251-4265-8aca-95ac542af002"}
{"level":"info","ts":1785055529.0226974,"caller":"handlers/server.go:654","msg":"EPP sent response body back to proxy","x-request-id":"b8562c6f-b4b2-42d3-b7c3-8c6ff4d33af2"}
{"level":"info","ts":1785055529.0227716,"caller":"handlers/server.go:654","msg":"EPP sent response body back to proxy","x-request-id":"25598a01-0cba-4c11-9a33-45bcc1d65a07"}
{"level":"info","ts":1785055529.1685946,"caller":"handlers/server.go:654","msg":"EPP sent response body back to proxy","x-request-id":"2507e896-b371-4e65-b22f-4f10af05eaeb"}
{"level":"info","ts":1785055529.168601,"caller":"handlers/server.go:654","msg":"EPP sent response body back to proxy","x-request-id":"15aebb3a-4148-4797-98b8-75404a85fa96"}
{"level":"info","ts":1785055529.2801301,"caller":"handlers/server.go:654","msg":"EPP sent response body back to proxy","x-request-id":"1cdf3ab4-ceaf-4310-af4b-9df8fb53b321"}
{"level":"info","ts":1785055529.2802055,"caller":"handlers/server.go:654","msg":"EPP sent response body back to proxy","x-request-id":"9e8666bf-6c75-4725-8188-e7e1f1e90da2"}
{"level":"info","ts":1785055529.280273,"caller":"handlers/server.go:654","msg":"EPP sent response body back to proxy","x-request-id":"e8982255-4543-40bc-af69-c65ff1f54e9e"}
{"level":"info","ts":1785055529.5977778,"caller":"handlers/server.go:654","msg":"EPP sent response body back to proxy","x-request-id":"49ab0c5a-b7bf-4f37-9183-8ddad0040459"}
{"level":"info","ts":1785055529.7705312,"caller":"handlers/server.go:654","msg":"EPP sent response body back to proxy","x-request-id":"6d4cc143-15d5-4f62-873f-3d9bd3f0b0e4"}
{"level":"info","ts":1785055529.7705495,"caller":"handlers/server.go:654","msg":"EPP sent response body back to proxy","x-request-id":"32446d0e-9632-49a4-b248-5f0389c1349c"}
{"level":"info","ts":1785055529.8956308,"caller":"handlers/server.go:654","msg":"EPP sent response body back to proxy","x-request-id":"f960ab9c-c006-4dd3-b2d9-07b64f480aea"}
{"level":"info","ts":1785055530.1832166,"caller":"handlers/server.go:654","msg":"EPP sent response body back to proxy","x-request-id":"3af8e5a3-3ad0-4e70-986e-2d356b0b4710"}
{"level":"info","ts":1785055530.3493414,"caller":"handlers/server.go:654","msg":"EPP sent response body back to proxy","x-request-id":"7be2f322-8cbf-4676-94e0-edaf4812d32f"}
{"level":"info","ts":1785055530.3493476,"caller":"handlers/server.go:654","msg":"EPP sent response body back to proxy","x-request-id":"c43112a3-bf66-4e4c-8a46-f950632b111b"}
{"level":"info","ts":1785055530.3493934,"caller":"handlers/server.go:654","msg":"EPP sent response body back to proxy","x-request-id":"557bcb38-d5fc-46de-91dd-9979a18a9771"}
{"level":"info","ts":1785055530.4740748,"caller":"handlers/server.go:654","msg":"EPP sent response body back to proxy","x-request-id":"958c1de4-ef8f-4604-9fca-ba846e90d77f"}
{"level":"info","ts":1785055530.7680101,"caller":"handlers/server.go:654","msg":"EPP sent response body back to proxy","x-request-id":"28ead407-9867-47a9-8498-1a1278645432"}
{"level":"info","ts":1785055531.0732315,"caller":"handlers/server.go:654","msg":"EPP sent response body back to proxy","x-request-id":"3a682fa9-214f-42ba-84b7-2cb0d1822db2"}
{"level":"info","ts":1785055531.1028128,"caller":"handlers/server.go:654","msg":"EPP sent response body back to proxy","x-request-id":"ecaff1d6-7236-436f-90f9-6e5eaf01264b"}
{"level":"info","ts":1785055531.1028805,"caller":"handlers/server.go:654","msg":"EPP sent response body back to proxy","x-request-id":"0e4ae35e-bd2b-46f8-a0ce-3ce294dd474e"}
{"level":"info","ts":1785055531.5284476,"caller":"handlers/server.go:654","msg":"EPP sent response body back to proxy","x-request-id":"b84a141d-4bee-47a3-b225-ccde30ed877f"}
{"level":"info","ts":1785055531.6666818,"caller":"handlers/server.go:654","msg":"EPP sent response body back to proxy","x-request-id":"5fc8addd-c052-46ec-af02-2251cc4a16f0"}
{"level":"info","ts":1785055532.1238482,"caller":"handlers/server.go:654","msg":"EPP sent response body back to proxy","x-request-id":"cc7d255a-ae07-4cdf-bde3-10bc0a2c9918"}
{"level":"info","ts":1785055532.2763798,"caller":"handlers/server.go:654","msg":"EPP sent response body back to proxy","x-request-id":"33275778-d12a-4ede-91e7-a53585ca6be6"}
{"level":"info","ts":1785055532.3442814,"caller":"handlers/server.go:654","msg":"EPP sent response body back to proxy","x-request-id":"91cd7232-38ba-4d54-8fd4-f17579ba7368"}
{"level":"info","ts":1785055532.705225,"caller":"handlers/server.go:654","msg":"EPP sent response body back to proxy","x-request-id":"3a5c6496-c7f1-417e-a00b-b3636de0dc38"}
{"level":"info","ts":1785055532.7052574,"caller":"handlers/server.go:654","msg":"EPP sent response body back to proxy","x-request-id":"33d2f57d-a321-4d29-bd00-6968e565c68b"}
{"level":"info","ts":1785055532.8693967,"caller":"handlers/server.go:654","msg":"EPP sent response body back to proxy","x-request-id":"698ea949-ba00-473b-a582-0a3506df8539"}
{"level":"info","ts":1785055532.9324174,"caller":"handlers/server.go:654","msg":"EPP sent response body back to proxy","x-request-id":"8d802bf1-b731-4ca9-b073-285b5cafc242"}
{"level":"info","ts":1785055533.286237,"caller":"handlers/server.go:654","msg":"EPP sent response body back to proxy","x-request-id":"8f2de8d0-f3be-41d2-89f6-e4b9d5c0aa2b"}
{"level":"info","ts":1785055533.493723,"caller":"handlers/server.go:654","msg":"EPP sent response body back to proxy","x-request-id":"b4577f38-c56f-45fe-be54-35992427f1f1"}
{"level":"info","ts":1785055533.4937596,"caller":"handlers/server.go:654","msg":"EPP sent response body back to proxy","x-request-id":"395354eb-c125-4863-82de-2ea86178821e"}
{"level":"info","ts":1785055533.5342987,"caller":"handlers/server.go:654","msg":"EPP sent response body back to proxy","x-request-id":"b09cf570-dce5-4bb8-9bf0-7c13be8d42c9"}
{"level":"info","ts":1785055533.877651,"caller":"handlers/server.go:654","msg":"EPP sent response body back to proxy","x-request-id":"2bb2a590-f4fc-4b8c-beb9-e31b187e2d1c"}
{"level":"info","ts":1785055533.8990293,"caller":"handlers/server.go:654","msg":"EPP sent response body back to proxy","x-request-id":"7d63a846-8248-4bf5-8866-dacb4a1e7a67"}
{"level":"info","ts":1785055534.1494336,"caller":"handlers/server.go:654","msg":"EPP sent response body back to proxy","x-request-id":"e3b63095-275c-4da6-ab65-98124ab91a5a"}
{"level":"info","ts":1785055534.469419,"caller":"handlers/server.go:654","msg":"EPP sent response body back to proxy","x-request-id":"37e97ea0-eca4-4871-857b-37397cbb8216"}
{"level":"info","ts":1785055534.7296076,"caller":"handlers/server.go:654","msg":"EPP sent response body back to proxy","x-request-id":"1f1a5603-bf53-4927-bd16-499f90394787"}
{"level":"info","ts":1785055535.0585592,"caller":"handlers/server.go:654","msg":"EPP sent response body back to proxy","x-request-id":"6cf4b3fe-5a6c-4119-a2ce-f3fb7b427ffe"}
{"level":"info","ts":1785055535.1214416,"caller":"handlers/server.go:654","msg":"EPP sent response body back to proxy","x-request-id":"cacd630b-544c-47c8-b340-2e3bd54896aa"}
{"level":"info","ts":1785055535.332589,"caller":"handlers/server.go:654","msg":"EPP sent response body back to proxy","x-request-id":"17ff4047-e9cc-4e15-a110-bdfb77e64bcb"}
{"level":"info","ts":1785055535.6897287,"caller":"handlers/server.go:654","msg":"EPP sent response body back to proxy","x-request-id":"8ab43a18-1d01-40b3-aa0f-757fed951c84"}
{"level":"info","ts":1785055535.7053378,"caller":"handlers/server.go:654","msg":"EPP sent response body back to proxy","x-request-id":"f67a0d94-8fbe-4892-a4d8-3f3de30f2e81"}
{"level":"info","ts":1785055535.7054002,"caller":"handlers/server.go:654","msg":"EPP sent response body back to proxy","x-request-id":"afa07ace-c311-4562-8639-b561128905c9"}
{"level":"info","ts":1785055535.8903697,"caller":"handlers/server.go:654","msg":"EPP sent response body back to proxy","x-request-id":"9eb177d3-f758-481d-8b04-daf7e05f8dfe"}
{"level":"info","ts":1785055536.27548,"caller":"handlers/server.go:654","msg":"EPP sent response body back to proxy","x-request-id":"ecd96c9c-874c-4b34-928e-5ed8ebd71638"}
{"level":"info","ts":1785055536.312049,"caller":"handlers/server.go:654","msg":"EPP sent response body back to proxy","x-request-id":"22a4d297-6dd7-4a32-950c-48e03e96983e"}
{"level":"info","ts":1785055536.5178373,"caller":"handlers/server.go:654","msg":"EPP sent response body back to proxy","x-request-id":"f6d72c23-8ef5-4934-9fb1-e3e74b3d2f65"}
{"level":"info","ts":1785055536.8933976,"caller":"handlers/server.go:654","msg":"EPP sent response body back to proxy","x-request-id":"c7e0a3d8-d779-4a4c-80de-96241197071e"}
{"level":"info","ts":1785055536.9010663,"caller":"handlers/server.go:654","msg":"EPP sent response body back to proxy","x-request-id":"e6120616-e2bb-4e3f-89d0-ac97819e1289"}
{"level":"info","ts":1785055537.4979732,"caller":"handlers/server.go:654","msg":"EPP sent response body back to proxy","x-request-id":"1e514e01-f93a-4215-b370-11852b71919d"}
{"level":"info","ts":1785055537.7091854,"caller":"handlers/server.go:654","msg":"EPP sent response body back to proxy","x-request-id":"f22123f5-1329-41ae-9ee8-b68f11095180"}
{"level":"info","ts":1785055538.108802,"caller":"handlers/server.go:654","msg":"EPP sent response body back to proxy","x-request-id":"f6d869d0-5769-4dc4-8121-b38f462ccbcb"}
{"level":"info","ts":1785055538.232517,"caller":"handlers/server.go:654","msg":"EPP sent response body back to proxy","x-request-id":"b6c156dd-1f98-45bf-a6c4-f32b5cdbdd2a"}
{"level":"info","ts":1785055538.3157969,"caller":"handlers/server.go:654","msg":"EPP sent response body back to proxy","x-request-id":"6c9ffe92-61ae-4aba-9594-7355d84d22e6"}
{"level":"info","ts":1785055538.6990488,"caller":"handlers/server.go:654","msg":"EPP sent response body back to proxy","x-request-id":"28441641-48e5-456d-be0f-270ab015621f"}
{"level":"info","ts":1785055538.714374,"caller":"handlers/server.go:654","msg":"EPP sent response body back to proxy","x-request-id":"6ad4e4e8-1974-4d9d-ac67-6745eaa543c7"}
{"level":"info","ts":1785055539.3113494,"caller":"handlers/server.go:654","msg":"EPP sent response body back to proxy","x-request-id":"4473ac41-87dd-44b6-80d7-39185f4c9211"}
{"level":"info","ts":1785055539.7217567,"caller":"handlers/server.go:654","msg":"EPP sent response body back to proxy","x-request-id":"4d2d9d90-b2a1-4b67-83c0-1cdb90bc1a6d"}
{"level":"info","ts":1785055547.9374056,"caller":"controller/pod_reconciler.go:97","msg":"Pod added","controller":"pod","controllerGroup":"","controllerKind":"Pod","Pod":{"name":"epd-nvidia-gpu-vllm-prefill-688d795cbf-nfgdn","namespace":"dpikus-epd-sglang-bench"},"namespace":"dpikus-epd-sglang-bench","name":"epd-nvidia-gpu-vllm-prefill-688d795cbf-nfgdn","reconcileID":"4f832304-42de-41dc-8205-60f2128f2e36"}
{"level":"info","ts":1785055595.2626655,"caller":"controller/pod_reconciler.go:97","msg":"Pod added","controller":"pod","controllerGroup":"","controllerKind":"Pod","Pod":{"name":"epd-nvidia-gpu-vllm-prefill-688d795cbf-w7f95","namespace":"dpikus-epd-sglang-bench"},"namespace":"dpikus-epd-sglang-bench","name":"epd-nvidia-gpu-vllm-prefill-688d795cbf-w7f95","reconcileID":"663e230f-d237-4bc9-9e35-ec39f56a8cd2"}
{"level":"info","ts":1785055642.2621627,"caller":"controller/pod_reconciler.go:97","msg":"Pod added","controller":"pod","controllerGroup":"","controllerKind":"Pod","Pod":{"name":"epd-nvidia-gpu-vllm-prefill-688d795cbf-scwrs","namespace":"dpikus-epd-sglang-bench"},"namespace":"dpikus-epd-sglang-bench","name":"epd-nvidia-gpu-vllm-prefill-688d795cbf-scwrs","reconcileID":"da9f56d7-0b3b-4e25-8f43-a7ba49b6946a"}
{"level":"info","ts":1785055673.2623174,"caller":"controller/pod_reconciler.go:97","msg":"Pod added","controller":"pod","controllerGroup":"","controllerKind":"Pod","Pod":{"name":"epd-nvidia-gpu-vllm-prefill-688d795cbf-w7f95","namespace":"dpikus-epd-sglang-bench"},"namespace":"dpikus-epd-sglang-bench","name":"epd-nvidia-gpu-vllm-prefill-688d795cbf-w7f95","reconcileID":"1ab0cfb8-1571-47aa-9e5f-3559a0142b82"}
{"level":"info","ts":1785055723.265257,"caller":"controller/pod_reconciler.go:97","msg":"Pod added","controller":"pod","controllerGroup":"","controllerKind":"Pod","Pod":{"name":"epd-nvidia-gpu-vllm-prefill-688d795cbf-scwrs","namespace":"dpikus-epd-sglang-bench"},"namespace":"dpikus-epd-sglang-bench","name":"epd-nvidia-gpu-vllm-prefill-688d795cbf-scwrs","reconcileID":"0602de25-660e-4049-b1a7-9b46d844e882"}
{"level":"info","ts":1785055805.2627053,"caller":"controller/pod_reconciler.go:97","msg":"Pod added","controller":"pod","controllerGroup":"","controllerKind":"Pod","Pod":{"name":"epd-nvidia-gpu-vllm-prefill-688d795cbf-scwrs","namespace":"dpikus-epd-sglang-bench"},"namespace":"dpikus-epd-sglang-bench","name":"epd-nvidia-gpu-vllm-prefill-688d795cbf-scwrs","reconcileID":"5d8adec5-d69e-488c-a021-19163cdab957"}
{"level":"info","ts":1785055860.938059,"caller":"controller/pod_reconciler.go:97","msg":"Pod added","controller":"pod","controllerGroup":"","controllerKind":"Pod","Pod":{"name":"epd-nvidia-gpu-vllm-prefill-688d795cbf-nfgdn","namespace":"dpikus-epd-sglang-bench"},"namespace":"dpikus-epd-sglang-bench","name":"epd-nvidia-gpu-vllm-prefill-688d795cbf-nfgdn","reconcileID":"aed630de-c981-45c5-8a93-99200dcf999c"}
{"level":"info","ts":1785055870.2618747,"caller":"controller/pod_reconciler.go:97","msg":"Pod added","controller":"pod","controllerGroup":"","controllerKind":"Pod","Pod":{"name":"epd-nvidia-gpu-vllm-prefill-688d795cbf-scwrs","namespace":"dpikus-epd-sglang-bench"},"namespace":"dpikus-epd-sglang-bench","name":"epd-nvidia-gpu-vllm-prefill-688d795cbf-scwrs","reconcileID":"9825aa3e-fbda-4b30-8c68-3b4647af4352"}
{"level":"info","ts":1785055911.715268,"caller":"handlers/server.go:368","msg":"EPP received request","x-request-id":"2cedc6d0-97fe-4167-8bca-97607cd14553"}
{"level":"info","ts":1785055911.8552916,"caller":"handlers/server.go:626","msg":"EPP sent request body response(s) to proxy","x-request-id":"2cedc6d0-97fe-4167-8bca-97607cd14553","modelName":"Qwen/Qwen3-VL-32B-Instruct","targetModelName":"Qwen/Qwen3-VL-32B-Instruct"}
{"level":"info","ts":1785055913.2581067,"caller":"handlers/server.go:654","msg":"EPP sent response body back to proxy","x-request-id":"2cedc6d0-97fe-4167-8bca-97607cd14553"}
{"level":"info","ts":1785055915.6290233,"caller":"handlers/server.go:368","msg":"EPP received request","x-request-id":"e16e4ba6-07bf-406f-a0fb-dbaf8027542a"}
{"level":"info","ts":1785055915.648089,"caller":"handlers/server.go:368","msg":"EPP received request","x-request-id":"bfe055b2-4ffa-40d2-ada0-fc92d2c22cc3"}
{"level":"info","ts":1785055915.6567924,"caller":"handlers/server.go:368","msg":"EPP received request","x-request-id":"16cfd76b-0f1c-48c7-9640-acac612fe3c8"}
{"level":"info","ts":1785055915.6570022,"caller":"handlers/server.go:368","msg":"EPP received request","x-request-id":"78442a31-6d67-4c69-9d61-5f6e5f30b7a7"}
{"level":"info","ts":1785055915.6685724,"caller":"handlers/server.go:368","msg":"EPP received request","x-request-id":"aa01de9b-1a99-4453-aba2-d05d7210fdbe"}
{"level":"info","ts":1785055915.688297,"caller":"handlers/server.go:368","msg":"EPP received request","x-request-id":"fdf618b5-9c9a-4481-89e8-8f97a770e9f3"}
{"level":"info","ts":1785055915.6884313,"caller":"handlers/server.go:368","msg":"EPP received request","x-request-id":"1507037d-f98e-4704-bd46-185606dcf102"}
{"level":"info","ts":1785055915.6885486,"caller":"handlers/server.go:368","msg":"EPP received request","x-request-id":"6a296d46-ab9e-4350-b8e2-55275afc8e75"}
{"level":"info","ts":1785055915.7166896,"caller":"handlers/server.go:368","msg":"EPP received request","x-request-id":"ce2fecef-6c14-4e79-8104-f448ec44d235"}
{"level":"info","ts":1785055915.7281635,"caller":"handlers/server.go:368","msg":"EPP received request","x-request-id":"088d7e6a-131b-49e3-9fea-94ab6b0727de"}
{"level":"info","ts":1785055915.7282546,"caller":"handlers/server.go:368","msg":"EPP received request","x-request-id":"1a5cb83c-20d6-482d-acfb-2f1be47b95b4"}
{"level":"info","ts":1785055915.7394834,"caller":"handlers/server.go:626","msg":"EPP sent request body response(s) to proxy","x-request-id":"16cfd76b-0f1c-48c7-9640-acac612fe3c8","modelName":"Qwen/Qwen3-VL-32B-Instruct","targetModelName":"Qwen/Qwen3-VL-32B-Instruct"}
{"level":"info","ts":1785055915.7428362,"caller":"handlers/server.go:368","msg":"EPP received request","x-request-id":"2c873390-2f24-4f76-a26a-409b35066a20"}
{"level":"info","ts":1785055915.7500153,"caller":"handlers/server.go:368","msg":"EPP received request","x-request-id":"c08a1bc0-b542-4c66-933a-8390d8f16744"}
{"level":"info","ts":1785055915.7711124,"caller":"handlers/server.go:626","msg":"EPP sent request body response(s) to proxy","x-request-id":"bfe055b2-4ffa-40d2-ada0-fc92d2c22cc3","modelName":"Qwen/Qwen3-VL-32B-Instruct","targetModelName":"Qwen/Qwen3-VL-32B-Instruct"}
{"level":"info","ts":1785055915.7731822,"caller":"handlers/server.go:368","msg":"EPP received request","x-request-id":"3aa1f22a-a8df-4a31-a337-9056bec9fe33"}
{"level":"info","ts":1785055915.773753,"caller":"handlers/server.go:626","msg":"EPP sent request body response(s) to proxy","x-request-id":"e16e4ba6-07bf-406f-a0fb-dbaf8027542a","modelName":"Qwen/Qwen3-VL-32B-Instruct","targetModelName":"Qwen/Qwen3-VL-32B-Instruct"}
{"level":"info","ts":1785055915.7763433,"caller":"handlers/server.go:368","msg":"EPP received request","x-request-id":"8e43f5a7-5c26-4998-9b4f-28e3a26297ed"}
{"level":"info","ts":1785055915.7858076,"caller":"handlers/server.go:368","msg":"EPP received request","x-request-id":"725f5ebc-1838-4501-b298-0a05344a31e3"}
{"level":"info","ts":1785055915.791052,"caller":"handlers/server.go:368","msg":"EPP received request","x-request-id":"17f31f01-3f0b-4ec8-8f5a-66e80fb3d2de"}
{"level":"info","ts":1785055915.7979665,"caller":"handlers/server.go:626","msg":"EPP sent request body response(s) to proxy","x-request-id":"fdf618b5-9c9a-4481-89e8-8f97a770e9f3","modelName":"Qwen/Qwen3-VL-32B-Instruct","targetModelName":"Qwen/Qwen3-VL-32B-Instruct"}
{"level":"info","ts":1785055915.8011177,"caller":"handlers/server.go:626","msg":"EPP sent request body response(s) to proxy","x-request-id":"1507037d-f98e-4704-bd46-185606dcf102","modelName":"Qwen/Qwen3-VL-32B-Instruct","targetModelName":"Qwen/Qwen3-VL-32B-Instruct"}
{"level":"info","ts":1785055915.819989,"caller":"handlers/server.go:368","msg":"EPP received request","x-request-id":"8bb1773b-dc32-45b3-bfba-c547558d48d5"}
{"level":"info","ts":1785055915.8217075,"caller":"handlers/server.go:368","msg":"EPP received request","x-request-id":"0c4cd1f8-1680-43fa-b39a-612946935aad"}
{"level":"info","ts":1785055915.825999,"caller":"handlers/server.go:626","msg":"EPP sent request body response(s) to proxy","x-request-id":"17f31f01-3f0b-4ec8-8f5a-66e80fb3d2de","modelName":"Qwen/Qwen3-VL-32B-Instruct","targetModelName":"Qwen/Qwen3-VL-32B-Instruct"}
{"level":"info","ts":1785055915.8368485,"caller":"handlers/server.go:368","msg":"EPP received request","x-request-id":"6b195ed9-e266-4fc7-8fff-7a7346b62a45"}
{"level":"info","ts":1785055915.836855,"caller":"handlers/server.go:368","msg":"EPP received request","x-request-id":"f73acfbe-e244-4d18-956e-55a5f3450386"}
{"level":"info","ts":1785055915.845474,"caller":"handlers/server.go:368","msg":"EPP received request","x-request-id":"273ef248-e4aa-4f8d-87f4-2435d786bc63"}
{"level":"info","ts":1785055915.846376,"caller":"handlers/server.go:626","msg":"EPP sent request body response(s) to proxy","x-request-id":"c08a1bc0-b542-4c66-933a-8390d8f16744","modelName":"Qwen/Qwen3-VL-32B-Instruct","targetModelName":"Qwen/Qwen3-VL-32B-Instruct"}
{"level":"info","ts":1785055915.8537962,"caller":"handlers/server.go:626","msg":"EPP sent request body response(s) to proxy","x-request-id":"1a5cb83c-20d6-482d-acfb-2f1be47b95b4","modelName":"Qwen/Qwen3-VL-32B-Instruct","targetModelName":"Qwen/Qwen3-VL-32B-Instruct"}
{"level":"info","ts":1785055915.854625,"caller":"handlers/server.go:626","msg":"EPP sent request body response(s) to proxy","x-request-id":"78442a31-6d67-4c69-9d61-5f6e5f30b7a7","modelName":"Qwen/Qwen3-VL-32B-Instruct","targetModelName":"Qwen/Qwen3-VL-32B-Instruct"}
{"level":"info","ts":1785055915.855721,"caller":"handlers/server.go:626","msg":"EPP sent request body response(s) to proxy","x-request-id":"ce2fecef-6c14-4e79-8104-f448ec44d235","modelName":"Qwen/Qwen3-VL-32B-Instruct","targetModelName":"Qwen/Qwen3-VL-32B-Instruct"}
{"level":"info","ts":1785055915.8563137,"caller":"handlers/server.go:626","msg":"EPP sent request body response(s) to proxy","x-request-id":"3aa1f22a-a8df-4a31-a337-9056bec9fe33","modelName":"Qwen/Qwen3-VL-32B-Instruct","targetModelName":"Qwen/Qwen3-VL-32B-Instruct"}
{"level":"info","ts":1785055915.856779,"caller":"handlers/server.go:368","msg":"EPP received request","x-request-id":"5f848e8c-7f49-4f5b-89f9-85d6796608a2"}
{"level":"info","ts":1785055915.8710575,"caller":"handlers/server.go:368","msg":"EPP received request","x-request-id":"3b8970de-fcda-4395-bbe3-b96758b4993a"}
{"level":"info","ts":1785055915.8755713,"caller":"handlers/server.go:368","msg":"EPP received request","x-request-id":"5e23c324-82be-4838-9459-0c90b6f45055"}
{"level":"info","ts":1785055915.8786385,"caller":"handlers/server.go:626","msg":"EPP sent request body response(s) to proxy","x-request-id":"aa01de9b-1a99-4453-aba2-d05d7210fdbe","modelName":"Qwen/Qwen3-VL-32B-Instruct","targetModelName":"Qwen/Qwen3-VL-32B-Instruct"}
{"level":"info","ts":1785055915.8841474,"caller":"handlers/server.go:626","msg":"EPP sent request body response(s) to proxy","x-request-id":"273ef248-e4aa-4f8d-87f4-2435d786bc63","modelName":"Qwen/Qwen3-VL-32B-Instruct","targetModelName":"Qwen/Qwen3-VL-32B-Instruct"}
{"level":"info","ts":1785055915.8973424,"caller":"handlers/server.go:626","msg":"EPP sent request body response(s) to proxy","x-request-id":"6a296d46-ab9e-4350-b8e2-55275afc8e75","modelName":"Qwen/Qwen3-VL-32B-Instruct","targetModelName":"Qwen/Qwen3-VL-32B-Instruct"}
{"level":"info","ts":1785055915.8982236,"caller":"handlers/server.go:368","msg":"EPP received request","x-request-id":"cf04b251-6d14-4be0-b21a-5e2fa98b15c9"}
{"level":"info","ts":1785055915.8985443,"caller":"handlers/server.go:368","msg":"EPP received request","x-request-id":"917fbfbe-cd4b-424f-a61b-3072570a9de1"}
{"level":"info","ts":1785055915.9013102,"caller":"handlers/server.go:626","msg":"EPP sent request body response(s) to proxy","x-request-id":"5f848e8c-7f49-4f5b-89f9-85d6796608a2","modelName":"Qwen/Qwen3-VL-32B-Instruct","targetModelName":"Qwen/Qwen3-VL-32B-Instruct"}
{"level":"info","ts":1785055915.918824,"caller":"handlers/server.go:626","msg":"EPP sent request body response(s) to proxy","x-request-id":"0c4cd1f8-1680-43fa-b39a-612946935aad","modelName":"Qwen/Qwen3-VL-32B-Instruct","targetModelName":"Qwen/Qwen3-VL-32B-Instruct"}
{"level":"info","ts":1785055915.9206612,"caller":"handlers/server.go:368","msg":"EPP received request","x-request-id":"7a624d49-6652-43cf-a9c0-283f563e26d9"}
{"level":"info","ts":1785055915.923737,"caller":"handlers/server.go:626","msg":"EPP sent request body response(s) to proxy","x-request-id":"088d7e6a-131b-49e3-9fea-94ab6b0727de","modelName":"Qwen/Qwen3-VL-32B-Instruct","targetModelName":"Qwen/Qwen3-VL-32B-Instruct"}
{"level":"info","ts":1785055915.9306188,"caller":"handlers/server.go:368","msg":"EPP received request","x-request-id":"ac88d302-87ce-493a-910b-128e9c8c5a57"}
{"level":"info","ts":1785055915.942963,"caller":"handlers/server.go:626","msg":"EPP sent request body response(s) to proxy","x-request-id":"2c873390-2f24-4f76-a26a-409b35066a20","modelName":"Qwen/Qwen3-VL-32B-Instruct","targetModelName":"Qwen/Qwen3-VL-32B-Instruct"}
{"level":"info","ts":1785055915.9432108,"caller":"handlers/server.go:368","msg":"EPP received request","x-request-id":"6d7f6c35-f8c4-4177-8a6c-5189758b01aa"}
{"level":"info","ts":1785055915.9456842,"caller":"handlers/server.go:368","msg":"EPP received request","x-request-id":"b6918e6a-f989-45e0-af10-27451ebd800f"}
{"level":"info","ts":1785055915.9557061,"caller":"handlers/server.go:626","msg":"EPP sent request body response(s) to proxy","x-request-id":"725f5ebc-1838-4501-b298-0a05344a31e3","modelName":"Qwen/Qwen3-VL-32B-Instruct","targetModelName":"Qwen/Qwen3-VL-32B-Instruct"}
{"level":"info","ts":1785055915.9564192,"caller":"handlers/server.go:368","msg":"EPP received request","x-request-id":"5c9bf331-8b10-48ae-80d3-0dff3527b58c"}
{"level":"info","ts":1785055915.9694757,"caller":"handlers/server.go:626","msg":"EPP sent request body response(s) to proxy","x-request-id":"8e43f5a7-5c26-4998-9b4f-28e3a26297ed","modelName":"Qwen/Qwen3-VL-32B-Instruct","targetModelName":"Qwen/Qwen3-VL-32B-Instruct"}
{"level":"info","ts":1785055915.97218,"caller":"handlers/server.go:368","msg":"EPP received request","x-request-id":"a169036e-1a5f-4d60-8bc1-907fd0f60a26"}
{"level":"info","ts":1785055915.975935,"caller":"handlers/server.go:626","msg":"EPP sent request body response(s) to proxy","x-request-id":"8bb1773b-dc32-45b3-bfba-c547558d48d5","modelName":"Qwen/Qwen3-VL-32B-Instruct","targetModelName":"Qwen/Qwen3-VL-32B-Instruct"}
{"level":"info","ts":1785055915.9877431,"caller":"handlers/server.go:368","msg":"EPP received request","x-request-id":"75adc8aa-0808-47ef-926d-16af8be525a9"}
{"level":"info","ts":1785055915.992674,"caller":"handlers/server.go:368","msg":"EPP received request","x-request-id":"d97f70fa-74ed-4573-9a2c-563149f8ec38"}
{"level":"info","ts":1785055915.9958112,"caller":"handlers/server.go:626","msg":"EPP sent request body response(s) to proxy","x-request-id":"7a624d49-6652-43cf-a9c0-283f563e26d9","modelName":"Qwen/Qwen3-VL-32B-Instruct","targetModelName":"Qwen/Qwen3-VL-32B-Instruct"}
{"level":"info","ts":1785055916.0072641,"caller":"handlers/server.go:368","msg":"EPP received request","x-request-id":"c301f751-e7a3-4ef4-985e-c546d6b29e78"}
{"level":"info","ts":1785055916.007636,"caller":"handlers/server.go:368","msg":"EPP received request","x-request-id":"06f8322d-412b-48b9-aa6c-7b107bad6179"}
{"level":"info","ts":1785055916.008606,"caller":"handlers/server.go:626","msg":"EPP sent request body response(s) to proxy","x-request-id":"a169036e-1a5f-4d60-8bc1-907fd0f60a26","modelName":"Qwen/Qwen3-VL-32B-Instruct","targetModelName":"Qwen/Qwen3-VL-32B-Instruct"}
{"level":"info","ts":1785055916.0094285,"caller":"handlers/server.go:626","msg":"EPP sent request body response(s) to proxy","x-request-id":"6b195ed9-e266-4fc7-8fff-7a7346b62a45","modelName":"Qwen/Qwen3-VL-32B-Instruct","targetModelName":"Qwen/Qwen3-VL-32B-Instruct"}
{"level":"info","ts":1785055916.016573,"caller":"handlers/server.go:626","msg":"EPP sent request body response(s) to proxy","x-request-id":"cf04b251-6d14-4be0-b21a-5e2fa98b15c9","modelName":"Qwen/Qwen3-VL-32B-Instruct","targetModelName":"Qwen/Qwen3-VL-32B-Instruct"}
{"level":"info","ts":1785055916.0196912,"caller":"handlers/server.go:626","msg":"EPP sent request body response(s) to proxy","x-request-id":"917fbfbe-cd4b-424f-a61b-3072570a9de1","modelName":"Qwen/Qwen3-VL-32B-Instruct","targetModelName":"Qwen/Qwen3-VL-32B-Instruct"}
{"level":"info","ts":1785055916.0297015,"caller":"handlers/server.go:626","msg":"EPP sent request body response(s) to proxy","x-request-id":"f73acfbe-e244-4d18-956e-55a5f3450386","modelName":"Qwen/Qwen3-VL-32B-Instruct","targetModelName":"Qwen/Qwen3-VL-32B-Instruct"}
{"level":"info","ts":1785055916.0300393,"caller":"handlers/server.go:368","msg":"EPP received request","x-request-id":"a9de2f06-2b69-4fc4-b8bd-eb5f4a8b5c06"}
{"level":"info","ts":1785055916.0303104,"caller":"handlers/server.go:368","msg":"EPP received request","x-request-id":"fec2fe49-a2aa-455e-962f-5fe0bc075a98"}
{"level":"info","ts":1785055916.0421402,"caller":"handlers/server.go:626","msg":"EPP sent request body response(s) to proxy","x-request-id":"c301f751-e7a3-4ef4-985e-c546d6b29e78","modelName":"Qwen/Qwen3-VL-32B-Instruct","targetModelName":"Qwen/Qwen3-VL-32B-Instruct"}
{"level":"info","ts":1785055916.0443802,"caller":"handlers/server.go:368","msg":"EPP received request","x-request-id":"946c682e-7310-40ae-9c12-6f52eb5fe345"}
{"level":"info","ts":1785055916.0453157,"caller":"handlers/server.go:368","msg":"EPP received request","x-request-id":"8a9f6c9c-45e3-42fb-8d2d-8dd8d5a7904a"}
{"level":"info","ts":1785055916.0469992,"caller":"handlers/server.go:626","msg":"EPP sent request body response(s) to proxy","x-request-id":"6d7f6c35-f8c4-4177-8a6c-5189758b01aa","modelName":"Qwen/Qwen3-VL-32B-Instruct","targetModelName":"Qwen/Qwen3-VL-32B-Instruct"}
{"level":"info","ts":1785055916.047627,"caller":"handlers/server.go:626","msg":"EPP sent request body response(s) to proxy","x-request-id":"5e23c324-82be-4838-9459-0c90b6f45055","modelName":"Qwen/Qwen3-VL-32B-Instruct","targetModelName":"Qwen/Qwen3-VL-32B-Instruct"}
{"level":"info","ts":1785055916.0547497,"caller":"handlers/server.go:368","msg":"EPP received request","x-request-id":"af03d075-ff08-42fe-bccb-c366541d42c0"}
{"level":"info","ts":1785055916.0565772,"caller":"handlers/server.go:626","msg":"EPP sent request body response(s) to proxy","x-request-id":"3b8970de-fcda-4395-bbe3-b96758b4993a","modelName":"Qwen/Qwen3-VL-32B-Instruct","targetModelName":"Qwen/Qwen3-VL-32B-Instruct"}
{"level":"info","ts":1785055916.058158,"caller":"handlers/server.go:368","msg":"EPP received request","x-request-id":"5afd29f5-93be-4259-86bd-a472a2d97275"}
{"level":"info","ts":1785055916.0613704,"caller":"handlers/server.go:626","msg":"EPP sent request body response(s) to proxy","x-request-id":"ac88d302-87ce-493a-910b-128e9c8c5a57","modelName":"Qwen/Qwen3-VL-32B-Instruct","targetModelName":"Qwen/Qwen3-VL-32B-Instruct"}
{"level":"info","ts":1785055916.0679028,"caller":"handlers/server.go:368","msg":"EPP received request","x-request-id":"b47e9276-eb42-46c5-9d9d-e040e7233d05"}
{"level":"info","ts":1785055916.0728629,"caller":"handlers/server.go:368","msg":"EPP received request","x-request-id":"06de499c-9043-440b-bfd2-6a6d2b910777"}
{"level":"info","ts":1785055916.0779111,"caller":"handlers/server.go:368","msg":"EPP received request","x-request-id":"79468626-6310-4271-bad0-c5dd9a8432ee"}
{"level":"info","ts":1785055916.0794947,"caller":"handlers/server.go:626","msg":"EPP sent request body response(s) to proxy","x-request-id":"946c682e-7310-40ae-9c12-6f52eb5fe345","modelName":"Qwen/Qwen3-VL-32B-Instruct","targetModelName":"Qwen/Qwen3-VL-32B-Instruct"}
{"level":"info","ts":1785055916.087884,"caller":"handlers/server.go:626","msg":"EPP sent request body response(s) to proxy","x-request-id":"5c9bf331-8b10-48ae-80d3-0dff3527b58c","modelName":"Qwen/Qwen3-VL-32B-Instruct","targetModelName":"Qwen/Qwen3-VL-32B-Instruct"}
{"level":"info","ts":1785055916.095951,"caller":"handlers/server.go:626","msg":"EPP sent request body response(s) to proxy","x-request-id":"d97f70fa-74ed-4573-9a2c-563149f8ec38","modelName":"Qwen/Qwen3-VL-32B-Instruct","targetModelName":"Qwen/Qwen3-VL-32B-Instruct"}
{"level":"info","ts":1785055916.100115,"caller":"handlers/server.go:626","msg":"EPP sent request body response(s) to proxy","x-request-id":"b47e9276-eb42-46c5-9d9d-e040e7233d05","modelName":"Qwen/Qwen3-VL-32B-Instruct","targetModelName":"Qwen/Qwen3-VL-32B-Instruct"}
{"level":"info","ts":1785055916.1018176,"caller":"handlers/server.go:626","msg":"EPP sent request body response(s) to proxy","x-request-id":"a9de2f06-2b69-4fc4-b8bd-eb5f4a8b5c06","modelName":"Qwen/Qwen3-VL-32B-Instruct","targetModelName":"Qwen/Qwen3-VL-32B-Instruct"}
{"level":"info","ts":1785055916.1034727,"caller":"handlers/server.go:368","msg":"EPP received request","x-request-id":"08a02583-0757-4895-9e32-ead81c1b60e2"}
{"level":"info","ts":1785055916.1081188,"caller":"handlers/server.go:626","msg":"EPP sent request body response(s) to proxy","x-request-id":"06f8322d-412b-48b9-aa6c-7b107bad6179","modelName":"Qwen/Qwen3-VL-32B-Instruct","targetModelName":"Qwen/Qwen3-VL-32B-Instruct"}
{"level":"info","ts":1785055916.1146111,"caller":"handlers/server.go:626","msg":"EPP sent request body response(s) to proxy","x-request-id":"b6918e6a-f989-45e0-af10-27451ebd800f","modelName":"Qwen/Qwen3-VL-32B-Instruct","targetModelName":"Qwen/Qwen3-VL-32B-Instruct"}
{"level":"info","ts":1785055916.1207883,"caller":"handlers/server.go:626","msg":"EPP sent request body response(s) to proxy","x-request-id":"af03d075-ff08-42fe-bccb-c366541d42c0","modelName":"Qwen/Qwen3-VL-32B-Instruct","targetModelName":"Qwen/Qwen3-VL-32B-Instruct"}
{"level":"info","ts":1785055916.1256766,"caller":"handlers/server.go:626","msg":"EPP sent request body response(s) to proxy","x-request-id":"75adc8aa-0808-47ef-926d-16af8be525a9","modelName":"Qwen/Qwen3-VL-32B-Instruct","targetModelName":"Qwen/Qwen3-VL-32B-Instruct"}
{"level":"info","ts":1785055916.1283815,"caller":"handlers/server.go:368","msg":"EPP received request","x-request-id":"ec286c2e-ab8c-4276-a9c8-b7290074a4bc"}
{"level":"info","ts":1785055916.136522,"caller":"handlers/server.go:626","msg":"EPP sent request body response(s) to proxy","x-request-id":"06de499c-9043-440b-bfd2-6a6d2b910777","modelName":"Qwen/Qwen3-VL-32B-Instruct","targetModelName":"Qwen/Qwen3-VL-32B-Instruct"}
{"level":"info","ts":1785055916.150263,"caller":"handlers/server.go:368","msg":"EPP received request","x-request-id":"fe0d7927-c800-431d-be84-2f468abd8b59"}
{"level":"info","ts":1785055916.1738982,"caller":"handlers/server.go:626","msg":"EPP sent request body response(s) to proxy","x-request-id":"08a02583-0757-4895-9e32-ead81c1b60e2","modelName":"Qwen/Qwen3-VL-32B-Instruct","targetModelName":"Qwen/Qwen3-VL-32B-Instruct"}
{"level":"info","ts":1785055916.1925862,"caller":"handlers/server.go:626","msg":"EPP sent request body response(s) to proxy","x-request-id":"5afd29f5-93be-4259-86bd-a472a2d97275","modelName":"Qwen/Qwen3-VL-32B-Instruct","targetModelName":"Qwen/Qwen3-VL-32B-Instruct"}
{"level":"info","ts":1785055916.1926193,"caller":"handlers/server.go:626","msg":"EPP sent request body response(s) to proxy","x-request-id":"fec2fe49-a2aa-455e-962f-5fe0bc075a98","modelName":"Qwen/Qwen3-VL-32B-Instruct","targetModelName":"Qwen/Qwen3-VL-32B-Instruct"}
{"level":"info","ts":1785055916.1939225,"caller":"handlers/server.go:368","msg":"EPP received request","x-request-id":"03973a00-7ef3-4a47-a0a2-fe6e309a0091"}
{"level":"info","ts":1785055916.1939228,"caller":"handlers/server.go:368","msg":"EPP received request","x-request-id":"519d559f-23b0-4a31-8d85-4fa0075c80ec"}
{"level":"info","ts":1785055916.195997,"caller":"handlers/server.go:368","msg":"EPP received request","x-request-id":"9de550a1-8052-4bee-ab79-fdcb73c2c0ac"}
{"level":"info","ts":1785055916.1960418,"caller":"handlers/server.go:368","msg":"EPP received request","x-request-id":"619dce79-0d8f-44b6-be71-673142f753bf"}
{"level":"info","ts":1785055916.2028413,"caller":"handlers/server.go:626","msg":"EPP sent request body response(s) to proxy","x-request-id":"ec286c2e-ab8c-4276-a9c8-b7290074a4bc","modelName":"Qwen/Qwen3-VL-32B-Instruct","targetModelName":"Qwen/Qwen3-VL-32B-Instruct"}
{"level":"info","ts":1785055916.2100174,"caller":"handlers/server.go:626","msg":"EPP sent request body response(s) to proxy","x-request-id":"8a9f6c9c-45e3-42fb-8d2d-8dd8d5a7904a","modelName":"Qwen/Qwen3-VL-32B-Instruct","targetModelName":"Qwen/Qwen3-VL-32B-Instruct"}
{"level":"info","ts":1785055916.2110138,"caller":"handlers/server.go:626","msg":"EPP sent request body response(s) to proxy","x-request-id":"79468626-6310-4271-bad0-c5dd9a8432ee","modelName":"Qwen/Qwen3-VL-32B-Instruct","targetModelName":"Qwen/Qwen3-VL-32B-Instruct"}
{"level":"info","ts":1785055916.214904,"caller":"handlers/server.go:368","msg":"EPP received request","x-request-id":"f1c5b2ca-dbdd-4222-9b51-8bd1783d5a00"}
{"level":"info","ts":1785055916.2151682,"caller":"handlers/server.go:368","msg":"EPP received request","x-request-id":"17ce4dd4-d4c7-417e-af38-f0c4c60b5543"}
{"level":"info","ts":1785055916.2169557,"caller":"handlers/server.go:368","msg":"EPP received request","x-request-id":"2545e3e3-81dd-4d26-af4c-90def8b57ca8"}
{"level":"info","ts":1785055916.229918,"caller":"handlers/server.go:626","msg":"EPP sent request body response(s) to proxy","x-request-id":"519d559f-23b0-4a31-8d85-4fa0075c80ec","modelName":"Qwen/Qwen3-VL-32B-Instruct","targetModelName":"Qwen/Qwen3-VL-32B-Instruct"}
{"level":"info","ts":1785055916.2301238,"caller":"handlers/server.go:368","msg":"EPP received request","x-request-id":"1c01277b-1dbb-49b1-8d77-cb03c57df63c"}
{"level":"info","ts":1785055916.2376857,"caller":"handlers/server.go:368","msg":"EPP received request","x-request-id":"9a3beb4c-3083-46c4-ad81-e462776d8da8"}
{"level":"info","ts":1785055916.2514422,"caller":"handlers/server.go:368","msg":"EPP received request","x-request-id":"efb75546-a185-45f7-9d6d-9eca7d283c36"}
{"level":"info","ts":1785055916.2600203,"caller":"handlers/server.go:368","msg":"EPP received request","x-request-id":"143e102f-6701-41b2-9057-77aef932db3d"}
{"level":"info","ts":1785055916.2643583,"caller":"handlers/server.go:368","msg":"EPP received request","x-request-id":"4fc6dead-8b06-4b9a-a304-1badac9b9966"}
{"level":"info","ts":1785055916.277226,"caller":"handlers/server.go:626","msg":"EPP sent request body response(s) to proxy","x-request-id":"f1c5b2ca-dbdd-4222-9b51-8bd1783d5a00","modelName":"Qwen/Qwen3-VL-32B-Instruct","targetModelName":"Qwen/Qwen3-VL-32B-Instruct"}
{"level":"info","ts":1785055916.2929413,"caller":"handlers/server.go:368","msg":"EPP received request","x-request-id":"a6a662a3-96cf-4a56-90a1-7734c6384dbb"}
{"level":"info","ts":1785055916.2940233,"caller":"handlers/server.go:368","msg":"EPP received request","x-request-id":"524433e4-5404-49fd-a917-11a9cf5f868d"}
{"level":"info","ts":1785055916.3026884,"caller":"handlers/server.go:368","msg":"EPP received request","x-request-id":"fd0cfa65-04b2-4352-8efd-9f3e30e40f8b"}
{"level":"info","ts":1785055916.3164613,"caller":"handlers/server.go:368","msg":"EPP received request","x-request-id":"923e6c60-ace4-40c2-a51f-a5f8f826f6ad"}
{"level":"info","ts":1785055916.3167486,"caller":"handlers/server.go:368","msg":"EPP received request","x-request-id":"93215155-0e04-4ef9-8991-61dafa0ef452"}
{"level":"info","ts":1785055916.324683,"caller":"handlers/server.go:368","msg":"EPP received request","x-request-id":"bbc67666-89df-4204-b822-0b35cd243ca8"}
{"level":"info","ts":1785055916.3282754,"caller":"handlers/server.go:626","msg":"EPP sent request body response(s) to proxy","x-request-id":"17ce4dd4-d4c7-417e-af38-f0c4c60b5543","modelName":"Qwen/Qwen3-VL-32B-Instruct","targetModelName":"Qwen/Qwen3-VL-32B-Instruct"}
{"level":"info","ts":1785055916.3292193,"caller":"handlers/server.go:626","msg":"EPP sent request body response(s) to proxy","x-request-id":"efb75546-a185-45f7-9d6d-9eca7d283c36","modelName":"Qwen/Qwen3-VL-32B-Instruct","targetModelName":"Qwen/Qwen3-VL-32B-Instruct"}
{"level":"info","ts":1785055916.3298752,"caller":"handlers/server.go:368","msg":"EPP received request","x-request-id":"000922f9-3fe3-4caa-8ee4-f974957b43b9"}
{"level":"info","ts":1785055916.3303666,"caller":"handlers/server.go:626","msg":"EPP sent request body response(s) to proxy","x-request-id":"03973a00-7ef3-4a47-a0a2-fe6e309a0091","modelName":"Qwen/Qwen3-VL-32B-Instruct","targetModelName":"Qwen/Qwen3-VL-32B-Instruct"}
{"level":"info","ts":1785055916.3390086,"caller":"handlers/server.go:626","msg":"EPP sent request body response(s) to proxy","x-request-id":"fe0d7927-c800-431d-be84-2f468abd8b59","modelName":"Qwen/Qwen3-VL-32B-Instruct","targetModelName":"Qwen/Qwen3-VL-32B-Instruct"}
{"level":"info","ts":1785055916.341263,"caller":"handlers/server.go:626","msg":"EPP sent request body response(s) to proxy","x-request-id":"143e102f-6701-41b2-9057-77aef932db3d","modelName":"Qwen/Qwen3-VL-32B-Instruct","targetModelName":"Qwen/Qwen3-VL-32B-Instruct"}
{"level":"info","ts":1785055916.3524415,"caller":"handlers/server.go:368","msg":"EPP received request","x-request-id":"ee344a58-2540-47c1-8999-6768f8dc280a"}
{"level":"info","ts":1785055916.3538191,"caller":"handlers/server.go:626","msg":"EPP sent request body response(s) to proxy","x-request-id":"9de550a1-8052-4bee-ab79-fdcb73c2c0ac","modelName":"Qwen/Qwen3-VL-32B-Instruct","targetModelName":"Qwen/Qwen3-VL-32B-Instruct"}
{"level":"info","ts":1785055916.357856,"caller":"handlers/server.go:626","msg":"EPP sent request body response(s) to proxy","x-request-id":"619dce79-0d8f-44b6-be71-673142f753bf","modelName":"Qwen/Qwen3-VL-32B-Instruct","targetModelName":"Qwen/Qwen3-VL-32B-Instruct"}
{"level":"info","ts":1785055916.3590193,"caller":"handlers/server.go:368","msg":"EPP received request","x-request-id":"27990412-2dee-4233-9430-48949331d718"}
{"level":"info","ts":1785055916.360048,"caller":"handlers/server.go:626","msg":"EPP sent request body response(s) to proxy","x-request-id":"2545e3e3-81dd-4d26-af4c-90def8b57ca8","modelName":"Qwen/Qwen3-VL-32B-Instruct","targetModelName":"Qwen/Qwen3-VL-32B-Instruct"}
{"level":"info","ts":1785055916.3693314,"caller":"handlers/server.go:626","msg":"EPP sent request body response(s) to proxy","x-request-id":"a6a662a3-96cf-4a56-90a1-7734c6384dbb","modelName":"Qwen/Qwen3-VL-32B-Instruct","targetModelName":"Qwen/Qwen3-VL-32B-Instruct"}
{"level":"info","ts":1785055916.3766618,"caller":"handlers/server.go:368","msg":"EPP received request","x-request-id":"2101e939-6606-4ed8-9bb2-448bb3c8f440"}
{"level":"info","ts":1785055916.3787148,"caller":"handlers/server.go:626","msg":"EPP sent request body response(s) to proxy","x-request-id":"9a3beb4c-3083-46c4-ad81-e462776d8da8","modelName":"Qwen/Qwen3-VL-32B-Instruct","targetModelName":"Qwen/Qwen3-VL-32B-Instruct"}
{"level":"info","ts":1785055916.3904648,"caller":"handlers/server.go:626","msg":"EPP sent request body response(s) to proxy","x-request-id":"ee344a58-2540-47c1-8999-6768f8dc280a","modelName":"Qwen/Qwen3-VL-32B-Instruct","targetModelName":"Qwen/Qwen3-VL-32B-Instruct"}
{"level":"info","ts":1785055916.3913352,"caller":"handlers/server.go:368","msg":"EPP received request","x-request-id":"1b10c702-e0cc-4516-bbfc-9450bfa468d4"}
{"level":"info","ts":1785055916.3918188,"caller":"handlers/server.go:626","msg":"EPP sent request body response(s) to proxy","x-request-id":"fd0cfa65-04b2-4352-8efd-9f3e30e40f8b","modelName":"Qwen/Qwen3-VL-32B-Instruct","targetModelName":"Qwen/Qwen3-VL-32B-Instruct"}
{"level":"info","ts":1785055916.3978415,"caller":"handlers/server.go:626","msg":"EPP sent request body response(s) to proxy","x-request-id":"bbc67666-89df-4204-b822-0b35cd243ca8","modelName":"Qwen/Qwen3-VL-32B-Instruct","targetModelName":"Qwen/Qwen3-VL-32B-Instruct"}
{"level":"info","ts":1785055916.4071202,"caller":"handlers/server.go:368","msg":"EPP received request","x-request-id":"a763f010-1cfd-4589-8bc3-4f2bf1f316bc"}
{"level":"info","ts":1785055916.4183972,"caller":"handlers/server.go:368","msg":"EPP received request","x-request-id":"727012d2-4449-4f01-8e4e-912473bdae20"}
{"level":"info","ts":1785055916.4188614,"caller":"handlers/server.go:368","msg":"EPP received request","x-request-id":"f73cfa77-9dae-40a2-86d7-1f29193cce96"}
{"level":"info","ts":1785055916.4195952,"caller":"handlers/server.go:368","msg":"EPP received request","x-request-id":"0700d9f1-06d1-4570-ac88-569ef3c7fe85"}
{"level":"info","ts":1785055916.4286976,"caller":"handlers/server.go:626","msg":"EPP sent request body response(s) to proxy","x-request-id":"923e6c60-ace4-40c2-a51f-a5f8f826f6ad","modelName":"Qwen/Qwen3-VL-32B-Instruct","targetModelName":"Qwen/Qwen3-VL-32B-Instruct"}
{"level":"info","ts":1785055916.434326,"caller":"handlers/server.go:368","msg":"EPP received request","x-request-id":"1f59e39a-b914-49e0-9a50-2b287e3b57e0"}
{"level":"info","ts":1785055916.445543,"caller":"handlers/server.go:626","msg":"EPP sent request body response(s) to proxy","x-request-id":"1c01277b-1dbb-49b1-8d77-cb03c57df63c","modelName":"Qwen/Qwen3-VL-32B-Instruct","targetModelName":"Qwen/Qwen3-VL-32B-Instruct"}
{"level":"info","ts":1785055916.445792,"caller":"handlers/server.go:626","msg":"EPP sent request body response(s) to proxy","x-request-id":"4fc6dead-8b06-4b9a-a304-1badac9b9966","modelName":"Qwen/Qwen3-VL-32B-Instruct","targetModelName":"Qwen/Qwen3-VL-32B-Instruct"}
{"level":"info","ts":1785055916.4541087,"caller":"handlers/server.go:626","msg":"EPP sent request body response(s) to proxy","x-request-id":"524433e4-5404-49fd-a917-11a9cf5f868d","modelName":"Qwen/Qwen3-VL-32B-Instruct","targetModelName":"Qwen/Qwen3-VL-32B-Instruct"}
{"level":"info","ts":1785055916.4610736,"caller":"handlers/server.go:626","msg":"EPP sent request body response(s) to proxy","x-request-id":"0700d9f1-06d1-4570-ac88-569ef3c7fe85","modelName":"Qwen/Qwen3-VL-32B-Instruct","targetModelName":"Qwen/Qwen3-VL-32B-Instruct"}
{"level":"info","ts":1785055916.462723,"caller":"handlers/server.go:626","msg":"EPP sent request body response(s) to proxy","x-request-id":"1b10c702-e0cc-4516-bbfc-9450bfa468d4","modelName":"Qwen/Qwen3-VL-32B-Instruct","targetModelName":"Qwen/Qwen3-VL-32B-Instruct"}
{"level":"info","ts":1785055916.4745052,"caller":"handlers/server.go:626","msg":"EPP sent request body response(s) to proxy","x-request-id":"000922f9-3fe3-4caa-8ee4-f974957b43b9","modelName":"Qwen/Qwen3-VL-32B-Instruct","targetModelName":"Qwen/Qwen3-VL-32B-Instruct"}
{"level":"info","ts":1785055916.4750593,"caller":"handlers/server.go:368","msg":"EPP received request","x-request-id":"96855017-5f11-4103-b81d-96e30dba4ff1"}
{"level":"info","ts":1785055916.4756613,"caller":"handlers/server.go:368","msg":"EPP received request","x-request-id":"6b830674-5737-4db4-9ad2-e2a2599a8dd5"}
{"level":"info","ts":1785055916.486732,"caller":"handlers/server.go:626","msg":"EPP sent request body response(s) to proxy","x-request-id":"f73cfa77-9dae-40a2-86d7-1f29193cce96","modelName":"Qwen/Qwen3-VL-32B-Instruct","targetModelName":"Qwen/Qwen3-VL-32B-Instruct"}
{"level":"info","ts":1785055916.4971802,"caller":"handlers/server.go:626","msg":"EPP sent request body response(s) to proxy","x-request-id":"27990412-2dee-4233-9430-48949331d718","modelName":"Qwen/Qwen3-VL-32B-Instruct","targetModelName":"Qwen/Qwen3-VL-32B-Instruct"}
{"level":"info","ts":1785055916.5032566,"caller":"handlers/server.go:368","msg":"EPP received request","x-request-id":"b0d5a1d6-bb9f-4836-986f-9f2e0b5b8f61"}
{"level":"info","ts":1785055916.5095756,"caller":"handlers/server.go:626","msg":"EPP sent request body response(s) to proxy","x-request-id":"2101e939-6606-4ed8-9bb2-448bb3c8f440","modelName":"Qwen/Qwen3-VL-32B-Instruct","targetModelName":"Qwen/Qwen3-VL-32B-Instruct"}
{"level":"info","ts":1785055916.5165167,"caller":"handlers/server.go:368","msg":"EPP received request","x-request-id":"149845cb-9e13-452d-a1eb-3c78088ee1b0"}
{"level":"info","ts":1785055916.51821,"caller":"handlers/server.go:626","msg":"EPP sent request body response(s) to proxy","x-request-id":"93215155-0e04-4ef9-8991-61dafa0ef452","modelName":"Qwen/Qwen3-VL-32B-Instruct","targetModelName":"Qwen/Qwen3-VL-32B-Instruct"}
{"level":"info","ts":1785055916.5293472,"caller":"handlers/server.go:368","msg":"EPP received request","x-request-id":"44b2b3d7-8b38-4bf8-91d3-0bae84493916"}
{"level":"info","ts":1785055916.5294716,"caller":"handlers/server.go:368","msg":"EPP received request","x-request-id":"bc5634f1-1a16-4183-9da9-15c73cc55cd9"}
{"level":"info","ts":1785055916.5296526,"caller":"handlers/server.go:368","msg":"EPP received request","x-request-id":"814eb6bd-8f92-4af9-a3e6-c8397c0d05e6"}
{"level":"info","ts":1785055916.5324693,"caller":"handlers/server.go:368","msg":"EPP received request","x-request-id":"e7788032-d3e0-4b18-bd1b-020d405de827"}
{"level":"info","ts":1785055916.532481,"caller":"handlers/server.go:368","msg":"EPP received request","x-request-id":"8a352732-ccb0-4b30-b124-1c7885fadf35"}
{"level":"info","ts":1785055916.5349739,"caller":"handlers/server.go:368","msg":"EPP received request","x-request-id":"f342e492-fe64-4de1-8bc9-f3ed8d23e8d6"}
{"level":"info","ts":1785055916.5362492,"caller":"handlers/server.go:368","msg":"EPP received request","x-request-id":"55cb315f-a4f2-408c-be56-4f880d191344"}
{"level":"info","ts":1785055916.5462976,"caller":"handlers/server.go:626","msg":"EPP sent request body response(s) to proxy","x-request-id":"b0d5a1d6-bb9f-4836-986f-9f2e0b5b8f61","modelName":"Qwen/Qwen3-VL-32B-Instruct","targetModelName":"Qwen/Qwen3-VL-32B-Instruct"}
{"level":"info","ts":1785055916.552017,"caller":"handlers/server.go:368","msg":"EPP received request","x-request-id":"507cc8a9-0416-468d-87a0-713a2fbda4a1"}
{"level":"info","ts":1785055916.5537806,"caller":"handlers/server.go:626","msg":"EPP sent request body response(s) to proxy","x-request-id":"149845cb-9e13-452d-a1eb-3c78088ee1b0","modelName":"Qwen/Qwen3-VL-32B-Instruct","targetModelName":"Qwen/Qwen3-VL-32B-Instruct"}
{"level":"info","ts":1785055916.5642748,"caller":"handlers/server.go:368","msg":"EPP received request","x-request-id":"e1e3d699-f35e-43d5-9758-a20967f2684b"}
{"level":"info","ts":1785055916.5669875,"caller":"handlers/server.go:368","msg":"EPP received request","x-request-id":"9174ca41-4a09-44dd-8bc1-2e26a7d5c57c"}
{"level":"info","ts":1785055916.5696375,"caller":"handlers/server.go:368","msg":"EPP received request","x-request-id":"03e39ba4-1c05-4889-8a1c-b3574c95da23"}
{"level":"info","ts":1785055916.571584,"caller":"handlers/server.go:626","msg":"EPP sent request body response(s) to proxy","x-request-id":"8a352732-ccb0-4b30-b124-1c7885fadf35","modelName":"Qwen/Qwen3-VL-32B-Instruct","targetModelName":"Qwen/Qwen3-VL-32B-Instruct"}
{"level":"info","ts":1785055916.5732594,"caller":"handlers/server.go:626","msg":"EPP sent request body response(s) to proxy","x-request-id":"bc5634f1-1a16-4183-9da9-15c73cc55cd9","modelName":"Qwen/Qwen3-VL-32B-Instruct","targetModelName":"Qwen/Qwen3-VL-32B-Instruct"}
{"level":"info","ts":1785055916.5823672,"caller":"handlers/server.go:368","msg":"EPP received request","x-request-id":"7efdb90b-563e-4038-bf1c-59448016b56c"}
{"level":"info","ts":1785055916.584535,"caller":"handlers/server.go:368","msg":"EPP received request","x-request-id":"699ed700-e924-4624-9533-7af27d02025e"}
{"level":"info","ts":1785055916.5885715,"caller":"handlers/server.go:626","msg":"EPP sent request body response(s) to proxy","x-request-id":"f342e492-fe64-4de1-8bc9-f3ed8d23e8d6","modelName":"Qwen/Qwen3-VL-32B-Instruct","targetModelName":"Qwen/Qwen3-VL-32B-Instruct"}
{"level":"info","ts":1785055916.5970192,"caller":"handlers/server.go:626","msg":"EPP sent request body response(s) to proxy","x-request-id":"a763f010-1cfd-4589-8bc3-4f2bf1f316bc","modelName":"Qwen/Qwen3-VL-32B-Instruct","targetModelName":"Qwen/Qwen3-VL-32B-Instruct"}
{"level":"info","ts":1785055916.598455,"caller":"handlers/server.go:368","msg":"EPP received request","x-request-id":"db4c13b9-b2a3-4164-bc5e-68c4b62eee11"}
{"level":"info","ts":1785055916.5996654,"caller":"handlers/server.go:626","msg":"EPP sent request body response(s) to proxy","x-request-id":"507cc8a9-0416-468d-87a0-713a2fbda4a1","modelName":"Qwen/Qwen3-VL-32B-Instruct","targetModelName":"Qwen/Qwen3-VL-32B-Instruct"}
{"level":"info","ts":1785055916.6076784,"caller":"handlers/server.go:626","msg":"EPP sent request body response(s) to proxy","x-request-id":"727012d2-4449-4f01-8e4e-912473bdae20","modelName":"Qwen/Qwen3-VL-32B-Instruct","targetModelName":"Qwen/Qwen3-VL-32B-Instruct"}
{"level":"info","ts":1785055916.6107545,"caller":"handlers/server.go:626","msg":"EPP sent request body response(s) to proxy","x-request-id":"6b830674-5737-4db4-9ad2-e2a2599a8dd5","modelName":"Qwen/Qwen3-VL-32B-Instruct","targetModelName":"Qwen/Qwen3-VL-32B-Instruct"}
{"level":"info","ts":1785055916.6121664,"caller":"handlers/server.go:626","msg":"EPP sent request body response(s) to proxy","x-request-id":"96855017-5f11-4103-b81d-96e30dba4ff1","modelName":"Qwen/Qwen3-VL-32B-Instruct","targetModelName":"Qwen/Qwen3-VL-32B-Instruct"}
{"level":"info","ts":1785055916.6123457,"caller":"handlers/server.go:368","msg":"EPP received request","x-request-id":"fa4f7eeb-c3c0-4056-aa2c-0a70ed87efd8"}
{"level":"info","ts":1785055916.6168435,"caller":"handlers/server.go:626","msg":"EPP sent request body response(s) to proxy","x-request-id":"1f59e39a-b914-49e0-9a50-2b287e3b57e0","modelName":"Qwen/Qwen3-VL-32B-Instruct","targetModelName":"Qwen/Qwen3-VL-32B-Instruct"}
{"level":"info","ts":1785055916.623023,"caller":"handlers/server.go:368","msg":"EPP received request","x-request-id":"4a834d73-b0ec-40a4-9191-d3eccfe832f3"}
{"level":"info","ts":1785055916.626363,"caller":"handlers/server.go:368","msg":"EPP received request","x-request-id":"a99fd8b0-2b55-4ccd-b800-f46bc5851f4a"}
{"level":"info","ts":1785055916.630003,"caller":"handlers/server.go:626","msg":"EPP sent request body response(s) to proxy","x-request-id":"699ed700-e924-4624-9533-7af27d02025e","modelName":"Qwen/Qwen3-VL-32B-Instruct","targetModelName":"Qwen/Qwen3-VL-32B-Instruct"}
{"level":"info","ts":1785055916.635368,"caller":"handlers/server.go:368","msg":"EPP received request","x-request-id":"ac4069b3-0025-4e96-a2f9-6050795b21bf"}
{"level":"info","ts":1785055916.6370516,"caller":"handlers/server.go:368","msg":"EPP received request","x-request-id":"de8bc5fe-1701-46b2-9b39-a64ee45335f4"}
{"level":"info","ts":1785055916.652368,"caller":"handlers/server.go:368","msg":"EPP received request","x-request-id":"c0c528d1-2de8-4567-9206-c9037f60ec1e"}
{"level":"info","ts":1785055916.6685057,"caller":"handlers/server.go:626","msg":"EPP sent request body response(s) to proxy","x-request-id":"814eb6bd-8f92-4af9-a3e6-c8397c0d05e6","modelName":"Qwen/Qwen3-VL-32B-Instruct","targetModelName":"Qwen/Qwen3-VL-32B-Instruct"}
{"level":"info","ts":1785055916.668593,"caller":"handlers/server.go:368","msg":"EPP received request","x-request-id":"efa5dcdb-1b11-4075-9775-73bb28b94d71"}
{"level":"info","ts":1785055916.6757343,"caller":"handlers/server.go:368","msg":"EPP received request","x-request-id":"17c6b418-a139-4ef9-b380-68bd8d5df7ab"}
{"level":"info","ts":1785055916.677844,"caller":"handlers/server.go:368","msg":"EPP received request","x-request-id":"5dd36fcd-fbbe-4983-b5aa-067f353837dc"}
{"level":"info","ts":1785055916.6857407,"caller":"handlers/server.go:626","msg":"EPP sent request body response(s) to proxy","x-request-id":"a99fd8b0-2b55-4ccd-b800-f46bc5851f4a","modelName":"Qwen/Qwen3-VL-32B-Instruct","targetModelName":"Qwen/Qwen3-VL-32B-Instruct"}
{"level":"info","ts":1785055916.6897743,"caller":"handlers/server.go:368","msg":"EPP received request","x-request-id":"71c5c0aa-f2b7-42e0-a1d8-3bd5e708bf31"}
{"level":"info","ts":1785055916.6908336,"caller":"handlers/server.go:626","msg":"EPP sent request body response(s) to proxy","x-request-id":"03e39ba4-1c05-4889-8a1c-b3574c95da23","modelName":"Qwen/Qwen3-VL-32B-Instruct","targetModelName":"Qwen/Qwen3-VL-32B-Instruct"}
{"level":"info","ts":1785055916.6942172,"caller":"handlers/server.go:626","msg":"EPP sent request body response(s) to proxy","x-request-id":"de8bc5fe-1701-46b2-9b39-a64ee45335f4","modelName":"Qwen/Qwen3-VL-32B-Instruct","targetModelName":"Qwen/Qwen3-VL-32B-Instruct"}
{"level":"info","ts":1785055916.7001114,"caller":"handlers/server.go:626","msg":"EPP sent request body response(s) to proxy","x-request-id":"7efdb90b-563e-4038-bf1c-59448016b56c","modelName":"Qwen/Qwen3-VL-32B-Instruct","targetModelName":"Qwen/Qwen3-VL-32B-Instruct"}
{"level":"info","ts":1785055916.713255,"caller":"handlers/server.go:626","msg":"EPP sent request body response(s) to proxy","x-request-id":"5dd36fcd-fbbe-4983-b5aa-067f353837dc","modelName":"Qwen/Qwen3-VL-32B-Instruct","targetModelName":"Qwen/Qwen3-VL-32B-Instruct"}
{"level":"info","ts":1785055916.7187195,"caller":"handlers/server.go:626","msg":"EPP sent request body response(s) to proxy","x-request-id":"db4c13b9-b2a3-4164-bc5e-68c4b62eee11","modelName":"Qwen/Qwen3-VL-32B-Instruct","targetModelName":"Qwen/Qwen3-VL-32B-Instruct"}
{"level":"info","ts":1785055916.7226164,"caller":"handlers/server.go:626","msg":"EPP sent request body response(s) to proxy","x-request-id":"e7788032-d3e0-4b18-bd1b-020d405de827","modelName":"Qwen/Qwen3-VL-32B-Instruct","targetModelName":"Qwen/Qwen3-VL-32B-Instruct"}
{"level":"info","ts":1785055916.723049,"caller":"handlers/server.go:626","msg":"EPP sent request body response(s) to proxy","x-request-id":"9174ca41-4a09-44dd-8bc1-2e26a7d5c57c","modelName":"Qwen/Qwen3-VL-32B-Instruct","targetModelName":"Qwen/Qwen3-VL-32B-Instruct"}
{"level":"info","ts":1785055916.7236922,"caller":"handlers/server.go:626","msg":"EPP sent request body response(s) to proxy","x-request-id":"fa4f7eeb-c3c0-4056-aa2c-0a70ed87efd8","modelName":"Qwen/Qwen3-VL-32B-Instruct","targetModelName":"Qwen/Qwen3-VL-32B-Instruct"}
{"level":"info","ts":1785055916.726781,"caller":"handlers/server.go:626","msg":"EPP sent request body response(s) to proxy","x-request-id":"4a834d73-b0ec-40a4-9191-d3eccfe832f3","modelName":"Qwen/Qwen3-VL-32B-Instruct","targetModelName":"Qwen/Qwen3-VL-32B-Instruct"}
{"level":"info","ts":1785055916.7293642,"caller":"handlers/server.go:626","msg":"EPP sent request body response(s) to proxy","x-request-id":"ac4069b3-0025-4e96-a2f9-6050795b21bf","modelName":"Qwen/Qwen3-VL-32B-Instruct","targetModelName":"Qwen/Qwen3-VL-32B-Instruct"}
{"level":"info","ts":1785055916.7355676,"caller":"handlers/server.go:626","msg":"EPP sent request body response(s) to proxy","x-request-id":"55cb315f-a4f2-408c-be56-4f880d191344","modelName":"Qwen/Qwen3-VL-32B-Instruct","targetModelName":"Qwen/Qwen3-VL-32B-Instruct"}
{"level":"info","ts":1785055916.7482724,"caller":"handlers/server.go:626","msg":"EPP sent request body response(s) to proxy","x-request-id":"44b2b3d7-8b38-4bf8-91d3-0bae84493916","modelName":"Qwen/Qwen3-VL-32B-Instruct","targetModelName":"Qwen/Qwen3-VL-32B-Instruct"}
{"level":"info","ts":1785055916.7571964,"caller":"handlers/server.go:368","msg":"EPP received request","x-request-id":"b2fb1092-0976-4dfb-9a71-0e5a18d42938"}
{"level":"info","ts":1785055916.7572405,"caller":"handlers/server.go:368","msg":"EPP received request","x-request-id":"493e7839-1422-4fb3-9601-8051fd0bb11f"}
{"level":"info","ts":1785055916.757826,"caller":"handlers/server.go:368","msg":"EPP received request","x-request-id":"06d3822d-755e-4413-bbb8-32ebd33168be"}
{"level":"info","ts":1785055916.763154,"caller":"handlers/server.go:626","msg":"EPP sent request body response(s) to proxy","x-request-id":"17c6b418-a139-4ef9-b380-68bd8d5df7ab","modelName":"Qwen/Qwen3-VL-32B-Instruct","targetModelName":"Qwen/Qwen3-VL-32B-Instruct"}
{"level":"info","ts":1785055916.7643461,"caller":"handlers/server.go:368","msg":"EPP received request","x-request-id":"90576f1d-5c40-4070-b831-858d5dde4eb7"}
{"level":"info","ts":1785055916.76469,"caller":"handlers/server.go:368","msg":"EPP received request","x-request-id":"63f7be60-1593-4c6f-a842-a76817453643"}
{"level":"info","ts":1785055916.764726,"caller":"handlers/server.go:626","msg":"EPP sent request body response(s) to proxy","x-request-id":"e1e3d699-f35e-43d5-9758-a20967f2684b","modelName":"Qwen/Qwen3-VL-32B-Instruct","targetModelName":"Qwen/Qwen3-VL-32B-Instruct"}
{"level":"info","ts":1785055916.7683754,"caller":"handlers/server.go:368","msg":"EPP received request","x-request-id":"10a4bafa-c026-4282-867c-a72e74a2ec39"}
{"level":"info","ts":1785055916.7717757,"caller":"handlers/server.go:368","msg":"EPP received request","x-request-id":"4d3766e2-0e21-45c5-a11b-e211db335577"}
{"level":"info","ts":1785055916.7718246,"caller":"handlers/server.go:654","msg":"EPP sent response body back to proxy","x-request-id":"16cfd76b-0f1c-48c7-9640-acac612fe3c8"}
{"level":"info","ts":1785055916.8017201,"caller":"handlers/server.go:626","msg":"EPP sent request body response(s) to proxy","x-request-id":"06d3822d-755e-4413-bbb8-32ebd33168be","modelName":"Qwen/Qwen3-VL-32B-Instruct","targetModelName":"Qwen/Qwen3-VL-32B-Instruct"}
{"level":"info","ts":1785055916.818759,"caller":"handlers/server.go:368","msg":"EPP received request","x-request-id":"62323fce-aa3d-47bc-b963-9186e0f44653"}
{"level":"info","ts":1785055916.8188822,"caller":"handlers/server.go:368","msg":"EPP received request","x-request-id":"5ad3f41f-0986-97d0-9eea-8f314c59c9fb"}
{"level":"info","ts":1785055916.819238,"caller":"handlers/server.go:368","msg":"EPP received request","x-request-id":"c015a7d9-2dd7-48fe-b1b9-fe2f54c36c22"}
{"level":"info","ts":1785055916.8194656,"caller":"handlers/server.go:368","msg":"EPP received request","x-request-id":"fed2de8b-fb80-4b5e-b52c-f33a071f5369"}
{"level":"info","ts":1785055916.821705,"caller":"handlers/server.go:368","msg":"EPP received request","x-request-id":"70a7a68f-38ce-4c89-a09d-d9142e521817"}
{"level":"info","ts":1785055916.8356345,"caller":"handlers/server.go:368","msg":"EPP received request","x-request-id":"53be5d8a-8d15-4645-bb1b-6ac1fe79f967"}
{"level":"info","ts":1785055916.8376355,"caller":"handlers/server.go:626","msg":"EPP sent request body response(s) to proxy","x-request-id":"71c5c0aa-f2b7-42e0-a1d8-3bd5e708bf31","modelName":"Qwen/Qwen3-VL-32B-Instruct","targetModelName":"Qwen/Qwen3-VL-32B-Instruct"}
{"level":"info","ts":1785055916.8394544,"caller":"handlers/server.go:626","msg":"EPP sent request body response(s) to proxy","x-request-id":"efa5dcdb-1b11-4075-9775-73bb28b94d71","modelName":"Qwen/Qwen3-VL-32B-Instruct","targetModelName":"Qwen/Qwen3-VL-32B-Instruct"}
{"level":"info","ts":1785055916.8441427,"caller":"handlers/server.go:626","msg":"EPP sent request body response(s) to proxy","x-request-id":"c0c528d1-2de8-4567-9206-c9037f60ec1e","modelName":"Qwen/Qwen3-VL-32B-Instruct","targetModelName":"Qwen/Qwen3-VL-32B-Instruct"}
{"level":"info","ts":1785055916.8490279,"caller":"handlers/server.go:368","msg":"EPP received request","x-request-id":"64f817db-2712-4426-930d-b8bde9bc1591"}
{"level":"info","ts":1785055916.8535504,"caller":"handlers/server.go:626","msg":"EPP sent request body response(s) to proxy","x-request-id":"5ad3f41f-0986-97d0-9eea-8f314c59c9fb","modelName":"Qwen/Qwen3-VL-32B-Instruct","targetModelName":"Qwen/Qwen3-VL-32B-Instruct"}
{"level":"info","ts":1785055916.8537529,"caller":"handlers/server.go:626","msg":"EPP sent request body response(s) to proxy","x-request-id":"fed2de8b-fb80-4b5e-b52c-f33a071f5369","modelName":"Qwen/Qwen3-VL-32B-Instruct","targetModelName":"Qwen/Qwen3-VL-32B-Instruct"}
{"level":"info","ts":1785055916.855419,"caller":"handlers/server.go:368","msg":"EPP received request","x-request-id":"675de616-3860-44f0-8283-c47a14220112"}
{"level":"info","ts":1785055916.8602624,"caller":"handlers/server.go:368","msg":"EPP received request","x-request-id":"e2996beb-9c18-467b-8283-fb5063234733"}
{"level":"info","ts":1785055916.8719869,"caller":"handlers/server.go:626","msg":"EPP sent request body response(s) to proxy","x-request-id":"b2fb1092-0976-4dfb-9a71-0e5a18d42938","modelName":"Qwen/Qwen3-VL-32B-Instruct","targetModelName":"Qwen/Qwen3-VL-32B-Instruct"}
{"level":"info","ts":1785055916.8768573,"caller":"handlers/server.go:626","msg":"EPP sent request body response(s) to proxy","x-request-id":"90576f1d-5c40-4070-b831-858d5dde4eb7","modelName":"Qwen/Qwen3-VL-32B-Instruct","targetModelName":"Qwen/Qwen3-VL-32B-Instruct"}
{"level":"info","ts":1785055916.8800583,"caller":"handlers/server.go:368","msg":"EPP received request","x-request-id":"d65dcc1f-6115-42ef-970b-9da2e668f75b"}
{"level":"info","ts":1785055916.8827658,"caller":"handlers/server.go:626","msg":"EPP sent request body response(s) to proxy","x-request-id":"4d3766e2-0e21-45c5-a11b-e211db335577","modelName":"Qwen/Qwen3-VL-32B-Instruct","targetModelName":"Qwen/Qwen3-VL-32B-Instruct"}
{"level":"info","ts":1785055916.8947883,"caller":"handlers/server.go:368","msg":"EPP received request","x-request-id":"885e9d59-cf4b-4643-ab39-991ee8b625ba"}
{"level":"info","ts":1785055916.8997872,"caller":"handlers/server.go:626","msg":"EPP sent request body response(s) to proxy","x-request-id":"10a4bafa-c026-4282-867c-a72e74a2ec39","modelName":"Qwen/Qwen3-VL-32B-Instruct","targetModelName":"Qwen/Qwen3-VL-32B-Instruct"}
{"level":"info","ts":1785055916.9039402,"caller":"handlers/server.go:626","msg":"EPP sent request body response(s) to proxy","x-request-id":"493e7839-1422-4fb3-9601-8051fd0bb11f","modelName":"Qwen/Qwen3-VL-32B-Instruct","targetModelName":"Qwen/Qwen3-VL-32B-Instruct"}
{"level":"info","ts":1785055916.9134018,"caller":"handlers/server.go:368","msg":"EPP received request","x-request-id":"9f5ac4dc-22ad-44de-b548-06c1fe7696eb"}
{"level":"info","ts":1785055916.9189703,"caller":"handlers/server.go:626","msg":"EPP sent request body response(s) to proxy","x-request-id":"c015a7d9-2dd7-48fe-b1b9-fe2f54c36c22","modelName":"Qwen/Qwen3-VL-32B-Instruct","targetModelName":"Qwen/Qwen3-VL-32B-Instruct"}
{"level":"info","ts":1785055916.922102,"caller":"handlers/server.go:368","msg":"EPP received request","x-request-id":"1a9524c8-3def-493a-a8e0-e106926dd5d4"}
{"level":"info","ts":1785055916.9307795,"caller":"handlers/server.go:626","msg":"EPP sent request body response(s) to proxy","x-request-id":"62323fce-aa3d-47bc-b963-9186e0f44653","modelName":"Qwen/Qwen3-VL-32B-Instruct","targetModelName":"Qwen/Qwen3-VL-32B-Instruct"}
{"level":"info","ts":1785055916.935324,"caller":"handlers/server.go:626","msg":"EPP sent request body response(s) to proxy","x-request-id":"e2996beb-9c18-467b-8283-fb5063234733","modelName":"Qwen/Qwen3-VL-32B-Instruct","targetModelName":"Qwen/Qwen3-VL-32B-Instruct"}
{"level":"info","ts":1785055916.946838,"caller":"handlers/server.go:626","msg":"EPP sent request body response(s) to proxy","x-request-id":"885e9d59-cf4b-4643-ab39-991ee8b625ba","modelName":"Qwen/Qwen3-VL-32B-Instruct","targetModelName":"Qwen/Qwen3-VL-32B-Instruct"}
{"level":"info","ts":1785055916.9485295,"caller":"handlers/server.go:626","msg":"EPP sent request body response(s) to proxy","x-request-id":"675de616-3860-44f0-8283-c47a14220112","modelName":"Qwen/Qwen3-VL-32B-Instruct","targetModelName":"Qwen/Qwen3-VL-32B-Instruct"}
{"level":"info","ts":1785055916.9646046,"caller":"handlers/server.go:626","msg":"EPP sent request body response(s) to proxy","x-request-id":"63f7be60-1593-4c6f-a842-a76817453643","modelName":"Qwen/Qwen3-VL-32B-Instruct","targetModelName":"Qwen/Qwen3-VL-32B-Instruct"}
{"level":"info","ts":1785055916.9763956,"caller":"handlers/server.go:626","msg":"EPP sent request body response(s) to proxy","x-request-id":"64f817db-2712-4426-930d-b8bde9bc1591","modelName":"Qwen/Qwen3-VL-32B-Instruct","targetModelName":"Qwen/Qwen3-VL-32B-Instruct"}
{"level":"info","ts":1785055916.9819715,"caller":"handlers/server.go:368","msg":"EPP received request","x-request-id":"a4575aca-fa50-45ba-aabb-815f4a6ca773"}
{"level":"info","ts":1785055916.9819908,"caller":"handlers/server.go:368","msg":"EPP received request","x-request-id":"1ba6375c-44cb-4231-bec0-66e51a845304"}
{"level":"info","ts":1785055916.981981,"caller":"handlers/server.go:368","msg":"EPP received request","x-request-id":"76c5bf6c-6283-4e40-abbc-9de256f26b1c"}
{"level":"info","ts":1785055917.0324392,"caller":"handlers/server.go:626","msg":"EPP sent request body response(s) to proxy","x-request-id":"70a7a68f-38ce-4c89-a09d-d9142e521817","modelName":"Qwen/Qwen3-VL-32B-Instruct","targetModelName":"Qwen/Qwen3-VL-32B-Instruct"}
{"level":"info","ts":1785055917.0361881,"caller":"handlers/server.go:368","msg":"EPP received request","x-request-id":"fb63e05e-42c0-4b43-bff0-c5b0063c7dc8"}
{"level":"info","ts":1785055917.0362008,"caller":"handlers/server.go:368","msg":"EPP received request","x-request-id":"aafd163b-5699-47b8-8f71-bd5c4cd255ac"}
{"level":"info","ts":1785055917.0477173,"caller":"handlers/server.go:626","msg":"EPP sent request body response(s) to proxy","x-request-id":"9f5ac4dc-22ad-44de-b548-06c1fe7696eb","modelName":"Qwen/Qwen3-VL-32B-Instruct","targetModelName":"Qwen/Qwen3-VL-32B-Instruct"}
{"level":"info","ts":1785055917.0517404,"caller":"handlers/server.go:368","msg":"EPP received request","x-request-id":"931b6bb1-b4c3-4b07-8a50-a27572fb31fa"}
{"level":"info","ts":1785055917.0517724,"caller":"handlers/server.go:368","msg":"EPP received request","x-request-id":"dc0a62d0-4a87-458a-8007-ef64c742c352"}
{"level":"info","ts":1785055917.0752454,"caller":"handlers/server.go:626","msg":"EPP sent request body response(s) to proxy","x-request-id":"d65dcc1f-6115-42ef-970b-9da2e668f75b","modelName":"Qwen/Qwen3-VL-32B-Instruct","targetModelName":"Qwen/Qwen3-VL-32B-Instruct"}
{"level":"info","ts":1785055917.0755832,"caller":"handlers/server.go:626","msg":"EPP sent request body response(s) to proxy","x-request-id":"53be5d8a-8d15-4645-bb1b-6ac1fe79f967","modelName":"Qwen/Qwen3-VL-32B-Instruct","targetModelName":"Qwen/Qwen3-VL-32B-Instruct"}
{"level":"info","ts":1785055917.087462,"caller":"handlers/server.go:368","msg":"EPP received request","x-request-id":"bcb5a8fe-d9fe-40d6-9d9c-d984c99d4f92"}
{"level":"info","ts":1785055917.087478,"caller":"handlers/server.go:368","msg":"EPP received request","x-request-id":"2b572ba5-2844-4d8d-b75b-4fb4a7ea5223"}
{"level":"info","ts":1785055917.0877721,"caller":"handlers/server.go:368","msg":"EPP received request","x-request-id":"572fecb7-7215-4224-8e07-d15ff82cc36e"}
{"level":"info","ts":1785055917.0878594,"caller":"handlers/server.go:368","msg":"EPP received request","x-request-id":"41900c8c-0256-4547-8e7b-22111eb0dd46"}
{"level":"info","ts":1785055917.0987716,"caller":"handlers/server.go:368","msg":"EPP received request","x-request-id":"bf20de51-b89f-4c6d-95b1-6e3b92c3d2bd"}
{"level":"info","ts":1785055917.1130888,"caller":"handlers/server.go:368","msg":"EPP received request","x-request-id":"6918f7ec-7c09-4caa-b1fc-f49782b7d4ae"}
{"level":"info","ts":1785055917.1132488,"caller":"handlers/server.go:368","msg":"EPP received request","x-request-id":"855569c8-03a3-4002-afb8-df4aa6e9d151"}
{"level":"info","ts":1785055917.1170647,"caller":"handlers/server.go:368","msg":"EPP received request","x-request-id":"782e4b0d-f100-4cb3-b63f-4b9ad18df238"}
{"level":"info","ts":1785055917.1232276,"caller":"handlers/server.go:626","msg":"EPP sent request body response(s) to proxy","x-request-id":"1a9524c8-3def-493a-a8e0-e106926dd5d4","modelName":"Qwen/Qwen3-VL-32B-Instruct","targetModelName":"Qwen/Qwen3-VL-32B-Instruct"}
{"level":"info","ts":1785055917.1354828,"caller":"handlers/server.go:626","msg":"EPP sent request body response(s) to proxy","x-request-id":"a4575aca-fa50-45ba-aabb-815f4a6ca773","modelName":"Qwen/Qwen3-VL-32B-Instruct","targetModelName":"Qwen/Qwen3-VL-32B-Instruct"}
{"level":"info","ts":1785055917.1476178,"caller":"handlers/server.go:626","msg":"EPP sent request body response(s) to proxy","x-request-id":"855569c8-03a3-4002-afb8-df4aa6e9d151","modelName":"Qwen/Qwen3-VL-32B-Instruct","targetModelName":"Qwen/Qwen3-VL-32B-Instruct"}
{"level":"info","ts":1785055917.1725328,"caller":"handlers/server.go:626","msg":"EPP sent request body response(s) to proxy","x-request-id":"fb63e05e-42c0-4b43-bff0-c5b0063c7dc8","modelName":"Qwen/Qwen3-VL-32B-Instruct","targetModelName":"Qwen/Qwen3-VL-32B-Instruct"}
{"level":"info","ts":1785055917.1757567,"caller":"handlers/server.go:626","msg":"EPP sent request body response(s) to proxy","x-request-id":"76c5bf6c-6283-4e40-abbc-9de256f26b1c","modelName":"Qwen/Qwen3-VL-32B-Instruct","targetModelName":"Qwen/Qwen3-VL-32B-Instruct"}
{"level":"info","ts":1785055917.1790066,"caller":"handlers/server.go:626","msg":"EPP sent request body response(s) to proxy","x-request-id":"41900c8c-0256-4547-8e7b-22111eb0dd46","modelName":"Qwen/Qwen3-VL-32B-Instruct","targetModelName":"Qwen/Qwen3-VL-32B-Instruct"}
{"level":"info","ts":1785055917.1864555,"caller":"handlers/server.go:368","msg":"EPP received request","x-request-id":"ff26e537-50b3-4f45-a831-daa49b68ebc5"}
{"level":"info","ts":1785055917.2014306,"caller":"handlers/server.go:626","msg":"EPP sent request body response(s) to proxy","x-request-id":"6918f7ec-7c09-4caa-b1fc-f49782b7d4ae","modelName":"Qwen/Qwen3-VL-32B-Instruct","targetModelName":"Qwen/Qwen3-VL-32B-Instruct"}
{"level":"info","ts":1785055917.2047462,"caller":"handlers/server.go:626","msg":"EPP sent request body response(s) to proxy","x-request-id":"bcb5a8fe-d9fe-40d6-9d9c-d984c99d4f92","modelName":"Qwen/Qwen3-VL-32B-Instruct","targetModelName":"Qwen/Qwen3-VL-32B-Instruct"}
{"level":"info","ts":1785055917.2148716,"caller":"handlers/server.go:626","msg":"EPP sent request body response(s) to proxy","x-request-id":"572fecb7-7215-4224-8e07-d15ff82cc36e","modelName":"Qwen/Qwen3-VL-32B-Instruct","targetModelName":"Qwen/Qwen3-VL-32B-Instruct"}
{"level":"info","ts":1785055917.2297752,"caller":"handlers/server.go:368","msg":"EPP received request","x-request-id":"46370fae-f41f-4aea-8ae4-43b75f620a0b"}
{"level":"info","ts":1785055917.2300022,"caller":"handlers/server.go:368","msg":"EPP received request","x-request-id":"706a4574-129a-4dc2-b4b1-213ce6cbc066"}
{"level":"info","ts":1785055917.2301638,"caller":"handlers/server.go:368","msg":"EPP received request","x-request-id":"37d80f2c-8ddd-42c4-a0cf-9d38efd3b180"}
{"level":"info","ts":1785055917.2303133,"caller":"handlers/server.go:368","msg":"EPP received request","x-request-id":"e88641a1-0a04-4830-896f-205a38afb9d2"}
{"level":"info","ts":1785055917.2303534,"caller":"handlers/server.go:368","msg":"EPP received request","x-request-id":"ddee9ed1-b499-45c3-b309-6f48aca49f92"}
{"level":"info","ts":1785055917.231029,"caller":"handlers/server.go:368","msg":"EPP received request","x-request-id":"4cc52741-6efd-4dc4-851a-753ea9dfb526"}
{"level":"info","ts":1785055917.2310839,"caller":"handlers/server.go:368","msg":"EPP received request","x-request-id":"d1af69fc-201c-4ac4-9ac1-6cda84000efe"}
{"level":"info","ts":1785055917.2418466,"caller":"handlers/server.go:626","msg":"EPP sent request body response(s) to proxy","x-request-id":"1ba6375c-44cb-4231-bec0-66e51a845304","modelName":"Qwen/Qwen3-VL-32B-Instruct","targetModelName":"Qwen/Qwen3-VL-32B-Instruct"}
{"level":"info","ts":1785055917.2460837,"caller":"handlers/server.go:368","msg":"EPP received request","x-request-id":"cdd7970a-4bda-4998-9ae2-8d2428a527c3"}
{"level":"info","ts":1785055917.2564723,"caller":"handlers/server.go:368","msg":"EPP received request","x-request-id":"7ac9bfd6-9bdb-406e-a49e-27e0509c1d8b"}
{"level":"info","ts":1785055917.2571037,"caller":"handlers/server.go:626","msg":"EPP sent request body response(s) to proxy","x-request-id":"aafd163b-5699-47b8-8f71-bd5c4cd255ac","modelName":"Qwen/Qwen3-VL-32B-Instruct","targetModelName":"Qwen/Qwen3-VL-32B-Instruct"}
{"level":"info","ts":1785055917.273708,"caller":"handlers/server.go:368","msg":"EPP received request","x-request-id":"2a898355-02b6-4cff-9a9a-f1401d3c7322"}
{"level":"info","ts":1785055917.2739382,"caller":"handlers/server.go:626","msg":"EPP sent request body response(s) to proxy","x-request-id":"dc0a62d0-4a87-458a-8007-ef64c742c352","modelName":"Qwen/Qwen3-VL-32B-Instruct","targetModelName":"Qwen/Qwen3-VL-32B-Instruct"}
{"level":"info","ts":1785055917.2742057,"caller":"handlers/server.go:368","msg":"EPP received request","x-request-id":"e1154bcd-4cf4-4a15-bf32-007778e39663"}
{"level":"info","ts":1785055917.2743328,"caller":"handlers/server.go:368","msg":"EPP received request","x-request-id":"39a401fa-6a8c-4401-bb93-78b61842a324"}
{"level":"info","ts":1785055917.2768095,"caller":"handlers/server.go:368","msg":"EPP received request","x-request-id":"6965fee7-7d7b-40a0-87e9-9c81e494dcfd"}
{"level":"info","ts":1785055917.2772124,"caller":"handlers/server.go:368","msg":"EPP received request","x-request-id":"d2ce3582-284d-4476-91ee-303cbeb93374"}
{"level":"info","ts":1785055917.277269,"caller":"handlers/server.go:368","msg":"EPP received request","x-request-id":"f0fd9dcc-c27a-4780-9473-a86421889065"}
{"level":"info","ts":1785055917.2837307,"caller":"handlers/server.go:626","msg":"EPP sent request body response(s) to proxy","x-request-id":"d1af69fc-201c-4ac4-9ac1-6cda84000efe","modelName":"Qwen/Qwen3-VL-32B-Instruct","targetModelName":"Qwen/Qwen3-VL-32B-Instruct"}
{"level":"info","ts":1785055917.2858827,"caller":"handlers/server.go:626","msg":"EPP sent request body response(s) to proxy","x-request-id":"bf20de51-b89f-4c6d-95b1-6e3b92c3d2bd","modelName":"Qwen/Qwen3-VL-32B-Instruct","targetModelName":"Qwen/Qwen3-VL-32B-Instruct"}
{"level":"info","ts":1785055917.286554,"caller":"handlers/server.go:626","msg":"EPP sent request body response(s) to proxy","x-request-id":"2b572ba5-2844-4d8d-b75b-4fb4a7ea5223","modelName":"Qwen/Qwen3-VL-32B-Instruct","targetModelName":"Qwen/Qwen3-VL-32B-Instruct"}
{"level":"info","ts":1785055917.2901993,"caller":"handlers/server.go:626","msg":"EPP sent request body response(s) to proxy","x-request-id":"706a4574-129a-4dc2-b4b1-213ce6cbc066","modelName":"Qwen/Qwen3-VL-32B-Instruct","targetModelName":"Qwen/Qwen3-VL-32B-Instruct"}
{"level":"info","ts":1785055917.2928238,"caller":"handlers/server.go:626","msg":"EPP sent request body response(s) to proxy","x-request-id":"e88641a1-0a04-4830-896f-205a38afb9d2","modelName":"Qwen/Qwen3-VL-32B-Instruct","targetModelName":"Qwen/Qwen3-VL-32B-Instruct"}
{"level":"info","ts":1785055917.3020768,"caller":"handlers/server.go:368","msg":"EPP received request","x-request-id":"3dbc476f-4e1a-48f6-bf02-fdf9ff3a536c"}
{"level":"info","ts":1785055917.3028421,"caller":"handlers/server.go:368","msg":"EPP received request","x-request-id":"c034d8f7-7480-491e-9bd2-bc167f1fcce0"}
{"level":"info","ts":1785055917.30453,"caller":"handlers/server.go:368","msg":"EPP received request","x-request-id":"447e8983-2de4-4e1a-8c13-417d4d65d874"}
{"level":"info","ts":1785055917.3056476,"caller":"handlers/server.go:626","msg":"EPP sent request body response(s) to proxy","x-request-id":"931b6bb1-b4c3-4b07-8a50-a27572fb31fa","modelName":"Qwen/Qwen3-VL-32B-Instruct","targetModelName":"Qwen/Qwen3-VL-32B-Instruct"}
{"level":"info","ts":1785055917.3137283,"caller":"handlers/server.go:626","msg":"EPP sent request body response(s) to proxy","x-request-id":"2a898355-02b6-4cff-9a9a-f1401d3c7322","modelName":"Qwen/Qwen3-VL-32B-Instruct","targetModelName":"Qwen/Qwen3-VL-32B-Instruct"}
{"level":"info","ts":1785055917.3165514,"caller":"handlers/server.go:626","msg":"EPP sent request body response(s) to proxy","x-request-id":"6965fee7-7d7b-40a0-87e9-9c81e494dcfd","modelName":"Qwen/Qwen3-VL-32B-Instruct","targetModelName":"Qwen/Qwen3-VL-32B-Instruct"}
{"level":"info","ts":1785055917.3183212,"caller":"handlers/server.go:626","msg":"EPP sent request body response(s) to proxy","x-request-id":"d2ce3582-284d-4476-91ee-303cbeb93374","modelName":"Qwen/Qwen3-VL-32B-Instruct","targetModelName":"Qwen/Qwen3-VL-32B-Instruct"}
{"level":"info","ts":1785055917.32469,"caller":"handlers/server.go:626","msg":"EPP sent request body response(s) to proxy","x-request-id":"782e4b0d-f100-4cb3-b63f-4b9ad18df238","modelName":"Qwen/Qwen3-VL-32B-Instruct","targetModelName":"Qwen/Qwen3-VL-32B-Instruct"}
{"level":"info","ts":1785055917.34202,"caller":"handlers/server.go:368","msg":"EPP received request","x-request-id":"46bbcb5e-0bae-4b6a-ba9f-932b6b5f1c05"}
{"level":"info","ts":1785055917.348191,"caller":"handlers/server.go:626","msg":"EPP sent request body response(s) to proxy","x-request-id":"39a401fa-6a8c-4401-bb93-78b61842a324","modelName":"Qwen/Qwen3-VL-32B-Instruct","targetModelName":"Qwen/Qwen3-VL-32B-Instruct"}
{"level":"info","ts":1785055917.3518875,"caller":"handlers/server.go:368","msg":"EPP received request","x-request-id":"293c43da-a62b-4a7f-802a-20f5fd345ebf"}
{"level":"info","ts":1785055917.3525867,"caller":"handlers/server.go:368","msg":"EPP received request","x-request-id":"71f70452-31e3-4cdd-95fa-0f36bb9d59af"}
{"level":"info","ts":1785055917.3529031,"caller":"handlers/server.go:626","msg":"EPP sent request body response(s) to proxy","x-request-id":"3dbc476f-4e1a-48f6-bf02-fdf9ff3a536c","modelName":"Qwen/Qwen3-VL-32B-Instruct","targetModelName":"Qwen/Qwen3-VL-32B-Instruct"}
{"level":"info","ts":1785055917.3645751,"caller":"handlers/server.go:368","msg":"EPP received request","x-request-id":"9682f59c-f6ee-49c7-9ad8-a3323cf05179"}
{"level":"info","ts":1785055917.365661,"caller":"handlers/server.go:368","msg":"EPP received request","x-request-id":"16375b43-f85c-4405-8c5f-0a04d45c93d0"}
{"level":"info","ts":1785055917.36735,"caller":"handlers/server.go:368","msg":"EPP received request","x-request-id":"c840cab4-1b35-4b80-8709-8bb83d7e5a33"}
{"level":"info","ts":1785055917.367406,"caller":"handlers/server.go:368","msg":"EPP received request","x-request-id":"ebb4ef82-1012-4ad9-8ad8-c8ede6bba3ec"}
{"level":"info","ts":1785055917.3714,"caller":"handlers/server.go:368","msg":"EPP received request","x-request-id":"8ebc6277-ba22-480a-a947-56a796f51009"}
{"level":"info","ts":1785055917.380065,"caller":"handlers/server.go:368","msg":"EPP received request","x-request-id":"da20f265-f798-43bd-9471-6b44518bc356"}
{"level":"info","ts":1785055917.3807676,"caller":"handlers/server.go:368","msg":"EPP received request","x-request-id":"ac8977de-5915-4a44-a983-c56bd5cf51a8"}
{"level":"info","ts":1785055917.3829634,"caller":"handlers/server.go:368","msg":"EPP received request","x-request-id":"d87631e4-2b24-49c1-9629-c523b9f0cf3a"}
{"level":"info","ts":1785055917.3852532,"caller":"handlers/server.go:626","msg":"EPP sent request body response(s) to proxy","x-request-id":"e1154bcd-4cf4-4a15-bf32-007778e39663","modelName":"Qwen/Qwen3-VL-32B-Instruct","targetModelName":"Qwen/Qwen3-VL-32B-Instruct"}
{"level":"info","ts":1785055917.3926315,"caller":"handlers/server.go:626","msg":"EPP sent request body response(s) to proxy","x-request-id":"f0fd9dcc-c27a-4780-9473-a86421889065","modelName":"Qwen/Qwen3-VL-32B-Instruct","targetModelName":"Qwen/Qwen3-VL-32B-Instruct"}
{"level":"info","ts":1785055917.3940237,"caller":"handlers/server.go:368","msg":"EPP received request","x-request-id":"261f3f6a-dc4d-4712-87af-4f3a3179c8ab"}
{"level":"info","ts":1785055917.3949528,"caller":"handlers/server.go:368","msg":"EPP received request","x-request-id":"2961651a-9788-4002-af72-da59d48b120c"}
{"level":"info","ts":1785055917.405047,"caller":"handlers/server.go:626","msg":"EPP sent request body response(s) to proxy","x-request-id":"cdd7970a-4bda-4998-9ae2-8d2428a527c3","modelName":"Qwen/Qwen3-VL-32B-Instruct","targetModelName":"Qwen/Qwen3-VL-32B-Instruct"}
{"level":"info","ts":1785055917.4057643,"caller":"handlers/server.go:626","msg":"EPP sent request body response(s) to proxy","x-request-id":"9682f59c-f6ee-49c7-9ad8-a3323cf05179","modelName":"Qwen/Qwen3-VL-32B-Instruct","targetModelName":"Qwen/Qwen3-VL-32B-Instruct"}
{"level":"info","ts":1785055917.4075675,"caller":"handlers/server.go:626","msg":"EPP sent request body response(s) to proxy","x-request-id":"ff26e537-50b3-4f45-a831-daa49b68ebc5","modelName":"Qwen/Qwen3-VL-32B-Instruct","targetModelName":"Qwen/Qwen3-VL-32B-Instruct"}
{"level":"info","ts":1785055917.4077702,"caller":"handlers/server.go:368","msg":"EPP received request","x-request-id":"2f77431a-c24d-4279-bdf6-6233dfdf2f87"}
{"level":"info","ts":1785055917.4104412,"caller":"handlers/server.go:626","msg":"EPP sent request body response(s) to proxy","x-request-id":"37d80f2c-8ddd-42c4-a0cf-9d38efd3b180","modelName":"Qwen/Qwen3-VL-32B-Instruct","targetModelName":"Qwen/Qwen3-VL-32B-Instruct"}
{"level":"info","ts":1785055917.4220607,"caller":"handlers/server.go:626","msg":"EPP sent request body response(s) to proxy","x-request-id":"71f70452-31e3-4cdd-95fa-0f36bb9d59af","modelName":"Qwen/Qwen3-VL-32B-Instruct","targetModelName":"Qwen/Qwen3-VL-32B-Instruct"}
{"level":"info","ts":1785055917.4221895,"caller":"handlers/server.go:626","msg":"EPP sent request body response(s) to proxy","x-request-id":"ddee9ed1-b499-45c3-b309-6f48aca49f92","modelName":"Qwen/Qwen3-VL-32B-Instruct","targetModelName":"Qwen/Qwen3-VL-32B-Instruct"}
{"level":"info","ts":1785055917.4224925,"caller":"handlers/server.go:626","msg":"EPP sent request body response(s) to proxy","x-request-id":"da20f265-f798-43bd-9471-6b44518bc356","modelName":"Qwen/Qwen3-VL-32B-Instruct","targetModelName":"Qwen/Qwen3-VL-32B-Instruct"}
{"level":"info","ts":1785055917.424916,"caller":"handlers/server.go:626","msg":"EPP sent request body response(s) to proxy","x-request-id":"46bbcb5e-0bae-4b6a-ba9f-932b6b5f1c05","modelName":"Qwen/Qwen3-VL-32B-Instruct","targetModelName":"Qwen/Qwen3-VL-32B-Instruct"}
{"level":"info","ts":1785055917.4367251,"caller":"handlers/server.go:626","msg":"EPP sent request body response(s) to proxy","x-request-id":"46370fae-f41f-4aea-8ae4-43b75f620a0b","modelName":"Qwen/Qwen3-VL-32B-Instruct","targetModelName":"Qwen/Qwen3-VL-32B-Instruct"}
{"level":"info","ts":1785055917.4401853,"caller":"handlers/server.go:626","msg":"EPP sent request body response(s) to proxy","x-request-id":"261f3f6a-dc4d-4712-87af-4f3a3179c8ab","modelName":"Qwen/Qwen3-VL-32B-Instruct","targetModelName":"Qwen/Qwen3-VL-32B-Instruct"}
{"level":"info","ts":1785055917.4456878,"caller":"handlers/server.go:368","msg":"EPP received request","x-request-id":"c78637b1-92dc-4eb9-8a02-9d52400c32f6"}
{"level":"info","ts":1785055917.4457984,"caller":"handlers/server.go:368","msg":"EPP received request","x-request-id":"01607edd-d921-446d-8b32-dcb2b2909ed8"}
{"level":"info","ts":1785055917.4459743,"caller":"handlers/server.go:368","msg":"EPP received request","x-request-id":"b1ffeed0-8c19-9c17-8683-4c1c76623a61"}
{"level":"info","ts":1785055917.446637,"caller":"handlers/server.go:368","msg":"EPP received request","x-request-id":"78157fb2-f386-4022-a36e-d4e594f5ad8c"}
{"level":"info","ts":1785055917.446669,"caller":"handlers/server.go:368","msg":"EPP received request","x-request-id":"83eb0e8d-6c7a-43fe-a761-3836321c471b"}
{"level":"info","ts":1785055917.448916,"caller":"handlers/server.go:368","msg":"EPP received request","x-request-id":"b087938d-9edd-43c4-9ed2-952a30671eda"}
{"level":"info","ts":1785055917.4582846,"caller":"handlers/server.go:368","msg":"EPP received request","x-request-id":"6f4ac110-79cd-95b7-ac7c-bf24c5ec0f4d"}
{"level":"info","ts":1785055917.4681652,"caller":"handlers/server.go:626","msg":"EPP sent request body response(s) to proxy","x-request-id":"4cc52741-6efd-4dc4-851a-753ea9dfb526","modelName":"Qwen/Qwen3-VL-32B-Instruct","targetModelName":"Qwen/Qwen3-VL-32B-Instruct"}
{"level":"info","ts":1785055917.469599,"caller":"handlers/server.go:626","msg":"EPP sent request body response(s) to proxy","x-request-id":"16375b43-f85c-4405-8c5f-0a04d45c93d0","modelName":"Qwen/Qwen3-VL-32B-Instruct","targetModelName":"Qwen/Qwen3-VL-32B-Instruct"}
{"level":"info","ts":1785055917.4725394,"caller":"handlers/server.go:654","msg":"EPP sent response body back to proxy","x-request-id":"bfe055b2-4ffa-40d2-ada0-fc92d2c22cc3"}
{"level":"info","ts":1785055917.4788969,"caller":"handlers/server.go:626","msg":"EPP sent request body response(s) to proxy","x-request-id":"c840cab4-1b35-4b80-8709-8bb83d7e5a33","modelName":"Qwen/Qwen3-VL-32B-Instruct","targetModelName":"Qwen/Qwen3-VL-32B-Instruct"}
{"level":"info","ts":1785055917.4829156,"caller":"handlers/server.go:626","msg":"EPP sent request body response(s) to proxy","x-request-id":"b1ffeed0-8c19-9c17-8683-4c1c76623a61","modelName":"Qwen/Qwen3-VL-32B-Instruct","targetModelName":"Qwen/Qwen3-VL-32B-Instruct"}
{"level":"info","ts":1785055917.4917138,"caller":"handlers/server.go:626","msg":"EPP sent request body response(s) to proxy","x-request-id":"6f4ac110-79cd-95b7-ac7c-bf24c5ec0f4d","modelName":"Qwen/Qwen3-VL-32B-Instruct","targetModelName":"Qwen/Qwen3-VL-32B-Instruct"}
{"level":"info","ts":1785055917.4921632,"caller":"handlers/server.go:626","msg":"EPP sent request body response(s) to proxy","x-request-id":"7ac9bfd6-9bdb-406e-a49e-27e0509c1d8b","modelName":"Qwen/Qwen3-VL-32B-Instruct","targetModelName":"Qwen/Qwen3-VL-32B-Instruct"}
{"level":"info","ts":1785055917.492516,"caller":"handlers/server.go:368","msg":"EPP received request","x-request-id":"c21d93cd-ba54-4520-bbb8-3e25197aefbf"}
{"level":"info","ts":1785055917.492582,"caller":"handlers/server.go:626","msg":"EPP sent request body response(s) to proxy","x-request-id":"78157fb2-f386-4022-a36e-d4e594f5ad8c","modelName":"Qwen/Qwen3-VL-32B-Instruct","targetModelName":"Qwen/Qwen3-VL-32B-Instruct"}
{"level":"info","ts":1785055917.4929416,"caller":"handlers/server.go:368","msg":"EPP received request","x-request-id":"733cbc74-db54-4c9e-9b9a-759a323b8fef"}
{"level":"info","ts":1785055917.497146,"caller":"handlers/server.go:368","msg":"EPP received request","x-request-id":"c824db47-ca8b-4c82-856e-5fa0d9201d90"}
{"level":"info","ts":1785055917.5043578,"caller":"handlers/server.go:626","msg":"EPP sent request body response(s) to proxy","x-request-id":"2f77431a-c24d-4279-bdf6-6233dfdf2f87","modelName":"Qwen/Qwen3-VL-32B-Instruct","targetModelName":"Qwen/Qwen3-VL-32B-Instruct"}
{"level":"info","ts":1785055917.5099194,"caller":"handlers/server.go:626","msg":"EPP sent request body response(s) to proxy","x-request-id":"c034d8f7-7480-491e-9bd2-bc167f1fcce0","modelName":"Qwen/Qwen3-VL-32B-Instruct","targetModelName":"Qwen/Qwen3-VL-32B-Instruct"}
{"level":"info","ts":1785055917.5105836,"caller":"handlers/server.go:626","msg":"EPP sent request body response(s) to proxy","x-request-id":"447e8983-2de4-4e1a-8c13-417d4d65d874","modelName":"Qwen/Qwen3-VL-32B-Instruct","targetModelName":"Qwen/Qwen3-VL-32B-Instruct"}
{"level":"info","ts":1785055917.512102,"caller":"handlers/server.go:626","msg":"EPP sent request body response(s) to proxy","x-request-id":"c78637b1-92dc-4eb9-8a02-9d52400c32f6","modelName":"Qwen/Qwen3-VL-32B-Instruct","targetModelName":"Qwen/Qwen3-VL-32B-Instruct"}
{"level":"info","ts":1785055917.5125823,"caller":"handlers/server.go:626","msg":"EPP sent request body response(s) to proxy","x-request-id":"ac8977de-5915-4a44-a983-c56bd5cf51a8","modelName":"Qwen/Qwen3-VL-32B-Instruct","targetModelName":"Qwen/Qwen3-VL-32B-Instruct"}
{"level":"info","ts":1785055917.5135725,"caller":"handlers/server.go:368","msg":"EPP received request","x-request-id":"771f4171-c124-4414-9bd3-2c35ab2f9d04"}
{"level":"info","ts":1785055917.5137455,"caller":"handlers/server.go:368","msg":"EPP received request","x-request-id":"e0d02797-c12a-4d1b-841b-81accdaaa720"}
{"level":"info","ts":1785055917.5252616,"caller":"handlers/server.go:626","msg":"EPP sent request body response(s) to proxy","x-request-id":"293c43da-a62b-4a7f-802a-20f5fd345ebf","modelName":"Qwen/Qwen3-VL-32B-Instruct","targetModelName":"Qwen/Qwen3-VL-32B-Instruct"}
{"level":"info","ts":1785055917.5304916,"caller":"handlers/server.go:368","msg":"EPP received request","x-request-id":"5b561ca8-07e5-9058-a1c7-dfd4f8fb4092"}
{"level":"info","ts":1785055917.5329514,"caller":"handlers/server.go:626","msg":"EPP sent request body response(s) to proxy","x-request-id":"2961651a-9788-4002-af72-da59d48b120c","modelName":"Qwen/Qwen3-VL-32B-Instruct","targetModelName":"Qwen/Qwen3-VL-32B-Instruct"}
{"level":"info","ts":1785055917.5331228,"caller":"handlers/server.go:368","msg":"EPP received request","x-request-id":"0f42a365-7419-4d3c-9c02-475210969bb2"}
{"level":"info","ts":1785055917.5397265,"caller":"handlers/server.go:626","msg":"EPP sent request body response(s) to proxy","x-request-id":"c21d93cd-ba54-4520-bbb8-3e25197aefbf","modelName":"Qwen/Qwen3-VL-32B-Instruct","targetModelName":"Qwen/Qwen3-VL-32B-Instruct"}
{"level":"info","ts":1785055917.5446856,"caller":"handlers/server.go:626","msg":"EPP sent request body response(s) to proxy","x-request-id":"83eb0e8d-6c7a-43fe-a761-3836321c471b","modelName":"Qwen/Qwen3-VL-32B-Instruct","targetModelName":"Qwen/Qwen3-VL-32B-Instruct"}
{"level":"info","ts":1785055917.5466142,"caller":"handlers/server.go:368","msg":"EPP received request","x-request-id":"873ff22d-f452-47ef-ab66-e6b9d8d4b528"}
{"level":"info","ts":1785055917.5594184,"caller":"handlers/server.go:626","msg":"EPP sent request body response(s) to proxy","x-request-id":"d87631e4-2b24-49c1-9629-c523b9f0cf3a","modelName":"Qwen/Qwen3-VL-32B-Instruct","targetModelName":"Qwen/Qwen3-VL-32B-Instruct"}
{"level":"info","ts":1785055917.5594807,"caller":"handlers/server.go:626","msg":"EPP sent request body response(s) to proxy","x-request-id":"ebb4ef82-1012-4ad9-8ad8-c8ede6bba3ec","modelName":"Qwen/Qwen3-VL-32B-Instruct","targetModelName":"Qwen/Qwen3-VL-32B-Instruct"}
{"level":"info","ts":1785055917.559541,"caller":"handlers/server.go:368","msg":"EPP received request","x-request-id":"3ab90bed-4e9b-4dfb-a353-cc53441f44c3"}
{"level":"info","ts":1785055917.564446,"caller":"handlers/server.go:368","msg":"EPP received request","x-request-id":"70676f23-01db-4518-90e7-9b2eb819457b"}
{"level":"info","ts":1785055917.5688543,"caller":"handlers/server.go:626","msg":"EPP sent request body response(s) to proxy","x-request-id":"5b561ca8-07e5-9058-a1c7-dfd4f8fb4092","modelName":"Qwen/Qwen3-VL-32B-Instruct","targetModelName":"Qwen/Qwen3-VL-32B-Instruct"}
{"level":"info","ts":1785055917.569347,"caller":"handlers/server.go:654","msg":"EPP sent response body back to proxy","x-request-id":"17f31f01-3f0b-4ec8-8f5a-66e80fb3d2de"}
{"level":"info","ts":1785055917.5720973,"caller":"handlers/server.go:368","msg":"EPP received request","x-request-id":"3ca35ac7-ac43-4773-917c-a54ade0dbf11"}
{"level":"info","ts":1785055917.5740514,"caller":"handlers/server.go:626","msg":"EPP sent request body response(s) to proxy","x-request-id":"0f42a365-7419-4d3c-9c02-475210969bb2","modelName":"Qwen/Qwen3-VL-32B-Instruct","targetModelName":"Qwen/Qwen3-VL-32B-Instruct"}
{"level":"info","ts":1785055917.5832992,"caller":"handlers/server.go:626","msg":"EPP sent request body response(s) to proxy","x-request-id":"e0d02797-c12a-4d1b-841b-81accdaaa720","modelName":"Qwen/Qwen3-VL-32B-Instruct","targetModelName":"Qwen/Qwen3-VL-32B-Instruct"}
{"level":"info","ts":1785055917.5928025,"caller":"handlers/server.go:626","msg":"EPP sent request body response(s) to proxy","x-request-id":"b087938d-9edd-43c4-9ed2-952a30671eda","modelName":"Qwen/Qwen3-VL-32B-Instruct","targetModelName":"Qwen/Qwen3-VL-32B-Instruct"}
{"level":"info","ts":1785055917.5992067,"caller":"handlers/server.go:368","msg":"EPP received request","x-request-id":"17e9b7d0-11db-432f-b8ec-ca8daca2e510"}
{"level":"info","ts":1785055917.603266,"caller":"handlers/server.go:626","msg":"EPP sent request body response(s) to proxy","x-request-id":"01607edd-d921-446d-8b32-dcb2b2909ed8","modelName":"Qwen/Qwen3-VL-32B-Instruct","targetModelName":"Qwen/Qwen3-VL-32B-Instruct"}
{"level":"info","ts":1785055917.6033354,"caller":"handlers/server.go:626","msg":"EPP sent request body response(s) to proxy","x-request-id":"771f4171-c124-4414-9bd3-2c35ab2f9d04","modelName":"Qwen/Qwen3-VL-32B-Instruct","targetModelName":"Qwen/Qwen3-VL-32B-Instruct"}
{"level":"info","ts":1785055917.625327,"caller":"handlers/server.go:368","msg":"EPP received request","x-request-id":"766c2561-18e0-45ad-88ba-11ca82487c68"}
{"level":"info","ts":1785055917.6259391,"caller":"handlers/server.go:368","msg":"EPP received request","x-request-id":"cabd7401-a5ba-4c39-8389-19a6b8c692b5"}
{"level":"info","ts":1785055917.6362872,"caller":"handlers/server.go:626","msg":"EPP sent request body response(s) to proxy","x-request-id":"733cbc74-db54-4c9e-9b9a-759a323b8fef","modelName":"Qwen/Qwen3-VL-32B-Instruct","targetModelName":"Qwen/Qwen3-VL-32B-Instruct"}
{"level":"info","ts":1785055917.638082,"caller":"handlers/server.go:368","msg":"EPP received request","x-request-id":"183faa38-9c41-44f5-b1fc-4edfb7a46b9a"}
{"level":"info","ts":1785055917.6381972,"caller":"handlers/server.go:368","msg":"EPP received request","x-request-id":"589e2ab1-8e79-4a8f-8194-fe936ee87e25"}
{"level":"info","ts":1785055917.6381066,"caller":"handlers/server.go:368","msg":"EPP received request","x-request-id":"61e7314f-cd93-43eb-8bf0-fe9436d03107"}
{"level":"info","ts":1785055917.6441612,"caller":"handlers/server.go:626","msg":"EPP sent request body response(s) to proxy","x-request-id":"8ebc6277-ba22-480a-a947-56a796f51009","modelName":"Qwen/Qwen3-VL-32B-Instruct","targetModelName":"Qwen/Qwen3-VL-32B-Instruct"}
{"level":"info","ts":1785055917.6589415,"caller":"handlers/server.go:626","msg":"EPP sent request body response(s) to proxy","x-request-id":"70676f23-01db-4518-90e7-9b2eb819457b","modelName":"Qwen/Qwen3-VL-32B-Instruct","targetModelName":"Qwen/Qwen3-VL-32B-Instruct"}
{"level":"info","ts":1785055917.663212,"caller":"handlers/server.go:368","msg":"EPP received request","x-request-id":"1ec77c80-b9b7-9309-b392-d64b6770c04a"}
{"level":"info","ts":1785055917.6632903,"caller":"handlers/server.go:368","msg":"EPP received request","x-request-id":"f962f616-1603-4d3b-a729-53b485cd3bf5"}
{"level":"info","ts":1785055917.6768715,"caller":"handlers/server.go:368","msg":"EPP received request","x-request-id":"d50666d3-06d6-485f-b799-beac79c75613"}
{"level":"info","ts":1785055917.678223,"caller":"handlers/server.go:368","msg":"EPP received request","x-request-id":"ae8116b2-2a34-4a5a-8e27-a4829db10621"}
{"level":"info","ts":1785055917.6834643,"caller":"handlers/server.go:368","msg":"EPP received request","x-request-id":"901a88e8-71ef-450b-80b1-565ae0ae246f"}
{"level":"info","ts":1785055917.688543,"caller":"handlers/server.go:368","msg":"EPP received request","x-request-id":"c873ea33-1f74-4ea9-83be-3c61565ae6a9"}
{"level":"info","ts":1785055917.6912062,"caller":"handlers/server.go:626","msg":"EPP sent request body response(s) to proxy","x-request-id":"17e9b7d0-11db-432f-b8ec-ca8daca2e510","modelName":"Qwen/Qwen3-VL-32B-Instruct","targetModelName":"Qwen/Qwen3-VL-32B-Instruct"}
{"level":"info","ts":1785055917.6963694,"caller":"handlers/server.go:626","msg":"EPP sent request body response(s) to proxy","x-request-id":"183faa38-9c41-44f5-b1fc-4edfb7a46b9a","modelName":"Qwen/Qwen3-VL-32B-Instruct","targetModelName":"Qwen/Qwen3-VL-32B-Instruct"}
{"level":"info","ts":1785055917.7001102,"caller":"handlers/server.go:626","msg":"EPP sent request body response(s) to proxy","x-request-id":"3ca35ac7-ac43-4773-917c-a54ade0dbf11","modelName":"Qwen/Qwen3-VL-32B-Instruct","targetModelName":"Qwen/Qwen3-VL-32B-Instruct"}
{"level":"info","ts":1785055917.7001479,"caller":"handlers/server.go:368","msg":"EPP received request","x-request-id":"5382a979-bc60-47aa-84fc-faeb36751974"}
{"level":"info","ts":1785055917.7222166,"caller":"handlers/server.go:626","msg":"EPP sent request body response(s) to proxy","x-request-id":"d50666d3-06d6-485f-b799-beac79c75613","modelName":"Qwen/Qwen3-VL-32B-Instruct","targetModelName":"Qwen/Qwen3-VL-32B-Instruct"}
{"level":"info","ts":1785055917.725968,"caller":"handlers/server.go:626","msg":"EPP sent request body response(s) to proxy","x-request-id":"c873ea33-1f74-4ea9-83be-3c61565ae6a9","modelName":"Qwen/Qwen3-VL-32B-Instruct","targetModelName":"Qwen/Qwen3-VL-32B-Instruct"}
{"level":"info","ts":1785055917.7275114,"caller":"handlers/server.go:368","msg":"EPP received request","x-request-id":"2e0eefd4-338d-4566-9662-2c33b3127bb3"}
{"level":"info","ts":1785055917.7311091,"caller":"handlers/server.go:368","msg":"EPP received request","x-request-id":"93b64fda-a268-4ae8-bffd-cc7fa4993e05"}
{"level":"info","ts":1785055917.7385075,"caller":"handlers/server.go:626","msg":"EPP sent request body response(s) to proxy","x-request-id":"c824db47-ca8b-4c82-856e-5fa0d9201d90","modelName":"Qwen/Qwen3-VL-32B-Instruct","targetModelName":"Qwen/Qwen3-VL-32B-Instruct"}
{"level":"info","ts":1785055917.7451386,"caller":"handlers/server.go:626","msg":"EPP sent request body response(s) to proxy","x-request-id":"1ec77c80-b9b7-9309-b392-d64b6770c04a","modelName":"Qwen/Qwen3-VL-32B-Instruct","targetModelName":"Qwen/Qwen3-VL-32B-Instruct"}
{"level":"info","ts":1785055917.764484,"caller":"handlers/server.go:626","msg":"EPP sent request body response(s) to proxy","x-request-id":"61e7314f-cd93-43eb-8bf0-fe9436d03107","modelName":"Qwen/Qwen3-VL-32B-Instruct","targetModelName":"Qwen/Qwen3-VL-32B-Instruct"}
{"level":"info","ts":1785055917.7667415,"caller":"handlers/server.go:626","msg":"EPP sent request body response(s) to proxy","x-request-id":"873ff22d-f452-47ef-ab66-e6b9d8d4b528","modelName":"Qwen/Qwen3-VL-32B-Instruct","targetModelName":"Qwen/Qwen3-VL-32B-Instruct"}
{"level":"info","ts":1785055917.7730198,"caller":"handlers/server.go:368","msg":"EPP received request","x-request-id":"39a68521-902a-4405-9eaa-b8883638c908"}
{"level":"info","ts":1785055917.773209,"caller":"handlers/server.go:368","msg":"EPP received request","x-request-id":"0be3a80c-b3e1-4ad3-8c49-b42f53e8f2c3"}
{"level":"info","ts":1785055917.7827034,"caller":"handlers/server.go:368","msg":"EPP received request","x-request-id":"36dd6515-9d7a-4b7a-b91b-a142ad9981a9"}
{"level":"info","ts":1785055917.7834263,"caller":"handlers/server.go:626","msg":"EPP sent request body response(s) to proxy","x-request-id":"3ab90bed-4e9b-4dfb-a353-cc53441f44c3","modelName":"Qwen/Qwen3-VL-32B-Instruct","targetModelName":"Qwen/Qwen3-VL-32B-Instruct"}
{"level":"info","ts":1785055917.7900953,"caller":"handlers/server.go:626","msg":"EPP sent request body response(s) to proxy","x-request-id":"f962f616-1603-4d3b-a729-53b485cd3bf5","modelName":"Qwen/Qwen3-VL-32B-Instruct","targetModelName":"Qwen/Qwen3-VL-32B-Instruct"}
{"level":"info","ts":1785055917.7986383,"caller":"handlers/server.go:368","msg":"EPP received request","x-request-id":"35b98fab-26af-4e51-b3da-e9ce3921e5ff"}
{"level":"info","ts":1785055917.8029656,"caller":"handlers/server.go:368","msg":"EPP received request","x-request-id":"1dd4035e-80fb-45b4-9e5f-c65bf0414b35"}
{"level":"info","ts":1785055917.8127286,"caller":"handlers/server.go:626","msg":"EPP sent request body response(s) to proxy","x-request-id":"cabd7401-a5ba-4c39-8389-19a6b8c692b5","modelName":"Qwen/Qwen3-VL-32B-Instruct","targetModelName":"Qwen/Qwen3-VL-32B-Instruct"}
{"level":"info","ts":1785055917.8160617,"caller":"handlers/server.go:626","msg":"EPP sent request body response(s) to proxy","x-request-id":"5382a979-bc60-47aa-84fc-faeb36751974","modelName":"Qwen/Qwen3-VL-32B-Instruct","targetModelName":"Qwen/Qwen3-VL-32B-Instruct"}
{"level":"info","ts":1785055917.8258448,"caller":"handlers/server.go:368","msg":"EPP received request","x-request-id":"66d9234f-a773-4c67-856c-1d5251cdf372"}
{"level":"info","ts":1785055917.8258915,"caller":"handlers/server.go:368","msg":"EPP received request","x-request-id":"b07747f3-7532-4059-be8c-a25c5646f278"}
{"level":"info","ts":1785055917.8358347,"caller":"handlers/server.go:626","msg":"EPP sent request body response(s) to proxy","x-request-id":"ae8116b2-2a34-4a5a-8e27-a4829db10621","modelName":"Qwen/Qwen3-VL-32B-Instruct","targetModelName":"Qwen/Qwen3-VL-32B-Instruct"}
{"level":"info","ts":1785055917.8358626,"caller":"handlers/server.go:626","msg":"EPP sent request body response(s) to proxy","x-request-id":"766c2561-18e0-45ad-88ba-11ca82487c68","modelName":"Qwen/Qwen3-VL-32B-Instruct","targetModelName":"Qwen/Qwen3-VL-32B-Instruct"}
{"level":"info","ts":1785055917.842296,"caller":"handlers/server.go:626","msg":"EPP sent request body response(s) to proxy","x-request-id":"589e2ab1-8e79-4a8f-8194-fe936ee87e25","modelName":"Qwen/Qwen3-VL-32B-Instruct","targetModelName":"Qwen/Qwen3-VL-32B-Instruct"}
{"level":"info","ts":1785055917.8486114,"caller":"handlers/server.go:368","msg":"EPP received request","x-request-id":"7dda47ad-badd-41df-aa94-7bbc65003b98"}
{"level":"info","ts":1785055917.8489506,"caller":"handlers/server.go:368","msg":"EPP received request","x-request-id":"bfa3b7e2-5d6d-480f-8339-b6222fdd107a"}
{"level":"info","ts":1785055917.8555095,"caller":"handlers/server.go:626","msg":"EPP sent request body response(s) to proxy","x-request-id":"93b64fda-a268-4ae8-bffd-cc7fa4993e05","modelName":"Qwen/Qwen3-VL-32B-Instruct","targetModelName":"Qwen/Qwen3-VL-32B-Instruct"}
{"level":"info","ts":1785055917.8589044,"caller":"handlers/server.go:368","msg":"EPP received request","x-request-id":"c2d0cea0-dc0d-4821-9d09-31f4aa9bb693"}
{"level":"info","ts":1785055917.869949,"caller":"handlers/server.go:368","msg":"EPP received request","x-request-id":"1b4b79ae-663d-4e5f-aca2-19bc5ba6b306"}
{"level":"info","ts":1785055917.8701425,"caller":"handlers/server.go:368","msg":"EPP received request","x-request-id":"6667b5fb-5250-4f21-bb07-ec5ea7d14b36"}
{"level":"info","ts":1785055917.870673,"caller":"handlers/server.go:368","msg":"EPP received request","x-request-id":"f798b0fc-9ba6-4772-b85a-967b4c9d0002"}
{"level":"info","ts":1785055917.8794386,"caller":"handlers/server.go:626","msg":"EPP sent request body response(s) to proxy","x-request-id":"2e0eefd4-338d-4566-9662-2c33b3127bb3","modelName":"Qwen/Qwen3-VL-32B-Instruct","targetModelName":"Qwen/Qwen3-VL-32B-Instruct"}
{"level":"info","ts":1785055917.8835304,"caller":"handlers/server.go:626","msg":"EPP sent request body response(s) to proxy","x-request-id":"901a88e8-71ef-450b-80b1-565ae0ae246f","modelName":"Qwen/Qwen3-VL-32B-Instruct","targetModelName":"Qwen/Qwen3-VL-32B-Instruct"}
{"level":"info","ts":1785055917.892178,"caller":"handlers/server.go:368","msg":"EPP received request","x-request-id":"630378e9-5977-4ab7-80d0-236100052c62"}
{"level":"info","ts":1785055917.892178,"caller":"handlers/server.go:368","msg":"EPP received request","x-request-id":"b860883b-50c7-4e1b-a254-7b91b74e27a3"}
{"level":"info","ts":1785055917.8935726,"caller":"handlers/server.go:368","msg":"EPP received request","x-request-id":"4fff94dc-d5b9-47d6-970c-27670a8dd86d"}
{"level":"info","ts":1785055917.8940573,"caller":"handlers/server.go:368","msg":"EPP received request","x-request-id":"9e3aa0db-f620-4563-9ab1-606bb9332391"}
{"level":"info","ts":1785055917.8943107,"caller":"handlers/server.go:368","msg":"EPP received request","x-request-id":"33f96c3b-adb5-4c7f-adbf-58bb810e5496"}
{"level":"info","ts":1785055917.9140284,"caller":"handlers/server.go:368","msg":"EPP received request","x-request-id":"4aa20997-3a58-476d-babd-578e21356168"}
{"level":"info","ts":1785055917.9176574,"caller":"handlers/server.go:626","msg":"EPP sent request body response(s) to proxy","x-request-id":"bfa3b7e2-5d6d-480f-8339-b6222fdd107a","modelName":"Qwen/Qwen3-VL-32B-Instruct","targetModelName":"Qwen/Qwen3-VL-32B-Instruct"}
{"level":"info","ts":1785055917.9187484,"caller":"handlers/server.go:368","msg":"EPP received request","x-request-id":"697f7d3a-29fa-47e9-a87f-7066b5e90066"}
{"level":"info","ts":1785055917.9187822,"caller":"handlers/server.go:626","msg":"EPP sent request body response(s) to proxy","x-request-id":"39a68521-902a-4405-9eaa-b8883638c908","modelName":"Qwen/Qwen3-VL-32B-Instruct","targetModelName":"Qwen/Qwen3-VL-32B-Instruct"}
{"level":"info","ts":1785055917.9199674,"caller":"handlers/server.go:368","msg":"EPP received request","x-request-id":"e3f028b2-588e-412e-9661-dc159cc4fa97"}
{"level":"info","ts":1785055917.9265914,"caller":"handlers/server.go:626","msg":"EPP sent request body response(s) to proxy","x-request-id":"6667b5fb-5250-4f21-bb07-ec5ea7d14b36","modelName":"Qwen/Qwen3-VL-32B-Instruct","targetModelName":"Qwen/Qwen3-VL-32B-Instruct"}
{"level":"info","ts":1785055917.9313233,"caller":"handlers/server.go:626","msg":"EPP sent request body response(s) to proxy","x-request-id":"33f96c3b-adb5-4c7f-adbf-58bb810e5496","modelName":"Qwen/Qwen3-VL-32B-Instruct","targetModelName":"Qwen/Qwen3-VL-32B-Instruct"}
{"level":"info","ts":1785055917.9329948,"caller":"handlers/server.go:626","msg":"EPP sent request body response(s) to proxy","x-request-id":"66d9234f-a773-4c67-856c-1d5251cdf372","modelName":"Qwen/Qwen3-VL-32B-Instruct","targetModelName":"Qwen/Qwen3-VL-32B-Instruct"}
{"level":"info","ts":1785055917.9330134,"caller":"handlers/server.go:626","msg":"EPP sent request body response(s) to proxy","x-request-id":"b860883b-50c7-4e1b-a254-7b91b74e27a3","modelName":"Qwen/Qwen3-VL-32B-Instruct","targetModelName":"Qwen/Qwen3-VL-32B-Instruct"}
{"level":"info","ts":1785055917.9374616,"caller":"handlers/server.go:368","msg":"EPP received request","x-request-id":"8b4dc974-39a8-4a65-9a14-ca6312951f39"}
{"level":"info","ts":1785055917.9427533,"caller":"handlers/server.go:626","msg":"EPP sent request body response(s) to proxy","x-request-id":"b07747f3-7532-4059-be8c-a25c5646f278","modelName":"Qwen/Qwen3-VL-32B-Instruct","targetModelName":"Qwen/Qwen3-VL-32B-Instruct"}
{"level":"info","ts":1785055917.9438024,"caller":"handlers/server.go:626","msg":"EPP sent request body response(s) to proxy","x-request-id":"9e3aa0db-f620-4563-9ab1-606bb9332391","modelName":"Qwen/Qwen3-VL-32B-Instruct","targetModelName":"Qwen/Qwen3-VL-32B-Instruct"}
{"level":"info","ts":1785055917.9456885,"caller":"handlers/server.go:368","msg":"EPP received request","x-request-id":"16427287-8c8e-4453-ae6c-2a149032fec8"}
{"level":"info","ts":1785055917.956346,"caller":"handlers/server.go:626","msg":"EPP sent request body response(s) to proxy","x-request-id":"1dd4035e-80fb-45b4-9e5f-c65bf0414b35","modelName":"Qwen/Qwen3-VL-32B-Instruct","targetModelName":"Qwen/Qwen3-VL-32B-Instruct"}
{"level":"info","ts":1785055917.9706366,"caller":"handlers/server.go:626","msg":"EPP sent request body response(s) to proxy","x-request-id":"0be3a80c-b3e1-4ad3-8c49-b42f53e8f2c3","modelName":"Qwen/Qwen3-VL-32B-Instruct","targetModelName":"Qwen/Qwen3-VL-32B-Instruct"}
{"level":"info","ts":1785055917.9789994,"caller":"handlers/server.go:626","msg":"EPP sent request body response(s) to proxy","x-request-id":"4fff94dc-d5b9-47d6-970c-27670a8dd86d","modelName":"Qwen/Qwen3-VL-32B-Instruct","targetModelName":"Qwen/Qwen3-VL-32B-Instruct"}
{"level":"info","ts":1785055917.987993,"caller":"handlers/server.go:626","msg":"EPP sent request body response(s) to proxy","x-request-id":"35b98fab-26af-4e51-b3da-e9ce3921e5ff","modelName":"Qwen/Qwen3-VL-32B-Instruct","targetModelName":"Qwen/Qwen3-VL-32B-Instruct"}
{"level":"info","ts":1785055917.989682,"caller":"handlers/server.go:626","msg":"EPP sent request body response(s) to proxy","x-request-id":"36dd6515-9d7a-4b7a-b91b-a142ad9981a9","modelName":"Qwen/Qwen3-VL-32B-Instruct","targetModelName":"Qwen/Qwen3-VL-32B-Instruct"}
{"level":"info","ts":1785055917.9898555,"caller":"handlers/server.go:368","msg":"EPP received request","x-request-id":"a88a8c49-99df-4f27-9e93-9f3c683bcd8a"}
{"level":"info","ts":1785055917.9899242,"caller":"handlers/server.go:368","msg":"EPP received request","x-request-id":"60cd3bbb-2bc6-4032-91bb-0e26d3d24868"}
{"level":"info","ts":1785055917.989923,"caller":"handlers/server.go:368","msg":"EPP received request","x-request-id":"b70ea602-0ae6-464f-90f2-554b4401a204"}
{"level":"info","ts":1785055917.9900343,"caller":"handlers/server.go:368","msg":"EPP received request","x-request-id":"45b56e23-cd7a-4f75-b52c-f738eee89af6"}
{"level":"info","ts":1785055917.9951718,"caller":"handlers/server.go:626","msg":"EPP sent request body response(s) to proxy","x-request-id":"697f7d3a-29fa-47e9-a87f-7066b5e90066","modelName":"Qwen/Qwen3-VL-32B-Instruct","targetModelName":"Qwen/Qwen3-VL-32B-Instruct"}
{"level":"info","ts":1785055917.9952514,"caller":"handlers/server.go:626","msg":"EPP sent request body response(s) to proxy","x-request-id":"f798b0fc-9ba6-4772-b85a-967b4c9d0002","modelName":"Qwen/Qwen3-VL-32B-Instruct","targetModelName":"Qwen/Qwen3-VL-32B-Instruct"}
{"level":"info","ts":1785055917.9972892,"caller":"handlers/server.go:368","msg":"EPP received request","x-request-id":"cd15d19a-78cb-40bc-a90c-1bae83338db3"}
{"level":"info","ts":1785055918.011574,"caller":"handlers/server.go:368","msg":"EPP received request","x-request-id":"1755fe95-db6f-47b2-82ef-5f8ed199c420"}
{"level":"info","ts":1785055918.0122547,"caller":"handlers/server.go:626","msg":"EPP sent request body response(s) to proxy","x-request-id":"c2d0cea0-dc0d-4821-9d09-31f4aa9bb693","modelName":"Qwen/Qwen3-VL-32B-Instruct","targetModelName":"Qwen/Qwen3-VL-32B-Instruct"}
{"level":"info","ts":1785055918.0154867,"caller":"handlers/server.go:368","msg":"EPP received request","x-request-id":"b4d5801c-14f0-4eaf-99ef-bef8b46504cb"}
{"level":"info","ts":1785055918.0162148,"caller":"handlers/server.go:368","msg":"EPP received request","x-request-id":"01a16e42-5c03-4524-b5f1-f997e7b2a15c"}
{"level":"info","ts":1785055918.0267518,"caller":"handlers/server.go:626","msg":"EPP sent request body response(s) to proxy","x-request-id":"7dda47ad-badd-41df-aa94-7bbc65003b98","modelName":"Qwen/Qwen3-VL-32B-Instruct","targetModelName":"Qwen/Qwen3-VL-32B-Instruct"}
{"level":"info","ts":1785055918.0279832,"caller":"handlers/server.go:626","msg":"EPP sent request body response(s) to proxy","x-request-id":"b70ea602-0ae6-464f-90f2-554b4401a204","modelName":"Qwen/Qwen3-VL-32B-Instruct","targetModelName":"Qwen/Qwen3-VL-32B-Instruct"}
{"level":"info","ts":1785055918.028085,"caller":"handlers/server.go:626","msg":"EPP sent request body response(s) to proxy","x-request-id":"a88a8c49-99df-4f27-9e93-9f3c683bcd8a","modelName":"Qwen/Qwen3-VL-32B-Instruct","targetModelName":"Qwen/Qwen3-VL-32B-Instruct"}
{"level":"info","ts":1785055918.03214,"caller":"handlers/server.go:626","msg":"EPP sent request body response(s) to proxy","x-request-id":"8b4dc974-39a8-4a65-9a14-ca6312951f39","modelName":"Qwen/Qwen3-VL-32B-Instruct","targetModelName":"Qwen/Qwen3-VL-32B-Instruct"}
{"level":"info","ts":1785055918.0329309,"caller":"handlers/server.go:626","msg":"EPP sent request body response(s) to proxy","x-request-id":"e3f028b2-588e-412e-9661-dc159cc4fa97","modelName":"Qwen/Qwen3-VL-32B-Instruct","targetModelName":"Qwen/Qwen3-VL-32B-Instruct"}
{"level":"info","ts":1785055918.0372698,"caller":"handlers/server.go:654","msg":"EPP sent response body back to proxy","x-request-id":"e16e4ba6-07bf-406f-a0fb-dbaf8027542a"}
{"level":"info","ts":1785055918.0552366,"caller":"handlers/server.go:626","msg":"EPP sent request body response(s) to proxy","x-request-id":"16427287-8c8e-4453-ae6c-2a149032fec8","modelName":"Qwen/Qwen3-VL-32B-Instruct","targetModelName":"Qwen/Qwen3-VL-32B-Instruct"}
{"level":"info","ts":1785055918.0587258,"caller":"handlers/server.go:368","msg":"EPP received request","x-request-id":"14a02761-bf31-46ad-98a5-81f85a8f0cc3"}
{"level":"info","ts":1785055918.0587614,"caller":"handlers/server.go:626","msg":"EPP sent request body response(s) to proxy","x-request-id":"b4d5801c-14f0-4eaf-99ef-bef8b46504cb","modelName":"Qwen/Qwen3-VL-32B-Instruct","targetModelName":"Qwen/Qwen3-VL-32B-Instruct"}
{"level":"info","ts":1785055918.0594165,"caller":"handlers/server.go:368","msg":"EPP received request","x-request-id":"52d99805-78b0-4b5e-9a90-745343ef99d8"}
{"level":"info","ts":1785055918.070768,"caller":"handlers/server.go:626","msg":"EPP sent request body response(s) to proxy","x-request-id":"45b56e23-cd7a-4f75-b52c-f738eee89af6","modelName":"Qwen/Qwen3-VL-32B-Instruct","targetModelName":"Qwen/Qwen3-VL-32B-Instruct"}
{"level":"info","ts":1785055918.0767486,"caller":"handlers/server.go:368","msg":"EPP received request","x-request-id":"862947a4-529c-4b6e-83a0-56fef42db77d"}
{"level":"info","ts":1785055918.0770442,"caller":"handlers/server.go:368","msg":"EPP received request","x-request-id":"4bbddb9d-2757-4159-8b91-982a6af7b725"}
{"level":"info","ts":1785055918.0789697,"caller":"handlers/server.go:626","msg":"EPP sent request body response(s) to proxy","x-request-id":"1b4b79ae-663d-4e5f-aca2-19bc5ba6b306","modelName":"Qwen/Qwen3-VL-32B-Instruct","targetModelName":"Qwen/Qwen3-VL-32B-Instruct"}
{"level":"info","ts":1785055918.096152,"caller":"handlers/server.go:626","msg":"EPP sent request body response(s) to proxy","x-request-id":"630378e9-5977-4ab7-80d0-236100052c62","modelName":"Qwen/Qwen3-VL-32B-Instruct","targetModelName":"Qwen/Qwen3-VL-32B-Instruct"}
{"level":"info","ts":1785055918.0981658,"caller":"handlers/server.go:626","msg":"EPP sent request body response(s) to proxy","x-request-id":"4aa20997-3a58-476d-babd-578e21356168","modelName":"Qwen/Qwen3-VL-32B-Instruct","targetModelName":"Qwen/Qwen3-VL-32B-Instruct"}
{"level":"info","ts":1785055918.1028137,"caller":"handlers/server.go:626","msg":"EPP sent request body response(s) to proxy","x-request-id":"14a02761-bf31-46ad-98a5-81f85a8f0cc3","modelName":"Qwen/Qwen3-VL-32B-Instruct","targetModelName":"Qwen/Qwen3-VL-32B-Instruct"}
{"level":"info","ts":1785055918.1038775,"caller":"handlers/server.go:626","msg":"EPP sent request body response(s) to proxy","x-request-id":"01a16e42-5c03-4524-b5f1-f997e7b2a15c","modelName":"Qwen/Qwen3-VL-32B-Instruct","targetModelName":"Qwen/Qwen3-VL-32B-Instruct"}
{"level":"info","ts":1785055918.105344,"caller":"handlers/server.go:368","msg":"EPP received request","x-request-id":"7411f0b6-a04c-4d13-901a-8493f1952b0a"}
{"level":"info","ts":1785055918.1054435,"caller":"handlers/server.go:368","msg":"EPP received request","x-request-id":"c98cd543-6225-9389-bd42-1e9b1fac4472"}
{"level":"info","ts":1785055918.1133595,"caller":"handlers/server.go:368","msg":"EPP received request","x-request-id":"9056a95a-9026-4afe-8524-39e538e43c92"}
{"level":"info","ts":1785055918.116365,"caller":"handlers/server.go:626","msg":"EPP sent request body response(s) to proxy","x-request-id":"862947a4-529c-4b6e-83a0-56fef42db77d","modelName":"Qwen/Qwen3-VL-32B-Instruct","targetModelName":"Qwen/Qwen3-VL-32B-Instruct"}
{"level":"info","ts":1785055918.1271517,"caller":"handlers/server.go:368","msg":"EPP received request","x-request-id":"dda16071-7de1-4dc6-b428-84d76826bb1f"}
{"level":"info","ts":1785055918.1271677,"caller":"handlers/server.go:368","msg":"EPP received request","x-request-id":"9594e08b-2b99-4f29-9fca-e8f7dd55fdd1"}
{"level":"info","ts":1785055918.1381109,"caller":"handlers/server.go:368","msg":"EPP received request","x-request-id":"44019cee-5580-495d-b829-84c3bab6ecec"}
{"level":"info","ts":1785055918.1581285,"caller":"handlers/server.go:626","msg":"EPP sent request body response(s) to proxy","x-request-id":"cd15d19a-78cb-40bc-a90c-1bae83338db3","modelName":"Qwen/Qwen3-VL-32B-Instruct","targetModelName":"Qwen/Qwen3-VL-32B-Instruct"}
{"level":"info","ts":1785055918.1582918,"caller":"handlers/server.go:368","msg":"EPP received request","x-request-id":"ca9d25b6-11af-46c2-80de-1641047b5c17"}
{"level":"info","ts":1785055918.1585226,"caller":"handlers/server.go:368","msg":"EPP received request","x-request-id":"29d3b446-1ac0-43a0-8b79-e119488db20d"}
{"level":"info","ts":1785055918.1687672,"caller":"handlers/server.go:626","msg":"EPP sent request body response(s) to proxy","x-request-id":"1755fe95-db6f-47b2-82ef-5f8ed199c420","modelName":"Qwen/Qwen3-VL-32B-Instruct","targetModelName":"Qwen/Qwen3-VL-32B-Instruct"}
{"level":"info","ts":1785055918.1722355,"caller":"handlers/server.go:626","msg":"EPP sent request body response(s) to proxy","x-request-id":"60cd3bbb-2bc6-4032-91bb-0e26d3d24868","modelName":"Qwen/Qwen3-VL-32B-Instruct","targetModelName":"Qwen/Qwen3-VL-32B-Instruct"}
{"level":"info","ts":1785055918.1825423,"caller":"handlers/server.go:626","msg":"EPP sent request body response(s) to proxy","x-request-id":"9594e08b-2b99-4f29-9fca-e8f7dd55fdd1","modelName":"Qwen/Qwen3-VL-32B-Instruct","targetModelName":"Qwen/Qwen3-VL-32B-Instruct"}
{"level":"info","ts":1785055918.193088,"caller":"handlers/server.go:368","msg":"EPP received request","x-request-id":"46900bc5-d84a-421b-baa9-fe34974727e1"}
{"level":"info","ts":1785055918.2022722,"caller":"handlers/server.go:368","msg":"EPP received request","x-request-id":"469b7efb-de2c-4988-a96c-1c66c318978b"}
{"level":"info","ts":1785055918.2025175,"caller":"handlers/server.go:368","msg":"EPP received request","x-request-id":"64eae515-3b6d-4e32-93b5-5bdca61454bb"}
{"level":"info","ts":1785055918.203195,"caller":"handlers/server.go:368","msg":"EPP received request","x-request-id":"3eecc0a7-1ccf-47ef-aa5a-1814cf4bd1e3"}
{"level":"info","ts":1785055918.2046468,"caller":"handlers/server.go:368","msg":"EPP received request","x-request-id":"57c4ef50-5fdd-4f8f-9070-8a991e1a26cc"}
{"level":"info","ts":1785055918.2046673,"caller":"handlers/server.go:368","msg":"EPP received request","x-request-id":"01503568-e5e9-4766-81c3-37c09d75c07d"}
{"level":"info","ts":1785055918.2130637,"caller":"handlers/server.go:626","msg":"EPP sent request body response(s) to proxy","x-request-id":"29d3b446-1ac0-43a0-8b79-e119488db20d","modelName":"Qwen/Qwen3-VL-32B-Instruct","targetModelName":"Qwen/Qwen3-VL-32B-Instruct"}
{"level":"info","ts":1785055918.2135766,"caller":"handlers/server.go:626","msg":"EPP sent request body response(s) to proxy","x-request-id":"52d99805-78b0-4b5e-9a90-745343ef99d8","modelName":"Qwen/Qwen3-VL-32B-Instruct","targetModelName":"Qwen/Qwen3-VL-32B-Instruct"}
{"level":"info","ts":1785055918.217129,"caller":"handlers/server.go:368","msg":"EPP received request","x-request-id":"26764464-d648-4b04-9aaf-47f40e1d3dcd"}
{"level":"info","ts":1785055918.2182238,"caller":"handlers/server.go:626","msg":"EPP sent request body response(s) to proxy","x-request-id":"7411f0b6-a04c-4d13-901a-8493f1952b0a","modelName":"Qwen/Qwen3-VL-32B-Instruct","targetModelName":"Qwen/Qwen3-VL-32B-Instruct"}
{"level":"info","ts":1785055918.2285614,"caller":"handlers/server.go:626","msg":"EPP sent request body response(s) to proxy","x-request-id":"9056a95a-9026-4afe-8524-39e538e43c92","modelName":"Qwen/Qwen3-VL-32B-Instruct","targetModelName":"Qwen/Qwen3-VL-32B-Instruct"}
{"level":"info","ts":1785055918.237317,"caller":"handlers/server.go:626","msg":"EPP sent request body response(s) to proxy","x-request-id":"44019cee-5580-495d-b829-84c3bab6ecec","modelName":"Qwen/Qwen3-VL-32B-Instruct","targetModelName":"Qwen/Qwen3-VL-32B-Instruct"}
{"level":"info","ts":1785055918.2482636,"caller":"handlers/server.go:626","msg":"EPP sent request body response(s) to proxy","x-request-id":"64eae515-3b6d-4e32-93b5-5bdca61454bb","modelName":"Qwen/Qwen3-VL-32B-Instruct","targetModelName":"Qwen/Qwen3-VL-32B-Instruct"}
{"level":"info","ts":1785055918.2531507,"caller":"handlers/server.go:626","msg":"EPP sent request body response(s) to proxy","x-request-id":"4bbddb9d-2757-4159-8b91-982a6af7b725","modelName":"Qwen/Qwen3-VL-32B-Instruct","targetModelName":"Qwen/Qwen3-VL-32B-Instruct"}
{"level":"info","ts":1785055918.2547653,"caller":"handlers/server.go:626","msg":"EPP sent request body response(s) to proxy","x-request-id":"dda16071-7de1-4dc6-b428-84d76826bb1f","modelName":"Qwen/Qwen3-VL-32B-Instruct","targetModelName":"Qwen/Qwen3-VL-32B-Instruct"}
{"level":"info","ts":1785055918.279541,"caller":"handlers/server.go:626","msg":"EPP sent request body response(s) to proxy","x-request-id":"c98cd543-6225-9389-bd42-1e9b1fac4472","modelName":"Qwen/Qwen3-VL-32B-Instruct","targetModelName":"Qwen/Qwen3-VL-32B-Instruct"}
{"level":"info","ts":1785055918.3001463,"caller":"handlers/server.go:626","msg":"EPP sent request body response(s) to proxy","x-request-id":"3eecc0a7-1ccf-47ef-aa5a-1814cf4bd1e3","modelName":"Qwen/Qwen3-VL-32B-Instruct","targetModelName":"Qwen/Qwen3-VL-32B-Instruct"}
{"level":"info","ts":1785055918.3030913,"caller":"handlers/server.go:626","msg":"EPP sent request body response(s) to proxy","x-request-id":"01503568-e5e9-4766-81c3-37c09d75c07d","modelName":"Qwen/Qwen3-VL-32B-Instruct","targetModelName":"Qwen/Qwen3-VL-32B-Instruct"}
{"level":"info","ts":1785055918.305886,"caller":"handlers/server.go:626","msg":"EPP sent request body response(s) to proxy","x-request-id":"57c4ef50-5fdd-4f8f-9070-8a991e1a26cc","modelName":"Qwen/Qwen3-VL-32B-Instruct","targetModelName":"Qwen/Qwen3-VL-32B-Instruct"}
{"level":"info","ts":1785055918.3075776,"caller":"handlers/server.go:626","msg":"EPP sent request body response(s) to proxy","x-request-id":"ca9d25b6-11af-46c2-80de-1641047b5c17","modelName":"Qwen/Qwen3-VL-32B-Instruct","targetModelName":"Qwen/Qwen3-VL-32B-Instruct"}
{"level":"info","ts":1785055918.323243,"caller":"handlers/server.go:626","msg":"EPP sent request body response(s) to proxy","x-request-id":"469b7efb-de2c-4988-a96c-1c66c318978b","modelName":"Qwen/Qwen3-VL-32B-Instruct","targetModelName":"Qwen/Qwen3-VL-32B-Instruct"}
{"level":"info","ts":1785055918.3275647,"caller":"handlers/server.go:654","msg":"EPP sent response body back to proxy","x-request-id":"fdf618b5-9c9a-4481-89e8-8f97a770e9f3"}
{"level":"info","ts":1785055918.3280873,"caller":"handlers/server.go:626","msg":"EPP sent request body response(s) to proxy","x-request-id":"46900bc5-d84a-421b-baa9-fe34974727e1","modelName":"Qwen/Qwen3-VL-32B-Instruct","targetModelName":"Qwen/Qwen3-VL-32B-Instruct"}
{"level":"info","ts":1785055918.3449588,"caller":"handlers/server.go:626","msg":"EPP sent request body response(s) to proxy","x-request-id":"26764464-d648-4b04-9aaf-47f40e1d3dcd","modelName":"Qwen/Qwen3-VL-32B-Instruct","targetModelName":"Qwen/Qwen3-VL-32B-Instruct"}
{"level":"info","ts":1785055918.6396449,"caller":"handlers/server.go:654","msg":"EPP sent response body back to proxy","x-request-id":"1507037d-f98e-4704-bd46-185606dcf102"}
{"level":"info","ts":1785055918.7850807,"caller":"handlers/server.go:654","msg":"EPP sent response body back to proxy","x-request-id":"ce2fecef-6c14-4e79-8104-f448ec44d235"}
{"level":"info","ts":1785055919.4645348,"caller":"handlers/server.go:654","msg":"EPP sent response body back to proxy","x-request-id":"c08a1bc0-b542-4c66-933a-8390d8f16744"}
{"level":"info","ts":1785055919.7503695,"caller":"handlers/server.go:654","msg":"EPP sent response body back to proxy","x-request-id":"78442a31-6d67-4c69-9d61-5f6e5f30b7a7"}
{"level":"info","ts":1785055919.8831549,"caller":"handlers/server.go:654","msg":"EPP sent response body back to proxy","x-request-id":"1a5cb83c-20d6-482d-acfb-2f1be47b95b4"}
{"level":"info","ts":1785055920.0597444,"caller":"handlers/server.go:654","msg":"EPP sent response body back to proxy","x-request-id":"0c4cd1f8-1680-43fa-b39a-612946935aad"}
{"level":"info","ts":1785055920.1770265,"caller":"handlers/server.go:654","msg":"EPP sent response body back to proxy","x-request-id":"5f848e8c-7f49-4f5b-89f9-85d6796608a2"}
{"level":"info","ts":1785055920.273434,"caller":"handlers/server.go:654","msg":"EPP sent response body back to proxy","x-request-id":"3aa1f22a-a8df-4a31-a337-9056bec9fe33"}
{"level":"info","ts":1785055920.3031647,"caller":"handlers/server.go:654","msg":"EPP sent response body back to proxy","x-request-id":"273ef248-e4aa-4f8d-87f4-2435d786bc63"}
{"level":"info","ts":1785055920.816023,"caller":"handlers/server.go:654","msg":"EPP sent response body back to proxy","x-request-id":"088d7e6a-131b-49e3-9fea-94ab6b0727de"}
{"level":"info","ts":1785055921.7033134,"caller":"handlers/server.go:654","msg":"EPP sent response body back to proxy","x-request-id":"6a296d46-ab9e-4350-b8e2-55275afc8e75"}
{"level":"info","ts":1785055921.9787853,"caller":"handlers/server.go:654","msg":"EPP sent response body back to proxy","x-request-id":"7a624d49-6652-43cf-a9c0-283f563e26d9"}
{"level":"info","ts":1785055922.1747723,"caller":"handlers/server.go:654","msg":"EPP sent response body back to proxy","x-request-id":"a169036e-1a5f-4d60-8bc1-907fd0f60a26"}
{"level":"info","ts":1785055922.208407,"caller":"handlers/server.go:654","msg":"EPP sent response body back to proxy","x-request-id":"2c873390-2f24-4f76-a26a-409b35066a20"}
{"level":"info","ts":1785055922.2911437,"caller":"handlers/server.go:654","msg":"EPP sent response body back to proxy","x-request-id":"aa01de9b-1a99-4453-aba2-d05d7210fdbe"}
{"level":"info","ts":1785055922.3136663,"caller":"handlers/server.go:654","msg":"EPP sent response body back to proxy","x-request-id":"c301f751-e7a3-4ef4-985e-c546d6b29e78"}
{"level":"info","ts":1785055922.7216687,"caller":"handlers/server.go:654","msg":"EPP sent response body back to proxy","x-request-id":"917fbfbe-cd4b-424f-a61b-3072570a9de1"}
{"level":"info","ts":1785055923.573232,"caller":"handlers/server.go:654","msg":"EPP sent response body back to proxy","x-request-id":"8bb1773b-dc32-45b3-bfba-c547558d48d5"}
{"level":"info","ts":1785055923.5850422,"caller":"handlers/server.go:654","msg":"EPP sent response body back to proxy","x-request-id":"725f5ebc-1838-4501-b298-0a05344a31e3"}
{"level":"info","ts":1785055923.8316019,"caller":"handlers/server.go:654","msg":"EPP sent response body back to proxy","x-request-id":"8e43f5a7-5c26-4998-9b4f-28e3a26297ed"}
{"level":"info","ts":1785055924.3377082,"caller":"handlers/server.go:654","msg":"EPP sent response body back to proxy","x-request-id":"cf04b251-6d14-4be0-b21a-5e2fa98b15c9"}
{"level":"info","ts":1785055924.3851194,"caller":"handlers/server.go:654","msg":"EPP sent response body back to proxy","x-request-id":"6b195ed9-e266-4fc7-8fff-7a7346b62a45"}
{"level":"info","ts":1785055924.506533,"caller":"handlers/server.go:654","msg":"EPP sent response body back to proxy","x-request-id":"af03d075-ff08-42fe-bccb-c366541d42c0"}
{"level":"info","ts":1785055924.5758336,"caller":"handlers/server.go:654","msg":"EPP sent response body back to proxy","x-request-id":"a9de2f06-2b69-4fc4-b8bd-eb5f4a8b5c06"}
{"level":"info","ts":1785055924.9476788,"caller":"handlers/server.go:654","msg":"EPP sent response body back to proxy","x-request-id":"5e23c324-82be-4838-9459-0c90b6f45055"}
{"level":"info","ts":1785055925.0728323,"caller":"handlers/server.go:654","msg":"EPP sent response body back to proxy","x-request-id":"6d7f6c35-f8c4-4177-8a6c-5189758b01aa"}
{"level":"info","ts":1785055925.1857524,"caller":"handlers/server.go:654","msg":"EPP sent response body back to proxy","x-request-id":"08a02583-0757-4895-9e32-ead81c1b60e2"}
{"level":"info","ts":1785055925.3831058,"caller":"handlers/server.go:654","msg":"EPP sent response body back to proxy","x-request-id":"d97f70fa-74ed-4573-9a2c-563149f8ec38"}
{"level":"info","ts":1785055925.52647,"caller":"handlers/server.go:654","msg":"EPP sent response body back to proxy","x-request-id":"06f8322d-412b-48b9-aa6c-7b107bad6179"}
{"level":"info","ts":1785055925.5976558,"caller":"handlers/server.go:654","msg":"EPP sent response body back to proxy","x-request-id":"946c682e-7310-40ae-9c12-6f52eb5fe345"}
{"level":"info","ts":1785055925.5976832,"caller":"handlers/server.go:654","msg":"EPP sent response body back to proxy","x-request-id":"06de499c-9043-440b-bfd2-6a6d2b910777"}
{"level":"info","ts":1785055925.5976949,"caller":"handlers/server.go:654","msg":"EPP sent response body back to proxy","x-request-id":"b47e9276-eb42-46c5-9d9d-e040e7233d05"}
{"level":"info","ts":1785055926.11742,"caller":"handlers/server.go:654","msg":"EPP sent response body back to proxy","x-request-id":"519d559f-23b0-4a31-8d85-4fa0075c80ec"}
{"level":"info","ts":1785055926.1625419,"caller":"handlers/server.go:654","msg":"EPP sent response body back to proxy","x-request-id":"f1c5b2ca-dbdd-4222-9b51-8bd1783d5a00"}
{"level":"info","ts":1785055926.375483,"caller":"handlers/server.go:654","msg":"EPP sent response body back to proxy","x-request-id":"ac88d302-87ce-493a-910b-128e9c8c5a57"}
{"level":"info","ts":1785055926.3755746,"caller":"handlers/server.go:654","msg":"EPP sent response body back to proxy","x-request-id":"ec286c2e-ab8c-4276-a9c8-b7290074a4bc"}
{"level":"info","ts":1785055926.5449982,"caller":"handlers/server.go:654","msg":"EPP sent response body back to proxy","x-request-id":"5c9bf331-8b10-48ae-80d3-0dff3527b58c"}
{"level":"info","ts":1785055926.7213154,"caller":"handlers/server.go:654","msg":"EPP sent response body back to proxy","x-request-id":"3b8970de-fcda-4395-bbe3-b96758b4993a"}
{"level":"info","ts":1785055927.1745334,"caller":"handlers/server.go:654","msg":"EPP sent response body back to proxy","x-request-id":"f73acfbe-e244-4d18-956e-55a5f3450386"}
{"level":"info","ts":1785055927.3523595,"caller":"handlers/server.go:654","msg":"EPP sent response body back to proxy","x-request-id":"75adc8aa-0808-47ef-926d-16af8be525a9"}
{"level":"info","ts":1785055927.3524275,"caller":"handlers/server.go:654","msg":"EPP sent response body back to proxy","x-request-id":"efb75546-a185-45f7-9d6d-9eca7d283c36"}
{"level":"info","ts":1785055927.741869,"caller":"handlers/server.go:654","msg":"EPP sent response body back to proxy","x-request-id":"5afd29f5-93be-4259-86bd-a472a2d97275"}
{"level":"info","ts":1785055927.7419562,"caller":"handlers/server.go:654","msg":"EPP sent response body back to proxy","x-request-id":"ee344a58-2540-47c1-8999-6768f8dc280a"}
{"level":"info","ts":1785055927.8681536,"caller":"handlers/server.go:654","msg":"EPP sent response body back to proxy","x-request-id":"0700d9f1-06d1-4570-ac88-569ef3c7fe85"}
{"level":"info","ts":1785055927.868175,"caller":"handlers/server.go:654","msg":"EPP sent response body back to proxy","x-request-id":"143e102f-6701-41b2-9057-77aef932db3d"}
{"level":"info","ts":1785055928.1888127,"caller":"handlers/server.go:654","msg":"EPP sent response body back to proxy","x-request-id":"8a352732-ccb0-4b30-b124-1c7885fadf35"}
{"level":"info","ts":1785055928.1888385,"caller":"handlers/server.go:654","msg":"EPP sent response body back to proxy","x-request-id":"b6918e6a-f989-45e0-af10-27451ebd800f"}
{"level":"info","ts":1785055928.188922,"caller":"handlers/server.go:654","msg":"EPP sent response body back to proxy","x-request-id":"b0d5a1d6-bb9f-4836-986f-9f2e0b5b8f61"}
{"level":"info","ts":1785055928.3571804,"caller":"handlers/server.go:654","msg":"EPP sent response body back to proxy","x-request-id":"bc5634f1-1a16-4183-9da9-15c73cc55cd9"}
{"level":"info","ts":1785055928.3572173,"caller":"handlers/server.go:654","msg":"EPP sent response body back to proxy","x-request-id":"8a9f6c9c-45e3-42fb-8d2d-8dd8d5a7904a"}
{"level":"info","ts":1785055928.4573052,"caller":"handlers/server.go:654","msg":"EPP sent response body back to proxy","x-request-id":"a6a662a3-96cf-4a56-90a1-7734c6384dbb"}
{"level":"info","ts":1785055928.7448254,"caller":"handlers/server.go:654","msg":"EPP sent response body back to proxy","x-request-id":"fd0cfa65-04b2-4352-8efd-9f3e30e40f8b"}
{"level":"info","ts":1785055928.943746,"caller":"handlers/server.go:654","msg":"EPP sent response body back to proxy","x-request-id":"507cc8a9-0416-468d-87a0-713a2fbda4a1"}
{"level":"info","ts":1785055929.0652282,"caller":"handlers/server.go:654","msg":"EPP sent response body back to proxy","x-request-id":"f342e492-fe64-4de1-8bc9-f3ed8d23e8d6"}
{"level":"info","ts":1785055929.065277,"caller":"handlers/server.go:654","msg":"EPP sent response body back to proxy","x-request-id":"79468626-6310-4271-bad0-c5dd9a8432ee"}
{"level":"info","ts":1785055929.075223,"caller":"handlers/server.go:654","msg":"EPP sent response body back to proxy","x-request-id":"f73cfa77-9dae-40a2-86d7-1f29193cce96"}
{"level":"info","ts":1785055929.0753622,"caller":"handlers/server.go:654","msg":"EPP sent response body back to proxy","x-request-id":"1b10c702-e0cc-4516-bbfc-9450bfa468d4"}
{"level":"info","ts":1785055929.3009593,"caller":"handlers/server.go:654","msg":"EPP sent response body back to proxy","x-request-id":"149845cb-9e13-452d-a1eb-3c78088ee1b0"}
{"level":"info","ts":1785055929.300965,"caller":"handlers/server.go:654","msg":"EPP sent response body back to proxy","x-request-id":"bbc67666-89df-4204-b822-0b35cd243ca8"}
{"level":"info","ts":1785055929.574738,"caller":"handlers/server.go:654","msg":"EPP sent response body back to proxy","x-request-id":"9de550a1-8052-4bee-ab79-fdcb73c2c0ac"}
{"level":"info","ts":1785055929.678218,"caller":"handlers/server.go:654","msg":"EPP sent response body back to proxy","x-request-id":"17ce4dd4-d4c7-417e-af38-f0c4c60b5543"}
{"level":"info","ts":1785055929.7693527,"caller":"handlers/server.go:654","msg":"EPP sent response body back to proxy","x-request-id":"a99fd8b0-2b55-4ccd-b800-f46bc5851f4a"}
{"level":"info","ts":1785055929.895574,"caller":"handlers/server.go:654","msg":"EPP sent response body back to proxy","x-request-id":"619dce79-0d8f-44b6-be71-673142f753bf"}
{"level":"info","ts":1785055929.8956673,"caller":"handlers/server.go:654","msg":"EPP sent response body back to proxy","x-request-id":"699ed700-e924-4624-9533-7af27d02025e"}
{"level":"info","ts":1785055930.583835,"caller":"handlers/server.go:654","msg":"EPP sent response body back to proxy","x-request-id":"fec2fe49-a2aa-455e-962f-5fe0bc075a98"}
{"level":"info","ts":1785055930.5838983,"caller":"handlers/server.go:654","msg":"EPP sent response body back to proxy","x-request-id":"923e6c60-ace4-40c2-a51f-a5f8f826f6ad"}
{"level":"info","ts":1785055930.8399742,"caller":"handlers/server.go:654","msg":"EPP sent response body back to proxy","x-request-id":"03973a00-7ef3-4a47-a0a2-fe6e309a0091"}
{"level":"info","ts":1785055930.8400102,"caller":"handlers/server.go:654","msg":"EPP sent response body back to proxy","x-request-id":"5dd36fcd-fbbe-4983-b5aa-067f353837dc"}
{"level":"info","ts":1785055930.8400435,"caller":"handlers/server.go:654","msg":"EPP sent response body back to proxy","x-request-id":"de8bc5fe-1701-46b2-9b39-a64ee45335f4"}
{"level":"info","ts":1785055931.133005,"caller":"handlers/server.go:654","msg":"EPP sent response body back to proxy","x-request-id":"ac4069b3-0025-4e96-a2f9-6050795b21bf"}
{"level":"info","ts":1785055931.1330304,"caller":"handlers/server.go:654","msg":"EPP sent response body back to proxy","x-request-id":"06d3822d-755e-4413-bbb8-32ebd33168be"}
{"level":"info","ts":1785055931.1338172,"caller":"handlers/server.go:654","msg":"EPP sent response body back to proxy","x-request-id":"fe0d7927-c800-431d-be84-2f468abd8b59"}
{"level":"info","ts":1785055931.7175379,"caller":"handlers/server.go:654","msg":"EPP sent response body back to proxy","x-request-id":"c015a7d9-2dd7-48fe-b1b9-fe2f54c36c22"}
{"level":"info","ts":1785055931.7176366,"caller":"handlers/server.go:654","msg":"EPP sent response body back to proxy","x-request-id":"17c6b418-a139-4ef9-b380-68bd8d5df7ab"}
{"level":"info","ts":1785055931.7403424,"caller":"handlers/server.go:654","msg":"EPP sent response body back to proxy","x-request-id":"4fc6dead-8b06-4b9a-a304-1badac9b9966"}
{"level":"info","ts":1785055932.0429206,"caller":"handlers/server.go:654","msg":"EPP sent response body back to proxy","x-request-id":"2545e3e3-81dd-4d26-af4c-90def8b57ca8"}
{"level":"info","ts":1785055932.2624624,"caller":"controller/pod_reconciler.go:97","msg":"Pod added","controller":"pod","controllerGroup":"","controllerKind":"Pod","Pod":{"name":"epd-nvidia-gpu-vllm-prefill-688d795cbf-scwrs","namespace":"dpikus-epd-sglang-bench"},"namespace":"dpikus-epd-sglang-bench","name":"epd-nvidia-gpu-vllm-prefill-688d795cbf-scwrs","reconcileID":"57c5d4c1-6b37-463f-89f0-8bdbb985602d"}
{"level":"info","ts":1785055932.279362,"caller":"handlers/server.go:654","msg":"EPP sent response body back to proxy","x-request-id":"7efdb90b-563e-4038-bf1c-59448016b56c"}
{"level":"info","ts":1785055932.3425364,"caller":"handlers/server.go:654","msg":"EPP sent response body back to proxy","x-request-id":"524433e4-5404-49fd-a917-11a9cf5f868d"}
{"level":"info","ts":1785055932.546002,"caller":"handlers/server.go:654","msg":"EPP sent response body back to proxy","x-request-id":"fed2de8b-fb80-4b5e-b52c-f33a071f5369"}
{"level":"info","ts":1785055932.546016,"caller":"handlers/server.go:654","msg":"EPP sent response body back to proxy","x-request-id":"9a3beb4c-3083-46c4-ad81-e462776d8da8"}
{"level":"info","ts":1785055932.546063,"caller":"handlers/server.go:654","msg":"EPP sent response body back to proxy","x-request-id":"855569c8-03a3-4002-afb8-df4aa6e9d151"}
{"level":"info","ts":1785055932.5461268,"caller":"handlers/server.go:654","msg":"EPP sent response body back to proxy","x-request-id":"5ad3f41f-0986-97d0-9eea-8f314c59c9fb"}
{"level":"info","ts":1785055932.878392,"caller":"handlers/server.go:654","msg":"EPP sent response body back to proxy","x-request-id":"27990412-2dee-4233-9430-48949331d718"}
{"level":"info","ts":1785055932.9616575,"caller":"handlers/server.go:654","msg":"EPP sent response body back to proxy","x-request-id":"4a834d73-b0ec-40a4-9191-d3eccfe832f3"}
{"level":"info","ts":1785055932.961692,"caller":"handlers/server.go:654","msg":"EPP sent response body back to proxy","x-request-id":"000922f9-3fe3-4caa-8ee4-f974957b43b9"}
{"level":"info","ts":1785055933.473654,"caller":"handlers/server.go:654","msg":"EPP sent response body back to proxy","x-request-id":"db4c13b9-b2a3-4164-bc5e-68c4b62eee11"}
{"level":"info","ts":1785055933.473663,"caller":"handlers/server.go:654","msg":"EPP sent response body back to proxy","x-request-id":"e2996beb-9c18-467b-8283-fb5063234733"}
{"level":"info","ts":1785055933.5300524,"caller":"handlers/server.go:654","msg":"EPP sent response body back to proxy","x-request-id":"885e9d59-cf4b-4643-ab39-991ee8b625ba"}
{"level":"info","ts":1785055933.7416525,"caller":"handlers/server.go:654","msg":"EPP sent response body back to proxy","x-request-id":"1c01277b-1dbb-49b1-8d77-cb03c57df63c"}
{"level":"info","ts":1785055934.0574641,"caller":"handlers/server.go:654","msg":"EPP sent response body back to proxy","x-request-id":"2101e939-6606-4ed8-9bb2-448bb3c8f440"}
{"level":"info","ts":1785055934.1387703,"caller":"handlers/server.go:654","msg":"EPP sent response body back to proxy","x-request-id":"93215155-0e04-4ef9-8991-61dafa0ef452"}
{"level":"info","ts":1785055934.232228,"caller":"handlers/server.go:654","msg":"EPP sent response body back to proxy","x-request-id":"675de616-3860-44f0-8283-c47a14220112"}
{"level":"info","ts":1785055934.232418,"caller":"handlers/server.go:654","msg":"EPP sent response body back to proxy","x-request-id":"e88641a1-0a04-4830-896f-205a38afb9d2"}
{"level":"info","ts":1785055934.2324438,"caller":"handlers/server.go:654","msg":"EPP sent response body back to proxy","x-request-id":"fa4f7eeb-c3c0-4056-aa2c-0a70ed87efd8"}
{"level":"info","ts":1785055934.6579561,"caller":"handlers/server.go:654","msg":"EPP sent response body back to proxy","x-request-id":"9174ca41-4a09-44dd-8bc1-2e26a7d5c57c"}
{"level":"info","ts":1785055934.7331207,"caller":"handlers/server.go:654","msg":"EPP sent response body back to proxy","x-request-id":"03e39ba4-1c05-4889-8a1c-b3574c95da23"}
{"level":"info","ts":1785055935.0422046,"caller":"handlers/server.go:654","msg":"EPP sent response body back to proxy","x-request-id":"727012d2-4449-4f01-8e4e-912473bdae20"}
{"level":"info","ts":1785055935.2397027,"caller":"handlers/server.go:654","msg":"EPP sent response body back to proxy","x-request-id":"6b830674-5737-4db4-9ad2-e2a2599a8dd5"}
{"level":"info","ts":1785055935.3626506,"caller":"handlers/server.go:654","msg":"EPP sent response body back to proxy","x-request-id":"a763f010-1cfd-4589-8bc3-4f2bf1f316bc"}
{"level":"info","ts":1785055935.8144512,"caller":"handlers/server.go:654","msg":"EPP sent response body back to proxy","x-request-id":"d1af69fc-201c-4ac4-9ac1-6cda84000efe"}
{"level":"info","ts":1785055935.8144608,"caller":"handlers/server.go:654","msg":"EPP sent response body back to proxy","x-request-id":"10a4bafa-c026-4282-867c-a72e74a2ec39"}
{"level":"info","ts":1785055935.8665693,"caller":"handlers/server.go:654","msg":"EPP sent response body back to proxy","x-request-id":"814eb6bd-8f92-4af9-a3e6-c8397c0d05e6"}
{"level":"info","ts":1785055935.866603,"caller":"handlers/server.go:654","msg":"EPP sent response body back to proxy","x-request-id":"3dbc476f-4e1a-48f6-bf02-fdf9ff3a536c"}
{"level":"info","ts":1785055935.9551306,"caller":"handlers/server.go:654","msg":"EPP sent response body back to proxy","x-request-id":"b2fb1092-0976-4dfb-9a71-0e5a18d42938"}
{"level":"info","ts":1785055936.3854413,"caller":"handlers/server.go:654","msg":"EPP sent response body back to proxy","x-request-id":"90576f1d-5c40-4070-b831-858d5dde4eb7"}
{"level":"info","ts":1785055936.556531,"caller":"handlers/server.go:654","msg":"EPP sent response body back to proxy","x-request-id":"62323fce-aa3d-47bc-b963-9186e0f44653"}
{"level":"info","ts":1785055936.5565364,"caller":"handlers/server.go:654","msg":"EPP sent response body back to proxy","x-request-id":"4d3766e2-0e21-45c5-a11b-e211db335577"}
{"level":"info","ts":1785055936.9832623,"caller":"handlers/server.go:654","msg":"EPP sent response body back to proxy","x-request-id":"96855017-5f11-4103-b81d-96e30dba4ff1"}
{"level":"info","ts":1785055937.1043751,"caller":"handlers/server.go:654","msg":"EPP sent response body back to proxy","x-request-id":"706a4574-129a-4dc2-b4b1-213ce6cbc066"}
{"level":"info","ts":1785055937.1044488,"caller":"handlers/server.go:654","msg":"EPP sent response body back to proxy","x-request-id":"2a898355-02b6-4cff-9a9a-f1401d3c7322"}
{"level":"info","ts":1785055937.1706448,"caller":"handlers/server.go:654","msg":"EPP sent response body back to proxy","x-request-id":"b1ffeed0-8c19-9c17-8683-4c1c76623a61"}
{"level":"info","ts":1785055937.1706605,"caller":"handlers/server.go:654","msg":"EPP sent response body back to proxy","x-request-id":"1f59e39a-b914-49e0-9a50-2b287e3b57e0"}
{"level":"info","ts":1785055937.1706858,"caller":"handlers/server.go:654","msg":"EPP sent response body back to proxy","x-request-id":"71f70452-31e3-4cdd-95fa-0f36bb9d59af"}
{"level":"info","ts":1785055937.5692446,"caller":"handlers/server.go:654","msg":"EPP sent response body back to proxy","x-request-id":"6918f7ec-7c09-4caa-b1fc-f49782b7d4ae"}
{"level":"info","ts":1785055937.5693088,"caller":"handlers/server.go:654","msg":"EPP sent response body back to proxy","x-request-id":"41900c8c-0256-4547-8e7b-22111eb0dd46"}
{"level":"info","ts":1785055937.7106128,"caller":"handlers/server.go:654","msg":"EPP sent response body back to proxy","x-request-id":"71c5c0aa-f2b7-42e0-a1d8-3bd5e708bf31"}
{"level":"info","ts":1785055937.7106125,"caller":"handlers/server.go:654","msg":"EPP sent response body back to proxy","x-request-id":"d2ce3582-284d-4476-91ee-303cbeb93374"}
{"level":"info","ts":1785055937.7232213,"caller":"handlers/server.go:654","msg":"EPP sent response body back to proxy","x-request-id":"64f817db-2712-4426-930d-b8bde9bc1591"}
{"level":"info","ts":1785055937.9413419,"caller":"handlers/server.go:654","msg":"EPP sent response body back to proxy","x-request-id":"da20f265-f798-43bd-9471-6b44518bc356"}
{"level":"info","ts":1785055937.9414206,"caller":"handlers/server.go:654","msg":"EPP sent response body back to proxy","x-request-id":"9682f59c-f6ee-49c7-9ad8-a3323cf05179"}
{"level":"info","ts":1785055938.1076007,"caller":"handlers/server.go:654","msg":"EPP sent response body back to proxy","x-request-id":"6965fee7-7d7b-40a0-87e9-9c81e494dcfd"}
{"level":"info","ts":1785055938.1076148,"caller":"handlers/server.go:654","msg":"EPP sent response body back to proxy","x-request-id":"9f5ac4dc-22ad-44de-b548-06c1fe7696eb"}
{"level":"info","ts":1785055938.3400064,"caller":"handlers/server.go:654","msg":"EPP sent response body back to proxy","x-request-id":"e1e3d699-f35e-43d5-9758-a20967f2684b"}
{"level":"info","ts":1785055938.7121065,"caller":"handlers/server.go:654","msg":"EPP sent response body back to proxy","x-request-id":"261f3f6a-dc4d-4712-87af-4f3a3179c8ab"}
{"level":"info","ts":1785055938.9209235,"caller":"handlers/server.go:654","msg":"EPP sent response body back to proxy","x-request-id":"fb63e05e-42c0-4b43-bff0-c5b0063c7dc8"}
{"level":"info","ts":1785055938.9982772,"caller":"handlers/server.go:654","msg":"EPP sent response body back to proxy","x-request-id":"e7788032-d3e0-4b18-bd1b-020d405de827"}
{"level":"info","ts":1785055938.99831,"caller":"handlers/server.go:654","msg":"EPP sent response body back to proxy","x-request-id":"6f4ac110-79cd-95b7-ac7c-bf24c5ec0f4d"}
{"level":"info","ts":1785055939.3058867,"caller":"handlers/server.go:654","msg":"EPP sent response body back to proxy","x-request-id":"efa5dcdb-1b11-4075-9775-73bb28b94d71"}
{"level":"info","ts":1785055939.3059244,"caller":"handlers/server.go:654","msg":"EPP sent response body back to proxy","x-request-id":"78157fb2-f386-4022-a36e-d4e594f5ad8c"}
{"level":"info","ts":1785055939.3059523,"caller":"handlers/server.go:654","msg":"EPP sent response body back to proxy","x-request-id":"39a401fa-6a8c-4401-bb93-78b61842a324"}
{"level":"info","ts":1785055939.456544,"caller":"handlers/server.go:654","msg":"EPP sent response body back to proxy","x-request-id":"0f42a365-7419-4d3c-9c02-475210969bb2"}
{"level":"info","ts":1785055939.4565632,"caller":"handlers/server.go:654","msg":"EPP sent response body back to proxy","x-request-id":"bcb5a8fe-d9fe-40d6-9d9c-d984c99d4f92"}
{"level":"info","ts":1785055939.83059,"caller":"handlers/server.go:654","msg":"EPP sent response body back to proxy","x-request-id":"5b561ca8-07e5-9058-a1c7-dfd4f8fb4092"}
{"level":"info","ts":1785055939.8305893,"caller":"handlers/server.go:654","msg":"EPP sent response body back to proxy","x-request-id":"c21d93cd-ba54-4520-bbb8-3e25197aefbf"}
{"level":"info","ts":1785055940.0752728,"caller":"handlers/server.go:654","msg":"EPP sent response body back to proxy","x-request-id":"c873ea33-1f74-4ea9-83be-3c61565ae6a9"}
{"level":"info","ts":1785055940.075309,"caller":"handlers/server.go:654","msg":"EPP sent response body back to proxy","x-request-id":"493e7839-1422-4fb3-9601-8051fd0bb11f"}
{"level":"info","ts":1785055940.2406437,"caller":"handlers/server.go:654","msg":"EPP sent response body back to proxy","x-request-id":"55cb315f-a4f2-408c-be56-4f880d191344"}
{"level":"info","ts":1785055940.4241672,"caller":"handlers/server.go:654","msg":"EPP sent response body back to proxy","x-request-id":"46bbcb5e-0bae-4b6a-ba9f-932b6b5f1c05"}
{"level":"info","ts":1785055940.5991635,"caller":"handlers/server.go:654","msg":"EPP sent response body back to proxy","x-request-id":"d65dcc1f-6115-42ef-970b-9da2e668f75b"}
{"level":"info","ts":1785055940.8397734,"caller":"handlers/server.go:654","msg":"EPP sent response body back to proxy","x-request-id":"44b2b3d7-8b38-4bf8-91d3-0bae84493916"}
{"level":"info","ts":1785055941.00758,"caller":"handlers/server.go:654","msg":"EPP sent response body back to proxy","x-request-id":"d50666d3-06d6-485f-b799-beac79c75613"}
{"level":"info","ts":1785055941.007651,"caller":"handlers/server.go:654","msg":"EPP sent response body back to proxy","x-request-id":"c78637b1-92dc-4eb9-8a02-9d52400c32f6"}
{"level":"info","ts":1785055941.0076513,"caller":"handlers/server.go:654","msg":"EPP sent response body back to proxy","x-request-id":"a4575aca-fa50-45ba-aabb-815f4a6ca773"}
{"level":"info","ts":1785055941.4458506,"caller":"handlers/server.go:654","msg":"EPP sent response body back to proxy","x-request-id":"572fecb7-7215-4224-8e07-d15ff82cc36e"}
{"level":"info","ts":1785055941.4458485,"caller":"handlers/server.go:654","msg":"EPP sent response body back to proxy","x-request-id":"183faa38-9c41-44f5-b1fc-4edfb7a46b9a"}
{"level":"info","ts":1785055941.4458706,"caller":"handlers/server.go:654","msg":"EPP sent response body back to proxy","x-request-id":"b4d5801c-14f0-4eaf-99ef-bef8b46504cb"}
{"level":"info","ts":1785055941.5650473,"caller":"handlers/server.go:654","msg":"EPP sent response body back to proxy","x-request-id":"2f77431a-c24d-4279-bdf6-6233dfdf2f87"}
{"level":"info","ts":1785055941.821321,"caller":"handlers/server.go:654","msg":"EPP sent response body back to proxy","x-request-id":"c0c528d1-2de8-4567-9206-c9037f60ec1e"}
{"level":"info","ts":1785055942.1941257,"caller":"handlers/server.go:654","msg":"EPP sent response body back to proxy","x-request-id":"70a7a68f-38ce-4c89-a09d-d9142e521817"}
{"level":"info","ts":1785055942.3948376,"caller":"handlers/server.go:654","msg":"EPP sent response body back to proxy","x-request-id":"bf20de51-b89f-4c6d-95b1-6e3b92c3d2bd"}
{"level":"info","ts":1785055942.3949423,"caller":"handlers/server.go:654","msg":"EPP sent response body back to proxy","x-request-id":"b860883b-50c7-4e1b-a254-7b91b74e27a3"}
{"level":"info","ts":1785055942.6771572,"caller":"handlers/server.go:654","msg":"EPP sent response body back to proxy","x-request-id":"63f7be60-1593-4c6f-a842-a76817453643"}
{"level":"info","ts":1785055942.7466688,"caller":"handlers/server.go:654","msg":"EPP sent response body back to proxy","x-request-id":"33f96c3b-adb5-4c7f-adbf-58bb810e5496"}
{"level":"info","ts":1785055942.746721,"caller":"handlers/server.go:654","msg":"EPP sent response body back to proxy","x-request-id":"f0fd9dcc-c27a-4780-9473-a86421889065"}
{"level":"info","ts":1785055942.9232094,"caller":"handlers/server.go:654","msg":"EPP sent response body back to proxy","x-request-id":"c840cab4-1b35-4b80-8709-8bb83d7e5a33"}
{"level":"info","ts":1785055942.9232533,"caller":"handlers/server.go:654","msg":"EPP sent response body back to proxy","x-request-id":"e0d02797-c12a-4d1b-841b-81accdaaa720"}
{"level":"info","ts":1785055943.2589362,"caller":"handlers/server.go:654","msg":"EPP sent response body back to proxy","x-request-id":"76c5bf6c-6283-4e40-abbc-9de256f26b1c"}
{"level":"info","ts":1785055943.3290555,"caller":"handlers/server.go:654","msg":"EPP sent response body back to proxy","x-request-id":"16375b43-f85c-4405-8c5f-0a04d45c93d0"}
{"level":"info","ts":1785055943.329095,"caller":"handlers/server.go:654","msg":"EPP sent response body back to proxy","x-request-id":"6667b5fb-5250-4f21-bb07-ec5ea7d14b36"}
{"level":"info","ts":1785055943.4814525,"caller":"handlers/server.go:654","msg":"EPP sent response body back to proxy","x-request-id":"3ca35ac7-ac43-4773-917c-a54ade0dbf11"}
{"level":"info","ts":1785055943.8585546,"caller":"handlers/server.go:654","msg":"EPP sent response body back to proxy","x-request-id":"e1154bcd-4cf4-4a15-bf32-007778e39663"}
{"level":"info","ts":1785055943.90583,"caller":"handlers/server.go:654","msg":"EPP sent response body back to proxy","x-request-id":"70676f23-01db-4518-90e7-9b2eb819457b"}
{"level":"info","ts":1785055943.9058774,"caller":"handlers/server.go:654","msg":"EPP sent response body back to proxy","x-request-id":"9e3aa0db-f620-4563-9ab1-606bb9332391"}
{"level":"info","ts":1785055944.0818038,"caller":"handlers/server.go:654","msg":"EPP sent response body back to proxy","x-request-id":"293c43da-a62b-4a7f-802a-20f5fd345ebf"}
{"level":"info","ts":1785055944.4474819,"caller":"handlers/server.go:654","msg":"EPP sent response body back to proxy","x-request-id":"d87631e4-2b24-49c1-9629-c523b9f0cf3a"}
{"level":"info","ts":1785055944.477266,"caller":"handlers/server.go:654","msg":"EPP sent response body back to proxy","x-request-id":"bfa3b7e2-5d6d-480f-8339-b6222fdd107a"}
{"level":"info","ts":1785055944.477325,"caller":"handlers/server.go:654","msg":"EPP sent response body back to proxy","x-request-id":"53be5d8a-8d15-4645-bb1b-6ac1fe79f967"}
{"level":"info","ts":1785055944.4876697,"caller":"handlers/server.go:654","msg":"EPP sent response body back to proxy","x-request-id":"cdd7970a-4bda-4998-9ae2-8d2428a527c3"}
{"level":"info","ts":1785055945.067018,"caller":"handlers/server.go:654","msg":"EPP sent response body back to proxy","x-request-id":"b70ea602-0ae6-464f-90f2-554b4401a204"}
{"level":"info","ts":1785055945.0695288,"caller":"handlers/server.go:654","msg":"EPP sent response body back to proxy","x-request-id":"771f4171-c124-4414-9bd3-2c35ab2f9d04"}
{"level":"info","ts":1785055945.612808,"caller":"handlers/server.go:654","msg":"EPP sent response body back to proxy","x-request-id":"37d80f2c-8ddd-42c4-a0cf-9d38efd3b180"}
{"level":"info","ts":1785055945.6128721,"caller":"handlers/server.go:654","msg":"EPP sent response body back to proxy","x-request-id":"a88a8c49-99df-4f27-9e93-9f3c683bcd8a"}
{"level":"info","ts":1785055945.702123,"caller":"handlers/server.go:654","msg":"EPP sent response body back to proxy","x-request-id":"aafd163b-5699-47b8-8f71-bd5c4cd255ac"}
{"level":"info","ts":1785055945.7082977,"caller":"handlers/server.go:654","msg":"EPP sent response body back to proxy","x-request-id":"1a9524c8-3def-493a-a8e0-e106926dd5d4"}
{"level":"info","ts":1785055946.2348132,"caller":"handlers/server.go:654","msg":"EPP sent response body back to proxy","x-request-id":"1ba6375c-44cb-4231-bec0-66e51a845304"}
{"level":"info","ts":1785055946.2835531,"caller":"handlers/server.go:654","msg":"EPP sent response body back to proxy","x-request-id":"2b572ba5-2844-4d8d-b75b-4fb4a7ea5223"}
{"level":"info","ts":1785055946.318202,"caller":"handlers/server.go:654","msg":"EPP sent response body back to proxy","x-request-id":"931b6bb1-b4c3-4b07-8a50-a27572fb31fa"}
{"level":"info","ts":1785055946.3182847,"caller":"handlers/server.go:654","msg":"EPP sent response body back to proxy","x-request-id":"64eae515-3b6d-4e32-93b5-5bdca61454bb"}
{"level":"info","ts":1785055946.8271768,"caller":"handlers/server.go:654","msg":"EPP sent response body back to proxy","x-request-id":"46370fae-f41f-4aea-8ae4-43b75f620a0b"}
{"level":"info","ts":1785055946.8616128,"caller":"handlers/server.go:654","msg":"EPP sent response body back to proxy","x-request-id":"1ec77c80-b9b7-9309-b392-d64b6770c04a"}
{"level":"info","ts":1785055946.8616557,"caller":"handlers/server.go:654","msg":"EPP sent response body back to proxy","x-request-id":"17e9b7d0-11db-432f-b8ec-ca8daca2e510"}
{"level":"info","ts":1785055946.8849158,"caller":"handlers/server.go:654","msg":"EPP sent response body back to proxy","x-request-id":"93b64fda-a268-4ae8-bffd-cc7fa4993e05"}
{"level":"info","ts":1785055946.9410884,"caller":"controller/pod_reconciler.go:97","msg":"Pod added","controller":"pod","controllerGroup":"","controllerKind":"Pod","Pod":{"name":"epd-nvidia-gpu-vllm-prefill-688d795cbf-nfgdn","namespace":"dpikus-epd-sglang-bench"},"namespace":"dpikus-epd-sglang-bench","name":"epd-nvidia-gpu-vllm-prefill-688d795cbf-nfgdn","reconcileID":"e9630e11-1400-4758-98bf-f875394c6378"}
{"level":"info","ts":1785055947.397489,"caller":"handlers/server.go:654","msg":"EPP sent response body back to proxy","x-request-id":"66d9234f-a773-4c67-856c-1d5251cdf372"}
{"level":"info","ts":1785055947.397494,"caller":"handlers/server.go:654","msg":"EPP sent response body back to proxy","x-request-id":"14a02761-bf31-46ad-98a5-81f85a8f0cc3"}
{"level":"info","ts":1785055947.4592166,"caller":"handlers/server.go:654","msg":"EPP sent response body back to proxy","x-request-id":"ac8977de-5915-4a44-a983-c56bd5cf51a8"}
{"level":"info","ts":1785055947.4993398,"caller":"handlers/server.go:654","msg":"EPP sent response body back to proxy","x-request-id":"01607edd-d921-446d-8b32-dcb2b2909ed8"}
{"level":"info","ts":1785055947.968181,"caller":"handlers/server.go:654","msg":"EPP sent response body back to proxy","x-request-id":"733cbc74-db54-4c9e-9b9a-759a323b8fef"}
{"level":"info","ts":1785055948.0495718,"caller":"handlers/server.go:654","msg":"EPP sent response body back to proxy","x-request-id":"01a16e42-5c03-4524-b5f1-f997e7b2a15c"}
{"level":"info","ts":1785055948.0495877,"caller":"handlers/server.go:654","msg":"EPP sent response body back to proxy","x-request-id":"45b56e23-cd7a-4f75-b52c-f738eee89af6"}
{"level":"info","ts":1785055948.0642602,"caller":"handlers/server.go:654","msg":"EPP sent response body back to proxy","x-request-id":"83eb0e8d-6c7a-43fe-a761-3836321c471b"}
{"level":"info","ts":1785055948.5786698,"caller":"handlers/server.go:654","msg":"EPP sent response body back to proxy","x-request-id":"782e4b0d-f100-4cb3-b63f-4b9ad18df238"}
{"level":"info","ts":1785055948.6335351,"caller":"handlers/server.go:654","msg":"EPP sent response body back to proxy","x-request-id":"7dda47ad-badd-41df-aa94-7bbc65003b98"}
{"level":"info","ts":1785055948.6735446,"caller":"handlers/server.go:654","msg":"EPP sent response body back to proxy","x-request-id":"ddee9ed1-b499-45c3-b309-6f48aca49f92"}
{"level":"info","ts":1785055949.1781485,"caller":"handlers/server.go:654","msg":"EPP sent response body back to proxy","x-request-id":"7ac9bfd6-9bdb-406e-a49e-27e0509c1d8b"}
{"level":"info","ts":1785055949.233841,"caller":"handlers/server.go:654","msg":"EPP sent response body back to proxy","x-request-id":"873ff22d-f452-47ef-ab66-e6b9d8d4b528"}
{"level":"info","ts":1785055949.268778,"caller":"handlers/server.go:654","msg":"EPP sent response body back to proxy","x-request-id":"862947a4-529c-4b6e-83a0-56fef42db77d"}
{"level":"info","ts":1785055949.2688417,"caller":"handlers/server.go:654","msg":"EPP sent response body back to proxy","x-request-id":"dc0a62d0-4a87-458a-8007-ef64c742c352"}
{"level":"info","ts":1785055949.7788389,"caller":"handlers/server.go:654","msg":"EPP sent response body back to proxy","x-request-id":"447e8983-2de4-4e1a-8c13-417d4d65d874"}
{"level":"info","ts":1785055949.840236,"caller":"handlers/server.go:654","msg":"EPP sent response body back to proxy","x-request-id":"29d3b446-1ac0-43a0-8b79-e119488db20d"}
{"level":"info","ts":1785055949.8402648,"caller":"handlers/server.go:654","msg":"EPP sent response body back to proxy","x-request-id":"9594e08b-2b99-4f29-9fca-e8f7dd55fdd1"}
{"level":"info","ts":1785055949.850479,"caller":"handlers/server.go:654","msg":"EPP sent response body back to proxy","x-request-id":"8ebc6277-ba22-480a-a947-56a796f51009"}
{"level":"info","ts":1785055950.3602242,"caller":"handlers/server.go:654","msg":"EPP sent response body back to proxy","x-request-id":"4fff94dc-d5b9-47d6-970c-27670a8dd86d"}
{"level":"info","ts":1785055950.4568067,"caller":"handlers/server.go:654","msg":"EPP sent response body back to proxy","x-request-id":"c034d8f7-7480-491e-9bd2-bc167f1fcce0"}
{"level":"info","ts":1785055950.456839,"caller":"handlers/server.go:654","msg":"EPP sent response body back to proxy","x-request-id":"8b4dc974-39a8-4a65-9a14-ca6312951f39"}
{"level":"info","ts":1785055950.4650624,"caller":"handlers/server.go:654","msg":"EPP sent response body back to proxy","x-request-id":"36dd6515-9d7a-4b7a-b91b-a142ad9981a9"}
{"level":"info","ts":1785055950.9853024,"caller":"handlers/server.go:654","msg":"EPP sent response body back to proxy","x-request-id":"ff26e537-50b3-4f45-a831-daa49b68ebc5"}
{"level":"info","ts":1785055951.0430098,"caller":"handlers/server.go:654","msg":"EPP sent response body back to proxy","x-request-id":"697f7d3a-29fa-47e9-a87f-7066b5e90066"}
{"level":"info","ts":1785055951.5400274,"caller":"handlers/server.go:654","msg":"EPP sent response body back to proxy","x-request-id":"61e7314f-cd93-43eb-8bf0-fe9436d03107"}
{"level":"info","ts":1785055951.6475933,"caller":"handlers/server.go:654","msg":"EPP sent response body back to proxy","x-request-id":"f962f616-1603-4d3b-a729-53b485cd3bf5"}
{"level":"info","ts":1785055951.6759303,"caller":"handlers/server.go:654","msg":"EPP sent response body back to proxy","x-request-id":"3ab90bed-4e9b-4dfb-a353-cc53441f44c3"}
{"level":"info","ts":1785055952.1342747,"caller":"handlers/server.go:654","msg":"EPP sent response body back to proxy","x-request-id":"5382a979-bc60-47aa-84fc-faeb36751974"}
{"level":"info","ts":1785055952.2335396,"caller":"handlers/server.go:654","msg":"EPP sent response body back to proxy","x-request-id":"b087938d-9edd-43c4-9ed2-952a30671eda"}
{"level":"info","ts":1785055952.2508664,"caller":"handlers/server.go:654","msg":"EPP sent response body back to proxy","x-request-id":"c2d0cea0-dc0d-4821-9d09-31f4aa9bb693"}
{"level":"info","ts":1785055952.6984363,"caller":"handlers/server.go:654","msg":"EPP sent response body back to proxy","x-request-id":"2961651a-9788-4002-af72-da59d48b120c"}
{"level":"info","ts":1785055952.6984613,"caller":"handlers/server.go:654","msg":"EPP sent response body back to proxy","x-request-id":"f798b0fc-9ba6-4772-b85a-967b4c9d0002"}
{"level":"info","ts":1785055952.8402667,"caller":"handlers/server.go:654","msg":"EPP sent response body back to proxy","x-request-id":"39a68521-902a-4405-9eaa-b8883638c908"}
{"level":"info","ts":1785055952.846307,"caller":"handlers/server.go:654","msg":"EPP sent response body back to proxy","x-request-id":"9056a95a-9026-4afe-8524-39e538e43c92"}
{"level":"info","ts":1785055953.4597752,"caller":"handlers/server.go:654","msg":"EPP sent response body back to proxy","x-request-id":"766c2561-18e0-45ad-88ba-11ca82487c68"}
{"level":"info","ts":1785055953.4660528,"caller":"handlers/server.go:654","msg":"EPP sent response body back to proxy","x-request-id":"4cc52741-6efd-4dc4-851a-753ea9dfb526"}
{"level":"info","ts":1785055953.6988323,"caller":"handlers/server.go:654","msg":"EPP sent response body back to proxy","x-request-id":"589e2ab1-8e79-4a8f-8194-fe936ee87e25"}
{"level":"info","ts":1785055953.6988492,"caller":"handlers/server.go:654","msg":"EPP sent response body back to proxy","x-request-id":"e3f028b2-588e-412e-9661-dc159cc4fa97"}
{"level":"info","ts":1785055954.0484257,"caller":"handlers/server.go:654","msg":"EPP sent response body back to proxy","x-request-id":"dda16071-7de1-4dc6-b428-84d76826bb1f"}
{"level":"info","ts":1785055954.0526803,"caller":"handlers/server.go:654","msg":"EPP sent response body back to proxy","x-request-id":"b07747f3-7532-4059-be8c-a25c5646f278"}
{"level":"info","ts":1785055954.0528007,"caller":"handlers/server.go:654","msg":"EPP sent response body back to proxy","x-request-id":"1dd4035e-80fb-45b4-9e5f-c65bf0414b35"}
{"level":"info","ts":1785055954.6664846,"caller":"handlers/server.go:654","msg":"EPP sent response body back to proxy","x-request-id":"901a88e8-71ef-450b-80b1-565ae0ae246f"}
{"level":"info","ts":1785055954.674219,"caller":"handlers/server.go:654","msg":"EPP sent response body back to proxy","x-request-id":"cabd7401-a5ba-4c39-8389-19a6b8c692b5"}
{"level":"info","ts":1785055954.8859503,"caller":"handlers/server.go:654","msg":"EPP sent response body back to proxy","x-request-id":"2e0eefd4-338d-4566-9662-2c33b3127bb3"}
{"level":"info","ts":1785055955.2556279,"caller":"handlers/server.go:654","msg":"EPP sent response body back to proxy","x-request-id":"01503568-e5e9-4766-81c3-37c09d75c07d"}
{"level":"info","ts":1785055955.496563,"caller":"handlers/server.go:654","msg":"EPP sent response body back to proxy","x-request-id":"c824db47-ca8b-4c82-856e-5fa0d9201d90"}
{"level":"info","ts":1785055955.8555558,"caller":"handlers/server.go:654","msg":"EPP sent response body back to proxy","x-request-id":"cd15d19a-78cb-40bc-a90c-1bae83338db3"}
{"level":"info","ts":1785055955.878302,"caller":"handlers/server.go:654","msg":"EPP sent response body back to proxy","x-request-id":"ebb4ef82-1012-4ad9-8ad8-c8ede6bba3ec"}
{"level":"info","ts":1785055956.0651212,"caller":"handlers/server.go:654","msg":"EPP sent response body back to proxy","x-request-id":"7411f0b6-a04c-4d13-901a-8493f1952b0a"}
{"level":"info","ts":1785055956.065208,"caller":"handlers/server.go:654","msg":"EPP sent response body back to proxy","x-request-id":"3eecc0a7-1ccf-47ef-aa5a-1814cf4bd1e3"}
{"level":"info","ts":1785055956.416425,"caller":"handlers/server.go:654","msg":"EPP sent response body back to proxy","x-request-id":"60cd3bbb-2bc6-4032-91bb-0e26d3d24868"}
{"level":"info","ts":1785055956.4894314,"caller":"handlers/server.go:654","msg":"EPP sent response body back to proxy","x-request-id":"16427287-8c8e-4453-ae6c-2a149032fec8"}
{"level":"info","ts":1785055956.675074,"caller":"handlers/server.go:654","msg":"EPP sent response body back to proxy","x-request-id":"630378e9-5977-4ab7-80d0-236100052c62"}
{"level":"info","ts":1785055957.0156333,"caller":"handlers/server.go:654","msg":"EPP sent response body back to proxy","x-request-id":"46900bc5-d84a-421b-baa9-fe34974727e1"}
{"level":"info","ts":1785055957.1056635,"caller":"handlers/server.go:654","msg":"EPP sent response body back to proxy","x-request-id":"ae8116b2-2a34-4a5a-8e27-a4829db10621"}
{"level":"info","ts":1785055957.2340782,"caller":"handlers/server.go:654","msg":"EPP sent response body back to proxy","x-request-id":"1755fe95-db6f-47b2-82ef-5f8ed199c420"}
{"level":"info","ts":1785055957.2361374,"caller":"handlers/server.go:654","msg":"EPP sent response body back to proxy","x-request-id":"26764464-d648-4b04-9aaf-47f40e1d3dcd"}
{"level":"info","ts":1785055957.70596,"caller":"handlers/server.go:654","msg":"EPP sent response body back to proxy","x-request-id":"44019cee-5580-495d-b829-84c3bab6ecec"}
{"level":"info","ts":1785055957.7059834,"caller":"handlers/server.go:654","msg":"EPP sent response body back to proxy","x-request-id":"35b98fab-26af-4e51-b3da-e9ce3921e5ff"}
{"level":"info","ts":1785055958.283548,"caller":"handlers/server.go:654","msg":"EPP sent response body back to proxy","x-request-id":"57c4ef50-5fdd-4f8f-9070-8a991e1a26cc"}
{"level":"info","ts":1785055958.4381971,"caller":"handlers/server.go:654","msg":"EPP sent response body back to proxy","x-request-id":"0be3a80c-b3e1-4ad3-8c49-b42f53e8f2c3"}
{"level":"info","ts":1785055958.8943849,"caller":"handlers/server.go:654","msg":"EPP sent response body back to proxy","x-request-id":"1b4b79ae-663d-4e5f-aca2-19bc5ba6b306"}
{"level":"info","ts":1785055959.0180585,"caller":"handlers/server.go:654","msg":"EPP sent response body back to proxy","x-request-id":"52d99805-78b0-4b5e-9a90-745343ef99d8"}
{"level":"info","ts":1785055959.492374,"caller":"handlers/server.go:654","msg":"EPP sent response body back to proxy","x-request-id":"4aa20997-3a58-476d-babd-578e21356168"}
{"level":"info","ts":1785055959.6151612,"caller":"handlers/server.go:654","msg":"EPP sent response body back to proxy","x-request-id":"ca9d25b6-11af-46c2-80de-1641047b5c17"}
{"level":"info","ts":1785055960.0121782,"caller":"handlers/server.go:654","msg":"EPP sent response body back to proxy","x-request-id":"4bbddb9d-2757-4159-8b91-982a6af7b725"}
{"level":"info","ts":1785055960.085195,"caller":"handlers/server.go:654","msg":"EPP sent response body back to proxy","x-request-id":"469b7efb-de2c-4988-a96c-1c66c318978b"}
{"level":"info","ts":1785055960.7481756,"caller":"handlers/server.go:654","msg":"EPP sent response body back to proxy","x-request-id":"c98cd543-6225-9389-bd42-1e9b1fac4472"}
{"level":"info","ts":1785056020.9376202,"caller":"controller/pod_reconciler.go:97","msg":"Pod added","controller":"pod","controllerGroup":"","controllerKind":"Pod","Pod":{"name":"epd-nvidia-gpu-vllm-prefill-688d795cbf-nfgdn","namespace":"dpikus-epd-sglang-bench"},"namespace":"dpikus-epd-sglang-bench","name":"epd-nvidia-gpu-vllm-prefill-688d795cbf-nfgdn","reconcileID":"ae037f52-4bc6-4122-8ce5-ff9de4255f02"}
{"level":"info","ts":1785056082.2634058,"caller":"controller/pod_reconciler.go:97","msg":"Pod added","controller":"pod","controllerGroup":"","controllerKind":"Pod","Pod":{"name":"epd-nvidia-gpu-vllm-prefill-688d795cbf-scwrs","namespace":"dpikus-epd-sglang-bench"},"namespace":"dpikus-epd-sglang-bench","name":"epd-nvidia-gpu-vllm-prefill-688d795cbf-scwrs","reconcileID":"0756a15b-acfc-4553-b493-a8057c8524d1"}
{"level":"info","ts":1785056095.9381857,"caller":"controller/pod_reconciler.go:97","msg":"Pod added","controller":"pod","controllerGroup":"","controllerKind":"Pod","Pod":{"name":"epd-nvidia-gpu-vllm-prefill-688d795cbf-nfgdn","namespace":"dpikus-epd-sglang-bench"},"namespace":"dpikus-epd-sglang-bench","name":"epd-nvidia-gpu-vllm-prefill-688d795cbf-nfgdn","reconcileID":"39d49b43-480c-45b4-b73f-c1cdd4a8a636"}
{"level":"info","ts":1785056167.9382892,"caller":"controller/pod_reconciler.go:97","msg":"Pod added","controller":"pod","controllerGroup":"","controllerKind":"Pod","Pod":{"name":"epd-nvidia-gpu-vllm-prefill-688d795cbf-nfgdn","namespace":"dpikus-epd-sglang-bench"},"namespace":"dpikus-epd-sglang-bench","name":"epd-nvidia-gpu-vllm-prefill-688d795cbf-nfgdn","reconcileID":"4d0f4f7b-3efa-4b97-af24-a2028e597059"}
{"level":"info","ts":1785056168.2617884,"caller":"controller/pod_reconciler.go:97","msg":"Pod added","controller":"pod","controllerGroup":"","controllerKind":"Pod","Pod":{"name":"epd-nvidia-gpu-vllm-prefill-688d795cbf-scwrs","namespace":"dpikus-epd-sglang-bench"},"namespace":"dpikus-epd-sglang-bench","name":"epd-nvidia-gpu-vllm-prefill-688d795cbf-scwrs","reconcileID":"98d3faba-2d51-4893-b5c3-3b1e114cd9d8"}
{"level":"info","ts":1785056234.2640932,"caller":"controller/pod_reconciler.go:97","msg":"Pod added","controller":"pod","controllerGroup":"","controllerKind":"Pod","Pod":{"name":"epd-nvidia-gpu-vllm-prefill-688d795cbf-scwrs","namespace":"dpikus-epd-sglang-bench"},"namespace":"dpikus-epd-sglang-bench","name":"epd-nvidia-gpu-vllm-prefill-688d795cbf-scwrs","reconcileID":"1bf10b34-a55a-4d64-8378-57f6e3e876ea"}
{"level":"info","ts":1785056254.9392788,"caller":"controller/pod_reconciler.go:97","msg":"Pod added","controller":"pod","controllerGroup":"","controllerKind":"Pod","Pod":{"name":"epd-nvidia-gpu-vllm-prefill-688d795cbf-nfgdn","namespace":"dpikus-epd-sglang-bench"},"namespace":"dpikus-epd-sglang-bench","name":"epd-nvidia-gpu-vllm-prefill-688d795cbf-nfgdn","reconcileID":"2358c17c-14bb-4ec1-922b-a5b32fc9aaf8"}
{"level":"info","ts":1785056300.262789,"caller":"controller/pod_reconciler.go:97","msg":"Pod added","controller":"pod","controllerGroup":"","controllerKind":"Pod","Pod":{"name":"epd-nvidia-gpu-vllm-prefill-688d795cbf-scwrs","namespace":"dpikus-epd-sglang-bench"},"namespace":"dpikus-epd-sglang-bench","name":"epd-nvidia-gpu-vllm-prefill-688d795cbf-scwrs","reconcileID":"6ba4da43-c0ee-413b-a7b9-fc7ba0d5752a"}
{"level":"info","ts":1785056322.9382162,"caller":"controller/pod_reconciler.go:97","msg":"Pod added","controller":"pod","controllerGroup":"","controllerKind":"Pod","Pod":{"name":"epd-nvidia-gpu-vllm-prefill-688d795cbf-nfgdn","namespace":"dpikus-epd-sglang-bench"},"namespace":"dpikus-epd-sglang-bench","name":"epd-nvidia-gpu-vllm-prefill-688d795cbf-nfgdn","reconcileID":"96717f1e-c2cf-4f66-80ee-131bcc43a0fe"}
