{
  "load_summary": {
    "count": 120,
    "schedule_delay": {
      "mean": 176.4637212215884,
      "min": 0.0003151870332658291,
      "max": 340.12554179271683,
      "p0.1": 0.0008863047710619867,
      "p1": 0.24764619068708263,
      "p5": 16.972767628473232,
      "p10": 56.277710657520224,
      "p25": 89.83950896328315,
      "median": 174.04710748582147,
      "p75": 261.0480001309188,
      "p90": 309.17002747515215,
      "p95": 318.3850397697417,
      "p99": 337.1820587814506,
      "p99.9": 339.80822673661123
    }
  },
  "successes": {
    "count": 120,
    "latency": {
      "request_latency": {
        "mean": 6.860319112307237,
        "min": 6.798098065890372,
        "max": 7.400632211007178,
        "p0.1": 6.798159315919969,
        "p1": 6.798702471992001,
        "p5": 6.800217852997593,
        "p10": 6.800738010182977,
        "p25": 6.802384864422493,
        "median": 6.804110144032165,
        "p75": 6.807285661692731,
        "p90": 7.137429817160593,
        "p95": 7.31548991529271,
        "p99": 7.322517917845398,
        "p99.9": 7.391399547954091
      },
      "normalized_time_per_output_token": {
        "mean": 0.00700691097753161,
        "min": 0.006826836050188201,
        "max": 0.007555806323398228,
        "p0.1": 0.006827542982196259,
        "p1": 0.006834121197705443,
        "p5": 0.006849136005265489,
        "p10": 0.006859870835427089,
        "p25": 0.006901410125308381,
        "median": 0.006943898903012611,
        "p75": 0.007030078441684889,
        "p90": 0.007357278073474642,
        "p95": 0.0074231088193615685,
        "p99": 0.007538199808640091,
        "p99.9": 0.007554405292301163
      },
      "time_per_output_token": {
        "mean": 0.006802660763154967,
        "min": 0.006738837506156415,
        "max": 0.007256536699831485,
        "p0.1": 0.006739045975961257,
        "p1": 0.006740703265648336,
        "p5": 0.00674168079146184,
        "p10": 0.006742342301970347,
        "p25": 0.0067435281873913485,
        "median": 0.006744844567030669,
        "p75": 0.0067465688812080775,
        "p90": 0.007074684932548554,
        "p95": 0.007253804256510921,
        "p99": 0.007255983106023632,
        "p99.9": 0.007256500710078515
      },
      "time_to_first_token": {
        "mean": 0.05937308504556616,
        "min": 0.052541583776474,
        "max": 0.14320627134293318,
        "p0.1": 0.052638088163919745,
        "p1": 0.05336530125699937,
        "p5": 0.053670599753968415,
        "p10": 0.053893121099099515,
        "p25": 0.05535163974855095,
        "median": 0.05719325179234147,
        "p75": 0.05898174224421382,
        "p90": 0.06183184334076942,
        "p95": 0.07565023594070226,
        "p99": 0.10271720059681687,
        "p99.9": 0.13866546967765372
      },
      "inter_token_latency": {
        "mean": 0.006802635825657897,
        "min": 3.959983587265015e-06,
        "max": 0.03619692986831069,
        "p0.1": 1.24162957072258e-05,
        "p1": 0.0034535465762019157,
        "p5": 0.005620851833373308,
        "p10": 0.006451261322945356,
        "p25": 0.006685520987957716,
        "median": 0.006757376249879599,
        "p75": 0.006887403782457113,
        "p90": 0.007305872905999422,
        "p95": 0.007942626904696222,
        "p99": 0.010056674014776942,
        "p99.9": 0.013293582541868161
      }
    },
    "throughput": {
      "input_tokens_per_sec": 37.56198873618417,
      "output_tokens_per_sec": 142.6763050301115,
      "total_tokens_per_sec": 180.23829376629567,
      "requests_per_sec": 0.14570205095494246
    },
    "prompt_len": {
      "mean": 257.8,
      "min": 251.0,
      "max": 272.0,
      "p0.1": 251.0,
      "p1": 251.0,
      "p5": 253.0,
      "p10": 254.0,
      "p25": 255.0,
      "median": 257.0,
      "p75": 260.0,
      "p90": 262.0,
      "p95": 264.0,
      "p99": 267.0,
      "p99.9": 271.4050000000001
    },
    "output_len": {
      "mean": 979.2333333333333,
      "min": 909.0,
      "max": 1001.0,
      "p0.1": 910.547,
      "p1": 924.66,
      "p5": 956.95,
      "p10": 964.8,
      "p25": 974.75,
      "median": 982.0,
      "p75": 988.25,
      "p90": 993.0,
      "p95": 995.0,
      "p99": 996.81,
      "p99.9": 1000.5240000000001
    }
  },
  "failures": {
    "count": 0,
    "request_latency": null,
    "prompt_len": null
  }
}