{
  "load_summary": {
    "count": 120,
    "schedule_delay": {
      "mean": 0.021681436713940152,
      "min": -0.00030214013531804085,
      "max": 0.24612135300412774,
      "p0.1": -0.00030155829153954983,
      "p1": -0.00027118479367345573,
      "p5": -1.6761268489062784e-05,
      "p10": 0.00022843116894364358,
      "p25": 0.0005709141260012984,
      "median": 0.001168678980320692,
      "p75": 0.0029189998749643564,
      "p90": 0.09881515121087434,
      "p95": 0.12122167977504426,
      "p99": 0.19753844147082422,
      "p99.9": 0.2406367173879414
    }
  },
  "successes": {
    "count": 120,
    "latency": {
      "request_latency": {
        "mean": 0.13854829758638515,
        "min": 0.13473294116556644,
        "max": 0.14839832484722137,
        "p0.1": 0.13473622913705185,
        "p1": 0.13476837251801044,
        "p5": 0.13509505337569863,
        "p10": 0.13537323726341127,
        "p25": 0.13667005917523056,
        "median": 0.13856534706428647,
        "p75": 0.13978040136862546,
        "p90": 0.1418020156212151,
        "p95": 0.1426957520423457,
        "p99": 0.14439756689593197,
        "p99.9": 0.14793628414347773
      },
      "normalized_time_per_output_token": {
        "mean": 0.009250027131855612,
        "min": 0.008420808822847903,
        "max": 0.010161013841362936,
        "p0.1": 0.008425248138490132,
        "p1": 0.008470439881202765,
        "p5": 0.009003471909090876,
        "p10": 0.009024882484227418,
        "p25": 0.009124527196399869,
        "median": 0.009241878753527999,
        "p75": 0.009339504735544325,
        "p90": 0.009509552111849189,
        "p95": 0.009634859943318934,
        "p99": 0.010118605972134641,
        "p99.9": 0.01015827145331007
      },
      "time_per_output_token": {
        "mean": 0.006873652937097682,
        "min": 0.006637335723886887,
        "max": 0.007139962197591861,
        "p0.1": 0.006638102316918472,
        "p1": 0.006645469436732432,
        "p5": 0.006671410328708589,
        "p10": 0.006804892541840673,
        "p25": 0.006871814467012882,
        "median": 0.006880565717195471,
        "p75": 0.006891946378163993,
        "p90": 0.006900417183836301,
        "p95": 0.0070356819018100696,
        "p99": 0.00712194360482196,
        "p99.9": 0.00713824821881329
      },
      "time_to_first_token": {
        "mean": 0.03513532916161542,
        "min": 0.031126978807151318,
        "max": 0.046197468880563974,
        "p0.1": 0.031155312438029797,
        "p1": 0.03136517165694386,
        "p5": 0.03161937897093594,
        "p10": 0.03186874715611339,
        "p25": 0.03339225589297712,
        "median": 0.03531705681234598,
        "p75": 0.036314622731879354,
        "p90": 0.03770745992660523,
        "p95": 0.03901698647532612,
        "p99": 0.04140509571880102,
        "p99.9": 0.04563016659719876
      },
      "inter_token_latency": {
        "mean": 0.006873652937097682,
        "min": 4.7800131142139435e-06,
        "max": 0.012657026760280132,
        "p0.1": 5.665360018610954e-06,
        "p1": 9.779608808457851e-06,
        "p5": 1.0635401122272016e-05,
        "p10": 0.004261318827047944,
        "p25": 0.00725481309928,
        "median": 0.007350547472015023,
        "p75": 0.0074450375977903605,
        "p90": 0.007778523024171591,
        "p95": 0.009214384481310843,
        "p99": 0.011774629848077893,
        "p99.9": 0.012526765692979098
      }
    },
    "throughput": {
      "input_tokens_per_sec": 0.9997374082569613,
      "output_tokens_per_sec": 14.979398833716804,
      "total_tokens_per_sec": 15.979136241973766,
      "requests_per_sec": 0.9997374082569613
    },
    "prompt_len": {
      "mean": 1.0,
      "min": 1.0,
      "max": 1.0,
      "p0.1": 1.0,
      "p1": 1.0,
      "p5": 1.0,
      "p10": 1.0,
      "p25": 1.0,
      "median": 1.0,
      "p75": 1.0,
      "p90": 1.0,
      "p95": 1.0,
      "p99": 1.0,
      "p99.9": 1.0
    },
    "output_len": {
      "mean": 14.983333333333333,
      "min": 14.0,
      "max": 16.0,
      "p0.1": 14.0,
      "p1": 14.0,
      "p5": 15.0,
      "p10": 15.0,
      "p25": 15.0,
      "median": 15.0,
      "p75": 15.0,
      "p90": 15.0,
      "p95": 15.0,
      "p99": 16.0,
      "p99.9": 16.0
    }
  },
  "failures": {
    "count": 0,
    "request_latency": null,
    "prompt_len": null
  }
}