{
  "load_summary": {
    "count": 120,
    "schedule_delay": {
      "mean": 0.7452420055439385,
      "min": -0.00018657324835658073,
      "max": 5.859027610626072,
      "p0.1": -0.00010789056960493326,
      "p1": 0.0004987556952983141,
      "p5": 0.0008174942107871175,
      "p10": 0.0011264042463153602,
      "p25": 0.002968773595057428,
      "median": 0.010325210634618998,
      "p75": 1.2693871351657435,
      "p90": 2.204519222909585,
      "p95": 2.7680147314909846,
      "p99": 4.092076932480559,
      "p99.9": 5.650335984160684
    }
  },
  "successes": {
    "count": 120,
    "latency": {
      "request_latency": {
        "mean": 1.8533692147621574,
        "min": 1.8501971787773073,
        "max": 1.8610926670953631,
        "p0.1": 1.850263598571997,
        "p1": 1.8507813964225353,
        "p5": 1.8510380470659584,
        "p10": 1.85135236652568,
        "p25": 1.851946208276786,
        "median": 1.853057274594903,
        "p75": 1.8544200581964105,
        "p90": 1.8556562288664282,
        "p95": 1.8564992911648006,
        "p99": 1.8578620122605936,
        "p99.9": 1.8607224064292387
      },
      "normalized_time_per_output_token": {
        "mean": 0.007517800156128875,
        "min": 0.007304758222143012,
        "max": 0.008337563856060172,
        "p0.1": 0.007307397160382178,
        "p1": 0.007330840258046535,
        "p5": 0.007389832567145298,
        "p10": 0.0074129210582003,
        "p25": 0.007438963987905696,
        "median": 0.007497651178223885,
        "p75": 0.007563446570491912,
        "p90": 0.007632895101459674,
        "p95": 0.007667143299760019,
        "p99": 0.007900390408473523,
        "p99.9": 0.008288789184020201
      },
      "time_per_output_token": {
        "mean": 0.007226938186647991,
        "min": 0.007213578203693032,
        "max": 0.007239970192313194,
        "p0.1": 0.007213773710738868,
        "p1": 0.007215951276272535,
        "p5": 0.007223935045488179,
        "p10": 0.0072251038700342175,
        "p25": 0.007225856348406523,
        "median": 0.007227077468298376,
        "p75": 0.00722789247147739,
        "p90": 0.007229162729158997,
        "p95": 0.007229674304835499,
        "p99": 0.00723833311771974,
        "p99.9": 0.007239879544820636
      },
      "time_to_first_token": {
        "mean": 0.04545143908665826,
        "min": 0.042824303265661,
        "max": 0.05059587908908725,
        "p0.1": 0.04283476204611361,
        "p1": 0.04291491041425616,
        "p5": 0.04317068257369101,
        "p10": 0.04337710593827069,
        "p25": 0.043843914405442774,
        "median": 0.04514261847361922,
        "p75": 0.04672418057452887,
        "p90": 0.047850527148693804,
        "p95": 0.04839009619317949,
        "p99": 0.049805525871925056,
        "p99.9": 0.05051491430820898
      },
      "inter_token_latency": {
        "mean": 0.007226938186647991,
        "min": 5.539972335100174e-06,
        "max": 0.01436582999303937,
        "p0.1": 1.0840129107236862e-05,
        "p1": 0.004462240939028561,
        "p5": 0.006227533076889813,
        "p10": 0.007057975092902779,
        "p25": 0.007199831306934357,
        "median": 0.007253204472362995,
        "p75": 0.0073087787022814155,
        "p90": 0.007450436521321535,
        "p95": 0.007961387210525573,
        "p99": 0.00988232064526528,
        "p99.9": 0.01092489773267881
      }
    },
    "throughput": {
      "input_tokens_per_sec": 26.040627730494762,
      "output_tokens_per_sec": 62.57659697686134,
      "total_tokens_per_sec": 88.6172247073561,
      "requests_per_sec": 0.2537660652638762
    },
    "prompt_len": {
      "mean": 102.61666666666666,
      "min": 99.0,
      "max": 109.0,
      "p0.1": 99.119,
      "p1": 100.0,
      "p5": 100.0,
      "p10": 100.0,
      "p25": 101.0,
      "median": 102.0,
      "p75": 103.0,
      "p90": 106.0,
      "p95": 107.0,
      "p99": 107.81,
      "p99.9": 108.88100000000001
    },
    "output_len": {
      "mean": 246.59166666666667,
      "min": 222.0,
      "max": 254.0,
      "p0.1": 223.428,
      "p1": 234.76,
      "p5": 241.95,
      "p10": 243.0,
      "p25": 245.0,
      "median": 247.0,
      "p75": 249.0,
      "p90": 250.0,
      "p95": 251.0,
      "p99": 252.81,
      "p99.9": 253.88100000000003
    }
  },
  "failures": {
    "count": 0,
    "request_latency": null,
    "prompt_len": null
  }
}