{
  "load_summary": {
    "count": 120,
    "schedule_delay": {
      "mean": 52.704398962995036,
      "min": 0.0018287193961441517,
      "max": 100.16311100125313,
      "p0.1": 0.12784086421970278,
      "p1": 1.3161081725824624,
      "p5": 7.860637355665677,
      "p10": 11.055411284416914,
      "p25": 26.91561246360652,
      "median": 55.96009742235765,
      "p75": 79.2804546073312,
      "p90": 88.47473918502219,
      "p95": 92.24126983534079,
      "p99": 98.91222989952658,
      "p99.9": 100.04186611778896
    }
  },
  "successes": {
    "count": 120,
    "latency": {
      "request_latency": {
        "mean": 1.8492590316648905,
        "min": 1.844982361420989,
        "max": 1.8549300427548587,
        "p0.1": 1.8450813667392358,
        "p1": 1.8458566323667764,
        "p5": 1.846365384850651,
        "p10": 1.8471861803438514,
        "p25": 1.848390143364668,
        "median": 1.849493758752942,
        "p75": 1.8502149357227609,
        "p90": 1.851085087005049,
        "p95": 1.851562298182398,
        "p99": 1.8531862993258983,
        "p99.9": 1.8547592468359508
      },
      "normalized_time_per_output_token": {
        "mean": 0.007515785425329003,
        "min": 0.007054636240687989,
        "max": 0.008796229714616424,
        "p0.1": 0.007068542630429017,
        "p1": 0.007207418023699229,
        "p5": 0.0073717871841332645,
        "p10": 0.007400725632160902,
        "p25": 0.00744271863961426,
        "median": 0.0074889504243261535,
        "p75": 0.007551378000299542,
        "p90": 0.0076404428055648465,
        "p95": 0.007730947187166489,
        "p99": 0.007969498373538077,
        "p99.9": 0.00870160995599174
      },
      "time_per_output_token": {
        "mean": 0.007226150674077992,
        "min": 0.007210767867043615,
        "max": 0.007244671756401658,
        "p0.1": 0.0072117549108192324,
        "p1": 0.007219840330928564,
        "p5": 0.0072236866263672705,
        "p10": 0.007224265200458467,
        "p25": 0.007225037607830018,
        "median": 0.007225777138024568,
        "p75": 0.00722648091847077,
        "p90": 0.007227630529180169,
        "p95": 0.007229856949392706,
        "p99": 0.007240274874735624,
        "p99.9": 0.007244176860919222
      },
      "time_to_first_token": {
        "mean": 0.04171236016554758,
        "min": 0.03814420197159052,
        "max": 0.04750072164461017,
        "p0.1": 0.038148271774873135,
        "p1": 0.0381974491244182,
        "p5": 0.03876129125710577,
        "p10": 0.039392772829160094,
        "p25": 0.04086187668144703,
        "median": 0.04203716735355556,
        "p75": 0.04272329807281494,
        "p90": 0.04335247576236725,
        "p95": 0.04365749303251505,
        "p99": 0.04478307298384607,
        "p99.9": 0.047184640664141665
      },
      "inter_token_latency": {
        "mean": 0.007226150674077993,
        "min": 9.08970832824707e-06,
        "max": 0.014038746245205402,
        "p0.1": 1.1098656803369523e-05,
        "p1": 0.0024588566506281496,
        "p5": 0.004629137343727052,
        "p10": 0.006846241606399417,
        "p25": 0.007188080693595111,
        "median": 0.007251709466800094,
        "p75": 0.007320181583054364,
        "p90": 0.0075810110662132505,
        "p95": 0.009765557525679468,
        "p99": 0.011839134087786075,
        "p99.9": 0.012497278409078723
      }
    },
    "throughput": {
      "input_tokens_per_sec": 5.541633336777189,
      "output_tokens_per_sec": 133.0848025488304,
      "total_tokens_per_sec": 138.6264358856076,
      "requests_per_sec": 0.5406471548075307
    },
    "prompt_len": {
      "mean": 10.25,
      "min": 10.0,
      "max": 12.0,
      "p0.1": 10.0,
      "p1": 10.0,
      "p5": 10.0,
      "p10": 10.0,
      "p25": 10.0,
      "median": 10.0,
      "p75": 10.0,
      "p90": 11.0,
      "p95": 12.0,
      "p99": 12.0,
      "p99.9": 12.0
    },
    "output_len": {
      "mean": 246.15833333333333,
      "min": 210.0,
      "max": 262.0,
      "p0.1": 212.499,
      "p1": 231.95,
      "p5": 239.0,
      "p10": 242.0,
      "p25": 245.0,
      "median": 247.0,
      "p75": 248.25,
      "p90": 250.0,
      "p95": 251.0,
      "p99": 256.67,
      "p99.9": 261.52400000000006
    }
  },
  "failures": {
    "count": 0,
    "request_latency": null,
    "prompt_len": null
  }
}