{
  "load_summary": {
    "count": 120,
    "schedule_delay": {
      "mean": 14.803440122612907,
      "min": 4.395283758640289e-05,
      "max": 52.78015709994361,
      "p0.1": 0.0001525065447203815,
      "p1": 0.0011261324351653456,
      "p5": 0.004284912324510515,
      "p10": 0.005828831344842911,
      "p25": 5.336951133795083,
      "median": 11.285233191447333,
      "p75": 20.979807581868954,
      "p90": 33.76158320484683,
      "p95": 39.516257677064274,
      "p99": 51.289181926152686,
      "p99.9": 52.77872726241313
    },
    "send_duration": 1214.3604422779754,
    "requested_rate": 0.1,
    "achieved_rate": 0.09881744811688388
  },
  "successes": {
    "count": 120,
    "latency": {
      "request_latency": {
        "mean": 9.122052948510584,
        "min": 9.116289731115103,
        "max": 9.132957531139255,
        "p0.1": 9.116316166716162,
        "p1": 9.116521865357646,
        "p5": 9.11770393254701,
        "p10": 9.118293365230784,
        "p25": 9.119877045741305,
        "median": 9.121916765347123,
        "p75": 9.123668584856205,
        "p90": 9.126313291443513,
        "p95": 9.127160173282027,
        "p99": 9.130402739709243,
        "p99.9": 9.132681766335853
      },
      "normalized_time_per_output_token": {
        "mean": 0.0037265515257466054,
        "min": 0.0033911247100667217,
        "max": 0.004154832327657789,
        "p0.1": 0.003393680193434109,
        "p1": 0.0034609655263489964,
        "p5": 0.0036732866238722572,
        "p10": 0.0036830558467146534,
        "p25": 0.003695722270258468,
        "median": 0.0037173929550284764,
        "p75": 0.003744281135990915,
        "p90": 0.0037991842153391126,
        "p95": 0.0038307099509687728,
        "p99": 0.003948608614723153,
        "p99.9": 0.004130950380053156
      },
      "time_per_output_token": {
        "mean": 0.003650507265884778,
        "min": 0.003625900310091674,
        "max": 0.0037498301423922785,
        "p0.1": 0.0036259302029198032,
        "p1": 0.0036261693882122634,
        "p5": 0.0036263800012040883,
        "p10": 0.00362656472062692,
        "p25": 0.003629158459304779,
        "median": 0.003643152831360393,
        "p75": 0.003660240541415294,
        "p90": 0.0036909761542457393,
        "p95": 0.003699906950944482,
        "p99": 0.0037327745347797508,
        "p99.9": 0.0037481521680381765
      },
      "time_to_first_token": {
        "mean": 0.05079373970317344,
        "min": 0.04562034783884883,
        "max": 0.05864926800131798,
        "p0.1": 0.045688013887498526,
        "p1": 0.04619042162783444,
        "p5": 0.04637874267064035,
        "p10": 0.04700368321500718,
        "p25": 0.048739268677309155,
        "median": 0.050701682921499014,
        "p75": 0.05225655704271048,
        "p90": 0.055180357815697786,
        "p95": 0.055941028986126184,
        "p99": 0.05809801396448165,
        "p99.9": 0.058584783086553224
      },
      "inter_token_latency": {
        "mean": 0.0036503224924362846,
        "min": 4.040077328681946e-06,
        "max": 0.029693949036300182,
        "p0.1": 5.229868367314338e-05,
        "p1": 0.0008503807708621025,
        "p5": 0.0028527487069368363,
        "p10": 0.0035293052904307844,
        "p25": 0.003593841101974249,
        "median": 0.0036231609992682934,
        "p75": 0.0036544613540172577,
        "p90": 0.0037393069826066492,
        "p95": 0.004533745441585775,
        "p99": 0.0068102943897247305,
        "p99.9": 0.008867014536634089
      }
    },
    "throughput": {
      "input_tokens_per_sec": 25.294291202471772,
      "output_tokens_per_sec": 240.18419920374689,
      "total_tokens_per_sec": 265.47849040621867,
      "requests_per_sec": 0.09808107229445867
    },
    "prompt_len": {
      "mean": 257.89166666666665,
      "min": 252.0,
      "max": 271.0,
      "p0.1": 252.0,
      "p1": 252.0,
      "p5": 252.95,
      "p10": 253.9,
      "p25": 255.0,
      "median": 257.0,
      "p75": 260.0,
      "p90": 263.0,
      "p95": 264.1,
      "p99": 268.81,
      "p99.9": 270.76200000000006
    },
    "output_len": {
      "mean": 2448.8333333333335,
      "min": 2195.0,
      "max": 2690.0,
      "p0.1": 2208.328,
      "p1": 2310.04,
      "p5": 2380.65,
      "p10": 2401.7,
      "p25": 2436.5,
      "median": 2454.5,
      "p75": 2468.0,
      "p90": 2477.0,
      "p95": 2483.05,
      "p99": 2637.6600000000003,
      "p99.9": 2687.9770000000003
    }
  },
  "failures": {
    "count": 0,
    "request_latency": null,
    "prompt_len": null
  }
}