{
  "load_summary": {
    "count": 120,
    "schedule_delay": {
      "mean": 0.6544784788857214,
      "min": -0.00028015580028295517,
      "max": 4.485115302260965,
      "p0.1": -0.0002753323153592646,
      "p1": -0.00022965031210333108,
      "p5": 0.00013365542981773617,
      "p10": 0.0005476863589137793,
      "p25": 0.002145993523299694,
      "median": 0.006917914375662804,
      "p75": 1.2606326901586726,
      "p90": 1.837327282270417,
      "p95": 2.7215583480428904,
      "p99": 3.0170370059646667,
      "p99.9": 4.3116696577533355
    },
    "send_duration": 461.96207051491365,
    "requested_rate": 0.25,
    "achieved_rate": 0.2597615857644876
  },
  "successes": {
    "count": 120,
    "latency": {
      "request_latency": {
        "mean": 1.7806513183012915,
        "min": 1.7196273100562394,
        "max": 3.2585624791681767,
        "p0.1": 1.719728813811671,
        "p1": 1.7206029694899916,
        "p5": 1.7216216780943796,
        "p10": 1.7231622314546258,
        "p25": 1.7613848322071135,
        "median": 1.7632023366168141,
        "p75": 1.7653286464046687,
        "p90": 1.76953865615651,
        "p95": 1.7819478233577684,
        "p99": 2.536079647024164,
        "p99.9": 3.192649303447929
      },
      "normalized_time_per_output_token": {
        "mean": 0.007183630403265434,
        "min": 0.0013834841722377275,
        "max": 0.013246188939708034,
        "p0.1": 0.0020384953404417273,
        "p1": 0.006891266977036649,
        "p5": 0.006967718163854731,
        "p10": 0.007013676108982078,
        "p25": 0.007078758467093529,
        "median": 0.007126019530929564,
        "p75": 0.007213775837827335,
        "p90": 0.0073064479270157,
        "p95": 0.007412463751890897,
        "p99": 0.01044377378040814,
        "p99.9": 0.01299440175341679
      },
      "time_per_output_token": {
        "mean": 0.006730219636096929,
        "min": 0.006717496484518051,
        "max": 0.0067424478512257335,
        "p0.1": 0.006717615014629439,
        "p1": 0.006718739167395979,
        "p5": 0.006723815353959798,
        "p10": 0.006726534697785973,
        "p25": 0.0067287059775553645,
        "median": 0.006730595838278532,
        "p75": 0.0067320729680359365,
        "p90": 0.006733507063798607,
        "p95": 0.006735734285227955,
        "p99": 0.006738855845909566,
        "p99.9": 0.006742060442570597
      },
      "time_to_first_token": {
        "mean": 0.09501673435637106,
        "min": 0.034196348395198584,
        "max": 1.5717574269510806,
        "p0.1": 0.034232171075884256,
        "p1": 0.03449777728877962,
        "p5": 0.03619385994970799,
        "p10": 0.04092429941520095,
        "p25": 0.07598718837834895,
        "median": 0.07762929191812873,
        "p75": 0.07964681461453438,
        "p90": 0.08288241187110544,
        "p95": 0.0952773715602234,
        "p99": 0.8505463618971427,
        "p99.9": 1.5059596949103369
      },
      "inter_token_latency": {
        "mean": 0.006730219636096929,
        "min": 4.050321877002716e-06,
        "max": 0.012376458384096622,
        "p0.1": 1.0579823981970549e-05,
        "p1": 0.004125838619656861,
        "p5": 0.005816089129075408,
        "p10": 0.006582857295870781,
        "p25": 0.006701066042296588,
        "median": 0.006755924550816417,
        "p75": 0.006813477259129286,
        "p90": 0.006940437620505691,
        "p95": 0.007438318827189505,
        "p99": 0.009085075315088032,
        "p99.9": 0.010747571143322058
      }
    },
    "throughput": {
      "input_tokens_per_sec": 267.0618306747498,
      "output_tokens_per_sec": 65.95194823655818,
      "total_tokens_per_sec": 333.01377891130795,
      "requests_per_sec": 0.2587703959059306
    },
    "prompt_len": {
      "mean": 1032.0416666666667,
      "min": 1016.0,
      "max": 1054.0,
      "p0.1": 1016.119,
      "p1": 1017.19,
      "p5": 1020.95,
      "p10": 1024.0,
      "p25": 1027.0,
      "median": 1031.0,
      "p75": 1036.25,
      "p90": 1040.1,
      "p95": 1046.0,
      "p99": 1050.62,
      "p99.9": 1053.643
    },
    "output_len": {
      "mean": 254.86666666666667,
      "min": 234.0,
      "max": 1276.0,
      "p0.1": 234.119,
      "p1": 235.38,
      "p5": 240.95,
      "p10": 242.0,
      "p25": 244.75,
      "median": 247.0,
      "p75": 249.0,
      "p90": 250.0,
      "p95": 250.0,
      "p99": 252.81,
      "p99.9": 1154.2630000000147
    }
  },
  "failures": {
    "count": 0,
    "request_latency": null,
    "prompt_len": null
  }
}