{
  "load_summary": {
    "count": 120,
    "schedule_delay": {
      "mean": 0.010294161570103218,
      "min": -0.0003782445564866066,
      "max": 0.20509033184498549,
      "p0.1": -0.0003652611835859716,
      "p1": -0.00026552812196314337,
      "p5": -0.00016892522107809783,
      "p10": 5.523483268916608e-05,
      "p25": 0.0004901471547782421,
      "median": 0.0008229368831962347,
      "p75": 0.001754972618073225,
      "p90": 0.0247933754231781,
      "p95": 0.07179731749929484,
      "p99": 0.12428323189727963,
      "p99.9": 0.1956109204269026
    }
  },
  "successes": {
    "count": 120,
    "latency": {
      "request_latency": {
        "mean": 0.13470978777234752,
        "min": 0.1312194587662816,
        "max": 0.14289847714826465,
        "p0.1": 0.13124880491616203,
        "p1": 0.131469581797719,
        "p5": 0.13178267732728272,
        "p10": 0.1323909369762987,
        "p25": 0.1331945462152362,
        "median": 0.1349151534959674,
        "p75": 0.135799728683196,
        "p90": 0.13707491811364889,
        "p95": 0.13778267863672228,
        "p99": 0.13905006246175616,
        "p99.9": 0.14244296916481114
      },
      "normalized_time_per_output_token": {
        "mean": 0.009057485682569677,
        "min": 0.008372562937438488,
        "max": 0.009828296290444476,
        "p0.1": 0.008380604586447588,
        "p1": 0.008465378774853888,
        "p5": 0.008775986094648639,
        "p10": 0.008816271042451262,
        "p25": 0.008883681846782565,
        "median": 0.008999379801874359,
        "p75": 0.009106219109768669,
        "p90": 0.009551677703192192,
        "p95": 0.009671026476592359,
        "p99": 0.009812937704513648,
        "p99.9": 0.009827463212855426
      },
      "time_per_output_token": {
        "mean": 0.006798556563961837,
        "min": 0.00667984401807189,
        "max": 0.006910488257805506,
        "p0.1": 0.006679996176684896,
        "p1": 0.006683253792424996,
        "p5": 0.006776940138079226,
        "p10": 0.006787043008953333,
        "p25": 0.006791914099206527,
        "median": 0.006797804062565168,
        "p75": 0.006805061936999361,
        "p90": 0.006812215664734444,
        "p95": 0.0068211641395464545,
        "p99": 0.006904802739620209,
        "p99.9": 0.006909887167004247
      },
      "time_to_first_token": {
        "mean": 0.03245581816881895,
        "min": 0.02886690990999341,
        "max": 0.03863620385527611,
        "p0.1": 0.02888336483994499,
        "p1": 0.029070262503810226,
        "p5": 0.029456354095600545,
        "p10": 0.030073304660618305,
        "p25": 0.031162153813056648,
        "median": 0.032542699947953224,
        "p75": 0.03357557498384267,
        "p90": 0.03494435297325253,
        "p95": 0.03548914904240519,
        "p99": 0.03678331804461778,
        "p99.9": 0.038437369272578535
      },
      "inter_token_latency": {
        "mean": 0.006798556563961837,
        "min": 5.459878593683243e-06,
        "max": 0.015148062258958817,
        "p0.1": 9.177237749099732e-06,
        "p1": 9.989826940000058e-06,
        "p5": 1.141789834946394e-05,
        "p10": 0.00573818520642817,
        "p25": 0.00718709803186357,
        "median": 0.007259501377120614,
        "p75": 0.007324409787543118,
        "p90": 0.007565499749034643,
        "p95": 0.007924804114736615,
        "p99": 0.009867875911295414,
        "p99.9": 0.010625336539000723
      }
    },
    "throughput": {
      "input_tokens_per_sec": 1.0027134674122231,
      "output_tokens_per_sec": 14.923718773318587,
      "total_tokens_per_sec": 15.92643224073081,
      "requests_per_sec": 1.0027134674122231
    },
    "prompt_len": {
      "mean": 1.0,
      "min": 1.0,
      "max": 1.0,
      "p0.1": 1.0,
      "p1": 1.0,
      "p5": 1.0,
      "p10": 1.0,
      "p25": 1.0,
      "median": 1.0,
      "p75": 1.0,
      "p90": 1.0,
      "p95": 1.0,
      "p99": 1.0,
      "p99.9": 1.0
    },
    "output_len": {
      "mean": 14.883333333333333,
      "min": 14.0,
      "max": 16.0,
      "p0.1": 14.0,
      "p1": 14.0,
      "p5": 14.0,
      "p10": 14.0,
      "p25": 15.0,
      "median": 15.0,
      "p75": 15.0,
      "p90": 15.0,
      "p95": 15.0,
      "p99": 16.0,
      "p99.9": 16.0
    }
  },
  "failures": {
    "count": 0,
    "request_latency": null,
    "prompt_len": null
  }
}