{
  "load_summary": {
    "count": 120,
    "schedule_delay": {
      "mean": 6.552380907764503,
      "min": 0.00025585247203707695,
      "max": 24.45553913107142,
      "p0.1": 0.000257152643520385,
      "p1": 0.0003003312554210424,
      "p5": 0.0012469424167647959,
      "p10": 0.0020808107685297726,
      "p25": 1.3481261971173808,
      "median": 4.440241260221228,
      "p75": 10.36303048429545,
      "p90": 17.10918585364707,
      "p95": 19.26143740348052,
      "p99": 21.567910019345582,
      "p99.9": 24.124791963030624
    },
    "send_duration": 490.6425647842698,
    "requested_rate": 0.25,
    "achieved_rate": 0.24457723119224828
  },
  "successes": {
    "count": 120,
    "latency": {
      "request_latency": {
        "mean": 3.3821965480223297,
        "min": 3.3775152480229735,
        "max": 3.394076496362686,
        "p0.1": 3.3775381455151363,
        "p1": 3.377708038087003,
        "p5": 3.3781376247061417,
        "p10": 3.3788136937189845,
        "p25": 3.380449175601825,
        "median": 3.382017882540822,
        "p75": 3.383654416888021,
        "p90": 3.3850179467350245,
        "p95": 3.386004614480771,
        "p99": 3.3885187154589222,
        "p99.9": 3.3934158902759664
      },
      "normalized_time_per_output_token": {
        "mean": 0.0034600881592926607,
        "min": 0.003386632927071923,
        "max": 0.003937246690464137,
        "p0.1": 0.003386738242183948,
        "p1": 0.00338779136367732,
        "p5": 0.0034000629353940714,
        "p10": 0.0034113884908619986,
        "p25": 0.0034259326485855993,
        "median": 0.0034439930385983947,
        "p75": 0.003475489053097032,
        "p90": 0.00351155796512111,
        "p95": 0.003566058183084715,
        "p99": 0.0036602776330671256,
        "p99.9": 0.0039044156321059852
      },
      "time_per_output_token": {
        "mean": 0.003343532590021995,
        "min": 0.0033261372353881598,
        "max": 0.0034870311008346954,
        "p0.1": 0.0033261808757218533,
        "p1": 0.003326504511376843,
        "p5": 0.003328107089782134,
        "p10": 0.0033285755367483947,
        "p25": 0.0033291287625906987,
        "median": 0.0033297388420905918,
        "p75": 0.0033387574678989374,
        "p90": 0.0033709957698449195,
        "p95": 0.0034119028773779503,
        "p99": 0.0034696134204298414,
        "p99.9": 0.0034856061875862244
      },
      "time_to_first_token": {
        "mean": 0.050161635250939675,
        "min": 0.045521104242652655,
        "max": 0.060924094170331955,
        "p0.1": 0.04553994406713173,
        "p1": 0.04572517541702837,
        "p5": 0.04599834617692977,
        "p10": 0.046395188011229035,
        "p25": 0.04853527853265405,
        "median": 0.04980079899542034,
        "p75": 0.052068718126975,
        "p90": 0.053081950871273875,
        "p95": 0.05392330770846456,
        "p99": 0.05645115073770285,
        "p99.9": 0.06041472047520808
      },
      "inter_token_latency": {
        "mean": 0.0033432665110995417,
        "min": 3.1297095119953156e-06,
        "max": 0.016453963704407215,
        "p0.1": 4.184638615697622e-06,
        "p1": 0.0005328621435910463,
        "p5": 0.0024356281151995066,
        "p10": 0.003164559789001942,
        "p25": 0.003298187628388405,
        "median": 0.003329372964799404,
        "p75": 0.0033617749577388167,
        "p90": 0.003499323548749089,
        "p95": 0.004195199185051023,
        "p99": 0.006250155721791088,
        "p99.9": 0.008556544627063062
      }
    },
    "throughput": {
      "input_tokens_per_sec": 62.51527208770392,
      "output_tokens_per_sec": 237.5151209761366,
      "total_tokens_per_sec": 300.0303930638405,
      "requests_per_sec": 0.2429035309715215
    },
    "prompt_len": {
      "mean": 257.3666666666667,
      "min": 250.0,
      "max": 266.0,
      "p0.1": 250.0,
      "p1": 250.19,
      "p5": 252.0,
      "p10": 253.0,
      "p25": 255.0,
      "median": 257.0,
      "p75": 260.0,
      "p90": 261.0,
      "p95": 263.0,
      "p99": 265.0,
      "p99.9": 265.88100000000003
    },
    "output_len": {
      "mean": 977.8166666666667,
      "min": 859.0,
      "max": 998.0,
      "p0.1": 866.973,
      "p1": 926.19,
      "p5": 947.95,
      "p10": 963.0,
      "p25": 972.75,
      "median": 982.0,
      "p75": 987.25,
      "p90": 992.0,
      "p95": 995.0,
      "p99": 998.0,
      "p99.9": 998.0
    }
  },
  "failures": {
    "count": 0,
    "request_latency": null,
    "prompt_len": null
  }
}