{
  "load_summary": {
    "count": 120,
    "schedule_delay": {
      "mean": 0.11272624651901424,
      "min": -0.000245450995862484,
      "max": 0.8216805853880942,
      "p0.1": -0.0002384243179112673,
      "p1": -0.00017537735868245364,
      "p5": -2.284878864884375e-05,
      "p10": 0.00028581465594470503,
      "p25": 0.0005982943112030625,
      "median": 0.0015439852140843868,
      "p75": 0.15787065029144287,
      "p90": 0.36936131166294217,
      "p95": 0.47580795574467594,
      "p99": 0.7517222340917218,
      "p99.9": 0.8166624317169195
    }
  },
  "successes": {
    "count": 120,
    "latency": {
      "request_latency": {
        "mean": 0.41084195374666405,
        "min": 0.4052122877910733,
        "max": 0.421430183108896,
        "p0.1": 0.40522997916676107,
        "p1": 0.4054643889470026,
        "p5": 0.40657931100577116,
        "p10": 0.406932076998055,
        "p25": 0.4086510835913941,
        "median": 0.4112628437578678,
        "p75": 0.4125122274272144,
        "p90": 0.4144828119315207,
        "p95": 0.4157654743641615,
        "p99": 0.4178799776965752,
        "p99.9": 0.4210210700184107
      },
      "normalized_time_per_output_token": {
        "mean": 0.004129545965657192,
        "min": 0.0011435464937553815,
        "max": 0.004377200109685989,
        "p0.1": 0.0014810822645389698,
        "p1": 0.003982891870863178,
        "p5": 0.004026734282827546,
        "p10": 0.004062221512198448,
        "p25": 0.004094961570797138,
        "median": 0.00415517683752408,
        "p75": 0.004206970512521426,
        "p90": 0.004252706843994788,
        "p95": 0.0042921883722340575,
        "p99": 0.0043415004608281,
        "p99.9": 0.004373325583127775
      },
      "time_per_output_token": {
        "mean": 0.0036612310495829407,
        "min": 0.0035829475102946164,
        "max": 0.003753139312417867,
        "p0.1": 0.003583029313326268,
        "p1": 0.0035839603703257373,
        "p5": 0.0036165060910244226,
        "p10": 0.003620414867188142,
        "p25": 0.0036262140792766304,
        "median": 0.003658084419784041,
        "p75": 0.003694251218100184,
        "p90": 0.003705065288417733,
        "p95": 0.003720704697975025,
        "p99": 0.0037407123474501227,
        "p99.9": 0.0037516673099986897
      },
      "time_to_first_token": {
        "mean": 0.051192828131994855,
        "min": 0.04550781287252903,
        "max": 0.06067727692425251,
        "p0.1": 0.04554598021740094,
        "p1": 0.04588558755349368,
        "p5": 0.04692942770197987,
        "p10": 0.04720595078542829,
        "p25": 0.04938164434861392,
        "median": 0.05130520835518837,
        "p75": 0.052807935629971325,
        "p90": 0.05513049201108515,
        "p95": 0.05633844593539834,
        "p99": 0.05845412900205702,
        "p99.9": 0.06044758040551099
      },
      "inter_token_latency": {
        "mean": 0.0036609269956007916,
        "min": 4.040077328681946e-06,
        "max": 0.01025534700602293,
        "p0.1": 9.93973296135664e-06,
        "p1": 1.332271844148636e-05,
        "p5": 0.0017180185765028001,
        "p10": 0.003404021868482232,
        "p25": 0.003561283112503588,
        "median": 0.0036194869317114353,
        "p75": 0.0036886907182633877,
        "p90": 0.0038192236330360178,
        "p95": 0.005791075434535741,
        "p99": 0.008061804845929147,
        "p99.9": 0.008724396833218639
      }
    },
    "throughput": {
      "input_tokens_per_sec": 257.8459071627682,
      "output_tokens_per_sec": 101.17296457569162,
      "total_tokens_per_sec": 359.01887173845984,
      "requests_per_sec": 1.0010517603135716
    },
    "prompt_len": {
      "mean": 257.575,
      "min": 251.0,
      "max": 266.0,
      "p0.1": 251.0,
      "p1": 251.19,
      "p5": 253.0,
      "p10": 254.0,
      "p25": 256.0,
      "median": 257.0,
      "p75": 259.0,
      "p90": 262.0,
      "p95": 264.0,
      "p99": 266.0,
      "p99.9": 266.0
    },
    "output_len": {
      "mean": 101.06666666666666,
      "min": 94.0,
      "max": 356.0,
      "p0.1": 94.0,
      "p1": 94.19,
      "p5": 96.0,
      "p10": 97.0,
      "p25": 98.0,
      "median": 99.0,
      "p75": 100.0,
      "p90": 101.0,
      "p95": 102.0,
      "p99": 102.81,
      "p99.9": 325.89300000000367
    }
  },
  "failures": {
    "count": 0,
    "request_latency": null,
    "prompt_len": null
  }
}