{
  "load_summary": {
    "count": 120,
    "schedule_delay": {
      "mean": 0.011061502570131172,
      "min": -0.0003778585232794285,
      "max": 0.14340542303398252,
      "p0.1": -0.00036988005973398686,
      "p1": -0.00030916519463062284,
      "p5": -7.604865822941065e-05,
      "p10": 8.013113401830197e-05,
      "p25": 0.000383840873837471,
      "median": 0.0008623797912150621,
      "p75": 0.0019646519795060158,
      "p90": 0.03837609784677626,
      "p95": 0.10133684151805937,
      "p99": 0.13329416633117946,
      "p99.9": 0.14240571080148232
    }
  },
  "successes": {
    "count": 120,
    "latency": {
      "request_latency": {
        "mean": 0.13712071826448663,
        "min": 0.13257465977221727,
        "max": 0.14394197100773454,
        "p0.1": 0.13263693523220718,
        "p1": 0.1331177995633334,
        "p5": 0.1336177823599428,
        "p10": 0.1339413401670754,
        "p25": 0.13556957780383527,
        "median": 0.13705250737257302,
        "p75": 0.13836786116007715,
        "p90": 0.14086656463332475,
        "p95": 0.14132468993775546,
        "p99": 0.14223151897080244,
        "p99.9": 0.14373979869205508
      },
      "normalized_time_per_output_token": {
        "mean": 0.00918667245955037,
        "min": 0.008651393000036478,
        "max": 0.010687612391148623,
        "p0.1": 0.008673636200558395,
        "p1": 0.008844939411928257,
        "p5": 0.008899974096566439,
        "p10": 0.008922527087852359,
        "p25": 0.009033996084084114,
        "median": 0.009140590066090226,
        "p75": 0.009266819121936958,
        "p90": 0.009430440040305257,
        "p95": 0.009726966006149139,
        "p99": 0.010091614829309817,
        "p99.9": 0.010623126499336938
      },
      "time_per_output_token": {
        "mean": 0.006740825151145044,
        "min": 0.006484806848069032,
        "max": 0.006816811518122753,
        "p0.1": 0.006490308060931663,
        "p1": 0.006532100149119893,
        "p5": 0.006638057039429744,
        "p10": 0.006677344677348931,
        "p25": 0.006743016544108589,
        "median": 0.0067573938363542155,
        "p75": 0.00676775787336131,
        "p90": 0.006775402020042141,
        "p95": 0.006778987444316348,
        "p99": 0.006806293418320517,
        "p99.9": 0.0068161998691658185
      },
      "time_to_first_token": {
        "mean": 0.03567907429921131,
        "min": 0.03141690231859684,
        "max": 0.04350343206897378,
        "p0.1": 0.031419028652831915,
        "p1": 0.03146450919564813,
        "p5": 0.03193777266424149,
        "p10": 0.032325297873467204,
        "p25": 0.03397535521071404,
        "median": 0.035400806460529566,
        "p75": 0.03672826464753598,
        "p90": 0.04001026493497193,
        "p95": 0.040571599290706216,
        "p99": 0.043141015823930505,
        "p99.9": 0.0434651075154543
      },
      "inter_token_latency": {
        "mean": 0.006740825151145044,
        "min": 4.079658538103104e-06,
        "max": 0.01255784509703517,
        "p0.1": 8.374990429729223e-06,
        "p1": 1.0050265118479728e-05,
        "p5": 1.1406047269701957e-05,
        "p10": 0.004599981149658561,
        "p25": 0.007126535871066153,
        "median": 0.007221368839964271,
        "p75": 0.007306920364499092,
        "p90": 0.007583548780530691,
        "p95": 0.008849863265641033,
        "p99": 0.011558065926656126,
        "p99.9": 0.012528697977773846
      }
    },
    "throughput": {
      "input_tokens_per_sec": 1.0003161478424403,
      "output_tokens_per_sec": 14.938054474447107,
      "total_tokens_per_sec": 15.938370622289547,
      "requests_per_sec": 1.0003161478424403
    },
    "prompt_len": {
      "mean": 1.0,
      "min": 1.0,
      "max": 1.0,
      "p0.1": 1.0,
      "p1": 1.0,
      "p5": 1.0,
      "p10": 1.0,
      "p25": 1.0,
      "median": 1.0,
      "p75": 1.0,
      "p90": 1.0,
      "p95": 1.0,
      "p99": 1.0,
      "p99.9": 1.0
    },
    "output_len": {
      "mean": 14.933333333333334,
      "min": 13.0,
      "max": 16.0,
      "p0.1": 13.119,
      "p1": 14.0,
      "p5": 14.0,
      "p10": 15.0,
      "p25": 15.0,
      "median": 15.0,
      "p75": 15.0,
      "p90": 15.0,
      "p95": 15.0,
      "p99": 15.0,
      "p99.9": 15.881000000000014
    }
  },
  "failures": {
    "count": 0,
    "request_latency": null,
    "prompt_len": null
  }
}