{
  "load_summary": {
    "count": 120,
    "schedule_delay": {
      "mean": 0.8527555174621132,
      "min": -0.0001454395242035389,
      "max": 6.369744797237217,
      "p0.1": -0.0001398638538084924,
      "p1": -6.708384025841952e-05,
      "p5": 0.00023624368477612734,
      "p10": 0.000711082573980093,
      "p25": 0.002092206268571317,
      "median": 0.007571134949102998,
      "p75": 1.414023423450999,
      "p90": 2.5812749353237456,
      "p95": 4.058768216171302,
      "p99": 4.827697532433086,
      "p99.9": 6.192020902527983
    },
    "send_duration": 478.8239312232472,
    "requested_rate": 0.25,
    "achieved_rate": 0.25061404030796264
  },
  "successes": {
    "count": 120,
    "latency": {
      "request_latency": {
        "mean": 1.9045923822404196,
        "min": 1.8950524521060288,
        "max": 1.9456098680384457,
        "p0.1": 1.8951377419256605,
        "p1": 1.8957826121104882,
        "p5": 1.897137990524061,
        "p10": 1.8984061602968723,
        "p25": 1.9003923820564523,
        "median": 1.9039998275693506,
        "p75": 1.9072025298373774,
        "p90": 1.9106954883318394,
        "p95": 1.9127091760979966,
        "p99": 1.9208171002892778,
        "p99.9": 1.9427011419953781
      },
      "normalized_time_per_output_token": {
        "mean": 0.007756272654503813,
        "min": 0.007528602382109508,
        "max": 0.008094951749179449,
        "p0.1": 0.007529671398673572,
        "p1": 0.007538814379719071,
        "p5": 0.007592087348308266,
        "p10": 0.0076267579527392266,
        "p25": 0.007687941727999096,
        "median": 0.007742236825416644,
        "p75": 0.0078111718301886405,
        "p90": 0.007911977541097459,
        "p95": 0.007955690025175939,
        "p99": 0.008036289708297544,
        "p99.9": 0.008088661416914542
      },
      "time_per_output_token": {
        "mean": 0.006758186269939567,
        "min": 0.006727971088141203,
        "max": 0.006774643551558256,
        "p0.1": 0.006728319526340812,
        "p1": 0.006732750509381294,
        "p5": 0.006747196393180639,
        "p10": 0.006751535625942051,
        "p25": 0.006756356864236295,
        "median": 0.006759865782223642,
        "p75": 0.00676165267219767,
        "p90": 0.0067633866392076015,
        "p95": 0.006764340437762439,
        "p99": 0.006769997991397977,
        "p99.9": 0.006774197845702991
      },
      "time_to_first_token": {
        "mean": 0.20321434957440943,
        "min": 0.1937513262964785,
        "max": 0.23966526007279754,
        "p0.1": 0.1938317336156033,
        "p1": 0.19457870706915856,
        "p5": 0.19653977947309614,
        "p10": 0.19753491966985165,
        "p25": 0.19937475817278028,
        "median": 0.20280126784928143,
        "p75": 0.20522999134846032,
        "p90": 0.20952293849550188,
        "p95": 0.213171553844586,
        "p99": 0.2204365818761289,
        "p99.9": 0.23742303208820548
      },
      "inter_token_latency": {
        "mean": 0.006758186269939567,
        "min": 4.680361598730087e-06,
        "max": 0.012319657020270824,
        "p0.1": 1.0329744312912225e-05,
        "p1": 0.003535392279736698,
        "p5": 0.005922945123165846,
        "p10": 0.006648951070383191,
        "p25": 0.006748616695404053,
        "median": 0.006794228684157133,
        "p75": 0.00684162718243897,
        "p90": 0.006963349133729935,
        "p95": 0.0073035552399232945,
        "p99": 0.008973276885226368,
        "p99.9": 0.011314740333706164
      }
    },
    "throughput": {
      "input_tokens_per_sec": 1286.2955462542982,
      "output_tokens_per_sec": 61.3076408569984,
      "total_tokens_per_sec": 1347.6031871112966,
      "requests_per_sec": 0.24962394485748535
    },
    "prompt_len": {
      "mean": 5152.933333333333,
      "min": 5110.0,
      "max": 5196.0,
      "p0.1": 5110.595,
      "p1": 5115.76,
      "p5": 5127.8,
      "p10": 5134.0,
      "p25": 5143.75,
      "median": 5153.0,
      "p75": 5162.0,
      "p90": 5170.3,
      "p95": 5176.1,
      "p99": 5191.62,
      "p99.9": 5195.524
    },
    "output_len": {
      "mean": 245.6,
      "min": 236.0,
      "max": 254.0,
      "p0.1": 236.119,
      "p1": 237.19,
      "p5": 239.95,
      "p10": 241.0,
      "p25": 244.0,
      "median": 246.0,
      "p75": 248.0,
      "p90": 249.10000000000002,
      "p95": 251.0,
      "p99": 252.0,
      "p99.9": 253.76200000000003
    }
  },
  "failures": {
    "count": 0,
    "request_latency": null,
    "prompt_len": null
  }
}