{
  "load_summary": {
    "count": 120,
    "schedule_delay": {
      "mean": 2.894849116005935,
      "min": -0.0003827381879091263,
      "max": 13.781389375217259,
      "p0.1": -0.000341495992615819,
      "p1": -2.0551821216940885e-05,
      "p5": 0.0002608970971778035,
      "p10": 0.0006798015441745519,
      "p25": 0.0671918565640226,
      "median": 1.363486203365028,
      "p75": 3.7262274665990844,
      "p90": 8.969718718063092,
      "p95": 11.692689468385652,
      "p99": 13.392530395649375,
      "p99.9": 13.750506550981667
    },
    "send_duration": 239.45844114897773,
    "requested_rate": 0.5,
    "achieved_rate": 0.5011307992493891
  },
  "successes": {
    "count": 120,
    "latency": {
      "request_latency": {
        "mean": 1.7017954583202177,
        "min": 1.696566675323993,
        "max": 1.9533090749755502,
        "p0.1": 1.6966359466519207,
        "p1": 1.6972164407558739,
        "p5": 1.6978245039004833,
        "p10": 1.6981145039666443,
        "p25": 1.6985782235860825,
        "median": 1.6992035277653486,
        "p75": 1.6999422200024128,
        "p90": 1.7006101719103754,
        "p95": 1.7010738327400758,
        "p99": 1.7433115013176577,
        "p99.9": 1.9294672197164064
      },
      "normalized_time_per_output_token": {
        "mean": 0.006907508434620592,
        "min": 0.004896585035113677,
        "max": 0.007908133906783604,
        "p0.1": 0.005116753788520825,
        "p1": 0.006750452480154079,
        "p5": 0.006795039885863662,
        "p10": 0.006800456222333014,
        "p25": 0.0068511725051306005,
        "median": 0.006881886430514546,
        "p75": 0.006966740108614208,
        "p90": 0.00704757476155936,
        "p95": 0.007126787672736972,
        "p99": 0.007509233503169161,
        "p99.9": 0.007866750064860378
      },
      "time_per_output_token": {
        "mean": 0.00671969379959628,
        "min": 0.0067103219199925665,
        "max": 0.0069342344198375944,
        "p0.1": 0.006710342487560586,
        "p1": 0.006710850480105728,
        "p5": 0.00671329700089991,
        "p10": 0.006714382865279913,
        "p25": 0.0067156487083993854,
        "median": 0.006717050259932876,
        "p75": 0.0067198521704413,
        "p90": 0.006723479378782213,
        "p95": 0.006725115644466132,
        "p99": 0.006728957741390914,
        "p99.9": 0.006909863863473762
      },
      "time_to_first_token": {
        "mean": 0.020753275172319265,
        "min": 0.01673185732215643,
        "max": 0.2723767119459808,
        "p0.1": 0.016832348281517626,
        "p1": 0.017586893774569033,
        "p5": 0.017695313389413058,
        "p10": 0.017790343333035707,
        "p25": 0.01791903143748641,
        "median": 0.018270819447934628,
        "p75": 0.01904980605468154,
        "p90": 0.020362637238577008,
        "p95": 0.020807610894553363,
        "p99": 0.021830719360150398,
        "p99.9": 0.2425776526518202
      },
      "inter_token_latency": {
        "mean": 0.0067196937995962795,
        "min": 3.9101578295230865e-06,
        "max": 0.033447850961238146,
        "p0.1": 1.0170042514801025e-05,
        "p1": 0.0044386823195964095,
        "p5": 0.006256166403181851,
        "p10": 0.00660615498200059,
        "p25": 0.0066901748068630695,
        "median": 0.006740540964528918,
        "p75": 0.00679203518666327,
        "p90": 0.0068914473056793215,
        "p95": 0.007146604964509607,
        "p99": 0.008941692933440206,
        "p99.9": 0.009861289272550509
      }
    },
    "throughput": {
      "input_tokens_per_sec": 51.248767283705476,
      "output_tokens_per_sec": 122.74575292215923,
      "total_tokens_per_sec": 173.99452020586472,
      "requests_per_sec": 0.49760110640380756
    },
    "prompt_len": {
      "mean": 102.99166666666666,
      "min": 100.0,
      "max": 111.0,
      "p0.1": 100.0,
      "p1": 100.0,
      "p5": 100.0,
      "p10": 100.0,
      "p25": 101.0,
      "median": 103.0,
      "p75": 104.0,
      "p90": 105.10000000000001,
      "p95": 107.0,
      "p99": 108.81,
      "p99.9": 110.76200000000003
    },
    "output_len": {
      "mean": 246.675,
      "min": 225.0,
      "max": 347.0,
      "p0.1": 225.952,
      "p1": 233.19,
      "p5": 239.95,
      "p10": 241.0,
      "p25": 244.0,
      "median": 247.0,
      "p75": 248.0,
      "p90": 250.0,
      "p95": 250.0,
      "p99": 251.81,
      "p99.9": 335.69500000000136
    }
  },
  "failures": {
    "count": 0,
    "request_latency": null,
    "prompt_len": null
  }
}