{
  "load_summary": {
    "count": 120,
    "schedule_delay": {
      "mean": 0.021092621497033785,
      "min": -0.0006450428627431393,
      "max": 0.3331081713549793,
      "p0.1": -0.0005911016776226461,
      "p1": -0.0001881372043862939,
      "p5": -0.00010394395794719458,
      "p10": 0.00012893318198621277,
      "p25": 0.00047619547694921494,
      "median": 0.0009760439861565828,
      "p75": 0.002479459741152823,
      "p90": 0.08661547908559449,
      "p95": 0.13309702775441107,
      "p99": 0.201613426716067,
      "p99.9": 0.31835562996473343
    },
    "send_duration": 118.79131328966469,
    "requested_rate": 1.0,
    "achieved_rate": 1.0101748745498589
  },
  "successes": {
    "count": 120,
    "latency": {
      "request_latency": {
        "mean": 0.1705336362395125,
        "min": 0.16670358600094914,
        "max": 0.17778350971639156,
        "p0.1": 0.16677765543432907,
        "p1": 0.1673697708360851,
        "p5": 0.1679222523700446,
        "p10": 0.16818484622053803,
        "p25": 0.16936139110475779,
        "median": 0.17047251155599952,
        "p75": 0.17150802072137594,
        "p90": 0.17312322580255568,
        "p95": 0.1736375202424824,
        "p99": 0.17533758603967728,
        "p99.9": 0.17752325664646926
      },
      "normalized_time_per_output_token": {
        "mean": 0.00854927124680135,
        "min": 0.008268793091355335,
        "max": 0.009034644787837016,
        "p0.1": 0.008276693050189698,
        "p1": 0.008341092406073586,
        "p5": 0.008395424196496606,
        "p10": 0.008409242311026901,
        "p25": 0.008470420638332143,
        "median": 0.008527001272886992,
        "p75": 0.008584948850329965,
        "p90": 0.008682405026629567,
        "p95": 0.008853574086127705,
        "p99": 0.008978607823189936,
        "p99.9": 0.00902838164933124
      },
      "time_per_output_token": {
        "mean": 0.006879430741343337,
        "min": 0.006729902536608279,
        "max": 0.007004899415187537,
        "p0.1": 0.00673303106627427,
        "p1": 0.006762652892619371,
        "p5": 0.006855746193323285,
        "p10": 0.006866026481147856,
        "p25": 0.00687281449791044,
        "median": 0.006879532535094768,
        "p75": 0.006885853502899408,
        "p90": 0.006891227688174695,
        "p95": 0.006901360087795183,
        "p99": 0.006978482303908094,
        "p99.9": 0.007002055944642052
      },
      "time_to_first_token": {
        "mean": 0.03268943833730494,
        "min": 0.029232253320515156,
        "max": 0.038591339718550444,
        "p0.1": 0.02926425206847489,
        "p1": 0.0295230779889971,
        "p5": 0.029969722009263934,
        "p10": 0.030209237104281784,
        "p25": 0.03156532230786979,
        "median": 0.03259234922006726,
        "p75": 0.03357135655824095,
        "p90": 0.0353330628015101,
        "p95": 0.035964861139655115,
        "p99": 0.03752279194537551,
        "p99.9": 0.038496111286804094
      },
      "inter_token_latency": {
        "mean": 0.006879430741343337,
        "min": 3.5902485251426697e-06,
        "max": 0.012586202938109636,
        "p0.1": 4.583488684147597e-06,
        "p1": 9.89966094493866e-06,
        "p5": 0.0017878047889098578,
        "p10": 0.006605874048545957,
        "p25": 0.007157707470469177,
        "median": 0.007224353961646557,
        "p75": 0.00728142645675689,
        "p90": 0.007478401949629187,
        "p95": 0.007888121088035402,
        "p99": 0.010126816653646516,
        "p99.9": 0.012455071720760321
      }
    },
    "throughput": {
      "input_tokens_per_sec": 1.008732456545616,
      "output_tokens_per_sec": 20.124212508085037,
      "total_tokens_per_sec": 21.132944964630653,
      "requests_per_sec": 1.008732456545616
    },
    "prompt_len": {
      "mean": 1.0,
      "min": 1.0,
      "max": 1.0,
      "p0.1": 1.0,
      "p1": 1.0,
      "p5": 1.0,
      "p10": 1.0,
      "p25": 1.0,
      "median": 1.0,
      "p75": 1.0,
      "p90": 1.0,
      "p95": 1.0,
      "p99": 1.0,
      "p99.9": 1.0
    },
    "output_len": {
      "mean": 19.95,
      "min": 19.0,
      "max": 21.0,
      "p0.1": 19.0,
      "p1": 19.0,
      "p5": 19.0,
      "p10": 20.0,
      "p25": 20.0,
      "median": 20.0,
      "p75": 20.0,
      "p90": 20.0,
      "p95": 20.0,
      "p99": 20.0,
      "p99.9": 20.881000000000014
    }
  },
  "failures": {
    "count": 0,
    "request_latency": null,
    "prompt_len": null
  }
}