{
  "load_summary": {
    "count": 120,
    "schedule_delay": {
      "mean": 0.6397632196623211,
      "min": -0.00028373487293720245,
      "max": 4.777971132658422,
      "p0.1": -0.00027947117714211347,
      "p1": -0.00019095637835562232,
      "p5": 0.0006038735620677472,
      "p10": 0.0009012196213006973,
      "p25": 0.0016839306335896254,
      "median": 0.0050493532326072454,
      "p75": 1.056961532915011,
      "p90": 2.2019599853549154,
      "p95": 2.805366658372804,
      "p99": 4.55355602945667,
      "p99.9": 4.777433165885508
    }
  },
  "successes": {
    "count": 120,
    "latency": {
      "request_latency": {
        "mean": 1.804804471938405,
        "min": 1.7652635853737593,
        "max": 3.3195525049231946,
        "p0.1": 1.7653762424094603,
        "p1": 1.7662667691893876,
        "p5": 1.7686513450928032,
        "p10": 1.7695909054949879,
        "p25": 1.7819500335026532,
        "median": 1.7845228780061007,
        "p75": 1.7874170526629314,
        "p90": 1.7897158686071635,
        "p95": 1.8097369402647019,
        "p99": 2.538037746124903,
        "p99.9": 3.245647372367801
      },
      "normalized_time_per_output_token": {
        "mean": 0.007311140921128706,
        "min": 0.001394513031846145,
        "max": 0.013947699600517624,
        "p0.1": 0.002058047359767079,
        "p1": 0.006971741741271766,
        "p5": 0.007093086406782202,
        "p10": 0.007130164417152804,
        "p25": 0.007161811530874316,
        "median": 0.007221986481768756,
        "p75": 0.007328138308358907,
        "p90": 0.00745159828623059,
        "p95": 0.0076671353611485775,
        "p99": 0.010406976443743936,
        "p99.9": 0.013577568390347065
      },
      "time_per_output_token": {
        "mean": 0.006727585387447229,
        "min": 0.00670963585935533,
        "max": 0.006740046478807926,
        "p0.1": 0.006709724160853773,
        "p1": 0.00671133660517633,
        "p5": 0.006719104751944542,
        "p10": 0.006721662564761937,
        "p25": 0.006725843783468008,
        "median": 0.00672835663985461,
        "p75": 0.006729814136400818,
        "p90": 0.006731631410494447,
        "p95": 0.006734668891411275,
        "p99": 0.006739659552443772,
        "p99.9": 0.00674000660976395
      },
      "time_to_first_token": {
        "mean": 0.11946465424261987,
        "min": 0.07923695025965571,
        "max": 1.6323554879054427,
        "p0.1": 0.07938575769262389,
        "p1": 0.08088364965282381,
        "p5": 0.08295490317977965,
        "p10": 0.08388119945302605,
        "p25": 0.0965303354896605,
        "median": 0.09931091638281941,
        "p75": 0.10190785257145762,
        "p90": 0.10617611138150097,
        "p95": 0.12362954462878402,
        "p99": 0.8524386164080371,
        "p99.9": 1.5586235464150175
      },
      "inter_token_latency": {
        "mean": 0.006727585387447228,
        "min": 5.080364644527435e-06,
        "max": 0.012714285869151354,
        "p0.1": 1.1280158534646033e-05,
        "p1": 0.0038045712793245913,
        "p5": 0.005777649045921862,
        "p10": 0.006613366911187768,
        "p25": 0.006710597197525203,
        "median": 0.006754761328920722,
        "p75": 0.006801387993618846,
        "p90": 0.00690887589007616,
        "p95": 0.007381927175447344,
        "p99": 0.009130359338596454,
        "p99.9": 0.011319582926575094
      }
    },
    "throughput": {
      "input_tokens_per_sec": 261.1538552285591,
      "output_tokens_per_sec": 64.33925663406545,
      "total_tokens_per_sec": 325.4931118626246,
      "requests_per_sec": 0.25326261427219465
    },
    "prompt_len": {
      "mean": 1031.1583333333333,
      "min": 1013.0,
      "max": 1051.0,
      "p0.1": 1013.119,
      "p1": 1014.0,
      "p5": 1018.9,
      "p10": 1021.0,
      "p25": 1026.0,
      "median": 1031.5,
      "p75": 1036.0,
      "p90": 1041.0,
      "p95": 1043.05,
      "p99": 1045.81,
      "p99.9": 1050.405
    },
    "output_len": {
      "mean": 254.04166666666666,
      "min": 208.0,
      "max": 1280.0,
      "p0.1": 209.071,
      "p1": 218.52,
      "p5": 235.9,
      "p10": 240.9,
      "p25": 244.0,
      "median": 247.0,
      "p75": 249.0,
      "p90": 250.0,
      "p95": 251.0,
      "p99": 255.43,
      "p99.9": 1158.1440000000148
    }
  },
  "failures": {
    "count": 0,
    "request_latency": null,
    "prompt_len": null
  }
}