{
  "load_summary": {
    "count": 120,
    "schedule_delay": {
      "mean": 0.012971011262076596,
      "min": -0.000373943243175745,
      "max": 0.8811123236082494,
      "p0.1": -0.00036185912368819117,
      "p1": -0.0002469536988064647,
      "p5": 7.073178421705963e-05,
      "p10": 0.0002365994267165661,
      "p25": 0.0007954043103381991,
      "median": 0.00210393569432199,
      "p75": 0.004373366478830576,
      "p90": 0.009003796568140389,
      "p95": 0.013853256544098191,
      "p99": 0.11880720575805769,
      "p99.9": 0.7918957231589702
    },
    "send_duration": 476.1214052280411,
    "requested_rate": 0.25,
    "achieved_rate": 0.2520365576559729
  },
  "successes": {
    "count": 120,
    "latency": {
      "request_latency": {
        "mean": 0.25948475242281954,
        "min": 0.2207957347854972,
        "max": 1.1660322486422956,
        "p0.1": 0.22091043126676232,
        "p1": 0.22184112416114657,
        "p5": 0.22260668978560716,
        "p10": 0.2253836605232209,
        "p25": 0.23785999021492898,
        "median": 0.24004972050897777,
        "p75": 0.24213277804665267,
        "p90": 0.24466476286761463,
        "p95": 0.2472360362065956,
        "p99": 1.0874669856624686,
        "p99.9": 1.1645429988219405
      },
      "normalized_time_per_output_token": {
        "mean": 0.013079605090770916,
        "min": 0.010793026155707512,
        "max": 0.05830161243211478,
        "p0.1": 0.010812824009896511,
        "p1": 0.010974669169888578,
        "p5": 0.011112336532678454,
        "p10": 0.011235844604671,
        "p25": 0.011838619416812435,
        "median": 0.012014778295997529,
        "p75": 0.012222268036566675,
        "p90": 0.012736937224766926,
        "p95": 0.013482208312199954,
        "p99": 0.054776290795765854,
        "p99.9": 0.05822714994109702
      },
      "time_per_output_token": {
        "mean": 0.006849106330967819,
        "min": 0.006641992297954857,
        "max": 0.007102032750844955,
        "p0.1": 0.006646294295694679,
        "p1": 0.006681360376765952,
        "p5": 0.00674738131230697,
        "p10": 0.006827880807686597,
        "p25": 0.0068385373568162315,
        "median": 0.00684882317436859,
        "p75": 0.006858039140934125,
        "p90": 0.0068688450544141235,
        "p95": 0.006927336436929181,
        "p99": 0.0070898104542866346,
        "p99.9": 0.007100862283422611
      },
      "time_to_first_token": {
        "mean": 0.119711249996908,
        "min": 0.07991492794826627,
        "max": 1.0232500680722296,
        "p0.1": 0.08016496195737273,
        "p1": 0.08207210198044777,
        "p5": 0.08328795419074594,
        "p10": 0.08564138733781874,
        "p25": 0.09852892381604761,
        "median": 0.10062389145605266,
        "p75": 0.10222662892192602,
        "p90": 0.10474885553121567,
        "p95": 0.10656261055264622,
        "p99": 0.9500319645227873,
        "p99.9": 1.0224676447338426
      },
      "inter_token_latency": {
        "mean": 0.006849106330967819,
        "min": 9.629875421524048e-06,
        "max": 0.012844362761825323,
        "p0.1": 9.825362358242273e-06,
        "p1": 1.0180282406508923e-05,
        "p5": 0.0016475610667839695,
        "p10": 0.004974408168345689,
        "p25": 0.00716998940333724,
        "median": 0.007252180017530918,
        "p75": 0.007331534055992961,
        "p90": 0.007607816299423575,
        "p95": 0.009379612584598357,
        "p99": 0.011883629555813954,
        "p99.9": 0.012620429800823346
      }
    },
    "throughput": {
      "input_tokens_per_sec": 259.6354402148651,
      "output_tokens_per_sec": 5.004615859251604,
      "total_tokens_per_sec": 264.6400560741167,
      "requests_per_sec": 0.2519101942576311
    },
    "prompt_len": {
      "mean": 1030.6666666666667,
      "min": 1015.0,
      "max": 1054.0,
      "p0.1": 1015.238,
      "p1": 1017.38,
      "p5": 1020.0,
      "p10": 1022.0,
      "p25": 1026.75,
      "median": 1030.0,
      "p75": 1035.25,
      "p90": 1039.0,
      "p95": 1041.05,
      "p99": 1047.43,
      "p99.9": 1053.286
    },
    "output_len": {
      "mean": 19.866666666666667,
      "min": 17.0,
      "max": 22.0,
      "p0.1": 17.119,
      "p1": 18.0,
      "p5": 19.0,
      "p10": 19.0,
      "p25": 20.0,
      "median": 20.0,
      "p75": 20.0,
      "p90": 20.0,
      "p95": 21.0,
      "p99": 21.810000000000002,
      "p99.9": 22.0
    }
  },
  "failures": {
    "count": 0,
    "request_latency": null,
    "prompt_len": null
  }
}