{
  "load_summary": {
    "count": 120,
    "schedule_delay": {
      "mean": 0.011367534985765815,
      "min": -0.00019688019528985023,
      "max": 0.17473148787394166,
      "p0.1": -0.0001938868584111333,
      "p1": -0.00016590290237218142,
      "p5": 5.358802154660226e-05,
      "p10": 0.0002600128762423992,
      "p25": 0.0007293128874152899,
      "median": 0.001586994156241417,
      "p75": 0.003744260175153613,
      "p90": 0.019424113631248494,
      "p95": 0.0721025393111631,
      "p99": 0.15593737325631085,
      "p99.9": 0.17292505927244223
    },
    "send_duration": 232.55302105937153,
    "requested_rate": 0.5,
    "achieved_rate": 0.5160113571234304
  },
  "successes": {
    "count": 120,
    "latency": {
      "request_latency": {
        "mean": 0.18573929923586546,
        "min": 0.18079505069181323,
        "max": 0.19686390925198793,
        "p0.1": 0.1809216108014807,
        "p1": 0.18186639360152185,
        "p5": 0.18266429514624177,
        "p10": 0.1829978421330452,
        "p25": 0.18410270602907985,
        "median": 0.1853829543106258,
        "p75": 0.18670641514472663,
        "p90": 0.18917384794913233,
        "p95": 0.19081669980660082,
        "p99": 0.19299702176358552,
        "p99.9": 0.19643525790283461
      },
      "normalized_time_per_output_token": {
        "mean": 0.009308974866524534,
        "min": 0.0015514148321623604,
        "max": 0.010300447439981831,
        "p0.1": 0.002372189144730201,
        "p1": 0.008488816311673636,
        "p5": 0.00885527037039754,
        "p10": 0.009109200318343938,
        "p25": 0.0092012012435589,
        "median": 0.009293100284412503,
        "p75": 0.009575164173178276,
        "p90": 0.009763890183775832,
        "p95": 0.009864274289851127,
        "p99": 0.010274001865699474,
        "p99.9": 0.010297512820068126
      },
      "time_per_output_token": {
        "mean": 0.006851218052324839,
        "min": 0.006607057154178619,
        "max": 0.00712893835734576,
        "p0.1": 0.006611009787977673,
        "p1": 0.006641746745444834,
        "p5": 0.0066934203729033465,
        "p10": 0.006747892934363335,
        "p25": 0.006860004912596196,
        "median": 0.0068672362482175234,
        "p75": 0.006872442568419501,
        "p90": 0.0068793240399099885,
        "p95": 0.006882556625641882,
        "p99": 0.00699343831720762,
        "p99.9": 0.00711516859487165
      },
      "time_to_first_token": {
        "mean": 0.04800622168307503,
        "min": 0.04294041497632861,
        "max": 0.057545131072402,
        "p0.1": 0.04301754102902487,
        "p1": 0.04364580936729908,
        "p5": 0.044725798652507365,
        "p10": 0.04500590334646404,
        "p25": 0.046441079932264984,
        "median": 0.04752405360341072,
        "p75": 0.04948555456940085,
        "p90": 0.05141232898458838,
        "p95": 0.05271370653063059,
        "p99": 0.05487961627077312,
        "p99.9": 0.057260390857700294
      },
      "inter_token_latency": {
        "mean": 0.006851218052324839,
        "min": 3.819819539785385e-06,
        "max": 0.014027547091245651,
        "p0.1": 4.5773601159453394e-06,
        "p1": 1.0160161182284355e-05,
        "p5": 0.00012200938072055609,
        "p10": 0.004491082346066833,
        "p25": 0.007131556747481227,
        "median": 0.00722196395508945,
        "p75": 0.007308347965590656,
        "p90": 0.007653086679056286,
        "p95": 0.009801550954580305,
        "p99": 0.011871129372157152,
        "p99.9": 0.012683355715591472
      }
    },
    "throughput": {
      "input_tokens_per_sec": 53.19581038579437,
      "output_tokens_per_sec": 10.655489036165902,
      "total_tokens_per_sec": 63.85129942196026,
      "requests_per_sec": 0.5155881791693178
    },
    "prompt_len": {
      "mean": 103.175,
      "min": 100.0,
      "max": 110.0,
      "p0.1": 100.0,
      "p1": 100.0,
      "p5": 100.0,
      "p10": 101.0,
      "p25": 101.0,
      "median": 103.0,
      "p75": 105.0,
      "p90": 106.0,
      "p95": 107.0,
      "p99": 108.0,
      "p99.9": 109.76200000000003
    },
    "output_len": {
      "mean": 20.666666666666668,
      "min": 18.0,
      "max": 120.0,
      "p0.1": 18.0,
      "p1": 18.0,
      "p5": 19.0,
      "p10": 19.0,
      "p25": 20.0,
      "median": 20.0,
      "p75": 20.0,
      "p90": 20.0,
      "p95": 21.0,
      "p99": 21.810000000000002,
      "p99.9": 108.33800000000141
    }
  },
  "failures": {
    "count": 0,
    "request_latency": null,
    "prompt_len": null
  }
}