{
  "load_summary": {
    "count": 120,
    "schedule_delay": {
      "mean": 5.090097895625513,
      "min": 0.00011407863348722458,
      "max": 21.309229453094304,
      "p0.1": 0.00012766596022993325,
      "p1": 0.0002321311365813017,
      "p5": 0.0005141542060300708,
      "p10": 0.0011131694074720145,
      "p25": 0.8435195153579116,
      "median": 2.7977555624675006,
      "p75": 6.817486008629203,
      "p90": 14.695626776013526,
      "p95": 18.166280930628997,
      "p99": 20.69163721646648,
      "p99.9": 21.239022273502787
    },
    "send_duration": 258.77326987311244,
    "requested_rate": 0.5,
    "achieved_rate": 0.4637264121554793
  },
  "successes": {
    "count": 120,
    "latency": {
      "request_latency": {
        "mean": 1.8575624799743915,
        "min": 1.8543313750997186,
        "max": 1.866997019853443,
        "p0.1": 1.8543813603566959,
        "p1": 1.8547724522370845,
        "p5": 1.8550773704424501,
        "p10": 1.8553403718862682,
        "p25": 1.8558229620102793,
        "median": 1.8571715764701366,
        "p75": 1.85859602491837,
        "p90": 1.8602383514400571,
        "p95": 1.8612744476413354,
        "p99": 1.8662388738756999,
        "p99.9": 1.8669661766472272
      },
      "normalized_time_per_output_token": {
        "mean": 0.007560244794063057,
        "min": 0.007362974484244155,
        "max": 0.00851062211472917,
        "p0.1": 0.007366369206634216,
        "p1": 0.007392031754333659,
        "p5": 0.00743084356635809,
        "p10": 0.007452074177637996,
        "p25": 0.007481962051843443,
        "median": 0.007542696235345571,
        "p75": 0.007610308940591077,
        "p90": 0.007700862968726957,
        "p95": 0.0077422557053311416,
        "p99": 0.007803662086862274,
        "p99.9": 0.008427028862494608
      },
      "time_per_output_token": {
        "mean": 0.00723437167100298,
        "min": 0.007212959656491875,
        "max": 0.00725563502125442,
        "p0.1": 0.007213347195701674,
        "p1": 0.007216907050777227,
        "p5": 0.007223560781124979,
        "p10": 0.007229528934136033,
        "p25": 0.007233443083241582,
        "median": 0.007234582656994462,
        "p75": 0.007235425397753716,
        "p90": 0.007237196081504226,
        "p95": 0.0072459542103111745,
        "p99": 0.007254414277691394,
        "p99.9": 0.00725561577630043
      },
      "time_to_first_token": {
        "mean": 0.047550384052253016,
        "min": 0.044832197949290276,
        "max": 0.05819023307412863,
        "p0.1": 0.044836236831732094,
        "p1": 0.04486851875204593,
        "p5": 0.04504916549194604,
        "p10": 0.04530783984810114,
        "p25": 0.04589196329470724,
        "median": 0.047076622024178505,
        "p75": 0.04862389340996742,
        "p90": 0.050447295885533094,
        "p95": 0.05082154276315123,
        "p99": 0.05427389471791685,
        "p99.9": 0.057761298782657886
      },
      "inter_token_latency": {
        "mean": 0.007234371671002979,
        "min": 5.490146577358246e-06,
        "max": 0.013281785883009434,
        "p0.1": 1.1039858218282462e-05,
        "p1": 0.0022940990794450044,
        "p5": 0.004652894102036953,
        "p10": 0.006831266963854432,
        "p25": 0.007197417551651597,
        "median": 0.0072608888149261475,
        "p75": 0.0073301930679008365,
        "p90": 0.007612837944179773,
        "p95": 0.009758408856578171,
        "p99": 0.011862397948279977,
        "p99.9": 0.012549712438602024
      }
    },
    "throughput": {
      "input_tokens_per_sec": 47.43486031446046,
      "output_tokens_per_sec": 113.1561029195234,
      "total_tokens_per_sec": 160.59096323398387,
      "requests_per_sec": 0.46042087177345753
    },
    "prompt_len": {
      "mean": 103.025,
      "min": 100.0,
      "max": 111.0,
      "p0.1": 100.0,
      "p1": 100.0,
      "p5": 100.0,
      "p10": 101.0,
      "p25": 102.0,
      "median": 103.0,
      "p75": 104.0,
      "p90": 106.0,
      "p95": 107.0,
      "p99": 107.81,
      "p99.9": 110.64300000000004
    },
    "output_len": {
      "mean": 245.76666666666668,
      "min": 218.0,
      "max": 252.0,
      "p0.1": 220.38,
      "p1": 238.19,
      "p5": 240.0,
      "p10": 241.0,
      "p25": 244.0,
      "median": 246.0,
      "p75": 248.0,
      "p90": 249.0,
      "p95": 250.0,
      "p99": 251.0,
      "p99.9": 251.88100000000003
    }
  },
  "failures": {
    "count": 0,
    "request_latency": null,
    "prompt_len": null
  }
}