{
  "load_summary": {
    "count": 120,
    "schedule_delay": {
      "mean": 0.0069788914367867015,
      "min": -0.00042993342503905296,
      "max": 0.15957042388617992,
      "p0.1": -0.0004222328057512641,
      "p1": -0.0003557319985702634,
      "p5": -0.00021068393252789974,
      "p10": 6.381412968039515e-05,
      "p25": 0.00042073032818734646,
      "median": 0.0008898668456822634,
      "p75": 0.00182303914334625,
      "p90": 0.008882609847933064,
      "p95": 0.04541488341055804,
      "p99": 0.099125736868009,
      "p99.9": 0.15271201498946257
    }
  },
  "successes": {
    "count": 120,
    "latency": {
      "request_latency": {
        "mean": 0.11628611584116394,
        "min": 0.11382009042426944,
        "max": 0.12269802624359727,
        "p0.1": 0.1138892677705735,
        "p1": 0.11440392625518143,
        "p5": 0.11458632289431989,
        "p10": 0.11477587539702654,
        "p25": 0.1154704641085118,
        "median": 0.1163116474635899,
        "p75": 0.11682653159368783,
        "p90": 0.11746547590009868,
        "p95": 0.11849387052934617,
        "p99": 0.11954303331207485,
        "p99.9": 0.12232821348635484
      },
      "normalized_time_per_output_token": {
        "mean": 0.007808060192816319,
        "min": 0.007627642806619405,
        "max": 0.008814459236768575,
        "p0.1": 0.007628132678444186,
        "p1": 0.007632284798038503,
        "p5": 0.0076409480674192315,
        "p10": 0.00766177661716938,
        "p25": 0.007709463468442361,
        "median": 0.00776256644167006,
        "p75": 0.007810709136538208,
        "p90": 0.007988422006767776,
        "p95": 0.00825385091593489,
        "p99": 0.008344485337646411,
        "p99.9": 0.008759377202144472
      },
      "time_per_output_token": {
        "mean": 0.006752308969282443,
        "min": 0.0066377348576982815,
        "max": 0.0069222065309683485,
        "p0.1": 0.006638334692455828,
        "p1": 0.006644987052616973,
        "p5": 0.006718055414967239,
        "p10": 0.006731189129253229,
        "p25": 0.006742790644057094,
        "median": 0.0067484114784747366,
        "p75": 0.0067598317672188084,
        "p90": 0.006769753334422907,
        "p95": 0.00677530298785617,
        "p99": 0.0069191821853940684,
        "p99.9": 0.0069219279995809
      },
      "time_to_first_token": {
        "mean": 0.014760697268260022,
        "min": 0.012360842432826757,
        "max": 0.019283653236925602,
        "p0.1": 0.01239983333600685,
        "p1": 0.012698490847833454,
        "p5": 0.012873311177827418,
        "p10": 0.013182381354272365,
        "p25": 0.0139860559720546,
        "median": 0.014937408501282334,
        "p75": 0.01532876887358725,
        "p90": 0.016167361149564387,
        "p95": 0.016932216053828598,
        "p99": 0.017478854004293682,
        "p99.9": 0.019077627563849116
      },
      "inter_token_latency": {
        "mean": 0.006752308969282442,
        "min": 4.500150680541992e-06,
        "max": 0.012142385356128216,
        "p0.1": 9.53002367168665e-06,
        "p1": 9.79882199317217e-06,
        "p5": 1.0979315266013146e-05,
        "p10": 0.0065645711496472355,
        "p25": 0.007136660511605442,
        "median": 0.007215867517516017,
        "p75": 0.007278214441612363,
        "p90": 0.007527129072695971,
        "p95": 0.007750195637345314,
        "p99": 0.009686957160010935,
        "p99.9": 0.010239990607835363
      }
    },
    "throughput": {
      "input_tokens_per_sec": 0.9998204082913178,
      "output_tokens_per_sec": 14.897324083540635,
      "total_tokens_per_sec": 15.897144491831952,
      "requests_per_sec": 0.9998204082913178
    },
    "prompt_len": {
      "mean": 1.0,
      "min": 1.0,
      "max": 1.0,
      "p0.1": 1.0,
      "p1": 1.0,
      "p5": 1.0,
      "p10": 1.0,
      "p25": 1.0,
      "median": 1.0,
      "p75": 1.0,
      "p90": 1.0,
      "p95": 1.0,
      "p99": 1.0,
      "p99.9": 1.0
    },
    "output_len": {
      "mean": 14.9,
      "min": 13.0,
      "max": 15.0,
      "p0.1": 13.119,
      "p1": 14.0,
      "p5": 14.0,
      "p10": 15.0,
      "p25": 15.0,
      "median": 15.0,
      "p75": 15.0,
      "p90": 15.0,
      "p95": 15.0,
      "p99": 15.0,
      "p99.9": 15.0
    }
  },
  "failures": {
    "count": 0,
    "request_latency": null,
    "prompt_len": null
  }
}