{
  "load_summary": {
    "count": 120,
    "schedule_delay": {
      "mean": 0.00992861184834813,
      "min": 9.941821917891502e-05,
      "max": 0.21889967331662774,
      "p0.1": 0.00010327778290957213,
      "p1": 0.00013722695410251618,
      "p5": 0.0002837753854691982,
      "p10": 0.0004536365624517202,
      "p25": 0.001094464329071343,
      "median": 0.0022357096895575523,
      "p75": 0.004795888205990195,
      "p90": 0.009155729040503503,
      "p95": 0.012750525330193318,
      "p99": 0.20003273128066218,
      "p99.9": 0.2172939832014965
    }
  },
  "successes": {
    "count": 120,
    "latency": {
      "request_latency": {
        "mean": 0.2537573345626394,
        "min": 0.21071966225281358,
        "max": 1.7877125712111592,
        "p0.1": 0.21072139470651746,
        "p1": 0.21088790226262064,
        "p5": 0.21384226852096616,
        "p10": 0.22079753917641937,
        "p25": 0.22830739617347717,
        "median": 0.23643471812829375,
        "p75": 0.2401305662933737,
        "p90": 0.24226797111332415,
        "p95": 0.2435296793933958,
        "p99": 1.0150048864446601,
        "p99.9": 1.7172438683570448
      },
      "normalized_time_per_output_token": {
        "mean": 0.012815602841772118,
        "min": 0.0002326590558797291,
        "max": 0.08938562856055796,
        "p0.1": 0.001458754618634282,
        "p1": 0.0105361214177683,
        "p5": 0.010692113426048309,
        "p10": 0.01098718196619302,
        "p25": 0.011432251479709521,
        "median": 0.011940344772301614,
        "p75": 0.012157496466534213,
        "p90": 0.012587954127229751,
        "p95": 0.01302983361787887,
        "p99": 0.053632391523411344,
        "p99.9": 0.08623658576816799
      },
      "time_per_output_token": {
        "mean": 0.006705621255678125,
        "min": 0.006278203171677888,
        "max": 0.006969081051647663,
        "p0.1": 0.006279726164392195,
        "p1": 0.006297641088953241,
        "p5": 0.006359705304494127,
        "p10": 0.006369535853154957,
        "p25": 0.0063926780945621434,
        "median": 0.00684446437517181,
        "p75": 0.006866980745689944,
        "p90": 0.006875626663677394,
        "p95": 0.006881238522473723,
        "p99": 0.006949980207486078,
        "p99.9": 0.006967932600085624
      },
      "time_to_first_token": {
        "mean": 0.11691640155622736,
        "min": 0.07965182280167937,
        "max": 1.6473162891343236,
        "p0.1": 0.07968138207262382,
        "p1": 0.07997061249800026,
        "p5": 0.08111615651287138,
        "p10": 0.08221988137811423,
        "p25": 0.09649662557058036,
        "median": 0.09871503058820963,
        "p75": 0.10048844455741346,
        "p90": 0.10276901423931122,
        "p95": 0.10374727190937846,
        "p99": 0.8756723524769789,
        "p99.9": 1.5768002040814695
      },
      "inter_token_latency": {
        "mean": 0.006705621255678125,
        "min": 4.309229552745819e-06,
        "max": 0.012739025987684727,
        "p0.1": 5.337648093700409e-06,
        "p1": 1.0498110204935074e-05,
        "p5": 0.001666271942667668,
        "p10": 0.005867082066833973,
        "p25": 0.006741833174601197,
        "median": 0.00720339803956449,
        "p75": 0.007289633387699723,
        "p90": 0.007413771934807301,
        "p95": 0.00769886253401637,
        "p99": 0.009799921219237147,
        "p99.9": 0.010439148053061282
      }
    },
    "throughput": {
      "input_tokens_per_sec": 259.5564951641564,
      "output_tokens_per_sec": 7.123647650529275,
      "total_tokens_per_sec": 266.68014281468567,
      "requests_per_sec": 0.251941561468763
    },
    "prompt_len": {
      "mean": 1030.225,
      "min": 1013.0,
      "max": 1044.0,
      "p0.1": 1013.476,
      "p1": 1017.0,
      "p5": 1019.0,
      "p10": 1022.0,
      "p25": 1025.75,
      "median": 1031.0,
      "p75": 1035.0,
      "p90": 1039.1,
      "p95": 1041.0,
      "p99": 1044.0,
      "p99.9": 1044.0
    },
    "output_len": {
      "mean": 28.275,
      "min": 17.0,
      "max": 1052.0,
      "p0.1": 17.119,
      "p1": 18.0,
      "p5": 18.0,
      "p10": 19.0,
      "p25": 19.0,
      "median": 20.0,
      "p75": 20.0,
      "p90": 20.0,
      "p95": 20.0,
      "p99": 21.810000000000002,
      "p99.9": 929.4300000000148
    }
  },
  "failures": {
    "count": 0,
    "request_latency": null,
    "prompt_len": null
  }
}