{
  "load_summary": {
    "count": 120,
    "schedule_delay": {
      "mean": 0.9020743813016452,
      "min": -0.0001235506497323513,
      "max": 6.263459095731378,
      "p0.1": -0.0001193147161975503,
      "p1": -5.7000303640961654e-05,
      "p5": 0.0004085741238668561,
      "p10": 0.0009577771183103323,
      "p25": 0.002965630264952779,
      "median": 0.008168288739398122,
      "p75": 1.6418586905347183,
      "p90": 2.8424837274942547,
      "p95": 3.307624320918694,
      "p99": 4.839747831565329,
      "p99.9": 6.102583152093944
    }
  },
  "successes": {
    "count": 120,
    "latency": {
      "request_latency": {
        "mean": 1.9206994874014829,
        "min": 1.912480168044567,
        "max": 1.9475065479055047,
        "p0.1": 1.9126314337952062,
        "p1": 1.913958401181735,
        "p5": 1.915246830158867,
        "p10": 1.9164412549696863,
        "p25": 1.9186818893067539,
        "median": 1.9200376335065812,
        "p75": 1.9223202059511095,
        "p90": 1.9243327188771218,
        "p95": 1.9267959184711798,
        "p99": 1.9354761351598426,
        "p99.9": 1.9462048700009473
      },
      "normalized_time_per_output_token": {
        "mean": 0.007768000284353678,
        "min": 0.0003568985230890197,
        "max": 0.012689879383053014,
        "p0.1": 0.00035710382130368516,
        "p1": 0.0017314048634782218,
        "p5": 0.007628601931474603,
        "p10": 0.007680135181732476,
        "p25": 0.007740653159412286,
        "median": 0.007796959166899626,
        "p75": 0.007890748216735861,
        "p90": 0.007978290236237192,
        "p95": 0.00808225561238558,
        "p99": 0.009805896785497566,
        "p99.9": 0.012358628567244708
      },
      "time_per_output_token": {
        "mean": 0.00679786487664096,
        "min": 0.0067788145430386065,
        "max": 0.006815062588080764,
        "p0.1": 0.006778916500465944,
        "p1": 0.006779784443546087,
        "p5": 0.006786275693494826,
        "p10": 0.006791649938933552,
        "p25": 0.006795657866168767,
        "median": 0.006797980290837586,
        "p75": 0.006800052987877279,
        "p90": 0.006805297096259892,
        "p95": 0.006808882655575871,
        "p99": 0.006813281119465828,
        "p99.9": 0.006814872314747423
      },
      "time_to_first_token": {
        "mean": 0.20859585780029496,
        "min": 0.20189482159912586,
        "max": 0.22789714625105262,
        "p0.1": 0.2019027756252326,
        "p1": 0.2020122980931774,
        "p5": 0.2037595924688503,
        "p10": 0.20467869215644896,
        "p25": 0.20619764924049377,
        "median": 0.20814714464358985,
        "p75": 0.21046280139125884,
        "p90": 0.21236959141679107,
        "p95": 0.21344279979821296,
        "p99": 0.21833101809956135,
        "p99.9": 0.22677688474301264
      },
      "inter_token_latency": {
        "mean": 0.00679786487664096,
        "min": 4.060100764036179e-06,
        "max": 0.012865306343883276,
        "p0.1": 1.0349786840379238e-05,
        "p1": 0.002201676797121763,
        "p5": 0.004452433506958187,
        "p10": 0.006326617207378149,
        "p25": 0.006767097394913435,
        "median": 0.006839426001533866,
        "p75": 0.006919441744685173,
        "p90": 0.007167904358357194,
        "p95": 0.00890492838807404,
        "p99": 0.010982223544269795,
        "p99.9": 0.011658928118646153
      }
    },
    "throughput": {
      "input_tokens_per_sec": 1282.217017521896,
      "output_tokens_per_sec": 82.18887565540223,
      "total_tokens_per_sec": 1364.4058931772981,
      "requests_per_sec": 0.24902575630976562
    },
    "prompt_len": {
      "mean": 5148.933333333333,
      "min": 5112.0,
      "max": 5191.0,
      "p0.1": 5112.119,
      "p1": 5114.33,
      "p5": 5124.95,
      "p10": 5127.0,
      "p25": 5137.0,
      "median": 5149.5,
      "p75": 5160.0,
      "p90": 5168.2,
      "p95": 5173.0,
      "p99": 5185.81,
      "p99.9": 5190.405
    },
    "output_len": {
      "mean": 330.0416666666667,
      "min": 151.0,
      "max": 5410.0,
      "p0.1": 156.117,
      "p1": 196.09,
      "p5": 237.75,
      "p10": 240.9,
      "p25": 243.0,
      "median": 246.0,
      "p75": 248.0,
      "p90": 250.0,
      "p95": 251.05,
      "p99": 4422.0700000000115,
      "p99.9": 5408.81
    }
  },
  "failures": {
    "count": 0,
    "request_latency": null,
    "prompt_len": null
  }
}