{
  "load_summary": {
    "count": 120,
    "schedule_delay": {
      "mean": 1.0208829676654811,
      "min": -0.00010995753109455109,
      "max": 7.392158521339297,
      "p0.1": -0.00010797405336052179,
      "p1": -5.065969657152892e-05,
      "p5": 0.0004955790936946869,
      "p10": 0.0007162666413933038,
      "p25": 0.0019362281309440732,
      "median": 0.008589563891291618,
      "p75": 1.5433837722521275,
      "p90": 3.351929448638112,
      "p95": 4.875285678636282,
      "p99": 6.4794548996770756,
      "p99.9": 7.2883987734941895
    },
    "send_duration": 482.9575324198231,
    "requested_rate": 0.25,
    "achieved_rate": 0.24846905151007553
  },
  "successes": {
    "count": 120,
    "latency": {
      "request_latency": {
        "mean": 1.8539733527577482,
        "min": 1.8509704419411719,
        "max": 1.8607044876553118,
        "p0.1": 1.8509732930311003,
        "p1": 1.8510107958363369,
        "p5": 1.8513422027928754,
        "p10": 1.8517346719279886,
        "p25": 1.8523458015406504,
        "median": 1.853801844175905,
        "p75": 1.8553293655859306,
        "p90": 1.8564035247080029,
        "p95": 1.857012413511984,
        "p99": 1.8588018193701281,
        "p99.9": 1.8604961154893973
      },
      "normalized_time_per_output_token": {
        "mean": 0.007577158010981952,
        "min": 0.007358880937173371,
        "max": 0.012108076881203387,
        "p0.1": 0.007361386195867772,
        "p1": 0.0073809254627147936,
        "p5": 0.007410648200754076,
        "p10": 0.007433663253519819,
        "p25": 0.007466793540515937,
        "median": 0.0075092026944977314,
        "p75": 0.007570354166269606,
        "p90": 0.007651419902012553,
        "p95": 0.007828975356584769,
        "p99": 0.008502121496826828,
        "p99.9": 0.01169211496523459
      },
      "time_per_output_token": {
        "mean": 0.007229218456713443,
        "min": 0.007219308335334062,
        "max": 0.007257109694930923,
        "p0.1": 0.007219417565476149,
        "p1": 0.007220647412668914,
        "p5": 0.007225008634943515,
        "p10": 0.007226782391779125,
        "p25": 0.0072276467862538996,
        "median": 0.007228541860356927,
        "p75": 0.007229937285184861,
        "p90": 0.007231262104585767,
        "p95": 0.007234991910029203,
        "p99": 0.007253507886480944,
        "p99.9": 0.0072570858423403614
      },
      "time_to_first_token": {
        "mean": 0.04559651297749952,
        "min": 0.042500166688114405,
        "max": 0.05240280972793698,
        "p0.1": 0.04250853099720552,
        "p1": 0.04258167238440365,
        "p5": 0.04290731754153967,
        "p10": 0.04339680802077055,
        "p25": 0.04403818061109632,
        "median": 0.0455623441375792,
        "p75": 0.0469663372496143,
        "p90": 0.04795439001172781,
        "p95": 0.04834998138248921,
        "p99": 0.049556770962663,
        "p99.9": 0.05207646441366527
      },
      "inter_token_latency": {
        "mean": 0.007229216603855435,
        "min": 6.12996518611908e-06,
        "max": 0.015154723078012466,
        "p0.1": 1.0060115717351437e-05,
        "p1": 0.004545534527860582,
        "p5": 0.00647864278871566,
        "p10": 0.0070855117868632075,
        "p25": 0.007201979169622064,
        "median": 0.007254427531734109,
        "p75": 0.007306836545467377,
        "p90": 0.007428893027827144,
        "p95": 0.0078964504878968,
        "p99": 0.009846897334791719,
        "p99.9": 0.012188691556453779
      }
    },
    "throughput": {
      "input_tokens_per_sec": 25.48011318831215,
      "output_tokens_per_sec": 60.69807259713929,
      "total_tokens_per_sec": 86.17818578545145,
      "requests_per_sec": 0.24751992087731386
    },
    "prompt_len": {
      "mean": 102.94166666666666,
      "min": 100.0,
      "max": 111.0,
      "p0.1": 100.0,
      "p1": 100.0,
      "p5": 100.0,
      "p10": 100.0,
      "p25": 101.0,
      "median": 103.0,
      "p75": 104.0,
      "p90": 106.0,
      "p95": 107.05,
      "p99": 108.0,
      "p99.9": 110.64300000000004
    },
    "output_len": {
      "mean": 245.225,
      "min": 153.0,
      "max": 252.0,
      "p0.1": 160.378,
      "p1": 218.04,
      "p5": 237.0,
      "p10": 242.0,
      "p25": 245.0,
      "median": 247.0,
      "p75": 248.0,
      "p90": 249.10000000000002,
      "p95": 250.0,
      "p99": 251.0,
      "p99.9": 251.88100000000003
    }
  },
  "failures": {
    "count": 0,
    "request_latency": null,
    "prompt_len": null
  }
}