{
  "load_summary": {
    "count": 120,
    "schedule_delay": {
      "mean": 222.15018957570427,
      "min": 0.0037006083875894547,
      "max": 412.2907686121762,
      "p0.1": 0.13365938365692273,
      "p1": 1.6145785330235958,
      "p5": 23.67575491645839,
      "p10": 51.120648737670855,
      "p25": 131.64183765999041,
      "median": 226.68944281339645,
      "p75": 332.24480310548097,
      "p90": 378.565196046792,
      "p95": 393.4647434516111,
      "p99": 409.17135187734385,
      "p99.9": 411.9482987351376
    }
  },
  "successes": {
    "count": 120,
    "latency": {
      "request_latency": {
        "mean": 7.321677000653775,
        "min": 7.314802268054336,
        "max": 7.420630463864654,
        "p0.1": 7.314878594986163,
        "p1": 7.315469700288959,
        "p5": 7.3164721871027725,
        "p10": 7.317218291340396,
        "p25": 7.318867581663653,
        "median": 7.320587558904663,
        "p75": 7.3222847279394045,
        "p90": 7.324812530307099,
        "p95": 7.326150466664695,
        "p99": 7.33549466479104,
        "p99.9": 7.410716194265057
      },
      "normalized_time_per_output_token": {
        "mean": 0.007470722011620914,
        "min": 0.00730676686171881,
        "max": 0.00805347653032087,
        "p0.1": 0.007309154065375718,
        "p1": 0.0073291679867323,
        "p5": 0.007351414327376204,
        "p10": 0.007363079450331194,
        "p25": 0.00740222425150136,
        "median": 0.007451271461104995,
        "p75": 0.007516192218759221,
        "p90": 0.007591923679766206,
        "p95": 0.0076723928916196445,
        "p99": 0.007763888031511318,
        "p99.9": 0.008019927310447705
      },
      "time_per_output_token": {
        "mean": 0.007260690700905685,
        "min": 0.0072575245462358,
        "max": 0.007275912102091617,
        "p0.1": 0.0072575322886924264,
        "p1": 0.007257687217793427,
        "p5": 0.007258684560190886,
        "p10": 0.007259055730467662,
        "p25": 0.007259897190029733,
        "median": 0.0072604434085078535,
        "p75": 0.007261316902353428,
        "p90": 0.007261940804775805,
        "p95": 0.007262692052940838,
        "p99": 0.007267534530451144,
        "p99.9": 0.007275008353720348
      },
      "time_to_first_token": {
        "mean": 0.05848125727303947,
        "min": 0.053310110699385405,
        "max": 0.15661858674138784,
        "p0.1": 0.053335714540909976,
        "p1": 0.053573812432587145,
        "p5": 0.05397909011226147,
        "p10": 0.05439808913506568,
        "p25": 0.05529261741321534,
        "median": 0.057361661456525326,
        "p75": 0.05920842429623008,
        "p90": 0.0617632603738457,
        "p95": 0.06283251491840929,
        "p99": 0.06948502363637091,
        "p99.9": 0.1463805336025556
      },
      "inter_token_latency": {
        "mean": 0.007260690383650426,
        "min": 4.659872502088547e-06,
        "max": 0.02175953984260559,
        "p0.1": 2.247940190136435e-05,
        "p1": 0.004651476759463548,
        "p5": 0.006477581337094307,
        "p10": 0.00710270507261157,
        "p25": 0.00721131032332778,
        "median": 0.007262154947966337,
        "p75": 0.007316205184906721,
        "p90": 0.0074410073459148405,
        "p95": 0.008011148963123558,
        "p99": 0.009879687950015066,
        "p99.9": 0.011518299186602243
      }
    },
    "throughput": {
      "input_tokens_per_sec": 35.16167307185051,
      "output_tokens_per_sec": 133.86951196817398,
      "total_tokens_per_sec": 169.0311850400245,
      "requests_per_sec": 0.1365678653748725
    },
    "prompt_len": {
      "mean": 257.46666666666664,
      "min": 250.0,
      "max": 266.0,
      "p0.1": 250.119,
      "p1": 251.19,
      "p5": 252.0,
      "p10": 253.0,
      "p25": 255.75,
      "median": 257.0,
      "p75": 260.0,
      "p90": 262.0,
      "p95": 263.0,
      "p99": 265.81,
      "p99.9": 266.0
    },
    "output_len": {
      "mean": 980.2416666666667,
      "min": 909.0,
      "max": 1002.0,
      "p0.1": 912.927,
      "p1": 942.95,
      "p5": 953.95,
      "p10": 963.9,
      "p25": 974.75,
      "median": 983.0,
      "p75": 989.0,
      "p90": 994.0,
      "p95": 996.0,
      "p99": 998.62,
      "p99.9": 1001.643
    }
  },
  "failures": {
    "count": 0,
    "request_latency": null,
    "prompt_len": null
  }
}