{
  "load_summary": {
    "count": 120,
    "schedule_delay": {
      "mean": 0.18504716680229952,
      "min": -6.9909729063510895e-06,
      "max": 3.49769893521443,
      "p0.1": 1.0034274775534871e-05,
      "p1": 0.0001606123661622405,
      "p5": 0.0005739603657275438,
      "p10": 0.0008847315330058336,
      "p25": 0.0021433503134176135,
      "median": 0.005339886760339141,
      "p75": 0.010085936286486685,
      "p90": 0.4578939620871105,
      "p95": 1.3225634660571812,
      "p99": 3.246316803265365,
      "p99.9": 3.487492116170005
    },
    "send_duration": 1185.7881969190203,
    "requested_rate": 0.1,
    "achieved_rate": 0.10119851109311981
  },
  "successes": {
    "count": 120,
    "latency": {
      "request_latency": {
        "mean": 2.358252332444924,
        "min": 2.1006189547479153,
        "max": 6.3147644572891295,
        "p0.1": 2.100722769642249,
        "p1": 2.101738833952695,
        "p5": 2.1054798200028015,
        "p10": 2.106074788887054,
        "p25": 2.1081446134485304,
        "median": 2.1111218533478677,
        "p75": 2.1193631374044344,
        "p90": 2.9287975399754944,
        "p95": 3.2145691144978623,
        "p99": 6.058575962586328,
        "p99.9": 6.28523324878095
      },
      "normalized_time_per_output_token": {
        "mean": 0.009645390188232144,
        "min": 0.008423041583970189,
        "max": 0.02675747651393699,
        "p0.1": 0.008423723268816248,
        "p1": 0.008428933981917798,
        "p5": 0.008466625579419625,
        "p10": 0.008492189408805702,
        "p25": 0.008538030281144143,
        "median": 0.008665772576191812,
        "p75": 0.00880925353542438,
        "p90": 0.011771793232592991,
        "p95": 0.012933650574860482,
        "p99": 0.024565056878812348,
        "p99.9": 0.026499452220192087
      },
      "time_per_output_token": {
        "mean": 0.0070068822297440604,
        "min": 0.0067572149690240625,
        "max": 0.01090667340992335,
        "p0.1": 0.006757348930075765,
        "p1": 0.006758594415877014,
        "p5": 0.0067627759184688335,
        "p10": 0.006765950125828386,
        "p25": 0.006770608740393072,
        "median": 0.00677982440777123,
        "p75": 0.006782184149604291,
        "p90": 0.0067908922823145985,
        "p95": 0.009495261238734235,
        "p99": 0.010225079811467596,
        "p99.9": 0.01082931096941308
      },
      "time_to_first_token": {
        "mean": 0.6073600772380208,
        "min": 0.385344292037189,
        "max": 4.31232439680025,
        "p0.1": 0.3856273232935928,
        "p1": 0.3877254424197599,
        "p5": 0.38830732912756505,
        "p10": 0.38944192305207254,
        "p25": 0.39075063553173095,
        "median": 0.39425166859291494,
        "p75": 0.40333802392706275,
        "p90": 0.9375492896419019,
        "p95": 1.3247052879771213,
        "p99": 4.114040064555593,
        "p99.9": 4.294158014657444
      },
      "inter_token_latency": {
        "mean": 0.0069791465751575,
        "min": 3.139954060316086e-06,
        "max": 0.11151513690128922,
        "p0.1": 3.747144248336554e-06,
        "p1": 1.1489726603031158e-05,
        "p5": 0.004859740915708244,
        "p10": 0.006541083240881563,
        "p25": 0.006776571390219033,
        "median": 0.006831696955487132,
        "p75": 0.006893446436151862,
        "p90": 0.007153405901044608,
        "p95": 0.008826104551553722,
        "p99": 0.017416107547469428,
        "p99.9": 0.04042836603615601
      }
    },
    "throughput": {
      "input_tokens_per_sec": 1040.446063873721,
      "output_tokens_per_sec": 24.703857404894194,
      "total_tokens_per_sec": 1065.1499212786152,
      "requests_per_sec": 0.10101761359596889
    },
    "prompt_len": {
      "mean": 10299.65,
      "min": 10248.0,
      "max": 10353.0,
      "p0.1": 10248.714,
      "p1": 10254.0,
      "p5": 10268.0,
      "p10": 10273.8,
      "p25": 10285.0,
      "median": 10298.5,
      "p75": 10316.25,
      "p90": 10325.2,
      "p95": 10333.15,
      "p99": 10342.62,
      "p99.9": 10351.81
    },
    "output_len": {
      "mean": 244.55,
      "min": 227.0,
      "max": 253.0,
      "p0.1": 227.595,
      "p1": 232.0,
      "p5": 236.95,
      "p10": 239.9,
      "p25": 242.0,
      "median": 245.0,
      "p75": 248.0,
      "p90": 249.0,
      "p95": 250.0,
      "p99": 250.0,
      "p99.9": 252.64300000000003
    }
  },
  "failures": {
    "count": 0,
    "request_latency": null,
    "prompt_len": null
  }
}