{"level":"info","ts":1785057549.7941923,"caller":"inflightload/producer.go:312","msg":"Injected dynamic attribute into endpoint","key":"InFlightLoadDataKey/inflight-load-producer","endpoint":"dpikus-pd-sglang-bench/pd-disaggregation-nvidia-gpu-vllm-decode-slow-fb857c8f5-dl4cg-rank-0"}
{"level":"info","ts":1785057549.7942288,"caller":"datastore/datastore.go:372","msg":"Pod added","controller":"pod","controllerGroup":"","controllerKind":"Pod","Pod":{"name":"pd-disaggregation-nvidia-gpu-vllm-decode-slow-fb857c8f5-dl4cg","namespace":"dpikus-pd-sglang-bench"},"namespace":"dpikus-pd-sglang-bench","name":"pd-disaggregation-nvidia-gpu-vllm-decode-slow-fb857c8f5-dl4cg","reconcileID":"5018b8b1-2a4b-46cf-bdc4-7720ac1bd3b8","name":"pd-disaggregation-nvidia-gpu-vllm-decode-slow-fb857c8f5-dl4cg"}
{"level":"info","ts":1785057550.768858,"caller":"inflightload/producer.go:312","msg":"Injected dynamic attribute into endpoint","key":"InFlightLoadDataKey/inflight-load-producer","endpoint":"dpikus-pd-sglang-bench/pd-disaggregation-nvidia-gpu-vllm-decode-85bf598f64-kqv2n-rank-0"}
{"level":"info","ts":1785057550.7688947,"caller":"datastore/datastore.go:372","msg":"Pod added","controller":"pod","controllerGroup":"","controllerKind":"Pod","Pod":{"name":"pd-disaggregation-nvidia-gpu-vllm-decode-85bf598f64-kqv2n","namespace":"dpikus-pd-sglang-bench"},"namespace":"dpikus-pd-sglang-bench","name":"pd-disaggregation-nvidia-gpu-vllm-decode-85bf598f64-kqv2n","reconcileID":"8c0c295f-d1ab-469d-b710-8ed98a1d0ee1","name":"pd-disaggregation-nvidia-gpu-vllm-decode-85bf598f64-kqv2n"}
{"level":"info","ts":1785057550.9463985,"caller":"datastore/datastore.go:374","msg":"Pod already exists","controller":"pod","controllerGroup":"","controllerKind":"Pod","Pod":{"name":"pd-disaggregation-nvidia-gpu-vllm-decode-85bf598f64-kqv2n","namespace":"dpikus-pd-sglang-bench"},"namespace":"dpikus-pd-sglang-bench","name":"pd-disaggregation-nvidia-gpu-vllm-decode-85bf598f64-kqv2n","reconcileID":"52fdc571-dd7a-420a-9299-ad4213e8a80d","name":"pd-disaggregation-nvidia-gpu-vllm-decode-85bf598f64-kqv2n"}
{"level":"info","ts":1785057553.3739922,"caller":"inflightload/producer.go:312","msg":"Injected dynamic attribute into endpoint","key":"InFlightLoadDataKey/inflight-load-producer","endpoint":"dpikus-pd-sglang-bench/pd-disaggregation-nvidia-gpu-vllm-decode-slow-fb857c8f5-srdjk-rank-0"}
{"level":"info","ts":1785057553.3740308,"caller":"datastore/datastore.go:372","msg":"Pod added","controller":"pod","controllerGroup":"","controllerKind":"Pod","Pod":{"name":"pd-disaggregation-nvidia-gpu-vllm-decode-slow-fb857c8f5-srdjk","namespace":"dpikus-pd-sglang-bench"},"namespace":"dpikus-pd-sglang-bench","name":"pd-disaggregation-nvidia-gpu-vllm-decode-slow-fb857c8f5-srdjk","reconcileID":"e97c8af8-5df2-4705-aeb5-9a738e7996ab","name":"pd-disaggregation-nvidia-gpu-vllm-decode-slow-fb857c8f5-srdjk"}
{"level":"info","ts":1785057580.408316,"caller":"inflightload/producer.go:312","msg":"Injected dynamic attribute into endpoint","key":"InFlightLoadDataKey/inflight-load-producer","endpoint":"dpikus-pd-sglang-bench/pd-disaggregation-nvidia-gpu-vllm-prefill-85f6865487-lmc6w-rank-0"}
{"level":"info","ts":1785057580.40835,"caller":"datastore/datastore.go:372","msg":"Pod added","controller":"pod","controllerGroup":"","controllerKind":"Pod","Pod":{"name":"pd-disaggregation-nvidia-gpu-vllm-prefill-85f6865487-lmc6w","namespace":"dpikus-pd-sglang-bench"},"namespace":"dpikus-pd-sglang-bench","name":"pd-disaggregation-nvidia-gpu-vllm-prefill-85f6865487-lmc6w","reconcileID":"dd01463b-992b-4909-943f-d1846f9b5201","name":"pd-disaggregation-nvidia-gpu-vllm-prefill-85f6865487-lmc6w"}
{"level":"info","ts":1785057583.1666284,"caller":"inflightload/producer.go:312","msg":"Injected dynamic attribute into endpoint","key":"InFlightLoadDataKey/inflight-load-producer","endpoint":"dpikus-pd-sglang-bench/pd-disaggregation-nvidia-gpu-vllm-decode-85bf598f64-v5xlx-rank-0"}
{"level":"info","ts":1785057583.1666582,"caller":"datastore/datastore.go:372","msg":"Pod added","controller":"pod","controllerGroup":"","controllerKind":"Pod","Pod":{"name":"pd-disaggregation-nvidia-gpu-vllm-decode-85bf598f64-v5xlx","namespace":"dpikus-pd-sglang-bench"},"namespace":"dpikus-pd-sglang-bench","name":"pd-disaggregation-nvidia-gpu-vllm-decode-85bf598f64-v5xlx","reconcileID":"68a8f97c-c167-474a-93a1-d914caf43004","name":"pd-disaggregation-nvidia-gpu-vllm-decode-85bf598f64-v5xlx"}
{"level":"info","ts":1785057583.3949573,"caller":"inflightload/producer.go:312","msg":"Injected dynamic attribute into endpoint","key":"InFlightLoadDataKey/inflight-load-producer","endpoint":"dpikus-pd-sglang-bench/pd-disaggregation-nvidia-gpu-vllm-prefill-85f6865487-752w9-rank-0"}
{"level":"info","ts":1785057583.3949924,"caller":"datastore/datastore.go:372","msg":"Pod added","controller":"pod","controllerGroup":"","controllerKind":"Pod","Pod":{"name":"pd-disaggregation-nvidia-gpu-vllm-prefill-85f6865487-752w9","namespace":"dpikus-pd-sglang-bench"},"namespace":"dpikus-pd-sglang-bench","name":"pd-disaggregation-nvidia-gpu-vllm-prefill-85f6865487-752w9","reconcileID":"bac3b146-8050-4caa-8a46-87f55797ab74","name":"pd-disaggregation-nvidia-gpu-vllm-prefill-85f6865487-752w9"}
{"level":"info","ts":1785057583.4176316,"caller":"datastore/datastore.go:374","msg":"Pod already exists","controller":"pod","controllerGroup":"","controllerKind":"Pod","Pod":{"name":"pd-disaggregation-nvidia-gpu-vllm-decode-85bf598f64-v5xlx","namespace":"dpikus-pd-sglang-bench"},"namespace":"dpikus-pd-sglang-bench","name":"pd-disaggregation-nvidia-gpu-vllm-decode-85bf598f64-v5xlx","reconcileID":"31980032-45ac-4b96-b1b2-5b6ddbb17893","name":"pd-disaggregation-nvidia-gpu-vllm-decode-85bf598f64-v5xlx"}
{"level":"info","ts":1785057585.2510176,"caller":"inflightload/producer.go:312","msg":"Injected dynamic attribute into endpoint","key":"InFlightLoadDataKey/inflight-load-producer","endpoint":"dpikus-pd-sglang-bench/pd-disaggregation-nvidia-gpu-vllm-prefill-85f6865487-txl66-rank-0"}
{"level":"info","ts":1785057585.251051,"caller":"datastore/datastore.go:372","msg":"Pod added","controller":"pod","controllerGroup":"","controllerKind":"Pod","Pod":{"name":"pd-disaggregation-nvidia-gpu-vllm-prefill-85f6865487-txl66","namespace":"dpikus-pd-sglang-bench"},"namespace":"dpikus-pd-sglang-bench","name":"pd-disaggregation-nvidia-gpu-vllm-prefill-85f6865487-txl66","reconcileID":"f240899f-0f71-4634-8e2d-92f664e5e166","name":"pd-disaggregation-nvidia-gpu-vllm-prefill-85f6865487-txl66"}
{"level":"info","ts":1785057625.644495,"caller":"datastore/datastore.go:374","msg":"Pod already exists","controller":"pod","controllerGroup":"","controllerKind":"Pod","Pod":{"name":"pd-disaggregation-nvidia-gpu-vllm-decode-85bf598f64-kqv2n","namespace":"dpikus-pd-sglang-bench"},"namespace":"dpikus-pd-sglang-bench","name":"pd-disaggregation-nvidia-gpu-vllm-decode-85bf598f64-kqv2n","reconcileID":"2cc2e936-1746-42f7-9a59-041a639ecd08","name":"pd-disaggregation-nvidia-gpu-vllm-decode-85bf598f64-kqv2n"}
{"level":"info","ts":1785057680.5623329,"caller":"datastore/datastore.go:374","msg":"Pod already exists","controller":"pod","controllerGroup":"","controllerKind":"Pod","Pod":{"name":"pd-disaggregation-nvidia-gpu-vllm-decode-slow-fb857c8f5-srdjk","namespace":"dpikus-pd-sglang-bench"},"namespace":"dpikus-pd-sglang-bench","name":"pd-disaggregation-nvidia-gpu-vllm-decode-slow-fb857c8f5-srdjk","reconcileID":"816d0b68-2d1a-4bac-949f-b0fa9de579c3","name":"pd-disaggregation-nvidia-gpu-vllm-decode-slow-fb857c8f5-srdjk"}
{"level":"info","ts":1785057686.643897,"caller":"datastore/datastore.go:374","msg":"Pod already exists","controller":"pod","controllerGroup":"","controllerKind":"Pod","Pod":{"name":"pd-disaggregation-nvidia-gpu-vllm-decode-85bf598f64-kqv2n","namespace":"dpikus-pd-sglang-bench"},"namespace":"dpikus-pd-sglang-bench","name":"pd-disaggregation-nvidia-gpu-vllm-decode-85bf598f64-kqv2n","reconcileID":"00ba4ceb-4029-481e-ac63-dcc7309cffd5","name":"pd-disaggregation-nvidia-gpu-vllm-decode-85bf598f64-kqv2n"}
{"level":"info","ts":1785057695.2595482,"caller":"datastore/datastore.go:374","msg":"Pod already exists","controller":"pod","controllerGroup":"","controllerKind":"Pod","Pod":{"name":"pd-disaggregation-nvidia-gpu-vllm-decode-slow-fb857c8f5-dl4cg","namespace":"dpikus-pd-sglang-bench"},"namespace":"dpikus-pd-sglang-bench","name":"pd-disaggregation-nvidia-gpu-vllm-decode-slow-fb857c8f5-dl4cg","reconcileID":"f55ee2f9-2d06-4c29-8a08-b551fe700e4d","name":"pd-disaggregation-nvidia-gpu-vllm-decode-slow-fb857c8f5-dl4cg"}
{"level":"info","ts":1785057723.7677865,"caller":"datastore/datastore.go:374","msg":"Pod already exists","controller":"pod","controllerGroup":"","controllerKind":"Pod","Pod":{"name":"pd-disaggregation-nvidia-gpu-vllm-prefill-85f6865487-lmc6w","namespace":"dpikus-pd-sglang-bench"},"namespace":"dpikus-pd-sglang-bench","name":"pd-disaggregation-nvidia-gpu-vllm-prefill-85f6865487-lmc6w","reconcileID":"8a35af02-27a9-4194-bf02-4f9b043690aa","name":"pd-disaggregation-nvidia-gpu-vllm-prefill-85f6865487-lmc6w"}
{"level":"info","ts":1785057754.6450956,"caller":"datastore/datastore.go:374","msg":"Pod already exists","controller":"pod","controllerGroup":"","controllerKind":"Pod","Pod":{"name":"pd-disaggregation-nvidia-gpu-vllm-decode-85bf598f64-kqv2n","namespace":"dpikus-pd-sglang-bench"},"namespace":"dpikus-pd-sglang-bench","name":"pd-disaggregation-nvidia-gpu-vllm-decode-85bf598f64-kqv2n","reconcileID":"ea64b0a7-256f-4125-9803-757614dbc609","name":"pd-disaggregation-nvidia-gpu-vllm-decode-85bf598f64-kqv2n"}
{"level":"info","ts":1785057768.5640762,"caller":"datastore/datastore.go:374","msg":"Pod already exists","controller":"pod","controllerGroup":"","controllerKind":"Pod","Pod":{"name":"pd-disaggregation-nvidia-gpu-vllm-decode-slow-fb857c8f5-srdjk","namespace":"dpikus-pd-sglang-bench"},"namespace":"dpikus-pd-sglang-bench","name":"pd-disaggregation-nvidia-gpu-vllm-decode-slow-fb857c8f5-srdjk","reconcileID":"5805a825-2db4-4993-9d43-b517a369d37c","name":"pd-disaggregation-nvidia-gpu-vllm-decode-slow-fb857c8f5-srdjk"}
{"level":"info","ts":1785057789.7671776,"caller":"datastore/datastore.go:374","msg":"Pod already exists","controller":"pod","controllerGroup":"","controllerKind":"Pod","Pod":{"name":"pd-disaggregation-nvidia-gpu-vllm-prefill-85f6865487-lmc6w","namespace":"dpikus-pd-sglang-bench"},"namespace":"dpikus-pd-sglang-bench","name":"pd-disaggregation-nvidia-gpu-vllm-prefill-85f6865487-lmc6w","reconcileID":"cbbe679e-3151-40f6-b17c-3282e41754c3","name":"pd-disaggregation-nvidia-gpu-vllm-prefill-85f6865487-lmc6w"}
{"level":"info","ts":1785057807.4321213,"caller":"datastore/datastore.go:374","msg":"Pod already exists","controller":"pod","controllerGroup":"","controllerKind":"Pod","Pod":{"name":"pd-disaggregation-nvidia-gpu-vllm-prefill-85f6865487-txl66","namespace":"dpikus-pd-sglang-bench"},"namespace":"dpikus-pd-sglang-bench","name":"pd-disaggregation-nvidia-gpu-vllm-prefill-85f6865487-txl66","reconcileID":"8ed2fb19-f1b8-45c3-a7bb-8e0066321109","name":"pd-disaggregation-nvidia-gpu-vllm-prefill-85f6865487-txl66"}
{"level":"info","ts":1785057843.2611399,"caller":"datastore/datastore.go:374","msg":"Pod already exists","controller":"pod","controllerGroup":"","controllerKind":"Pod","Pod":{"name":"pd-disaggregation-nvidia-gpu-vllm-decode-slow-fb857c8f5-dl4cg","namespace":"dpikus-pd-sglang-bench"},"namespace":"dpikus-pd-sglang-bench","name":"pd-disaggregation-nvidia-gpu-vllm-decode-slow-fb857c8f5-dl4cg","reconcileID":"d44471ea-b89d-4859-80e8-a56d7efbff12","name":"pd-disaggregation-nvidia-gpu-vllm-decode-slow-fb857c8f5-dl4cg"}
{"level":"info","ts":1785057854.5611928,"caller":"datastore/datastore.go:374","msg":"Pod already exists","controller":"pod","controllerGroup":"","controllerKind":"Pod","Pod":{"name":"pd-disaggregation-nvidia-gpu-vllm-decode-slow-fb857c8f5-srdjk","namespace":"dpikus-pd-sglang-bench"},"namespace":"dpikus-pd-sglang-bench","name":"pd-disaggregation-nvidia-gpu-vllm-decode-slow-fb857c8f5-srdjk","reconcileID":"f537a518-e752-4523-ad29-c3188d6fb1e8","name":"pd-disaggregation-nvidia-gpu-vllm-decode-slow-fb857c8f5-srdjk"}
{"level":"info","ts":1785057871.866085,"caller":"handlers/server.go:395","msg":"EPP received request","x-request-id":"0a504c6d-d9f5-46fc-8c2d-9b82fab271f7"}
{"level":"info","ts":1785057871.868401,"caller":"handlers/server.go:685","msg":"EPP sent response body back to proxy","x-request-id":"0a504c6d-d9f5-46fc-8c2d-9b82fab271f7"}
{"level":"info","ts":1785057874.767213,"caller":"datastore/datastore.go:374","msg":"Pod already exists","controller":"pod","controllerGroup":"","controllerKind":"Pod","Pod":{"name":"pd-disaggregation-nvidia-gpu-vllm-prefill-85f6865487-lmc6w","namespace":"dpikus-pd-sglang-bench"},"namespace":"dpikus-pd-sglang-bench","name":"pd-disaggregation-nvidia-gpu-vllm-prefill-85f6865487-lmc6w","reconcileID":"3a904149-e2b8-40ba-94d7-290db0501c39","name":"pd-disaggregation-nvidia-gpu-vllm-prefill-85f6865487-lmc6w"}
{"level":"info","ts":1785057877.6810575,"caller":"handlers/server.go:395","msg":"EPP received request","x-request-id":"b615f984-92d6-4f20-8834-3f95e8d66f7c"}
{"level":"info","ts":1785057877.8324704,"caller":"handlers/server.go:656","msg":"EPP sent request body response(s) to proxy","x-request-id":"b615f984-92d6-4f20-8834-3f95e8d66f7c","modelName":"Qwen/Qwen3-VL-32B-Instruct","targetModelName":"Qwen/Qwen3-VL-32B-Instruct"}
{"level":"info","ts":1785057882.968495,"caller":"handlers/server.go:685","msg":"EPP sent response body back to proxy","x-request-id":"b615f984-92d6-4f20-8834-3f95e8d66f7c"}
{"level":"info","ts":1785057884.0375311,"caller":"handlers/server.go:395","msg":"EPP received request","x-request-id":"bf859f61-66ba-48f3-9ef8-4f83ca570f3e"}
{"level":"info","ts":1785057884.0375354,"caller":"handlers/server.go:395","msg":"EPP received request","x-request-id":"04425643-d01c-40db-ae97-2465e88c6495"}
{"level":"info","ts":1785057884.0449767,"caller":"handlers/server.go:395","msg":"EPP received request","x-request-id":"b8210f65-6830-4082-85f1-864b15d7e355"}
{"level":"info","ts":1785057884.0563922,"caller":"handlers/server.go:395","msg":"EPP received request","x-request-id":"77a39fb7-7542-495c-9ec3-d89a7ee1c662"}
{"level":"info","ts":1785057884.0669985,"caller":"handlers/server.go:395","msg":"EPP received request","x-request-id":"d1a979c6-f83b-4c5d-ae8c-e22e8e3b3db3"}
{"level":"info","ts":1785057884.0708106,"caller":"handlers/server.go:395","msg":"EPP received request","x-request-id":"1211f306-81cd-4b60-9f14-a5d2703a4276"}
{"level":"info","ts":1785057884.073264,"caller":"handlers/server.go:395","msg":"EPP received request","x-request-id":"c535ce54-cb27-49ea-aff1-c8ee8051d1b8"}
{"level":"info","ts":1785057884.0749714,"caller":"handlers/server.go:395","msg":"EPP received request","x-request-id":"393b0376-ebf1-4607-916f-efcfc443ebef"}
{"level":"info","ts":1785057884.1565778,"caller":"handlers/server.go:656","msg":"EPP sent request body response(s) to proxy","x-request-id":"1211f306-81cd-4b60-9f14-a5d2703a4276","modelName":"Qwen/Qwen3-VL-32B-Instruct","targetModelName":"Qwen/Qwen3-VL-32B-Instruct"}
{"level":"info","ts":1785057884.1831067,"caller":"handlers/server.go:656","msg":"EPP sent request body response(s) to proxy","x-request-id":"b8210f65-6830-4082-85f1-864b15d7e355","modelName":"Qwen/Qwen3-VL-32B-Instruct","targetModelName":"Qwen/Qwen3-VL-32B-Instruct"}
{"level":"info","ts":1785057884.1879003,"caller":"handlers/server.go:656","msg":"EPP sent request body response(s) to proxy","x-request-id":"c535ce54-cb27-49ea-aff1-c8ee8051d1b8","modelName":"Qwen/Qwen3-VL-32B-Instruct","targetModelName":"Qwen/Qwen3-VL-32B-Instruct"}
{"level":"info","ts":1785057884.200835,"caller":"handlers/server.go:656","msg":"EPP sent request body response(s) to proxy","x-request-id":"bf859f61-66ba-48f3-9ef8-4f83ca570f3e","modelName":"Qwen/Qwen3-VL-32B-Instruct","targetModelName":"Qwen/Qwen3-VL-32B-Instruct"}
{"level":"info","ts":1785057884.213771,"caller":"handlers/server.go:656","msg":"EPP sent request body response(s) to proxy","x-request-id":"393b0376-ebf1-4607-916f-efcfc443ebef","modelName":"Qwen/Qwen3-VL-32B-Instruct","targetModelName":"Qwen/Qwen3-VL-32B-Instruct"}
{"level":"info","ts":1785057884.2477133,"caller":"handlers/server.go:656","msg":"EPP sent request body response(s) to proxy","x-request-id":"04425643-d01c-40db-ae97-2465e88c6495","modelName":"Qwen/Qwen3-VL-32B-Instruct","targetModelName":"Qwen/Qwen3-VL-32B-Instruct"}
{"level":"info","ts":1785057884.2572618,"caller":"handlers/server.go:656","msg":"EPP sent request body response(s) to proxy","x-request-id":"d1a979c6-f83b-4c5d-ae8c-e22e8e3b3db3","modelName":"Qwen/Qwen3-VL-32B-Instruct","targetModelName":"Qwen/Qwen3-VL-32B-Instruct"}
{"level":"info","ts":1785057884.2637928,"caller":"handlers/server.go:656","msg":"EPP sent request body response(s) to proxy","x-request-id":"77a39fb7-7542-495c-9ec3-d89a7ee1c662","modelName":"Qwen/Qwen3-VL-32B-Instruct","targetModelName":"Qwen/Qwen3-VL-32B-Instruct"}
{"level":"info","ts":1785057910.9903905,"caller":"handlers/server.go:685","msg":"EPP sent response body back to proxy","x-request-id":"1211f306-81cd-4b60-9f14-a5d2703a4276"}
{"level":"info","ts":1785057911.6353586,"caller":"handlers/server.go:685","msg":"EPP sent response body back to proxy","x-request-id":"393b0376-ebf1-4607-916f-efcfc443ebef"}
{"level":"info","ts":1785057911.7023258,"caller":"handlers/server.go:685","msg":"EPP sent response body back to proxy","x-request-id":"b8210f65-6830-4082-85f1-864b15d7e355"}
{"level":"info","ts":1785057913.0088081,"caller":"handlers/server.go:685","msg":"EPP sent response body back to proxy","x-request-id":"c535ce54-cb27-49ea-aff1-c8ee8051d1b8"}
{"level":"info","ts":1785057913.2038376,"caller":"handlers/server.go:685","msg":"EPP sent response body back to proxy","x-request-id":"bf859f61-66ba-48f3-9ef8-4f83ca570f3e"}
{"level":"info","ts":1785057913.5418007,"caller":"handlers/server.go:685","msg":"EPP sent response body back to proxy","x-request-id":"77a39fb7-7542-495c-9ec3-d89a7ee1c662"}
{"level":"info","ts":1785057913.6271186,"caller":"handlers/server.go:685","msg":"EPP sent response body back to proxy","x-request-id":"04425643-d01c-40db-ae97-2465e88c6495"}
{"level":"info","ts":1785057913.6439493,"caller":"datastore/datastore.go:374","msg":"Pod already exists","controller":"pod","controllerGroup":"","controllerKind":"Pod","Pod":{"name":"pd-disaggregation-nvidia-gpu-vllm-decode-85bf598f64-kqv2n","namespace":"dpikus-pd-sglang-bench"},"namespace":"dpikus-pd-sglang-bench","name":"pd-disaggregation-nvidia-gpu-vllm-decode-85bf598f64-kqv2n","reconcileID":"a6251d9c-5b36-4a94-b85a-1a3ec06e1966","name":"pd-disaggregation-nvidia-gpu-vllm-decode-85bf598f64-kqv2n"}
{"level":"info","ts":1785057913.6942217,"caller":"handlers/server.go:685","msg":"EPP sent response body back to proxy","x-request-id":"d1a979c6-f83b-4c5d-ae8c-e22e8e3b3db3"}
{"level":"info","ts":1785057913.698633,"caller":"handlers/server.go:395","msg":"EPP received request","x-request-id":"0cbf8191-7a6d-471f-b656-215df72f32c2"}
{"level":"info","ts":1785057913.7000904,"caller":"handlers/server.go:685","msg":"EPP sent response body back to proxy","x-request-id":"0cbf8191-7a6d-471f-b656-215df72f32c2"}
{"level":"info","ts":1785057913.7228658,"caller":"handlers/server.go:395","msg":"EPP received request","x-request-id":"8515f39d-02e5-401a-8a2e-7bca79f30378"}
{"level":"info","ts":1785057913.7236693,"caller":"handlers/server.go:685","msg":"EPP sent response body back to proxy","x-request-id":"8515f39d-02e5-401a-8a2e-7bca79f30378"}
{"level":"info","ts":1785057951.4333606,"caller":"datastore/datastore.go:374","msg":"Pod already exists","controller":"pod","controllerGroup":"","controllerKind":"Pod","Pod":{"name":"pd-disaggregation-nvidia-gpu-vllm-prefill-85f6865487-txl66","namespace":"dpikus-pd-sglang-bench"},"namespace":"dpikus-pd-sglang-bench","name":"pd-disaggregation-nvidia-gpu-vllm-prefill-85f6865487-txl66","reconcileID":"ebf1a831-7ed6-4dc8-9c74-6dc11beb2552","name":"pd-disaggregation-nvidia-gpu-vllm-prefill-85f6865487-txl66"}
{"level":"info","ts":1785057959.7676759,"caller":"datastore/datastore.go:374","msg":"Pod already exists","controller":"pod","controllerGroup":"","controllerKind":"Pod","Pod":{"name":"pd-disaggregation-nvidia-gpu-vllm-prefill-85f6865487-lmc6w","namespace":"dpikus-pd-sglang-bench"},"namespace":"dpikus-pd-sglang-bench","name":"pd-disaggregation-nvidia-gpu-vllm-prefill-85f6865487-lmc6w","reconcileID":"b2712585-3e91-4a9a-b9df-81a17b66a51f","name":"pd-disaggregation-nvidia-gpu-vllm-prefill-85f6865487-lmc6w"}
{"level":"info","ts":1785057979.460999,"caller":"handlers/server.go:395","msg":"EPP received request","x-request-id":"e862bcf4-71f9-4567-a6f8-a9a5e321b469"}
{"level":"info","ts":1785057979.4627366,"caller":"handlers/server.go:685","msg":"EPP sent response body back to proxy","x-request-id":"e862bcf4-71f9-4567-a6f8-a9a5e321b469"}
{"level":"info","ts":1785057982.6440127,"caller":"datastore/datastore.go:374","msg":"Pod already exists","controller":"pod","controllerGroup":"","controllerKind":"Pod","Pod":{"name":"pd-disaggregation-nvidia-gpu-vllm-decode-85bf598f64-kqv2n","namespace":"dpikus-pd-sglang-bench"},"namespace":"dpikus-pd-sglang-bench","name":"pd-disaggregation-nvidia-gpu-vllm-decode-85bf598f64-kqv2n","reconcileID":"d8e1044e-fec9-4526-83b8-cfa17b17aea3","name":"pd-disaggregation-nvidia-gpu-vllm-decode-85bf598f64-kqv2n"}
{"level":"info","ts":1785057990.367489,"caller":"handlers/server.go:395","msg":"EPP received request","x-request-id":"314b92ed-dad0-40ba-96ef-fcc6017dd8fb"}
{"level":"info","ts":1785057990.523806,"caller":"handlers/server.go:656","msg":"EPP sent request body response(s) to proxy","x-request-id":"314b92ed-dad0-40ba-96ef-fcc6017dd8fb","modelName":"Qwen/Qwen3-VL-32B-Instruct","targetModelName":"Qwen/Qwen3-VL-32B-Instruct"}
{"level":"info","ts":1785057993.1350853,"caller":"handlers/server.go:685","msg":"EPP sent response body back to proxy","x-request-id":"314b92ed-dad0-40ba-96ef-fcc6017dd8fb"}
{"level":"info","ts":1785057994.1989982,"caller":"handlers/server.go:395","msg":"EPP received request","x-request-id":"e308f476-9e38-40d6-9803-1be6891fc44c"}
{"level":"info","ts":1785057994.2009897,"caller":"handlers/server.go:395","msg":"EPP received request","x-request-id":"b44e29c5-73f0-4436-a0ed-23bcd4ebae46"}
{"level":"info","ts":1785057994.20788,"caller":"handlers/server.go:395","msg":"EPP received request","x-request-id":"704b6345-84f1-4fe7-a59a-a9bd3ec2b772"}
{"level":"info","ts":1785057994.2183013,"caller":"handlers/server.go:395","msg":"EPP received request","x-request-id":"b0519345-92ce-48e3-aa98-a149d9700c18"}
{"level":"info","ts":1785057994.2288795,"caller":"handlers/server.go:395","msg":"EPP received request","x-request-id":"1be2188e-498b-4042-8b5f-5e70de552eeb"}
{"level":"info","ts":1785057994.240636,"caller":"handlers/server.go:395","msg":"EPP received request","x-request-id":"b7e7ca86-111b-4979-b65c-8e5055868dcf"}
{"level":"info","ts":1785057994.2567315,"caller":"handlers/server.go:395","msg":"EPP received request","x-request-id":"32dd7329-8e4c-4695-b186-bc737faee9cf"}
{"level":"info","ts":1785057994.2585232,"caller":"handlers/server.go:395","msg":"EPP received request","x-request-id":"dc10e935-bc75-4707-93c7-61e8f9f358ae"}
{"level":"info","ts":1785057994.2703385,"caller":"handlers/server.go:395","msg":"EPP received request","x-request-id":"146c26e8-9c54-4399-9aef-55b021b1a45f"}
{"level":"info","ts":1785057994.284101,"caller":"handlers/server.go:395","msg":"EPP received request","x-request-id":"1a0aaa5e-f14c-402f-98b5-ee119ab99ea1"}
{"level":"info","ts":1785057994.2984316,"caller":"handlers/server.go:395","msg":"EPP received request","x-request-id":"584faab2-3344-4c31-90ce-8baca265a6ab"}
{"level":"info","ts":1785057994.3084657,"caller":"handlers/server.go:395","msg":"EPP received request","x-request-id":"6339ed64-a92c-4cd2-b881-96a1617c8600"}
{"level":"info","ts":1785057994.3265128,"caller":"handlers/server.go:395","msg":"EPP received request","x-request-id":"c262a143-423d-4433-8e14-d16f10e69a86"}
{"level":"info","ts":1785057994.3337913,"caller":"handlers/server.go:395","msg":"EPP received request","x-request-id":"102a1e2f-0e61-43b5-a101-0c3bf0018b53"}
{"level":"info","ts":1785057994.3360262,"caller":"handlers/server.go:656","msg":"EPP sent request body response(s) to proxy","x-request-id":"b7e7ca86-111b-4979-b65c-8e5055868dcf","modelName":"Qwen/Qwen3-VL-32B-Instruct","targetModelName":"Qwen/Qwen3-VL-32B-Instruct"}
{"level":"info","ts":1785057994.3360848,"caller":"handlers/server.go:395","msg":"EPP received request","x-request-id":"09c9d4dc-7a9c-4af9-affc-85d77fb86bdd"}
{"level":"info","ts":1785057994.3382125,"caller":"handlers/server.go:395","msg":"EPP received request","x-request-id":"7de94895-e186-475c-a441-49387f68f153"}
{"level":"info","ts":1785057994.357958,"caller":"handlers/server.go:656","msg":"EPP sent request body response(s) to proxy","x-request-id":"704b6345-84f1-4fe7-a59a-a9bd3ec2b772","modelName":"Qwen/Qwen3-VL-32B-Instruct","targetModelName":"Qwen/Qwen3-VL-32B-Instruct"}
{"level":"info","ts":1785057994.3857994,"caller":"handlers/server.go:656","msg":"EPP sent request body response(s) to proxy","x-request-id":"e308f476-9e38-40d6-9803-1be6891fc44c","modelName":"Qwen/Qwen3-VL-32B-Instruct","targetModelName":"Qwen/Qwen3-VL-32B-Instruct"}
{"level":"info","ts":1785057994.3979673,"caller":"handlers/server.go:656","msg":"EPP sent request body response(s) to proxy","x-request-id":"dc10e935-bc75-4707-93c7-61e8f9f358ae","modelName":"Qwen/Qwen3-VL-32B-Instruct","targetModelName":"Qwen/Qwen3-VL-32B-Instruct"}
{"level":"info","ts":1785057994.4071703,"caller":"handlers/server.go:656","msg":"EPP sent request body response(s) to proxy","x-request-id":"b44e29c5-73f0-4436-a0ed-23bcd4ebae46","modelName":"Qwen/Qwen3-VL-32B-Instruct","targetModelName":"Qwen/Qwen3-VL-32B-Instruct"}
{"level":"info","ts":1785057994.4157684,"caller":"handlers/server.go:656","msg":"EPP sent request body response(s) to proxy","x-request-id":"32dd7329-8e4c-4695-b186-bc737faee9cf","modelName":"Qwen/Qwen3-VL-32B-Instruct","targetModelName":"Qwen/Qwen3-VL-32B-Instruct"}
{"level":"info","ts":1785057994.4165633,"caller":"handlers/server.go:656","msg":"EPP sent request body response(s) to proxy","x-request-id":"102a1e2f-0e61-43b5-a101-0c3bf0018b53","modelName":"Qwen/Qwen3-VL-32B-Instruct","targetModelName":"Qwen/Qwen3-VL-32B-Instruct"}
{"level":"info","ts":1785057994.4197116,"caller":"handlers/server.go:656","msg":"EPP sent request body response(s) to proxy","x-request-id":"146c26e8-9c54-4399-9aef-55b021b1a45f","modelName":"Qwen/Qwen3-VL-32B-Instruct","targetModelName":"Qwen/Qwen3-VL-32B-Instruct"}
{"level":"info","ts":1785057994.4260035,"caller":"handlers/server.go:656","msg":"EPP sent request body response(s) to proxy","x-request-id":"7de94895-e186-475c-a441-49387f68f153","modelName":"Qwen/Qwen3-VL-32B-Instruct","targetModelName":"Qwen/Qwen3-VL-32B-Instruct"}
{"level":"info","ts":1785057994.4331908,"caller":"handlers/server.go:656","msg":"EPP sent request body response(s) to proxy","x-request-id":"b0519345-92ce-48e3-aa98-a149d9700c18","modelName":"Qwen/Qwen3-VL-32B-Instruct","targetModelName":"Qwen/Qwen3-VL-32B-Instruct"}
{"level":"info","ts":1785057994.44875,"caller":"handlers/server.go:656","msg":"EPP sent request body response(s) to proxy","x-request-id":"1be2188e-498b-4042-8b5f-5e70de552eeb","modelName":"Qwen/Qwen3-VL-32B-Instruct","targetModelName":"Qwen/Qwen3-VL-32B-Instruct"}
{"level":"info","ts":1785057994.4582899,"caller":"handlers/server.go:656","msg":"EPP sent request body response(s) to proxy","x-request-id":"6339ed64-a92c-4cd2-b881-96a1617c8600","modelName":"Qwen/Qwen3-VL-32B-Instruct","targetModelName":"Qwen/Qwen3-VL-32B-Instruct"}
{"level":"info","ts":1785057994.4689279,"caller":"handlers/server.go:656","msg":"EPP sent request body response(s) to proxy","x-request-id":"584faab2-3344-4c31-90ce-8baca265a6ab","modelName":"Qwen/Qwen3-VL-32B-Instruct","targetModelName":"Qwen/Qwen3-VL-32B-Instruct"}
{"level":"info","ts":1785057994.5033903,"caller":"handlers/server.go:656","msg":"EPP sent request body response(s) to proxy","x-request-id":"1a0aaa5e-f14c-402f-98b5-ee119ab99ea1","modelName":"Qwen/Qwen3-VL-32B-Instruct","targetModelName":"Qwen/Qwen3-VL-32B-Instruct"}
{"level":"info","ts":1785057994.5039036,"caller":"handlers/server.go:656","msg":"EPP sent request body response(s) to proxy","x-request-id":"09c9d4dc-7a9c-4af9-affc-85d77fb86bdd","modelName":"Qwen/Qwen3-VL-32B-Instruct","targetModelName":"Qwen/Qwen3-VL-32B-Instruct"}
{"level":"info","ts":1785057994.5316262,"caller":"handlers/server.go:656","msg":"EPP sent request body response(s) to proxy","x-request-id":"c262a143-423d-4433-8e14-d16f10e69a86","modelName":"Qwen/Qwen3-VL-32B-Instruct","targetModelName":"Qwen/Qwen3-VL-32B-Instruct"}
{"level":"info","ts":1785058007.5430133,"caller":"datastore/datastore.go:374","msg":"Pod already exists","controller":"pod","controllerGroup":"","controllerKind":"Pod","Pod":{"name":"pd-disaggregation-nvidia-gpu-vllm-decode-85bf598f64-v5xlx","namespace":"dpikus-pd-sglang-bench"},"namespace":"dpikus-pd-sglang-bench","name":"pd-disaggregation-nvidia-gpu-vllm-decode-85bf598f64-v5xlx","reconcileID":"dd278901-71a1-4605-a0a7-92bb86d8a31a","name":"pd-disaggregation-nvidia-gpu-vllm-decode-85bf598f64-v5xlx"}
{"level":"info","ts":1785058009.25855,"caller":"datastore/datastore.go:374","msg":"Pod already exists","controller":"pod","controllerGroup":"","controllerKind":"Pod","Pod":{"name":"pd-disaggregation-nvidia-gpu-vllm-decode-slow-fb857c8f5-dl4cg","namespace":"dpikus-pd-sglang-bench"},"namespace":"dpikus-pd-sglang-bench","name":"pd-disaggregation-nvidia-gpu-vllm-decode-slow-fb857c8f5-dl4cg","reconcileID":"594ce5b5-a57d-4b68-a4b5-72307200f7d9","name":"pd-disaggregation-nvidia-gpu-vllm-decode-slow-fb857c8f5-dl4cg"}
{"level":"info","ts":1785058020.9925613,"caller":"handlers/server.go:685","msg":"EPP sent response body back to proxy","x-request-id":"b7e7ca86-111b-4979-b65c-8e5055868dcf"}
{"level":"info","ts":1785058021.54128,"caller":"handlers/server.go:685","msg":"EPP sent response body back to proxy","x-request-id":"7de94895-e186-475c-a441-49387f68f153"}
{"level":"info","ts":1785058021.6631987,"caller":"handlers/server.go:685","msg":"EPP sent response body back to proxy","x-request-id":"102a1e2f-0e61-43b5-a101-0c3bf0018b53"}
{"level":"info","ts":1785058021.7234957,"caller":"handlers/server.go:685","msg":"EPP sent response body back to proxy","x-request-id":"dc10e935-bc75-4707-93c7-61e8f9f358ae"}
{"level":"info","ts":1785058021.8362567,"caller":"handlers/server.go:685","msg":"EPP sent response body back to proxy","x-request-id":"704b6345-84f1-4fe7-a59a-a9bd3ec2b772"}
{"level":"info","ts":1785058022.414588,"caller":"handlers/server.go:685","msg":"EPP sent response body back to proxy","x-request-id":"e308f476-9e38-40d6-9803-1be6891fc44c"}
{"level":"info","ts":1785058022.4976249,"caller":"handlers/server.go:685","msg":"EPP sent response body back to proxy","x-request-id":"32dd7329-8e4c-4695-b186-bc737faee9cf"}
{"level":"info","ts":1785058022.6041687,"caller":"handlers/server.go:685","msg":"EPP sent response body back to proxy","x-request-id":"6339ed64-a92c-4cd2-b881-96a1617c8600"}
{"level":"info","ts":1785058023.7942767,"caller":"handlers/server.go:685","msg":"EPP sent response body back to proxy","x-request-id":"b44e29c5-73f0-4436-a0ed-23bcd4ebae46"}
{"level":"info","ts":1785058023.8736017,"caller":"handlers/server.go:685","msg":"EPP sent response body back to proxy","x-request-id":"1be2188e-498b-4042-8b5f-5e70de552eeb"}
{"level":"info","ts":1785058023.9430265,"caller":"handlers/server.go:685","msg":"EPP sent response body back to proxy","x-request-id":"146c26e8-9c54-4399-9aef-55b021b1a45f"}
{"level":"info","ts":1785058023.9808168,"caller":"handlers/server.go:685","msg":"EPP sent response body back to proxy","x-request-id":"09c9d4dc-7a9c-4af9-affc-85d77fb86bdd"}
{"level":"info","ts":1785058024.0339038,"caller":"handlers/server.go:685","msg":"EPP sent response body back to proxy","x-request-id":"584faab2-3344-4c31-90ce-8baca265a6ab"}
{"level":"info","ts":1785058024.3106835,"caller":"handlers/server.go:685","msg":"EPP sent response body back to proxy","x-request-id":"c262a143-423d-4433-8e14-d16f10e69a86"}
{"level":"info","ts":1785058024.8531375,"caller":"handlers/server.go:685","msg":"EPP sent response body back to proxy","x-request-id":"b0519345-92ce-48e3-aa98-a149d9700c18"}
{"level":"info","ts":1785058025.2147603,"caller":"handlers/server.go:685","msg":"EPP sent response body back to proxy","x-request-id":"1a0aaa5e-f14c-402f-98b5-ee119ab99ea1"}
{"level":"info","ts":1785058025.218739,"caller":"handlers/server.go:395","msg":"EPP received request","x-request-id":"e1a96e62-a89f-4b1b-8f33-f99e56388e33"}
{"level":"info","ts":1785058025.2199123,"caller":"handlers/server.go:685","msg":"EPP sent response body back to proxy","x-request-id":"e1a96e62-a89f-4b1b-8f33-f99e56388e33"}
{"level":"info","ts":1785058025.2600012,"caller":"handlers/server.go:395","msg":"EPP received request","x-request-id":"e42f5bf9-26e5-4ce6-b8b7-0fed2b2cf99a"}
{"level":"info","ts":1785058025.2646184,"caller":"handlers/server.go:685","msg":"EPP sent response body back to proxy","x-request-id":"e42f5bf9-26e5-4ce6-b8b7-0fed2b2cf99a"}
{"level":"info","ts":1785058027.432517,"caller":"datastore/datastore.go:374","msg":"Pod already exists","controller":"pod","controllerGroup":"","controllerKind":"Pod","Pod":{"name":"pd-disaggregation-nvidia-gpu-vllm-prefill-85f6865487-txl66","namespace":"dpikus-pd-sglang-bench"},"namespace":"dpikus-pd-sglang-bench","name":"pd-disaggregation-nvidia-gpu-vllm-prefill-85f6865487-txl66","reconcileID":"fb9afd22-add3-40f0-9f5a-c5d5c82e43bb","name":"pd-disaggregation-nvidia-gpu-vllm-prefill-85f6865487-txl66"}
{"level":"info","ts":1785058027.7681887,"caller":"datastore/datastore.go:374","msg":"Pod already exists","controller":"pod","controllerGroup":"","controllerKind":"Pod","Pod":{"name":"pd-disaggregation-nvidia-gpu-vllm-prefill-85f6865487-lmc6w","namespace":"dpikus-pd-sglang-bench"},"namespace":"dpikus-pd-sglang-bench","name":"pd-disaggregation-nvidia-gpu-vllm-prefill-85f6865487-lmc6w","reconcileID":"45413db1-9506-4a20-892c-32acbacd8dab","name":"pd-disaggregation-nvidia-gpu-vllm-prefill-85f6865487-lmc6w"}
{"level":"info","ts":1785058036.0043335,"caller":"datastore/datastore.go:374","msg":"Pod already exists","controller":"pod","controllerGroup":"","controllerKind":"Pod","Pod":{"name":"pd-disaggregation-nvidia-gpu-vllm-prefill-85f6865487-752w9","namespace":"dpikus-pd-sglang-bench"},"namespace":"dpikus-pd-sglang-bench","name":"pd-disaggregation-nvidia-gpu-vllm-prefill-85f6865487-752w9","reconcileID":"98479218-523c-42e5-9f42-c020145d14b5","name":"pd-disaggregation-nvidia-gpu-vllm-prefill-85f6865487-752w9"}
{"level":"info","ts":1785058078.5449603,"caller":"datastore/datastore.go:374","msg":"Pod already exists","controller":"pod","controllerGroup":"","controllerKind":"Pod","Pod":{"name":"pd-disaggregation-nvidia-gpu-vllm-decode-85bf598f64-v5xlx","namespace":"dpikus-pd-sglang-bench"},"namespace":"dpikus-pd-sglang-bench","name":"pd-disaggregation-nvidia-gpu-vllm-decode-85bf598f64-v5xlx","reconcileID":"4e493fb3-a547-4519-8e78-1b64099bc0a1","name":"pd-disaggregation-nvidia-gpu-vllm-decode-85bf598f64-v5xlx"}
{"level":"info","ts":1785058090.9657204,"caller":"handlers/server.go:395","msg":"EPP received request","x-request-id":"0c4081d9-e6af-4a2f-84fd-5789268e8685"}
{"level":"info","ts":1785058090.9670389,"caller":"handlers/server.go:685","msg":"EPP sent response body back to proxy","x-request-id":"0c4081d9-e6af-4a2f-84fd-5789268e8685"}
{"level":"info","ts":1785058096.7680342,"caller":"datastore/datastore.go:374","msg":"Pod already exists","controller":"pod","controllerGroup":"","controllerKind":"Pod","Pod":{"name":"pd-disaggregation-nvidia-gpu-vllm-prefill-85f6865487-lmc6w","namespace":"dpikus-pd-sglang-bench"},"namespace":"dpikus-pd-sglang-bench","name":"pd-disaggregation-nvidia-gpu-vllm-prefill-85f6865487-lmc6w","reconcileID":"bd382e01-b12f-4e10-928d-a814e69e7e32","name":"pd-disaggregation-nvidia-gpu-vllm-prefill-85f6865487-lmc6w"}
{"level":"info","ts":1785058102.432524,"caller":"datastore/datastore.go:374","msg":"Pod already exists","controller":"pod","controllerGroup":"","controllerKind":"Pod","Pod":{"name":"pd-disaggregation-nvidia-gpu-vllm-prefill-85f6865487-txl66","namespace":"dpikus-pd-sglang-bench"},"namespace":"dpikus-pd-sglang-bench","name":"pd-disaggregation-nvidia-gpu-vllm-prefill-85f6865487-txl66","reconcileID":"aeef5819-1eba-41ce-a4a6-b7c3a083ea33","name":"pd-disaggregation-nvidia-gpu-vllm-prefill-85f6865487-txl66"}
{"level":"info","ts":1785058108.4809406,"caller":"handlers/server.go:395","msg":"EPP received request","x-request-id":"5a561a16-0773-4d56-a47f-a09880214297"}
{"level":"info","ts":1785058108.6501887,"caller":"handlers/server.go:656","msg":"EPP sent request body response(s) to proxy","x-request-id":"5a561a16-0773-4d56-a47f-a09880214297","modelName":"Qwen/Qwen3-VL-32B-Instruct","targetModelName":"Qwen/Qwen3-VL-32B-Instruct"}
{"level":"info","ts":1785058111.2709603,"caller":"handlers/server.go:685","msg":"EPP sent response body back to proxy","x-request-id":"5a561a16-0773-4d56-a47f-a09880214297"}
{"level":"info","ts":1785058112.3355007,"caller":"handlers/server.go:395","msg":"EPP received request","x-request-id":"46a042a7-fe8f-4d15-81ce-b7e3a3da9166"}
{"level":"info","ts":1785058112.337157,"caller":"handlers/server.go:395","msg":"EPP received request","x-request-id":"ada20a94-1f74-4b77-af90-7fb369719558"}
{"level":"info","ts":1785058112.345258,"caller":"handlers/server.go:395","msg":"EPP received request","x-request-id":"7d4a12c1-40e4-4f8a-87f7-fa6d2f554138"}
{"level":"info","ts":1785058112.3544059,"caller":"handlers/server.go:395","msg":"EPP received request","x-request-id":"828d1aa4-8b8a-4006-b0dd-0dc613c8f780"}
{"level":"info","ts":1785058112.3605664,"caller":"handlers/server.go:395","msg":"EPP received request","x-request-id":"569fa26f-5aaa-49f4-bab4-1d8692b8ffb8"}
{"level":"info","ts":1785058112.3687465,"caller":"handlers/server.go:395","msg":"EPP received request","x-request-id":"0fa42530-4f96-46e5-9ead-79997a6e10da"}
{"level":"info","ts":1785058112.3805108,"caller":"handlers/server.go:395","msg":"EPP received request","x-request-id":"872e49c3-9871-442a-bc3b-a62f5d1f7635"}
{"level":"info","ts":1785058112.3996458,"caller":"handlers/server.go:395","msg":"EPP received request","x-request-id":"bab8b8b9-dd8b-4b67-9747-856f68ba2e1f"}
{"level":"info","ts":1785058112.4111524,"caller":"handlers/server.go:395","msg":"EPP received request","x-request-id":"bda3812a-bad5-402f-99e8-f07c48b72f44"}
{"level":"info","ts":1785058112.4202085,"caller":"handlers/server.go:395","msg":"EPP received request","x-request-id":"b8d8605b-f70f-4904-bda3-ebb95811a01a"}
{"level":"info","ts":1785058112.4392555,"caller":"handlers/server.go:395","msg":"EPP received request","x-request-id":"f178a22c-2e57-440a-9025-1312fa8e626d"}
{"level":"info","ts":1785058112.446339,"caller":"handlers/server.go:395","msg":"EPP received request","x-request-id":"b93569a9-60d6-4e41-b074-815e75401973"}
{"level":"info","ts":1785058112.4577684,"caller":"handlers/server.go:656","msg":"EPP sent request body response(s) to proxy","x-request-id":"0fa42530-4f96-46e5-9ead-79997a6e10da","modelName":"Qwen/Qwen3-VL-32B-Instruct","targetModelName":"Qwen/Qwen3-VL-32B-Instruct"}
{"level":"info","ts":1785058112.4614866,"caller":"handlers/server.go:395","msg":"EPP received request","x-request-id":"03479208-e114-4906-b0d6-2cfa7a3da1cf"}
{"level":"info","ts":1785058112.4697437,"caller":"handlers/server.go:395","msg":"EPP received request","x-request-id":"d46a583b-dd3e-4a17-9a22-f6535f08bb90"}
{"level":"info","ts":1785058112.4801044,"caller":"handlers/server.go:656","msg":"EPP sent request body response(s) to proxy","x-request-id":"7d4a12c1-40e4-4f8a-87f7-fa6d2f554138","modelName":"Qwen/Qwen3-VL-32B-Instruct","targetModelName":"Qwen/Qwen3-VL-32B-Instruct"}
{"level":"info","ts":1785058112.482115,"caller":"handlers/server.go:395","msg":"EPP received request","x-request-id":"cdbc0868-d375-4223-8f32-6a048b127e6f"}
{"level":"info","ts":1785058112.5004632,"caller":"handlers/server.go:395","msg":"EPP received request","x-request-id":"0f2f1b0e-5fc9-450e-bdf8-80be29ba34a9"}
{"level":"info","ts":1785058112.5021183,"caller":"handlers/server.go:395","msg":"EPP received request","x-request-id":"39f11de5-ab2f-4687-a98b-fdba73e36655"}
{"level":"info","ts":1785058112.5122137,"caller":"handlers/server.go:656","msg":"EPP sent request body response(s) to proxy","x-request-id":"872e49c3-9871-442a-bc3b-a62f5d1f7635","modelName":"Qwen/Qwen3-VL-32B-Instruct","targetModelName":"Qwen/Qwen3-VL-32B-Instruct"}
{"level":"info","ts":1785058112.5164304,"caller":"handlers/server.go:656","msg":"EPP sent request body response(s) to proxy","x-request-id":"46a042a7-fe8f-4d15-81ce-b7e3a3da9166","modelName":"Qwen/Qwen3-VL-32B-Instruct","targetModelName":"Qwen/Qwen3-VL-32B-Instruct"}
{"level":"info","ts":1785058112.5244026,"caller":"handlers/server.go:395","msg":"EPP received request","x-request-id":"579d89bc-fc39-4514-ac11-550e2f03e189"}
{"level":"info","ts":1785058112.5260167,"caller":"handlers/server.go:395","msg":"EPP received request","x-request-id":"34937ea6-1f51-441c-ba43-1f14ded84ea5"}
{"level":"info","ts":1785058112.5440094,"caller":"handlers/server.go:395","msg":"EPP received request","x-request-id":"0e487657-6554-49e5-ba69-b7fec652806c"}
{"level":"info","ts":1785058112.5464349,"caller":"handlers/server.go:656","msg":"EPP sent request body response(s) to proxy","x-request-id":"bab8b8b9-dd8b-4b67-9747-856f68ba2e1f","modelName":"Qwen/Qwen3-VL-32B-Instruct","targetModelName":"Qwen/Qwen3-VL-32B-Instruct"}
{"level":"info","ts":1785058112.5513954,"caller":"handlers/server.go:656","msg":"EPP sent request body response(s) to proxy","x-request-id":"bda3812a-bad5-402f-99e8-f07c48b72f44","modelName":"Qwen/Qwen3-VL-32B-Instruct","targetModelName":"Qwen/Qwen3-VL-32B-Instruct"}
{"level":"info","ts":1785058112.5556319,"caller":"handlers/server.go:656","msg":"EPP sent request body response(s) to proxy","x-request-id":"d46a583b-dd3e-4a17-9a22-f6535f08bb90","modelName":"Qwen/Qwen3-VL-32B-Instruct","targetModelName":"Qwen/Qwen3-VL-32B-Instruct"}
{"level":"info","ts":1785058112.5575445,"caller":"handlers/server.go:395","msg":"EPP received request","x-request-id":"4efc8f79-5ff3-4c21-bed7-a40daac3d7c0"}
{"level":"info","ts":1785058112.559952,"caller":"handlers/server.go:656","msg":"EPP sent request body response(s) to proxy","x-request-id":"ada20a94-1f74-4b77-af90-7fb369719558","modelName":"Qwen/Qwen3-VL-32B-Instruct","targetModelName":"Qwen/Qwen3-VL-32B-Instruct"}
{"level":"info","ts":1785058112.5617626,"caller":"handlers/server.go:395","msg":"EPP received request","x-request-id":"9d5a5b64-4f5e-4b2a-9d0d-4c92d6fdefcb"}
{"level":"info","ts":1785058112.5663083,"caller":"handlers/server.go:395","msg":"EPP received request","x-request-id":"c70ac444-cebe-461e-bd7a-98ab9fab17ec"}
{"level":"info","ts":1785058112.5804663,"caller":"handlers/server.go:656","msg":"EPP sent request body response(s) to proxy","x-request-id":"34937ea6-1f51-441c-ba43-1f14ded84ea5","modelName":"Qwen/Qwen3-VL-32B-Instruct","targetModelName":"Qwen/Qwen3-VL-32B-Instruct"}
{"level":"info","ts":1785058112.584382,"caller":"handlers/server.go:656","msg":"EPP sent request body response(s) to proxy","x-request-id":"828d1aa4-8b8a-4006-b0dd-0dc613c8f780","modelName":"Qwen/Qwen3-VL-32B-Instruct","targetModelName":"Qwen/Qwen3-VL-32B-Instruct"}
{"level":"info","ts":1785058112.5877655,"caller":"handlers/server.go:395","msg":"EPP received request","x-request-id":"8419d7f7-7744-44b6-bb31-d08297137d20"}
{"level":"info","ts":1785058112.590439,"caller":"handlers/server.go:656","msg":"EPP sent request body response(s) to proxy","x-request-id":"b93569a9-60d6-4e41-b074-815e75401973","modelName":"Qwen/Qwen3-VL-32B-Instruct","targetModelName":"Qwen/Qwen3-VL-32B-Instruct"}
{"level":"info","ts":1785058112.5954192,"caller":"handlers/server.go:395","msg":"EPP received request","x-request-id":"9b6a058e-3ec7-41c8-9405-d706494fbf8a"}
{"level":"info","ts":1785058112.5987241,"caller":"handlers/server.go:656","msg":"EPP sent request body response(s) to proxy","x-request-id":"0f2f1b0e-5fc9-450e-bdf8-80be29ba34a9","modelName":"Qwen/Qwen3-VL-32B-Instruct","targetModelName":"Qwen/Qwen3-VL-32B-Instruct"}
{"level":"info","ts":1785058112.599934,"caller":"handlers/server.go:656","msg":"EPP sent request body response(s) to proxy","x-request-id":"569fa26f-5aaa-49f4-bab4-1d8692b8ffb8","modelName":"Qwen/Qwen3-VL-32B-Instruct","targetModelName":"Qwen/Qwen3-VL-32B-Instruct"}
{"level":"info","ts":1785058112.6056905,"caller":"handlers/server.go:395","msg":"EPP received request","x-request-id":"25f4066f-00fb-45f4-b8cf-ea55a3e51680"}
{"level":"info","ts":1785058112.6093488,"caller":"handlers/server.go:656","msg":"EPP sent request body response(s) to proxy","x-request-id":"f178a22c-2e57-440a-9025-1312fa8e626d","modelName":"Qwen/Qwen3-VL-32B-Instruct","targetModelName":"Qwen/Qwen3-VL-32B-Instruct"}
{"level":"info","ts":1785058112.6186717,"caller":"handlers/server.go:395","msg":"EPP received request","x-request-id":"0d314c26-ba2f-4727-a4be-a6f8b4089d46"}
{"level":"info","ts":1785058112.6258368,"caller":"handlers/server.go:656","msg":"EPP sent request body response(s) to proxy","x-request-id":"b8d8605b-f70f-4904-bda3-ebb95811a01a","modelName":"Qwen/Qwen3-VL-32B-Instruct","targetModelName":"Qwen/Qwen3-VL-32B-Instruct"}
{"level":"info","ts":1785058112.6289659,"caller":"handlers/server.go:395","msg":"EPP received request","x-request-id":"d3c74b93-0da1-4330-8564-01d002d5bc76"}
{"level":"info","ts":1785058112.6298728,"caller":"handlers/server.go:656","msg":"EPP sent request body response(s) to proxy","x-request-id":"8419d7f7-7744-44b6-bb31-d08297137d20","modelName":"Qwen/Qwen3-VL-32B-Instruct","targetModelName":"Qwen/Qwen3-VL-32B-Instruct"}
{"level":"info","ts":1785058112.6304288,"caller":"handlers/server.go:395","msg":"EPP received request","x-request-id":"976eb358-80f0-4a94-970f-c6f13baa85d7"}
{"level":"info","ts":1785058112.6347003,"caller":"handlers/server.go:656","msg":"EPP sent request body response(s) to proxy","x-request-id":"4efc8f79-5ff3-4c21-bed7-a40daac3d7c0","modelName":"Qwen/Qwen3-VL-32B-Instruct","targetModelName":"Qwen/Qwen3-VL-32B-Instruct"}
{"level":"info","ts":1785058112.6397066,"caller":"handlers/server.go:656","msg":"EPP sent request body response(s) to proxy","x-request-id":"9b6a058e-3ec7-41c8-9405-d706494fbf8a","modelName":"Qwen/Qwen3-VL-32B-Instruct","targetModelName":"Qwen/Qwen3-VL-32B-Instruct"}
{"level":"info","ts":1785058112.6465762,"caller":"handlers/server.go:395","msg":"EPP received request","x-request-id":"8277df8f-3037-434e-8f32-623f73b76ac8"}
{"level":"info","ts":1785058112.6477644,"caller":"handlers/server.go:395","msg":"EPP received request","x-request-id":"4ff597e0-f76f-4a35-82b2-5db0c47a8a98"}
{"level":"info","ts":1785058112.649939,"caller":"handlers/server.go:395","msg":"EPP received request","x-request-id":"d4c541a0-0421-4732-aa0a-12e3ac8a6a62"}
{"level":"info","ts":1785058112.665691,"caller":"handlers/server.go:656","msg":"EPP sent request body response(s) to proxy","x-request-id":"cdbc0868-d375-4223-8f32-6a048b127e6f","modelName":"Qwen/Qwen3-VL-32B-Instruct","targetModelName":"Qwen/Qwen3-VL-32B-Instruct"}
{"level":"info","ts":1785058112.6661305,"caller":"handlers/server.go:656","msg":"EPP sent request body response(s) to proxy","x-request-id":"03479208-e114-4906-b0d6-2cfa7a3da1cf","modelName":"Qwen/Qwen3-VL-32B-Instruct","targetModelName":"Qwen/Qwen3-VL-32B-Instruct"}
{"level":"info","ts":1785058112.676208,"caller":"handlers/server.go:656","msg":"EPP sent request body response(s) to proxy","x-request-id":"39f11de5-ab2f-4687-a98b-fdba73e36655","modelName":"Qwen/Qwen3-VL-32B-Instruct","targetModelName":"Qwen/Qwen3-VL-32B-Instruct"}
{"level":"info","ts":1785058112.714532,"caller":"handlers/server.go:656","msg":"EPP sent request body response(s) to proxy","x-request-id":"0e487657-6554-49e5-ba69-b7fec652806c","modelName":"Qwen/Qwen3-VL-32B-Instruct","targetModelName":"Qwen/Qwen3-VL-32B-Instruct"}
{"level":"info","ts":1785058112.720833,"caller":"handlers/server.go:656","msg":"EPP sent request body response(s) to proxy","x-request-id":"d3c74b93-0da1-4330-8564-01d002d5bc76","modelName":"Qwen/Qwen3-VL-32B-Instruct","targetModelName":"Qwen/Qwen3-VL-32B-Instruct"}
{"level":"info","ts":1785058112.7388995,"caller":"handlers/server.go:656","msg":"EPP sent request body response(s) to proxy","x-request-id":"579d89bc-fc39-4514-ac11-550e2f03e189","modelName":"Qwen/Qwen3-VL-32B-Instruct","targetModelName":"Qwen/Qwen3-VL-32B-Instruct"}
{"level":"info","ts":1785058112.739895,"caller":"handlers/server.go:656","msg":"EPP sent request body response(s) to proxy","x-request-id":"25f4066f-00fb-45f4-b8cf-ea55a3e51680","modelName":"Qwen/Qwen3-VL-32B-Instruct","targetModelName":"Qwen/Qwen3-VL-32B-Instruct"}
{"level":"info","ts":1785058112.7407396,"caller":"handlers/server.go:656","msg":"EPP sent request body response(s) to proxy","x-request-id":"c70ac444-cebe-461e-bd7a-98ab9fab17ec","modelName":"Qwen/Qwen3-VL-32B-Instruct","targetModelName":"Qwen/Qwen3-VL-32B-Instruct"}
{"level":"info","ts":1785058112.7513378,"caller":"handlers/server.go:656","msg":"EPP sent request body response(s) to proxy","x-request-id":"0d314c26-ba2f-4727-a4be-a6f8b4089d46","modelName":"Qwen/Qwen3-VL-32B-Instruct","targetModelName":"Qwen/Qwen3-VL-32B-Instruct"}
{"level":"info","ts":1785058112.7648149,"caller":"handlers/server.go:656","msg":"EPP sent request body response(s) to proxy","x-request-id":"9d5a5b64-4f5e-4b2a-9d0d-4c92d6fdefcb","modelName":"Qwen/Qwen3-VL-32B-Instruct","targetModelName":"Qwen/Qwen3-VL-32B-Instruct"}
{"level":"info","ts":1785058112.767638,"caller":"handlers/server.go:656","msg":"EPP sent request body response(s) to proxy","x-request-id":"4ff597e0-f76f-4a35-82b2-5db0c47a8a98","modelName":"Qwen/Qwen3-VL-32B-Instruct","targetModelName":"Qwen/Qwen3-VL-32B-Instruct"}
{"level":"info","ts":1785058112.7866852,"caller":"handlers/server.go:656","msg":"EPP sent request body response(s) to proxy","x-request-id":"976eb358-80f0-4a94-970f-c6f13baa85d7","modelName":"Qwen/Qwen3-VL-32B-Instruct","targetModelName":"Qwen/Qwen3-VL-32B-Instruct"}
{"level":"info","ts":1785058112.8041615,"caller":"handlers/server.go:656","msg":"EPP sent request body response(s) to proxy","x-request-id":"8277df8f-3037-434e-8f32-623f73b76ac8","modelName":"Qwen/Qwen3-VL-32B-Instruct","targetModelName":"Qwen/Qwen3-VL-32B-Instruct"}
{"level":"info","ts":1785058112.821399,"caller":"handlers/server.go:656","msg":"EPP sent request body response(s) to proxy","x-request-id":"d4c541a0-0421-4732-aa0a-12e3ac8a6a62","modelName":"Qwen/Qwen3-VL-32B-Instruct","targetModelName":"Qwen/Qwen3-VL-32B-Instruct"}
{"level":"info","ts":1785058119.004187,"caller":"datastore/datastore.go:374","msg":"Pod already exists","controller":"pod","controllerGroup":"","controllerKind":"Pod","Pod":{"name":"pd-disaggregation-nvidia-gpu-vllm-prefill-85f6865487-752w9","namespace":"dpikus-pd-sglang-bench"},"namespace":"dpikus-pd-sglang-bench","name":"pd-disaggregation-nvidia-gpu-vllm-prefill-85f6865487-752w9","reconcileID":"e0de5c72-cc24-4e7c-a0de-3d7545b1912b","name":"pd-disaggregation-nvidia-gpu-vllm-prefill-85f6865487-752w9"}
{"level":"info","ts":1785058139.1672602,"caller":"handlers/server.go:685","msg":"EPP sent response body back to proxy","x-request-id":"7d4a12c1-40e4-4f8a-87f7-fa6d2f554138"}
{"level":"info","ts":1785058139.6758246,"caller":"handlers/server.go:685","msg":"EPP sent response body back to proxy","x-request-id":"46a042a7-fe8f-4d15-81ce-b7e3a3da9166"}
{"level":"info","ts":1785058139.750953,"caller":"handlers/server.go:685","msg":"EPP sent response body back to proxy","x-request-id":"0f2f1b0e-5fc9-450e-bdf8-80be29ba34a9"}
{"level":"info","ts":1785058139.9900856,"caller":"handlers/server.go:685","msg":"EPP sent response body back to proxy","x-request-id":"8419d7f7-7744-44b6-bb31-d08297137d20"}
{"level":"info","ts":1785058140.570722,"caller":"handlers/server.go:685","msg":"EPP sent response body back to proxy","x-request-id":"b93569a9-60d6-4e41-b074-815e75401973"}
{"level":"info","ts":1785058140.754075,"caller":"handlers/server.go:685","msg":"EPP sent response body back to proxy","x-request-id":"d46a583b-dd3e-4a17-9a22-f6535f08bb90"}
{"level":"info","ts":1785058141.2878592,"caller":"handlers/server.go:685","msg":"EPP sent response body back to proxy","x-request-id":"4efc8f79-5ff3-4c21-bed7-a40daac3d7c0"}
{"level":"info","ts":1785058141.580231,"caller":"handlers/server.go:685","msg":"EPP sent response body back to proxy","x-request-id":"0fa42530-4f96-46e5-9ead-79997a6e10da"}
{"level":"info","ts":1785058142.4559052,"caller":"handlers/server.go:685","msg":"EPP sent response body back to proxy","x-request-id":"872e49c3-9871-442a-bc3b-a62f5d1f7635"}
{"level":"info","ts":1785058142.5241563,"caller":"handlers/server.go:685","msg":"EPP sent response body back to proxy","x-request-id":"34937ea6-1f51-441c-ba43-1f14ded84ea5"}
{"level":"info","ts":1785058142.6628919,"caller":"handlers/server.go:685","msg":"EPP sent response body back to proxy","x-request-id":"bab8b8b9-dd8b-4b67-9747-856f68ba2e1f"}
{"level":"info","ts":1785058143.0791352,"caller":"handlers/server.go:685","msg":"EPP sent response body back to proxy","x-request-id":"bda3812a-bad5-402f-99e8-f07c48b72f44"}
{"level":"info","ts":1785058143.1266103,"caller":"handlers/server.go:685","msg":"EPP sent response body back to proxy","x-request-id":"9b6a058e-3ec7-41c8-9405-d706494fbf8a"}
{"level":"info","ts":1785058143.6865115,"caller":"handlers/server.go:685","msg":"EPP sent response body back to proxy","x-request-id":"569fa26f-5aaa-49f4-bab4-1d8692b8ffb8"}
{"level":"info","ts":1785058144.6069686,"caller":"handlers/server.go:685","msg":"EPP sent response body back to proxy","x-request-id":"d3c74b93-0da1-4330-8564-01d002d5bc76"}
{"level":"info","ts":1785058144.847508,"caller":"handlers/server.go:685","msg":"EPP sent response body back to proxy","x-request-id":"828d1aa4-8b8a-4006-b0dd-0dc613c8f780"}
{"level":"info","ts":1785058145.406651,"caller":"handlers/server.go:685","msg":"EPP sent response body back to proxy","x-request-id":"f178a22c-2e57-440a-9025-1312fa8e626d"}
{"level":"info","ts":1785058145.5309796,"caller":"handlers/server.go:685","msg":"EPP sent response body back to proxy","x-request-id":"25f4066f-00fb-45f4-b8cf-ea55a3e51680"}
{"level":"info","ts":1785058145.6431298,"caller":"datastore/datastore.go:374","msg":"Pod already exists","controller":"pod","controllerGroup":"","controllerKind":"Pod","Pod":{"name":"pd-disaggregation-nvidia-gpu-vllm-decode-85bf598f64-kqv2n","namespace":"dpikus-pd-sglang-bench"},"namespace":"dpikus-pd-sglang-bench","name":"pd-disaggregation-nvidia-gpu-vllm-decode-85bf598f64-kqv2n","reconcileID":"6804b276-e822-4c85-95a2-36bec19bfce9","name":"pd-disaggregation-nvidia-gpu-vllm-decode-85bf598f64-kqv2n"}
{"level":"info","ts":1785058145.8246162,"caller":"handlers/server.go:685","msg":"EPP sent response body back to proxy","x-request-id":"39f11de5-ab2f-4687-a98b-fdba73e36655"}
{"level":"info","ts":1785058146.4048064,"caller":"handlers/server.go:685","msg":"EPP sent response body back to proxy","x-request-id":"cdbc0868-d375-4223-8f32-6a048b127e6f"}
{"level":"info","ts":1785058146.6957624,"caller":"handlers/server.go:685","msg":"EPP sent response body back to proxy","x-request-id":"c70ac444-cebe-461e-bd7a-98ab9fab17ec"}
{"level":"info","ts":1785058146.9978113,"caller":"handlers/server.go:685","msg":"EPP sent response body back to proxy","x-request-id":"b8d8605b-f70f-4904-bda3-ebb95811a01a"}
{"level":"info","ts":1785058147.2968986,"caller":"handlers/server.go:685","msg":"EPP sent response body back to proxy","x-request-id":"d4c541a0-0421-4732-aa0a-12e3ac8a6a62"}
{"level":"info","ts":1785058147.3462539,"caller":"handlers/server.go:685","msg":"EPP sent response body back to proxy","x-request-id":"8277df8f-3037-434e-8f32-623f73b76ac8"}
{"level":"info","ts":1785058165.4725893,"caller":"handlers/server.go:685","msg":"EPP sent response body back to proxy","x-request-id":"0d314c26-ba2f-4727-a4be-a6f8b4089d46"}
{"level":"info","ts":1785058165.4861395,"caller":"handlers/server.go:685","msg":"EPP sent response body back to proxy","x-request-id":"ada20a94-1f74-4b77-af90-7fb369719558"}
{"level":"info","ts":1785058165.8708942,"caller":"handlers/server.go:685","msg":"EPP sent response body back to proxy","x-request-id":"4ff597e0-f76f-4a35-82b2-5db0c47a8a98"}
{"level":"info","ts":1785058165.9021256,"caller":"handlers/server.go:685","msg":"EPP sent response body back to proxy","x-request-id":"0e487657-6554-49e5-ba69-b7fec652806c"}
{"level":"info","ts":1785058166.380896,"caller":"handlers/server.go:685","msg":"EPP sent response body back to proxy","x-request-id":"976eb358-80f0-4a94-970f-c6f13baa85d7"}
{"level":"info","ts":1785058166.4518034,"caller":"handlers/server.go:685","msg":"EPP sent response body back to proxy","x-request-id":"579d89bc-fc39-4514-ac11-550e2f03e189"}
{"level":"info","ts":1785058166.8883607,"caller":"handlers/server.go:685","msg":"EPP sent response body back to proxy","x-request-id":"03479208-e114-4906-b0d6-2cfa7a3da1cf"}
{"level":"info","ts":1785058169.2569249,"caller":"handlers/server.go:685","msg":"EPP sent response body back to proxy","x-request-id":"9d5a5b64-4f5e-4b2a-9d0d-4c92d6fdefcb"}
{"level":"info","ts":1785058169.2608042,"caller":"handlers/server.go:395","msg":"EPP received request","x-request-id":"9f343e2c-6e7c-45c0-b25d-d9c5ee78523e"}
{"level":"info","ts":1785058169.2622726,"caller":"handlers/server.go:685","msg":"EPP sent response body back to proxy","x-request-id":"9f343e2c-6e7c-45c0-b25d-d9c5ee78523e"}
{"level":"info","ts":1785058169.3398352,"caller":"handlers/server.go:395","msg":"EPP received request","x-request-id":"2a30d045-8d72-479c-9c1a-8e145e470e55"}
{"level":"info","ts":1785058169.3419669,"caller":"handlers/server.go:685","msg":"EPP sent response body back to proxy","x-request-id":"2a30d045-8d72-479c-9c1a-8e145e470e55"}
{"level":"info","ts":1785058171.7662177,"caller":"datastore/datastore.go:374","msg":"Pod already exists","controller":"pod","controllerGroup":"","controllerKind":"Pod","Pod":{"name":"pd-disaggregation-nvidia-gpu-vllm-prefill-85f6865487-lmc6w","namespace":"dpikus-pd-sglang-bench"},"namespace":"dpikus-pd-sglang-bench","name":"pd-disaggregation-nvidia-gpu-vllm-prefill-85f6865487-lmc6w","reconcileID":"139f65af-d395-40c3-a02f-c3ca984fcf96","name":"pd-disaggregation-nvidia-gpu-vllm-prefill-85f6865487-lmc6w"}
{"level":"info","ts":1785058175.4323778,"caller":"datastore/datastore.go:374","msg":"Pod already exists","controller":"pod","controllerGroup":"","controllerKind":"Pod","Pod":{"name":"pd-disaggregation-nvidia-gpu-vllm-prefill-85f6865487-txl66","namespace":"dpikus-pd-sglang-bench"},"namespace":"dpikus-pd-sglang-bench","name":"pd-disaggregation-nvidia-gpu-vllm-prefill-85f6865487-txl66","reconcileID":"02c8d840-1c31-4d07-a4e0-5397e1f5acf6","name":"pd-disaggregation-nvidia-gpu-vllm-prefill-85f6865487-txl66"}
{"level":"info","ts":1785058182.003815,"caller":"datastore/datastore.go:374","msg":"Pod already exists","controller":"pod","controllerGroup":"","controllerKind":"Pod","Pod":{"name":"pd-disaggregation-nvidia-gpu-vllm-prefill-85f6865487-752w9","namespace":"dpikus-pd-sglang-bench"},"namespace":"dpikus-pd-sglang-bench","name":"pd-disaggregation-nvidia-gpu-vllm-prefill-85f6865487-752w9","reconcileID":"38db21aa-00f8-47ad-b47d-f7310de3838a","name":"pd-disaggregation-nvidia-gpu-vllm-prefill-85f6865487-752w9"}
{"level":"info","ts":1785058188.2587464,"caller":"datastore/datastore.go:374","msg":"Pod already exists","controller":"pod","controllerGroup":"","controllerKind":"Pod","Pod":{"name":"pd-disaggregation-nvidia-gpu-vllm-decode-slow-fb857c8f5-dl4cg","namespace":"dpikus-pd-sglang-bench"},"namespace":"dpikus-pd-sglang-bench","name":"pd-disaggregation-nvidia-gpu-vllm-decode-slow-fb857c8f5-dl4cg","reconcileID":"b5218155-3997-46aa-a2c6-42b1388b03da","name":"pd-disaggregation-nvidia-gpu-vllm-decode-slow-fb857c8f5-dl4cg"}
{"level":"info","ts":1785058235.02515,"caller":"handlers/server.go:395","msg":"EPP received request","x-request-id":"57536491-cea6-4a14-b092-c703f616a7c7"}
{"level":"info","ts":1785058235.026489,"caller":"handlers/server.go:685","msg":"EPP sent response body back to proxy","x-request-id":"57536491-cea6-4a14-b092-c703f616a7c7"}
{"level":"info","ts":1785058262.432902,"caller":"datastore/datastore.go:374","msg":"Pod already exists","controller":"pod","controllerGroup":"","controllerKind":"Pod","Pod":{"name":"pd-disaggregation-nvidia-gpu-vllm-prefill-85f6865487-txl66","namespace":"dpikus-pd-sglang-bench"},"namespace":"dpikus-pd-sglang-bench","name":"pd-disaggregation-nvidia-gpu-vllm-prefill-85f6865487-txl66","reconcileID":"bbb81c05-c543-41ab-8560-dd2c842ab45f","name":"pd-disaggregation-nvidia-gpu-vllm-prefill-85f6865487-txl66"}
{"level":"info","ts":1785058268.0040967,"caller":"datastore/datastore.go:374","msg":"Pod already exists","controller":"pod","controllerGroup":"","controllerKind":"Pod","Pod":{"name":"pd-disaggregation-nvidia-gpu-vllm-prefill-85f6865487-752w9","namespace":"dpikus-pd-sglang-bench"},"namespace":"dpikus-pd-sglang-bench","name":"pd-disaggregation-nvidia-gpu-vllm-prefill-85f6865487-752w9","reconcileID":"9a4b7a44-cd59-447c-8404-dcd413f3213d","name":"pd-disaggregation-nvidia-gpu-vllm-prefill-85f6865487-752w9"}
{"level":"info","ts":1785058268.721916,"caller":"handlers/server.go:395","msg":"EPP received request","x-request-id":"1efdf71a-105c-4283-a091-58307b4547d1"}
{"level":"info","ts":1785058268.878157,"caller":"handlers/server.go:656","msg":"EPP sent request body response(s) to proxy","x-request-id":"1efdf71a-105c-4283-a091-58307b4547d1","modelName":"Qwen/Qwen3-VL-32B-Instruct","targetModelName":"Qwen/Qwen3-VL-32B-Instruct"}
{"level":"info","ts":1785058271.5355465,"caller":"handlers/server.go:685","msg":"EPP sent response body back to proxy","x-request-id":"1efdf71a-105c-4283-a091-58307b4547d1"}
{"level":"info","ts":1785058272.6003969,"caller":"handlers/server.go:395","msg":"EPP received request","x-request-id":"a8211343-2ec6-428c-ab67-74ae5498776e"}
{"level":"info","ts":1785058272.6030004,"caller":"handlers/server.go:395","msg":"EPP received request","x-request-id":"99b839ec-990b-489c-93de-f01afbed84ba"}
{"level":"info","ts":1785058272.612044,"caller":"handlers/server.go:395","msg":"EPP received request","x-request-id":"bf3e7c6a-34b9-4810-aae5-a8a8bf66db7a"}
{"level":"info","ts":1785058272.6214175,"caller":"handlers/server.go:395","msg":"EPP received request","x-request-id":"a794d9a0-4c49-411e-9f64-cdcd7f2c8fe1"}
{"level":"info","ts":1785058272.6292336,"caller":"handlers/server.go:395","msg":"EPP received request","x-request-id":"37d4e102-9a0c-4f6f-8b17-20c5c715dbc5"}
{"level":"info","ts":1785058272.631466,"caller":"handlers/server.go:395","msg":"EPP received request","x-request-id":"bd46bb13-e367-40d8-9159-a6d1915f400b"}
{"level":"info","ts":1785058272.6432335,"caller":"handlers/server.go:395","msg":"EPP received request","x-request-id":"4d9bcbf8-66a6-4168-8eab-6d4a21abab59"}
{"level":"info","ts":1785058272.6712244,"caller":"handlers/server.go:395","msg":"EPP received request","x-request-id":"7477d25b-5994-4cd7-8d72-0ddbd76811cd"}
{"level":"info","ts":1785058272.6721282,"caller":"handlers/server.go:395","msg":"EPP received request","x-request-id":"6b84e17e-da1d-458b-9182-c37fedd102d3"}
{"level":"info","ts":1785058272.6844385,"caller":"handlers/server.go:395","msg":"EPP received request","x-request-id":"1085719d-db7a-47bb-a592-e03945416110"}
{"level":"info","ts":1785058272.704249,"caller":"handlers/server.go:395","msg":"EPP received request","x-request-id":"4a8625b6-4897-4682-9fca-a629a3d6720b"}
{"level":"info","ts":1785058272.7107618,"caller":"handlers/server.go:395","msg":"EPP received request","x-request-id":"fcbd06cc-ea83-4857-93ce-0bf8cafad7de"}
{"level":"info","ts":1785058272.7250335,"caller":"handlers/server.go:395","msg":"EPP received request","x-request-id":"e1ae566d-8961-4617-ad4f-93079d54c494"}
{"level":"info","ts":1785058272.7344975,"caller":"handlers/server.go:656","msg":"EPP sent request body response(s) to proxy","x-request-id":"bd46bb13-e367-40d8-9159-a6d1915f400b","modelName":"Qwen/Qwen3-VL-32B-Instruct","targetModelName":"Qwen/Qwen3-VL-32B-Instruct"}
{"level":"info","ts":1785058272.745259,"caller":"handlers/server.go:656","msg":"EPP sent request body response(s) to proxy","x-request-id":"bf3e7c6a-34b9-4810-aae5-a8a8bf66db7a","modelName":"Qwen/Qwen3-VL-32B-Instruct","targetModelName":"Qwen/Qwen3-VL-32B-Instruct"}
{"level":"info","ts":1785058272.7456315,"caller":"handlers/server.go:395","msg":"EPP received request","x-request-id":"ea8eb1f7-889e-4d79-9b60-c0239e1ae754"}
{"level":"info","ts":1785058272.7463984,"caller":"handlers/server.go:395","msg":"EPP received request","x-request-id":"a55dcfbc-de88-4887-b320-2596d83789f1"}
{"level":"info","ts":1785058272.766597,"caller":"handlers/server.go:395","msg":"EPP received request","x-request-id":"22d1d474-2cab-4d5b-9936-5e5919332a8f"}
{"level":"info","ts":1785058272.7744873,"caller":"handlers/server.go:395","msg":"EPP received request","x-request-id":"9e17f0ce-937e-477f-89b9-929239b8096b"}
{"level":"info","ts":1785058272.7801793,"caller":"handlers/server.go:656","msg":"EPP sent request body response(s) to proxy","x-request-id":"a8211343-2ec6-428c-ab67-74ae5498776e","modelName":"Qwen/Qwen3-VL-32B-Instruct","targetModelName":"Qwen/Qwen3-VL-32B-Instruct"}
{"level":"info","ts":1785058272.7976203,"caller":"handlers/server.go:656","msg":"EPP sent request body response(s) to proxy","x-request-id":"4d9bcbf8-66a6-4168-8eab-6d4a21abab59","modelName":"Qwen/Qwen3-VL-32B-Instruct","targetModelName":"Qwen/Qwen3-VL-32B-Instruct"}
{"level":"info","ts":1785058272.8012602,"caller":"handlers/server.go:395","msg":"EPP received request","x-request-id":"4160bad6-8165-4587-9438-5d55f2ca5493"}
{"level":"info","ts":1785058272.8026304,"caller":"handlers/server.go:395","msg":"EPP received request","x-request-id":"4e4a61b2-791b-4bbf-884c-99be48185eaa"}
{"level":"info","ts":1785058272.8090532,"caller":"handlers/server.go:656","msg":"EPP sent request body response(s) to proxy","x-request-id":"7477d25b-5994-4cd7-8d72-0ddbd76811cd","modelName":"Qwen/Qwen3-VL-32B-Instruct","targetModelName":"Qwen/Qwen3-VL-32B-Instruct"}
{"level":"info","ts":1785058272.8221796,"caller":"handlers/server.go:395","msg":"EPP received request","x-request-id":"805f2a4b-826a-4157-b986-9b1020e7cc0b"}
{"level":"info","ts":1785058272.8275573,"caller":"handlers/server.go:656","msg":"EPP sent request body response(s) to proxy","x-request-id":"99b839ec-990b-489c-93de-f01afbed84ba","modelName":"Qwen/Qwen3-VL-32B-Instruct","targetModelName":"Qwen/Qwen3-VL-32B-Instruct"}
{"level":"info","ts":1785058272.8277268,"caller":"handlers/server.go:656","msg":"EPP sent request body response(s) to proxy","x-request-id":"6b84e17e-da1d-458b-9182-c37fedd102d3","modelName":"Qwen/Qwen3-VL-32B-Instruct","targetModelName":"Qwen/Qwen3-VL-32B-Instruct"}
{"level":"info","ts":1785058272.838444,"caller":"handlers/server.go:395","msg":"EPP received request","x-request-id":"12e35003-8f2c-4bd0-b30e-bc344cb143bf"}
{"level":"info","ts":1785058272.8386304,"caller":"handlers/server.go:656","msg":"EPP sent request body response(s) to proxy","x-request-id":"ea8eb1f7-889e-4d79-9b60-c0239e1ae754","modelName":"Qwen/Qwen3-VL-32B-Instruct","targetModelName":"Qwen/Qwen3-VL-32B-Instruct"}
{"level":"info","ts":1785058272.8433816,"caller":"handlers/server.go:395","msg":"EPP received request","x-request-id":"cb131ff7-44b8-4938-8983-56af03b30289"}
{"level":"info","ts":1785058272.8481956,"caller":"handlers/server.go:395","msg":"EPP received request","x-request-id":"a2d93d13-a3bf-4bab-b769-077ca140d882"}
{"level":"info","ts":1785058272.8508582,"caller":"handlers/server.go:656","msg":"EPP sent request body response(s) to proxy","x-request-id":"a794d9a0-4c49-411e-9f64-cdcd7f2c8fe1","modelName":"Qwen/Qwen3-VL-32B-Instruct","targetModelName":"Qwen/Qwen3-VL-32B-Instruct"}
{"level":"info","ts":1785058272.8582275,"caller":"handlers/server.go:656","msg":"EPP sent request body response(s) to proxy","x-request-id":"37d4e102-9a0c-4f6f-8b17-20c5c715dbc5","modelName":"Qwen/Qwen3-VL-32B-Instruct","targetModelName":"Qwen/Qwen3-VL-32B-Instruct"}
{"level":"info","ts":1785058272.8583739,"caller":"handlers/server.go:395","msg":"EPP received request","x-request-id":"88b9e32e-7db5-4dab-af28-4ec5e2bf1bb5"}
{"level":"info","ts":1785058272.8597188,"caller":"handlers/server.go:656","msg":"EPP sent request body response(s) to proxy","x-request-id":"4e4a61b2-791b-4bbf-884c-99be48185eaa","modelName":"Qwen/Qwen3-VL-32B-Instruct","targetModelName":"Qwen/Qwen3-VL-32B-Instruct"}
{"level":"info","ts":1785058272.8598607,"caller":"handlers/server.go:656","msg":"EPP sent request body response(s) to proxy","x-request-id":"22d1d474-2cab-4d5b-9936-5e5919332a8f","modelName":"Qwen/Qwen3-VL-32B-Instruct","targetModelName":"Qwen/Qwen3-VL-32B-Instruct"}
{"level":"info","ts":1785058272.8677702,"caller":"handlers/server.go:395","msg":"EPP received request","x-request-id":"133b6045-261b-47ee-babc-6e6e3d0b8ae1"}
{"level":"info","ts":1785058272.8766367,"caller":"handlers/server.go:395","msg":"EPP received request","x-request-id":"21e6efb5-26e1-4cd5-a755-eee678593567"}
{"level":"info","ts":1785058272.8843203,"caller":"handlers/server.go:656","msg":"EPP sent request body response(s) to proxy","x-request-id":"fcbd06cc-ea83-4857-93ce-0bf8cafad7de","modelName":"Qwen/Qwen3-VL-32B-Instruct","targetModelName":"Qwen/Qwen3-VL-32B-Instruct"}
{"level":"info","ts":1785058272.8872476,"caller":"handlers/server.go:656","msg":"EPP sent request body response(s) to proxy","x-request-id":"4a8625b6-4897-4682-9fca-a629a3d6720b","modelName":"Qwen/Qwen3-VL-32B-Instruct","targetModelName":"Qwen/Qwen3-VL-32B-Instruct"}
{"level":"info","ts":1785058272.888332,"caller":"handlers/server.go:395","msg":"EPP received request","x-request-id":"733865d1-0fff-455b-937d-c5d10ad442dc"}
{"level":"info","ts":1785058272.9030201,"caller":"handlers/server.go:395","msg":"EPP received request","x-request-id":"a3a773cf-071c-46f5-aa38-6afd6f295db5"}
{"level":"info","ts":1785058272.9074929,"caller":"handlers/server.go:656","msg":"EPP sent request body response(s) to proxy","x-request-id":"88b9e32e-7db5-4dab-af28-4ec5e2bf1bb5","modelName":"Qwen/Qwen3-VL-32B-Instruct","targetModelName":"Qwen/Qwen3-VL-32B-Instruct"}
{"level":"info","ts":1785058272.909608,"caller":"handlers/server.go:656","msg":"EPP sent request body response(s) to proxy","x-request-id":"1085719d-db7a-47bb-a592-e03945416110","modelName":"Qwen/Qwen3-VL-32B-Instruct","targetModelName":"Qwen/Qwen3-VL-32B-Instruct"}
{"level":"info","ts":1785058272.923362,"caller":"handlers/server.go:656","msg":"EPP sent request body response(s) to proxy","x-request-id":"12e35003-8f2c-4bd0-b30e-bc344cb143bf","modelName":"Qwen/Qwen3-VL-32B-Instruct","targetModelName":"Qwen/Qwen3-VL-32B-Instruct"}
{"level":"info","ts":1785058272.9236577,"caller":"handlers/server.go:656","msg":"EPP sent request body response(s) to proxy","x-request-id":"133b6045-261b-47ee-babc-6e6e3d0b8ae1","modelName":"Qwen/Qwen3-VL-32B-Instruct","targetModelName":"Qwen/Qwen3-VL-32B-Instruct"}
{"level":"info","ts":1785058272.9246154,"caller":"handlers/server.go:395","msg":"EPP received request","x-request-id":"a57a990c-067d-4203-87a5-cab9a3dc70f0"}
{"level":"info","ts":1785058272.938811,"caller":"handlers/server.go:395","msg":"EPP received request","x-request-id":"272b146c-6fff-4604-8ab3-aab482770a3e"}
{"level":"info","ts":1785058272.9445548,"caller":"handlers/server.go:395","msg":"EPP received request","x-request-id":"25090111-04c4-4055-852b-cefa650a2775"}
{"level":"info","ts":1785058272.9469585,"caller":"handlers/server.go:395","msg":"EPP received request","x-request-id":"a954dd74-9c2c-49f3-abd1-cee7ec14a7fd"}
{"level":"info","ts":1785058272.9493816,"caller":"handlers/server.go:656","msg":"EPP sent request body response(s) to proxy","x-request-id":"a55dcfbc-de88-4887-b320-2596d83789f1","modelName":"Qwen/Qwen3-VL-32B-Instruct","targetModelName":"Qwen/Qwen3-VL-32B-Instruct"}
{"level":"info","ts":1785058272.959217,"caller":"handlers/server.go:395","msg":"EPP received request","x-request-id":"eaf8fc92-5277-4387-a3a9-e0bd1d25b1eb"}
{"level":"info","ts":1785058272.9780917,"caller":"handlers/server.go:656","msg":"EPP sent request body response(s) to proxy","x-request-id":"e1ae566d-8961-4617-ad4f-93079d54c494","modelName":"Qwen/Qwen3-VL-32B-Instruct","targetModelName":"Qwen/Qwen3-VL-32B-Instruct"}
{"level":"info","ts":1785058272.9787214,"caller":"handlers/server.go:656","msg":"EPP sent request body response(s) to proxy","x-request-id":"9e17f0ce-937e-477f-89b9-929239b8096b","modelName":"Qwen/Qwen3-VL-32B-Instruct","targetModelName":"Qwen/Qwen3-VL-32B-Instruct"}
{"level":"info","ts":1785058272.9796705,"caller":"handlers/server.go:395","msg":"EPP received request","x-request-id":"00e656ea-7e89-4c26-b076-d1ea76860bee"}
{"level":"info","ts":1785058272.9871647,"caller":"handlers/server.go:395","msg":"EPP received request","x-request-id":"4ab16cd9-81b3-4574-ab73-7b3d61ca9c7f"}
{"level":"info","ts":1785058272.9992466,"caller":"handlers/server.go:656","msg":"EPP sent request body response(s) to proxy","x-request-id":"a3a773cf-071c-46f5-aa38-6afd6f295db5","modelName":"Qwen/Qwen3-VL-32B-Instruct","targetModelName":"Qwen/Qwen3-VL-32B-Instruct"}
{"level":"info","ts":1785058273.00326,"caller":"handlers/server.go:656","msg":"EPP sent request body response(s) to proxy","x-request-id":"805f2a4b-826a-4157-b986-9b1020e7cc0b","modelName":"Qwen/Qwen3-VL-32B-Instruct","targetModelName":"Qwen/Qwen3-VL-32B-Instruct"}
{"level":"info","ts":1785058273.0048182,"caller":"handlers/server.go:395","msg":"EPP received request","x-request-id":"8b55a67f-7b6f-4a82-ae8e-dd99e5188165"}
{"level":"info","ts":1785058273.0118568,"caller":"handlers/server.go:395","msg":"EPP received request","x-request-id":"2b16dc90-b97e-4dc2-b3a3-3784129481fc"}
{"level":"info","ts":1785058273.018311,"caller":"handlers/server.go:656","msg":"EPP sent request body response(s) to proxy","x-request-id":"21e6efb5-26e1-4cd5-a755-eee678593567","modelName":"Qwen/Qwen3-VL-32B-Instruct","targetModelName":"Qwen/Qwen3-VL-32B-Instruct"}
{"level":"info","ts":1785058273.0207448,"caller":"handlers/server.go:656","msg":"EPP sent request body response(s) to proxy","x-request-id":"733865d1-0fff-455b-937d-c5d10ad442dc","modelName":"Qwen/Qwen3-VL-32B-Instruct","targetModelName":"Qwen/Qwen3-VL-32B-Instruct"}
{"level":"info","ts":1785058273.0245862,"caller":"handlers/server.go:656","msg":"EPP sent request body response(s) to proxy","x-request-id":"00e656ea-7e89-4c26-b076-d1ea76860bee","modelName":"Qwen/Qwen3-VL-32B-Instruct","targetModelName":"Qwen/Qwen3-VL-32B-Instruct"}
{"level":"info","ts":1785058273.0283294,"caller":"handlers/server.go:656","msg":"EPP sent request body response(s) to proxy","x-request-id":"a2d93d13-a3bf-4bab-b769-077ca140d882","modelName":"Qwen/Qwen3-VL-32B-Instruct","targetModelName":"Qwen/Qwen3-VL-32B-Instruct"}
{"level":"info","ts":1785058273.0294738,"caller":"handlers/server.go:395","msg":"EPP received request","x-request-id":"597124cf-4816-4c5d-93ff-f6134af81f16"}
{"level":"info","ts":1785058273.0326312,"caller":"handlers/server.go:395","msg":"EPP received request","x-request-id":"c2a5e18d-04bb-448e-8fe7-f427ba0398eb"}
{"level":"info","ts":1785058273.0374746,"caller":"handlers/server.go:656","msg":"EPP sent request body response(s) to proxy","x-request-id":"4160bad6-8165-4587-9438-5d55f2ca5493","modelName":"Qwen/Qwen3-VL-32B-Instruct","targetModelName":"Qwen/Qwen3-VL-32B-Instruct"}
{"level":"info","ts":1785058273.0454972,"caller":"handlers/server.go:656","msg":"EPP sent request body response(s) to proxy","x-request-id":"cb131ff7-44b8-4938-8983-56af03b30289","modelName":"Qwen/Qwen3-VL-32B-Instruct","targetModelName":"Qwen/Qwen3-VL-32B-Instruct"}
{"level":"info","ts":1785058273.0462046,"caller":"handlers/server.go:395","msg":"EPP received request","x-request-id":"b92ad69d-496e-46ea-b68e-6b120f4b747e"}
{"level":"info","ts":1785058273.0518925,"caller":"handlers/server.go:395","msg":"EPP received request","x-request-id":"fcb50415-5f42-40b8-a55b-7f0a40f9a8fd"}
{"level":"info","ts":1785058273.0581381,"caller":"handlers/server.go:395","msg":"EPP received request","x-request-id":"a89f008e-f3f6-4c65-9807-779ef300c8f8"}
{"level":"info","ts":1785058273.0589962,"caller":"handlers/server.go:395","msg":"EPP received request","x-request-id":"e481985d-6c15-4789-a1d3-83a0704e8942"}
{"level":"info","ts":1785058273.0628648,"caller":"handlers/server.go:395","msg":"EPP received request","x-request-id":"68c69f62-6b9e-4b3b-9a71-969d1a833bbb"}
{"level":"info","ts":1785058273.0701807,"caller":"handlers/server.go:395","msg":"EPP received request","x-request-id":"f8ad8810-a17f-40b9-96d5-390a4943affa"}
{"level":"info","ts":1785058273.0810852,"caller":"handlers/server.go:656","msg":"EPP sent request body response(s) to proxy","x-request-id":"c2a5e18d-04bb-448e-8fe7-f427ba0398eb","modelName":"Qwen/Qwen3-VL-32B-Instruct","targetModelName":"Qwen/Qwen3-VL-32B-Instruct"}
{"level":"info","ts":1785058273.086321,"caller":"handlers/server.go:656","msg":"EPP sent request body response(s) to proxy","x-request-id":"25090111-04c4-4055-852b-cefa650a2775","modelName":"Qwen/Qwen3-VL-32B-Instruct","targetModelName":"Qwen/Qwen3-VL-32B-Instruct"}
{"level":"info","ts":1785058273.0875247,"caller":"handlers/server.go:395","msg":"EPP received request","x-request-id":"e3642944-10de-4e43-8542-5d0fa717ffc4"}
{"level":"info","ts":1785058273.090322,"caller":"handlers/server.go:656","msg":"EPP sent request body response(s) to proxy","x-request-id":"272b146c-6fff-4604-8ab3-aab482770a3e","modelName":"Qwen/Qwen3-VL-32B-Instruct","targetModelName":"Qwen/Qwen3-VL-32B-Instruct"}
{"level":"info","ts":1785058273.0963542,"caller":"handlers/server.go:656","msg":"EPP sent request body response(s) to proxy","x-request-id":"a57a990c-067d-4203-87a5-cab9a3dc70f0","modelName":"Qwen/Qwen3-VL-32B-Instruct","targetModelName":"Qwen/Qwen3-VL-32B-Instruct"}
{"level":"info","ts":1785058273.1004922,"caller":"handlers/server.go:656","msg":"EPP sent request body response(s) to proxy","x-request-id":"a89f008e-f3f6-4c65-9807-779ef300c8f8","modelName":"Qwen/Qwen3-VL-32B-Instruct","targetModelName":"Qwen/Qwen3-VL-32B-Instruct"}
{"level":"info","ts":1785058273.1060915,"caller":"handlers/server.go:395","msg":"EPP received request","x-request-id":"a81affee-92b0-499b-8a92-bceda343d410"}
{"level":"info","ts":1785058273.1092288,"caller":"handlers/server.go:395","msg":"EPP received request","x-request-id":"f4b1e223-df3e-4b93-90c9-a140afbcc4a5"}
{"level":"info","ts":1785058273.125177,"caller":"handlers/server.go:656","msg":"EPP sent request body response(s) to proxy","x-request-id":"b92ad69d-496e-46ea-b68e-6b120f4b747e","modelName":"Qwen/Qwen3-VL-32B-Instruct","targetModelName":"Qwen/Qwen3-VL-32B-Instruct"}
{"level":"info","ts":1785058273.128798,"caller":"handlers/server.go:656","msg":"EPP sent request body response(s) to proxy","x-request-id":"a954dd74-9c2c-49f3-abd1-cee7ec14a7fd","modelName":"Qwen/Qwen3-VL-32B-Instruct","targetModelName":"Qwen/Qwen3-VL-32B-Instruct"}
{"level":"info","ts":1785058273.12942,"caller":"handlers/server.go:656","msg":"EPP sent request body response(s) to proxy","x-request-id":"4ab16cd9-81b3-4574-ab73-7b3d61ca9c7f","modelName":"Qwen/Qwen3-VL-32B-Instruct","targetModelName":"Qwen/Qwen3-VL-32B-Instruct"}
{"level":"info","ts":1785058273.12962,"caller":"handlers/server.go:656","msg":"EPP sent request body response(s) to proxy","x-request-id":"eaf8fc92-5277-4387-a3a9-e0bd1d25b1eb","modelName":"Qwen/Qwen3-VL-32B-Instruct","targetModelName":"Qwen/Qwen3-VL-32B-Instruct"}
{"level":"info","ts":1785058273.1348245,"caller":"handlers/server.go:656","msg":"EPP sent request body response(s) to proxy","x-request-id":"e3642944-10de-4e43-8542-5d0fa717ffc4","modelName":"Qwen/Qwen3-VL-32B-Instruct","targetModelName":"Qwen/Qwen3-VL-32B-Instruct"}
{"level":"info","ts":1785058273.1364884,"caller":"handlers/server.go:395","msg":"EPP received request","x-request-id":"6daaa777-9964-444f-a996-80fc845433af"}
{"level":"info","ts":1785058273.1439807,"caller":"handlers/server.go:656","msg":"EPP sent request body response(s) to proxy","x-request-id":"68c69f62-6b9e-4b3b-9a71-969d1a833bbb","modelName":"Qwen/Qwen3-VL-32B-Instruct","targetModelName":"Qwen/Qwen3-VL-32B-Instruct"}
{"level":"info","ts":1785058273.1483574,"caller":"handlers/server.go:395","msg":"EPP received request","x-request-id":"67423f30-423e-416e-843c-40e53ced4799"}
{"level":"info","ts":1785058273.1495636,"caller":"handlers/server.go:395","msg":"EPP received request","x-request-id":"4f6bb3b8-6f4c-4a9a-ac03-398f0f453dbf"}
{"level":"info","ts":1785058273.1578135,"caller":"handlers/server.go:656","msg":"EPP sent request body response(s) to proxy","x-request-id":"2b16dc90-b97e-4dc2-b3a3-3784129481fc","modelName":"Qwen/Qwen3-VL-32B-Instruct","targetModelName":"Qwen/Qwen3-VL-32B-Instruct"}
{"level":"info","ts":1785058273.1673796,"caller":"handlers/server.go:656","msg":"EPP sent request body response(s) to proxy","x-request-id":"f8ad8810-a17f-40b9-96d5-390a4943affa","modelName":"Qwen/Qwen3-VL-32B-Instruct","targetModelName":"Qwen/Qwen3-VL-32B-Instruct"}
{"level":"info","ts":1785058273.1681008,"caller":"handlers/server.go:395","msg":"EPP received request","x-request-id":"0667630d-2ed9-41f2-9973-3f01c9b53d5c"}
{"level":"info","ts":1785058273.183394,"caller":"handlers/server.go:395","msg":"EPP received request","x-request-id":"1ec103e7-e10c-4477-ac3b-f95428a92099"}
{"level":"info","ts":1785058273.185307,"caller":"handlers/server.go:395","msg":"EPP received request","x-request-id":"8febcaae-0e20-4d3e-a90e-00e8046b4736"}
{"level":"info","ts":1785058273.2011056,"caller":"handlers/server.go:656","msg":"EPP sent request body response(s) to proxy","x-request-id":"8b55a67f-7b6f-4a82-ae8e-dd99e5188165","modelName":"Qwen/Qwen3-VL-32B-Instruct","targetModelName":"Qwen/Qwen3-VL-32B-Instruct"}
{"level":"info","ts":1785058273.205711,"caller":"handlers/server.go:395","msg":"EPP received request","x-request-id":"9d7d6d11-1f9d-4651-8ccb-0062ccf857ff"}
{"level":"info","ts":1785058273.2065363,"caller":"handlers/server.go:656","msg":"EPP sent request body response(s) to proxy","x-request-id":"e481985d-6c15-4789-a1d3-83a0704e8942","modelName":"Qwen/Qwen3-VL-32B-Instruct","targetModelName":"Qwen/Qwen3-VL-32B-Instruct"}
{"level":"info","ts":1785058273.2087235,"caller":"handlers/server.go:656","msg":"EPP sent request body response(s) to proxy","x-request-id":"a81affee-92b0-499b-8a92-bceda343d410","modelName":"Qwen/Qwen3-VL-32B-Instruct","targetModelName":"Qwen/Qwen3-VL-32B-Instruct"}
{"level":"info","ts":1785058273.209212,"caller":"handlers/server.go:395","msg":"EPP received request","x-request-id":"f1bb797d-6e8d-42aa-bdf9-6b4c180a9f3b"}
{"level":"info","ts":1785058273.2129574,"caller":"handlers/server.go:656","msg":"EPP sent request body response(s) to proxy","x-request-id":"fcb50415-5f42-40b8-a55b-7f0a40f9a8fd","modelName":"Qwen/Qwen3-VL-32B-Instruct","targetModelName":"Qwen/Qwen3-VL-32B-Instruct"}
{"level":"info","ts":1785058273.224753,"caller":"handlers/server.go:395","msg":"EPP received request","x-request-id":"5fa0705c-7c08-93d1-a1c6-3c75c5410719"}
{"level":"info","ts":1785058273.2256322,"caller":"handlers/server.go:395","msg":"EPP received request","x-request-id":"a206dc47-8348-4068-8673-007e90921006"}
{"level":"info","ts":1785058273.2332137,"caller":"handlers/server.go:656","msg":"EPP sent request body response(s) to proxy","x-request-id":"597124cf-4816-4c5d-93ff-f6134af81f16","modelName":"Qwen/Qwen3-VL-32B-Instruct","targetModelName":"Qwen/Qwen3-VL-32B-Instruct"}
{"level":"info","ts":1785058273.2336586,"caller":"handlers/server.go:395","msg":"EPP received request","x-request-id":"d5d883a6-8260-4b85-a018-30e9b99aef8e"}
{"level":"info","ts":1785058273.246169,"caller":"handlers/server.go:395","msg":"EPP received request","x-request-id":"fb2faa21-1f1c-4029-9f26-60241911b38a"}
{"level":"info","ts":1785058273.247484,"caller":"handlers/server.go:656","msg":"EPP sent request body response(s) to proxy","x-request-id":"6daaa777-9964-444f-a996-80fc845433af","modelName":"Qwen/Qwen3-VL-32B-Instruct","targetModelName":"Qwen/Qwen3-VL-32B-Instruct"}
{"level":"info","ts":1785058273.2572327,"caller":"handlers/server.go:656","msg":"EPP sent request body response(s) to proxy","x-request-id":"f1bb797d-6e8d-42aa-bdf9-6b4c180a9f3b","modelName":"Qwen/Qwen3-VL-32B-Instruct","targetModelName":"Qwen/Qwen3-VL-32B-Instruct"}
{"level":"info","ts":1785058273.2686949,"caller":"handlers/server.go:395","msg":"EPP received request","x-request-id":"3ba5fdc0-6a8c-4188-8a82-65b5b5f52c03"}
{"level":"info","ts":1785058273.2695847,"caller":"handlers/server.go:395","msg":"EPP received request","x-request-id":"1f006a05-ccf3-4c9e-9777-0b6021b91442"}
{"level":"info","ts":1785058273.2706883,"caller":"handlers/server.go:395","msg":"EPP received request","x-request-id":"e0e9f999-163f-47dd-b542-583ad3d66474"}
{"level":"info","ts":1785058273.2728677,"caller":"handlers/server.go:395","msg":"EPP received request","x-request-id":"635ca0f1-c830-4e34-ad12-baa850bc7a9f"}
{"level":"info","ts":1785058273.3183,"caller":"handlers/server.go:656","msg":"EPP sent request body response(s) to proxy","x-request-id":"67423f30-423e-416e-843c-40e53ced4799","modelName":"Qwen/Qwen3-VL-32B-Instruct","targetModelName":"Qwen/Qwen3-VL-32B-Instruct"}
{"level":"info","ts":1785058273.326689,"caller":"handlers/server.go:656","msg":"EPP sent request body response(s) to proxy","x-request-id":"a206dc47-8348-4068-8673-007e90921006","modelName":"Qwen/Qwen3-VL-32B-Instruct","targetModelName":"Qwen/Qwen3-VL-32B-Instruct"}
{"level":"info","ts":1785058273.3281035,"caller":"handlers/server.go:656","msg":"EPP sent request body response(s) to proxy","x-request-id":"4f6bb3b8-6f4c-4a9a-ac03-398f0f453dbf","modelName":"Qwen/Qwen3-VL-32B-Instruct","targetModelName":"Qwen/Qwen3-VL-32B-Instruct"}
{"level":"info","ts":1785058273.3281274,"caller":"handlers/server.go:656","msg":"EPP sent request body response(s) to proxy","x-request-id":"0667630d-2ed9-41f2-9973-3f01c9b53d5c","modelName":"Qwen/Qwen3-VL-32B-Instruct","targetModelName":"Qwen/Qwen3-VL-32B-Instruct"}
{"level":"info","ts":1785058273.3325143,"caller":"handlers/server.go:656","msg":"EPP sent request body response(s) to proxy","x-request-id":"f4b1e223-df3e-4b93-90c9-a140afbcc4a5","modelName":"Qwen/Qwen3-VL-32B-Instruct","targetModelName":"Qwen/Qwen3-VL-32B-Instruct"}
{"level":"info","ts":1785058273.3349738,"caller":"handlers/server.go:656","msg":"EPP sent request body response(s) to proxy","x-request-id":"9d7d6d11-1f9d-4651-8ccb-0062ccf857ff","modelName":"Qwen/Qwen3-VL-32B-Instruct","targetModelName":"Qwen/Qwen3-VL-32B-Instruct"}
{"level":"info","ts":1785058273.3374817,"caller":"handlers/server.go:656","msg":"EPP sent request body response(s) to proxy","x-request-id":"fb2faa21-1f1c-4029-9f26-60241911b38a","modelName":"Qwen/Qwen3-VL-32B-Instruct","targetModelName":"Qwen/Qwen3-VL-32B-Instruct"}
{"level":"info","ts":1785058273.3447118,"caller":"handlers/server.go:656","msg":"EPP sent request body response(s) to proxy","x-request-id":"1ec103e7-e10c-4477-ac3b-f95428a92099","modelName":"Qwen/Qwen3-VL-32B-Instruct","targetModelName":"Qwen/Qwen3-VL-32B-Instruct"}
{"level":"info","ts":1785058273.3713865,"caller":"handlers/server.go:656","msg":"EPP sent request body response(s) to proxy","x-request-id":"3ba5fdc0-6a8c-4188-8a82-65b5b5f52c03","modelName":"Qwen/Qwen3-VL-32B-Instruct","targetModelName":"Qwen/Qwen3-VL-32B-Instruct"}
{"level":"info","ts":1785058273.376908,"caller":"handlers/server.go:656","msg":"EPP sent request body response(s) to proxy","x-request-id":"635ca0f1-c830-4e34-ad12-baa850bc7a9f","modelName":"Qwen/Qwen3-VL-32B-Instruct","targetModelName":"Qwen/Qwen3-VL-32B-Instruct"}
{"level":"info","ts":1785058273.3901656,"caller":"handlers/server.go:656","msg":"EPP sent request body response(s) to proxy","x-request-id":"5fa0705c-7c08-93d1-a1c6-3c75c5410719","modelName":"Qwen/Qwen3-VL-32B-Instruct","targetModelName":"Qwen/Qwen3-VL-32B-Instruct"}
{"level":"info","ts":1785058273.4280674,"caller":"handlers/server.go:656","msg":"EPP sent request body response(s) to proxy","x-request-id":"d5d883a6-8260-4b85-a018-30e9b99aef8e","modelName":"Qwen/Qwen3-VL-32B-Instruct","targetModelName":"Qwen/Qwen3-VL-32B-Instruct"}
{"level":"info","ts":1785058273.4293091,"caller":"handlers/server.go:656","msg":"EPP sent request body response(s) to proxy","x-request-id":"8febcaae-0e20-4d3e-a90e-00e8046b4736","modelName":"Qwen/Qwen3-VL-32B-Instruct","targetModelName":"Qwen/Qwen3-VL-32B-Instruct"}
{"level":"info","ts":1785058273.4452631,"caller":"handlers/server.go:656","msg":"EPP sent request body response(s) to proxy","x-request-id":"1f006a05-ccf3-4c9e-9777-0b6021b91442","modelName":"Qwen/Qwen3-VL-32B-Instruct","targetModelName":"Qwen/Qwen3-VL-32B-Instruct"}
{"level":"info","ts":1785058273.471178,"caller":"handlers/server.go:656","msg":"EPP sent request body response(s) to proxy","x-request-id":"e0e9f999-163f-47dd-b542-583ad3d66474","modelName":"Qwen/Qwen3-VL-32B-Instruct","targetModelName":"Qwen/Qwen3-VL-32B-Instruct"}
{"level":"info","ts":1785058285.6424162,"caller":"datastore/datastore.go:374","msg":"Pod already exists","controller":"pod","controllerGroup":"","controllerKind":"Pod","Pod":{"name":"pd-disaggregation-nvidia-gpu-vllm-decode-85bf598f64-kqv2n","namespace":"dpikus-pd-sglang-bench"},"namespace":"dpikus-pd-sglang-bench","name":"pd-disaggregation-nvidia-gpu-vllm-decode-85bf598f64-kqv2n","reconcileID":"82d7d1c4-4212-415c-9255-b729a5cfd71d","name":"pd-disaggregation-nvidia-gpu-vllm-decode-85bf598f64-kqv2n"}
{"level":"info","ts":1785058297.4353805,"caller":"handlers/server.go:685","msg":"EPP sent response body back to proxy","x-request-id":"a8211343-2ec6-428c-ab67-74ae5498776e"}
{"level":"info","ts":1785058298.4050367,"caller":"handlers/server.go:685","msg":"EPP sent response body back to proxy","x-request-id":"4e4a61b2-791b-4bbf-884c-99be48185eaa"}
{"level":"info","ts":1785058298.44961,"caller":"handlers/server.go:685","msg":"EPP sent response body back to proxy","x-request-id":"bd46bb13-e367-40d8-9159-a6d1915f400b"}
{"level":"info","ts":1785058298.8142009,"caller":"handlers/server.go:685","msg":"EPP sent response body back to proxy","x-request-id":"88b9e32e-7db5-4dab-af28-4ec5e2bf1bb5"}
{"level":"info","ts":1785058298.9089065,"caller":"handlers/server.go:685","msg":"EPP sent response body back to proxy","x-request-id":"ea8eb1f7-889e-4d79-9b60-c0239e1ae754"}
{"level":"info","ts":1785058299.891503,"caller":"handlers/server.go:685","msg":"EPP sent response body back to proxy","x-request-id":"133b6045-261b-47ee-babc-6e6e3d0b8ae1"}
{"level":"info","ts":1785058299.9752378,"caller":"handlers/server.go:685","msg":"EPP sent response body back to proxy","x-request-id":"6b84e17e-da1d-458b-9182-c37fedd102d3"}
{"level":"info","ts":1785058301.1021605,"caller":"handlers/server.go:685","msg":"EPP sent response body back to proxy","x-request-id":"00e656ea-7e89-4c26-b076-d1ea76860bee"}
{"level":"info","ts":1785058303.0096045,"caller":"handlers/server.go:685","msg":"EPP sent response body back to proxy","x-request-id":"bf3e7c6a-34b9-4810-aae5-a8a8bf66db7a"}
{"level":"info","ts":1785058303.5647945,"caller":"handlers/server.go:685","msg":"EPP sent response body back to proxy","x-request-id":"4d9bcbf8-66a6-4168-8eab-6d4a21abab59"}
{"level":"info","ts":1785058304.2005727,"caller":"handlers/server.go:685","msg":"EPP sent response body back to proxy","x-request-id":"7477d25b-5994-4cd7-8d72-0ddbd76811cd"}
{"level":"info","ts":1785058304.7993445,"caller":"handlers/server.go:685","msg":"EPP sent response body back to proxy","x-request-id":"22d1d474-2cab-4d5b-9936-5e5919332a8f"}
{"level":"info","ts":1785058305.7913957,"caller":"handlers/server.go:685","msg":"EPP sent response body back to proxy","x-request-id":"a794d9a0-4c49-411e-9f64-cdcd7f2c8fe1"}
{"level":"info","ts":1785058305.938641,"caller":"handlers/server.go:685","msg":"EPP sent response body back to proxy","x-request-id":"fcbd06cc-ea83-4857-93ce-0bf8cafad7de"}
{"level":"info","ts":1785058306.229175,"caller":"handlers/server.go:685","msg":"EPP sent response body back to proxy","x-request-id":"12e35003-8f2c-4bd0-b30e-bc344cb143bf"}
{"level":"info","ts":1785058307.1789618,"caller":"handlers/server.go:685","msg":"EPP sent response body back to proxy","x-request-id":"4a8625b6-4897-4682-9fca-a629a3d6720b"}
{"level":"info","ts":1785058307.316585,"caller":"handlers/server.go:685","msg":"EPP sent response body back to proxy","x-request-id":"21e6efb5-26e1-4cd5-a755-eee678593567"}
{"level":"info","ts":1785058307.6932797,"caller":"handlers/server.go:685","msg":"EPP sent response body back to proxy","x-request-id":"37d4e102-9a0c-4f6f-8b17-20c5c715dbc5"}
{"level":"info","ts":1785058307.9364047,"caller":"handlers/server.go:685","msg":"EPP sent response body back to proxy","x-request-id":"9e17f0ce-937e-477f-89b9-929239b8096b"}
{"level":"info","ts":1785058307.9529915,"caller":"handlers/server.go:685","msg":"EPP sent response body back to proxy","x-request-id":"733865d1-0fff-455b-937d-c5d10ad442dc"}
{"level":"info","ts":1785058308.1735346,"caller":"handlers/server.go:685","msg":"EPP sent response body back to proxy","x-request-id":"b92ad69d-496e-46ea-b68e-6b120f4b747e"}
{"level":"info","ts":1785058309.2216544,"caller":"handlers/server.go:685","msg":"EPP sent response body back to proxy","x-request-id":"cb131ff7-44b8-4938-8983-56af03b30289"}
{"level":"info","ts":1785058309.6782646,"caller":"handlers/server.go:685","msg":"EPP sent response body back to proxy","x-request-id":"e1ae566d-8961-4617-ad4f-93079d54c494"}
{"level":"info","ts":1785058309.8482642,"caller":"handlers/server.go:685","msg":"EPP sent response body back to proxy","x-request-id":"a81affee-92b0-499b-8a92-bceda343d410"}
{"level":"info","ts":1785058321.990522,"caller":"handlers/server.go:685","msg":"EPP sent response body back to proxy","x-request-id":"f1bb797d-6e8d-42aa-bdf9-6b4c180a9f3b"}
{"level":"info","ts":1785058323.0967026,"caller":"handlers/server.go:685","msg":"EPP sent response body back to proxy","x-request-id":"99b839ec-990b-489c-93de-f01afbed84ba"}
{"level":"info","ts":1785058323.460415,"caller":"handlers/server.go:685","msg":"EPP sent response body back to proxy","x-request-id":"a3a773cf-071c-46f5-aa38-6afd6f295db5"}
{"level":"info","ts":1785058323.5491188,"caller":"handlers/server.go:685","msg":"EPP sent response body back to proxy","x-request-id":"a89f008e-f3f6-4c65-9807-779ef300c8f8"}
{"level":"info","ts":1785058324.0125842,"caller":"handlers/server.go:685","msg":"EPP sent response body back to proxy","x-request-id":"c2a5e18d-04bb-448e-8fe7-f427ba0398eb"}
{"level":"info","ts":1785058324.678067,"caller":"handlers/server.go:685","msg":"EPP sent response body back to proxy","x-request-id":"e3642944-10de-4e43-8542-5d0fa717ffc4"}
{"level":"info","ts":1785058325.452441,"caller":"handlers/server.go:685","msg":"EPP sent response body back to proxy","x-request-id":"a55dcfbc-de88-4887-b320-2596d83789f1"}
{"level":"info","ts":1785058326.5285428,"caller":"handlers/server.go:685","msg":"EPP sent response body back to proxy","x-request-id":"805f2a4b-826a-4157-b986-9b1020e7cc0b"}
{"level":"info","ts":1785058329.2584507,"caller":"datastore/datastore.go:374","msg":"Pod already exists","controller":"pod","controllerGroup":"","controllerKind":"Pod","Pod":{"name":"pd-disaggregation-nvidia-gpu-vllm-decode-slow-fb857c8f5-dl4cg","namespace":"dpikus-pd-sglang-bench"},"namespace":"dpikus-pd-sglang-bench","name":"pd-disaggregation-nvidia-gpu-vllm-decode-slow-fb857c8f5-dl4cg","reconcileID":"035498bf-c804-46ec-8798-a110483031b7","name":"pd-disaggregation-nvidia-gpu-vllm-decode-slow-fb857c8f5-dl4cg"}
{"level":"info","ts":1785058331.7972183,"caller":"handlers/server.go:685","msg":"EPP sent response body back to proxy","x-request-id":"25090111-04c4-4055-852b-cefa650a2775"}
{"level":"info","ts":1785058331.9518652,"caller":"handlers/server.go:685","msg":"EPP sent response body back to proxy","x-request-id":"68c69f62-6b9e-4b3b-9a71-969d1a833bbb"}
{"level":"info","ts":1785058332.3181741,"caller":"handlers/server.go:685","msg":"EPP sent response body back to proxy","x-request-id":"a57a990c-067d-4203-87a5-cab9a3dc70f0"}
{"level":"info","ts":1785058332.645337,"caller":"handlers/server.go:685","msg":"EPP sent response body back to proxy","x-request-id":"2b16dc90-b97e-4dc2-b3a3-3784129481fc"}
{"level":"info","ts":1785058333.5471632,"caller":"handlers/server.go:685","msg":"EPP sent response body back to proxy","x-request-id":"6daaa777-9964-444f-a996-80fc845433af"}
{"level":"info","ts":1785058333.7682853,"caller":"datastore/datastore.go:374","msg":"Pod already exists","controller":"pod","controllerGroup":"","controllerKind":"Pod","Pod":{"name":"pd-disaggregation-nvidia-gpu-vllm-prefill-85f6865487-lmc6w","namespace":"dpikus-pd-sglang-bench"},"namespace":"dpikus-pd-sglang-bench","name":"pd-disaggregation-nvidia-gpu-vllm-prefill-85f6865487-lmc6w","reconcileID":"4274c53b-726f-41bd-9f13-d9d1e51de5e7","name":"pd-disaggregation-nvidia-gpu-vllm-prefill-85f6865487-lmc6w"}
{"level":"info","ts":1785058334.4143763,"caller":"handlers/server.go:685","msg":"EPP sent response body back to proxy","x-request-id":"e481985d-6c15-4789-a1d3-83a0704e8942"}
{"level":"info","ts":1785058334.6572905,"caller":"handlers/server.go:685","msg":"EPP sent response body back to proxy","x-request-id":"4160bad6-8165-4587-9438-5d55f2ca5493"}
{"level":"info","ts":1785058334.744534,"caller":"handlers/server.go:685","msg":"EPP sent response body back to proxy","x-request-id":"67423f30-423e-416e-843c-40e53ced4799"}
{"level":"info","ts":1785058335.1341734,"caller":"handlers/server.go:685","msg":"EPP sent response body back to proxy","x-request-id":"635ca0f1-c830-4e34-ad12-baa850bc7a9f"}
{"level":"info","ts":1785058335.311276,"caller":"handlers/server.go:685","msg":"EPP sent response body back to proxy","x-request-id":"a206dc47-8348-4068-8673-007e90921006"}
{"level":"info","ts":1785058335.7425601,"caller":"handlers/server.go:685","msg":"EPP sent response body back to proxy","x-request-id":"3ba5fdc0-6a8c-4188-8a82-65b5b5f52c03"}
{"level":"info","ts":1785058335.9083602,"caller":"handlers/server.go:685","msg":"EPP sent response body back to proxy","x-request-id":"a954dd74-9c2c-49f3-abd1-cee7ec14a7fd"}
{"level":"info","ts":1785058335.9832752,"caller":"handlers/server.go:685","msg":"EPP sent response body back to proxy","x-request-id":"f4b1e223-df3e-4b93-90c9-a140afbcc4a5"}
{"level":"info","ts":1785058336.1442895,"caller":"handlers/server.go:685","msg":"EPP sent response body back to proxy","x-request-id":"1ec103e7-e10c-4477-ac3b-f95428a92099"}
{"level":"info","ts":1785058336.3634427,"caller":"handlers/server.go:685","msg":"EPP sent response body back to proxy","x-request-id":"d5d883a6-8260-4b85-a018-30e9b99aef8e"}
{"level":"info","ts":1785058336.4331696,"caller":"datastore/datastore.go:374","msg":"Pod already exists","controller":"pod","controllerGroup":"","controllerKind":"Pod","Pod":{"name":"pd-disaggregation-nvidia-gpu-vllm-prefill-85f6865487-txl66","namespace":"dpikus-pd-sglang-bench"},"namespace":"dpikus-pd-sglang-bench","name":"pd-disaggregation-nvidia-gpu-vllm-prefill-85f6865487-txl66","reconcileID":"5e8dc660-1dbd-4a89-aa38-315147d4a9ab","name":"pd-disaggregation-nvidia-gpu-vllm-prefill-85f6865487-txl66"}
{"level":"info","ts":1785058337.2334635,"caller":"handlers/server.go:685","msg":"EPP sent response body back to proxy","x-request-id":"e0e9f999-163f-47dd-b542-583ad3d66474"}
{"level":"info","ts":1785058347.365788,"caller":"handlers/server.go:685","msg":"EPP sent response body back to proxy","x-request-id":"a2d93d13-a3bf-4bab-b769-077ca140d882"}
{"level":"info","ts":1785058348.419117,"caller":"handlers/server.go:685","msg":"EPP sent response body back to proxy","x-request-id":"eaf8fc92-5277-4387-a3a9-e0bd1d25b1eb"}
{"level":"info","ts":1785058348.7984626,"caller":"handlers/server.go:685","msg":"EPP sent response body back to proxy","x-request-id":"fcb50415-5f42-40b8-a55b-7f0a40f9a8fd"}
{"level":"info","ts":1785058349.6095464,"caller":"handlers/server.go:685","msg":"EPP sent response body back to proxy","x-request-id":"f8ad8810-a17f-40b9-96d5-390a4943affa"}
{"level":"info","ts":1785058350.129612,"caller":"handlers/server.go:685","msg":"EPP sent response body back to proxy","x-request-id":"fb2faa21-1f1c-4029-9f26-60241911b38a"}
{"level":"info","ts":1785058350.2055194,"caller":"handlers/server.go:685","msg":"EPP sent response body back to proxy","x-request-id":"1085719d-db7a-47bb-a592-e03945416110"}
{"level":"info","ts":1785058351.52606,"caller":"handlers/server.go:685","msg":"EPP sent response body back to proxy","x-request-id":"4ab16cd9-81b3-4574-ab73-7b3d61ca9c7f"}
{"level":"info","ts":1785058352.6948729,"caller":"handlers/server.go:685","msg":"EPP sent response body back to proxy","x-request-id":"597124cf-4816-4c5d-93ff-f6134af81f16"}
{"level":"info","ts":1785058355.5975332,"caller":"handlers/server.go:685","msg":"EPP sent response body back to proxy","x-request-id":"1f006a05-ccf3-4c9e-9777-0b6021b91442"}
{"level":"info","ts":1785058371.6437085,"caller":"datastore/datastore.go:374","msg":"Pod already exists","controller":"pod","controllerGroup":"","controllerKind":"Pod","Pod":{"name":"pd-disaggregation-nvidia-gpu-vllm-decode-85bf598f64-kqv2n","namespace":"dpikus-pd-sglang-bench"},"namespace":"dpikus-pd-sglang-bench","name":"pd-disaggregation-nvidia-gpu-vllm-decode-85bf598f64-kqv2n","reconcileID":"30ca01a7-125d-4434-99e1-3c842a734d9b","name":"pd-disaggregation-nvidia-gpu-vllm-decode-85bf598f64-kqv2n"}
{"level":"info","ts":1785058372.4620404,"caller":"handlers/server.go:685","msg":"EPP sent response body back to proxy","x-request-id":"9d7d6d11-1f9d-4651-8ccb-0062ccf857ff"}
{"level":"info","ts":1785058373.320881,"caller":"handlers/server.go:685","msg":"EPP sent response body back to proxy","x-request-id":"272b146c-6fff-4604-8ab3-aab482770a3e"}
{"level":"info","ts":1785058373.4564352,"caller":"handlers/server.go:685","msg":"EPP sent response body back to proxy","x-request-id":"8b55a67f-7b6f-4a82-ae8e-dd99e5188165"}
{"level":"info","ts":1785058375.9846096,"caller":"handlers/server.go:685","msg":"EPP sent response body back to proxy","x-request-id":"0667630d-2ed9-41f2-9973-3f01c9b53d5c"}
{"level":"info","ts":1785058376.3323588,"caller":"handlers/server.go:685","msg":"EPP sent response body back to proxy","x-request-id":"5fa0705c-7c08-93d1-a1c6-3c75c5410719"}
{"level":"info","ts":1785058377.3725328,"caller":"handlers/server.go:685","msg":"EPP sent response body back to proxy","x-request-id":"4f6bb3b8-6f4c-4a9a-ac03-398f0f453dbf"}
{"level":"info","ts":1785058378.223841,"caller":"handlers/server.go:685","msg":"EPP sent response body back to proxy","x-request-id":"8febcaae-0e20-4d3e-a90e-00e8046b4736"}
{"level":"info","ts":1785058378.2276492,"caller":"handlers/server.go:395","msg":"EPP received request","x-request-id":"4491b2a6-b12a-4719-b87b-ccd8832759b6"}
{"level":"info","ts":1785058378.2291577,"caller":"handlers/server.go:685","msg":"EPP sent response body back to proxy","x-request-id":"4491b2a6-b12a-4719-b87b-ccd8832759b6"}
{"level":"info","ts":1785058378.377672,"caller":"handlers/server.go:395","msg":"EPP received request","x-request-id":"7f2fc553-e44b-4cb5-abce-696eb94f4edc"}
{"level":"info","ts":1785058378.379788,"caller":"handlers/server.go:685","msg":"EPP sent response body back to proxy","x-request-id":"7f2fc553-e44b-4cb5-abce-696eb94f4edc"}
{"level":"info","ts":1785058401.2589579,"caller":"datastore/datastore.go:374","msg":"Pod already exists","controller":"pod","controllerGroup":"","controllerKind":"Pod","Pod":{"name":"pd-disaggregation-nvidia-gpu-vllm-decode-slow-fb857c8f5-dl4cg","namespace":"dpikus-pd-sglang-bench"},"namespace":"dpikus-pd-sglang-bench","name":"pd-disaggregation-nvidia-gpu-vllm-decode-slow-fb857c8f5-dl4cg","reconcileID":"e1eb8843-bd09-4958-9c39-855c4a54512d","name":"pd-disaggregation-nvidia-gpu-vllm-decode-slow-fb857c8f5-dl4cg"}
{"level":"info","ts":1785058414.7829874,"caller":"datastore/datastore.go:374","msg":"Pod already exists","controller":"pod","controllerGroup":"","controllerKind":"Pod","Pod":{"name":"pd-disaggregation-nvidia-gpu-vllm-prefill-85f6865487-lmc6w","namespace":"dpikus-pd-sglang-bench"},"namespace":"dpikus-pd-sglang-bench","name":"pd-disaggregation-nvidia-gpu-vllm-prefill-85f6865487-lmc6w","reconcileID":"a94c8608-443c-4ef8-a7db-cbac83183062","name":"pd-disaggregation-nvidia-gpu-vllm-prefill-85f6865487-lmc6w"}
{"level":"info","ts":1785058444.0504253,"caller":"handlers/server.go:395","msg":"EPP received request","x-request-id":"f4546749-66c4-46eb-b688-a816d4612345"}
{"level":"info","ts":1785058444.0517347,"caller":"handlers/server.go:685","msg":"EPP sent response body back to proxy","x-request-id":"f4546749-66c4-46eb-b688-a816d4612345"}
{"level":"info","ts":1785058508.2893271,"caller":"handlers/server.go:395","msg":"EPP received request","x-request-id":"e8858b2c-ba0b-4696-8db2-c7f8ea462e26"}
{"level":"info","ts":1785058508.4488673,"caller":"handlers/server.go:656","msg":"EPP sent request body response(s) to proxy","x-request-id":"e8858b2c-ba0b-4696-8db2-c7f8ea462e26","modelName":"Qwen/Qwen3-VL-32B-Instruct","targetModelName":"Qwen/Qwen3-VL-32B-Instruct"}
{"level":"info","ts":1785058511.2509785,"caller":"handlers/server.go:685","msg":"EPP sent response body back to proxy","x-request-id":"e8858b2c-ba0b-4696-8db2-c7f8ea462e26"}
{"level":"info","ts":1785058512.30029,"caller":"handlers/server.go:395","msg":"EPP received request","x-request-id":"062b0b92-9eaf-4fa9-97cc-2dbca92e4eba"}
{"level":"info","ts":1785058512.3180664,"caller":"handlers/server.go:395","msg":"EPP received request","x-request-id":"96a39667-6557-468e-9d34-1c60a5df0b0f"}
{"level":"info","ts":1785058512.3194513,"caller":"handlers/server.go:395","msg":"EPP received request","x-request-id":"c6499ced-522f-45bf-a59b-63507f7e761f"}
{"level":"info","ts":1785058512.3379223,"caller":"handlers/server.go:395","msg":"EPP received request","x-request-id":"3aefcc99-430e-4899-84e0-38f14a74b5be"}
{"level":"info","ts":1785058512.3399143,"caller":"handlers/server.go:395","msg":"EPP received request","x-request-id":"53060eab-4a06-4abf-bb77-eafe30a4cb26"}
{"level":"info","ts":1785058512.3593247,"caller":"handlers/server.go:395","msg":"EPP received request","x-request-id":"4d7317dc-a8d6-440c-8074-7e1a46468977"}
{"level":"info","ts":1785058512.3608625,"caller":"handlers/server.go:395","msg":"EPP received request","x-request-id":"74de2272-4475-4f68-bc1b-ae8e1c9cba00"}
{"level":"info","ts":1785058512.375215,"caller":"handlers/server.go:395","msg":"EPP received request","x-request-id":"4048429b-6d2a-42fe-81a4-2d97382ecb72"}
{"level":"info","ts":1785058512.3947117,"caller":"handlers/server.go:395","msg":"EPP received request","x-request-id":"613d1626-40b8-4de0-b351-b396e6e81ce0"}
{"level":"info","ts":1785058512.3958538,"caller":"handlers/server.go:395","msg":"EPP received request","x-request-id":"a93143af-7376-4859-9f41-c8a33ca98f22"}
{"level":"info","ts":1785058512.4216459,"caller":"handlers/server.go:395","msg":"EPP received request","x-request-id":"c24160f4-2359-4a1b-af24-77d0010bd049"}
{"level":"info","ts":1785058512.4387126,"caller":"handlers/server.go:395","msg":"EPP received request","x-request-id":"8b7a01fe-c20e-43ae-a8bd-2ea5f0310836"}
{"level":"info","ts":1785058512.441868,"caller":"handlers/server.go:395","msg":"EPP received request","x-request-id":"1f8b960d-4047-48c8-9eeb-5d020cb10e23"}
{"level":"info","ts":1785058512.4489222,"caller":"handlers/server.go:395","msg":"EPP received request","x-request-id":"3dcb22fe-f25f-4a67-aaec-68690717a998"}
{"level":"info","ts":1785058512.4527452,"caller":"handlers/server.go:656","msg":"EPP sent request body response(s) to proxy","x-request-id":"4d7317dc-a8d6-440c-8074-7e1a46468977","modelName":"Qwen/Qwen3-VL-32B-Instruct","targetModelName":"Qwen/Qwen3-VL-32B-Instruct"}
{"level":"info","ts":1785058512.4540842,"caller":"handlers/server.go:656","msg":"EPP sent request body response(s) to proxy","x-request-id":"c6499ced-522f-45bf-a59b-63507f7e761f","modelName":"Qwen/Qwen3-VL-32B-Instruct","targetModelName":"Qwen/Qwen3-VL-32B-Instruct"}
{"level":"info","ts":1785058512.4661498,"caller":"handlers/server.go:395","msg":"EPP received request","x-request-id":"a67288f2-6bfc-4e6e-b145-acb98a1bb666"}
{"level":"info","ts":1785058512.4742894,"caller":"handlers/server.go:656","msg":"EPP sent request body response(s) to proxy","x-request-id":"062b0b92-9eaf-4fa9-97cc-2dbca92e4eba","modelName":"Qwen/Qwen3-VL-32B-Instruct","targetModelName":"Qwen/Qwen3-VL-32B-Instruct"}
{"level":"info","ts":1785058512.482964,"caller":"handlers/server.go:395","msg":"EPP received request","x-request-id":"ca9783e7-3d16-47c9-ba57-7590a1832d03"}
{"level":"info","ts":1785058512.488642,"caller":"handlers/server.go:395","msg":"EPP received request","x-request-id":"e7e775d6-8c61-497b-91ea-25a67f2e5d93"}
{"level":"info","ts":1785058512.5027943,"caller":"handlers/server.go:395","msg":"EPP received request","x-request-id":"f6ad17a4-eda3-4d2a-9765-ba98f89c607c"}
{"level":"info","ts":1785058512.5122235,"caller":"handlers/server.go:656","msg":"EPP sent request body response(s) to proxy","x-request-id":"4048429b-6d2a-42fe-81a4-2d97382ecb72","modelName":"Qwen/Qwen3-VL-32B-Instruct","targetModelName":"Qwen/Qwen3-VL-32B-Instruct"}
{"level":"info","ts":1785058512.512459,"caller":"handlers/server.go:395","msg":"EPP received request","x-request-id":"e7531580-b0e2-439c-95e4-44debba84791"}
{"level":"info","ts":1785058512.5295177,"caller":"handlers/server.go:395","msg":"EPP received request","x-request-id":"2110e77e-6cd9-4f02-befc-d1f1a6decbbe"}
{"level":"info","ts":1785058512.5303957,"caller":"handlers/server.go:656","msg":"EPP sent request body response(s) to proxy","x-request-id":"74de2272-4475-4f68-bc1b-ae8e1c9cba00","modelName":"Qwen/Qwen3-VL-32B-Instruct","targetModelName":"Qwen/Qwen3-VL-32B-Instruct"}
{"level":"info","ts":1785058512.5396287,"caller":"handlers/server.go:656","msg":"EPP sent request body response(s) to proxy","x-request-id":"96a39667-6557-468e-9d34-1c60a5df0b0f","modelName":"Qwen/Qwen3-VL-32B-Instruct","targetModelName":"Qwen/Qwen3-VL-32B-Instruct"}
{"level":"info","ts":1785058512.5445752,"caller":"handlers/server.go:395","msg":"EPP received request","x-request-id":"48ea1762-e12b-4d69-bece-039d5fcac1f6"}
{"level":"info","ts":1785058512.5486324,"caller":"handlers/server.go:395","msg":"EPP received request","x-request-id":"c5497c55-8b08-46a1-ac02-7c7d698a4da2"}
{"level":"info","ts":1785058512.551307,"caller":"handlers/server.go:656","msg":"EPP sent request body response(s) to proxy","x-request-id":"3dcb22fe-f25f-4a67-aaec-68690717a998","modelName":"Qwen/Qwen3-VL-32B-Instruct","targetModelName":"Qwen/Qwen3-VL-32B-Instruct"}
{"level":"info","ts":1785058512.5520828,"caller":"handlers/server.go:656","msg":"EPP sent request body response(s) to proxy","x-request-id":"613d1626-40b8-4de0-b351-b396e6e81ce0","modelName":"Qwen/Qwen3-VL-32B-Instruct","targetModelName":"Qwen/Qwen3-VL-32B-Instruct"}
{"level":"info","ts":1785058512.5547407,"caller":"handlers/server.go:656","msg":"EPP sent request body response(s) to proxy","x-request-id":"53060eab-4a06-4abf-bb77-eafe30a4cb26","modelName":"Qwen/Qwen3-VL-32B-Instruct","targetModelName":"Qwen/Qwen3-VL-32B-Instruct"}
{"level":"info","ts":1785058512.5631936,"caller":"handlers/server.go:395","msg":"EPP received request","x-request-id":"dc6583d2-c299-44c9-81ed-62bb880f9a8d"}
{"level":"info","ts":1785058512.5708203,"caller":"handlers/server.go:656","msg":"EPP sent request body response(s) to proxy","x-request-id":"8b7a01fe-c20e-43ae-a8bd-2ea5f0310836","modelName":"Qwen/Qwen3-VL-32B-Instruct","targetModelName":"Qwen/Qwen3-VL-32B-Instruct"}
{"level":"info","ts":1785058512.572205,"caller":"handlers/server.go:656","msg":"EPP sent request body response(s) to proxy","x-request-id":"e7531580-b0e2-439c-95e4-44debba84791","modelName":"Qwen/Qwen3-VL-32B-Instruct","targetModelName":"Qwen/Qwen3-VL-32B-Instruct"}
{"level":"info","ts":1785058512.5750716,"caller":"handlers/server.go:395","msg":"EPP received request","x-request-id":"c4fcdfa7-5132-458c-860b-ab2ee17570d3"}
{"level":"info","ts":1785058512.5753505,"caller":"handlers/server.go:656","msg":"EPP sent request body response(s) to proxy","x-request-id":"3aefcc99-430e-4899-84e0-38f14a74b5be","modelName":"Qwen/Qwen3-VL-32B-Instruct","targetModelName":"Qwen/Qwen3-VL-32B-Instruct"}
{"level":"info","ts":1785058512.578504,"caller":"handlers/server.go:656","msg":"EPP sent request body response(s) to proxy","x-request-id":"ca9783e7-3d16-47c9-ba57-7590a1832d03","modelName":"Qwen/Qwen3-VL-32B-Instruct","targetModelName":"Qwen/Qwen3-VL-32B-Instruct"}
{"level":"info","ts":1785058512.5832374,"caller":"handlers/server.go:395","msg":"EPP received request","x-request-id":"3b6b1ca1-c675-42bc-8721-8da09b744f3b"}
{"level":"info","ts":1785058512.5883622,"caller":"handlers/server.go:656","msg":"EPP sent request body response(s) to proxy","x-request-id":"c24160f4-2359-4a1b-af24-77d0010bd049","modelName":"Qwen/Qwen3-VL-32B-Instruct","targetModelName":"Qwen/Qwen3-VL-32B-Instruct"}
{"level":"info","ts":1785058512.594835,"caller":"handlers/server.go:395","msg":"EPP received request","x-request-id":"7de7be9f-5f94-412b-9aaf-e511ab29b4de"}
{"level":"info","ts":1785058512.5953872,"caller":"handlers/server.go:395","msg":"EPP received request","x-request-id":"1343552d-a8ce-4105-8bc4-309a186ee83a"}
{"level":"info","ts":1785058512.6116827,"caller":"handlers/server.go:395","msg":"EPP received request","x-request-id":"c6c16560-7eae-40fa-88ca-c7017d7e28ef"}
{"level":"info","ts":1785058512.621858,"caller":"handlers/server.go:656","msg":"EPP sent request body response(s) to proxy","x-request-id":"c4fcdfa7-5132-458c-860b-ab2ee17570d3","modelName":"Qwen/Qwen3-VL-32B-Instruct","targetModelName":"Qwen/Qwen3-VL-32B-Instruct"}
{"level":"info","ts":1785058512.623881,"caller":"handlers/server.go:656","msg":"EPP sent request body response(s) to proxy","x-request-id":"48ea1762-e12b-4d69-bece-039d5fcac1f6","modelName":"Qwen/Qwen3-VL-32B-Instruct","targetModelName":"Qwen/Qwen3-VL-32B-Instruct"}
{"level":"info","ts":1785058512.6253161,"caller":"handlers/server.go:395","msg":"EPP received request","x-request-id":"518b5050-c34e-4a96-9743-d523adde2c69"}
{"level":"info","ts":1785058512.6314507,"caller":"handlers/server.go:656","msg":"EPP sent request body response(s) to proxy","x-request-id":"3b6b1ca1-c675-42bc-8721-8da09b744f3b","modelName":"Qwen/Qwen3-VL-32B-Instruct","targetModelName":"Qwen/Qwen3-VL-32B-Instruct"}
{"level":"info","ts":1785058512.6395056,"caller":"handlers/server.go:395","msg":"EPP received request","x-request-id":"eca51042-85bc-41e2-b4e6-6578d254ebaf"}
{"level":"info","ts":1785058512.6403635,"caller":"handlers/server.go:656","msg":"EPP sent request body response(s) to proxy","x-request-id":"a93143af-7376-4859-9f41-c8a33ca98f22","modelName":"Qwen/Qwen3-VL-32B-Instruct","targetModelName":"Qwen/Qwen3-VL-32B-Instruct"}
{"level":"info","ts":1785058512.6535919,"caller":"handlers/server.go:656","msg":"EPP sent request body response(s) to proxy","x-request-id":"a67288f2-6bfc-4e6e-b145-acb98a1bb666","modelName":"Qwen/Qwen3-VL-32B-Instruct","targetModelName":"Qwen/Qwen3-VL-32B-Instruct"}
{"level":"info","ts":1785058512.6589215,"caller":"handlers/server.go:395","msg":"EPP received request","x-request-id":"05eee905-f794-4119-86f6-c765c85bdb64"}
{"level":"info","ts":1785058512.668157,"caller":"handlers/server.go:656","msg":"EPP sent request body response(s) to proxy","x-request-id":"e7e775d6-8c61-497b-91ea-25a67f2e5d93","modelName":"Qwen/Qwen3-VL-32B-Instruct","targetModelName":"Qwen/Qwen3-VL-32B-Instruct"}
{"level":"info","ts":1785058512.6688464,"caller":"handlers/server.go:395","msg":"EPP received request","x-request-id":"a9edf7bf-35cf-4c20-b16a-efb6e1eaf8fd"}
{"level":"info","ts":1785058512.6832483,"caller":"handlers/server.go:656","msg":"EPP sent request body response(s) to proxy","x-request-id":"1f8b960d-4047-48c8-9eeb-5d020cb10e23","modelName":"Qwen/Qwen3-VL-32B-Instruct","targetModelName":"Qwen/Qwen3-VL-32B-Instruct"}
{"level":"info","ts":1785058512.6884403,"caller":"handlers/server.go:395","msg":"EPP received request","x-request-id":"48fc729f-2c37-4ba5-89b6-e700142ddae5"}
{"level":"info","ts":1785058512.6894011,"caller":"handlers/server.go:395","msg":"EPP received request","x-request-id":"28f55589-ccbc-4d65-866f-121a11e54db7"}
{"level":"info","ts":1785058512.697103,"caller":"handlers/server.go:656","msg":"EPP sent request body response(s) to proxy","x-request-id":"c6c16560-7eae-40fa-88ca-c7017d7e28ef","modelName":"Qwen/Qwen3-VL-32B-Instruct","targetModelName":"Qwen/Qwen3-VL-32B-Instruct"}
{"level":"info","ts":1785058512.7001617,"caller":"handlers/server.go:395","msg":"EPP received request","x-request-id":"aa9db1a0-ea62-4a4e-b547-246ef8e4abd5"}
{"level":"info","ts":1785058512.7015176,"caller":"handlers/server.go:656","msg":"EPP sent request body response(s) to proxy","x-request-id":"2110e77e-6cd9-4f02-befc-d1f1a6decbbe","modelName":"Qwen/Qwen3-VL-32B-Instruct","targetModelName":"Qwen/Qwen3-VL-32B-Instruct"}
{"level":"info","ts":1785058512.7195942,"caller":"handlers/server.go:395","msg":"EPP received request","x-request-id":"02270889-31f8-4bda-a2ab-38107e73847a"}
{"level":"info","ts":1785058512.7218275,"caller":"handlers/server.go:656","msg":"EPP sent request body response(s) to proxy","x-request-id":"f6ad17a4-eda3-4d2a-9765-ba98f89c607c","modelName":"Qwen/Qwen3-VL-32B-Instruct","targetModelName":"Qwen/Qwen3-VL-32B-Instruct"}
{"level":"info","ts":1785058512.7249603,"caller":"handlers/server.go:395","msg":"EPP received request","x-request-id":"bb16785a-ad56-446c-aeb6-68cb098d0499"}
{"level":"info","ts":1785058512.7302313,"caller":"handlers/server.go:656","msg":"EPP sent request body response(s) to proxy","x-request-id":"dc6583d2-c299-44c9-81ed-62bb880f9a8d","modelName":"Qwen/Qwen3-VL-32B-Instruct","targetModelName":"Qwen/Qwen3-VL-32B-Instruct"}
{"level":"info","ts":1785058512.7341576,"caller":"handlers/server.go:656","msg":"EPP sent request body response(s) to proxy","x-request-id":"28f55589-ccbc-4d65-866f-121a11e54db7","modelName":"Qwen/Qwen3-VL-32B-Instruct","targetModelName":"Qwen/Qwen3-VL-32B-Instruct"}
{"level":"info","ts":1785058512.7435508,"caller":"handlers/server.go:656","msg":"EPP sent request body response(s) to proxy","x-request-id":"7de7be9f-5f94-412b-9aaf-e511ab29b4de","modelName":"Qwen/Qwen3-VL-32B-Instruct","targetModelName":"Qwen/Qwen3-VL-32B-Instruct"}
{"level":"info","ts":1785058512.7458177,"caller":"handlers/server.go:395","msg":"EPP received request","x-request-id":"42821c7b-9219-453b-a526-eff70cf60d37"}
{"level":"info","ts":1785058512.7467058,"caller":"handlers/server.go:656","msg":"EPP sent request body response(s) to proxy","x-request-id":"1343552d-a8ce-4105-8bc4-309a186ee83a","modelName":"Qwen/Qwen3-VL-32B-Instruct","targetModelName":"Qwen/Qwen3-VL-32B-Instruct"}
{"level":"info","ts":1785058512.7495048,"caller":"handlers/server.go:395","msg":"EPP received request","x-request-id":"a43e04b7-f1df-43b7-86e8-3f946a12175a"}
{"level":"info","ts":1785058512.7516856,"caller":"handlers/server.go:395","msg":"EPP received request","x-request-id":"46023acf-04f6-4107-87d1-cb2718cac863"}
{"level":"info","ts":1785058512.7639987,"caller":"handlers/server.go:395","msg":"EPP received request","x-request-id":"1119f5f1-1447-4b12-9844-14323eedf3a5"}
{"level":"info","ts":1785058512.7656379,"caller":"handlers/server.go:656","msg":"EPP sent request body response(s) to proxy","x-request-id":"c5497c55-8b08-46a1-ac02-7c7d698a4da2","modelName":"Qwen/Qwen3-VL-32B-Instruct","targetModelName":"Qwen/Qwen3-VL-32B-Instruct"}
{"level":"info","ts":1785058512.7766793,"caller":"handlers/server.go:395","msg":"EPP received request","x-request-id":"c0fe8b83-2917-48e0-be74-2b20682d5441"}
{"level":"info","ts":1785058512.7802758,"caller":"handlers/server.go:395","msg":"EPP received request","x-request-id":"98112fb1-c224-4fdb-a411-4690803fb6bb"}
{"level":"info","ts":1785058512.7872066,"caller":"handlers/server.go:395","msg":"EPP received request","x-request-id":"6a0f7cc6-b6f6-4dfc-bf8b-d7df0c7d65d0"}
{"level":"info","ts":1785058512.7899024,"caller":"handlers/server.go:395","msg":"EPP received request","x-request-id":"47901a74-3a5f-4553-8a99-4445b30c08af"}
{"level":"info","ts":1785058512.794487,"caller":"handlers/server.go:656","msg":"EPP sent request body response(s) to proxy","x-request-id":"05eee905-f794-4119-86f6-c765c85bdb64","modelName":"Qwen/Qwen3-VL-32B-Instruct","targetModelName":"Qwen/Qwen3-VL-32B-Instruct"}
{"level":"info","ts":1785058512.809762,"caller":"handlers/server.go:656","msg":"EPP sent request body response(s) to proxy","x-request-id":"eca51042-85bc-41e2-b4e6-6578d254ebaf","modelName":"Qwen/Qwen3-VL-32B-Instruct","targetModelName":"Qwen/Qwen3-VL-32B-Instruct"}
{"level":"info","ts":1785058512.8134131,"caller":"handlers/server.go:395","msg":"EPP received request","x-request-id":"f89b962d-107a-4ad7-b855-f92a08387e26"}
{"level":"info","ts":1785058512.8138404,"caller":"handlers/server.go:395","msg":"EPP received request","x-request-id":"99e2d399-f411-421d-9502-4884ceb2bb29"}
{"level":"info","ts":1785058512.82326,"caller":"handlers/server.go:656","msg":"EPP sent request body response(s) to proxy","x-request-id":"c0fe8b83-2917-48e0-be74-2b20682d5441","modelName":"Qwen/Qwen3-VL-32B-Instruct","targetModelName":"Qwen/Qwen3-VL-32B-Instruct"}
{"level":"info","ts":1785058512.8237538,"caller":"handlers/server.go:656","msg":"EPP sent request body response(s) to proxy","x-request-id":"a43e04b7-f1df-43b7-86e8-3f946a12175a","modelName":"Qwen/Qwen3-VL-32B-Instruct","targetModelName":"Qwen/Qwen3-VL-32B-Instruct"}
{"level":"info","ts":1785058512.8291986,"caller":"handlers/server.go:395","msg":"EPP received request","x-request-id":"97e9f09e-7ee9-413e-90c3-8941447c38e2"}
{"level":"info","ts":1785058512.8378084,"caller":"handlers/server.go:656","msg":"EPP sent request body response(s) to proxy","x-request-id":"aa9db1a0-ea62-4a4e-b547-246ef8e4abd5","modelName":"Qwen/Qwen3-VL-32B-Instruct","targetModelName":"Qwen/Qwen3-VL-32B-Instruct"}
{"level":"info","ts":1785058512.8426657,"caller":"handlers/server.go:395","msg":"EPP received request","x-request-id":"5b935c4b-ad20-4896-b2fc-16de57ecde0b"}
{"level":"info","ts":1785058512.848998,"caller":"handlers/server.go:656","msg":"EPP sent request body response(s) to proxy","x-request-id":"518b5050-c34e-4a96-9743-d523adde2c69","modelName":"Qwen/Qwen3-VL-32B-Instruct","targetModelName":"Qwen/Qwen3-VL-32B-Instruct"}
{"level":"info","ts":1785058512.8492196,"caller":"handlers/server.go:656","msg":"EPP sent request body response(s) to proxy","x-request-id":"48fc729f-2c37-4ba5-89b6-e700142ddae5","modelName":"Qwen/Qwen3-VL-32B-Instruct","targetModelName":"Qwen/Qwen3-VL-32B-Instruct"}
{"level":"info","ts":1785058512.8542993,"caller":"handlers/server.go:656","msg":"EPP sent request body response(s) to proxy","x-request-id":"bb16785a-ad56-446c-aeb6-68cb098d0499","modelName":"Qwen/Qwen3-VL-32B-Instruct","targetModelName":"Qwen/Qwen3-VL-32B-Instruct"}
{"level":"info","ts":1785058512.8575575,"caller":"handlers/server.go:395","msg":"EPP received request","x-request-id":"eea4a39c-bb96-4e71-bd73-7d8aa1e655db"}
{"level":"info","ts":1785058512.8600845,"caller":"handlers/server.go:656","msg":"EPP sent request body response(s) to proxy","x-request-id":"f89b962d-107a-4ad7-b855-f92a08387e26","modelName":"Qwen/Qwen3-VL-32B-Instruct","targetModelName":"Qwen/Qwen3-VL-32B-Instruct"}
{"level":"info","ts":1785058512.8657286,"caller":"handlers/server.go:656","msg":"EPP sent request body response(s) to proxy","x-request-id":"a9edf7bf-35cf-4c20-b16a-efb6e1eaf8fd","modelName":"Qwen/Qwen3-VL-32B-Instruct","targetModelName":"Qwen/Qwen3-VL-32B-Instruct"}
{"level":"info","ts":1785058512.866347,"caller":"handlers/server.go:656","msg":"EPP sent request body response(s) to proxy","x-request-id":"46023acf-04f6-4107-87d1-cb2718cac863","modelName":"Qwen/Qwen3-VL-32B-Instruct","targetModelName":"Qwen/Qwen3-VL-32B-Instruct"}
{"level":"info","ts":1785058512.8860605,"caller":"handlers/server.go:395","msg":"EPP received request","x-request-id":"4341145a-a230-491e-9e07-a08d488c3774"}
{"level":"info","ts":1785058512.8881888,"caller":"handlers/server.go:656","msg":"EPP sent request body response(s) to proxy","x-request-id":"6a0f7cc6-b6f6-4dfc-bf8b-d7df0c7d65d0","modelName":"Qwen/Qwen3-VL-32B-Instruct","targetModelName":"Qwen/Qwen3-VL-32B-Instruct"}
{"level":"info","ts":1785058512.8971071,"caller":"handlers/server.go:395","msg":"EPP received request","x-request-id":"75e8f2f2-5567-4872-9d34-15f08f26425d"}
{"level":"info","ts":1785058512.8981934,"caller":"handlers/server.go:656","msg":"EPP sent request body response(s) to proxy","x-request-id":"47901a74-3a5f-4553-8a99-4445b30c08af","modelName":"Qwen/Qwen3-VL-32B-Instruct","targetModelName":"Qwen/Qwen3-VL-32B-Instruct"}
{"level":"info","ts":1785058512.9025242,"caller":"handlers/server.go:395","msg":"EPP received request","x-request-id":"ba62f948-1a5f-419e-bca6-db7d5e9e21a9"}
{"level":"info","ts":1785058512.9042964,"caller":"handlers/server.go:395","msg":"EPP received request","x-request-id":"f936d579-9987-414e-ab7b-ab8c4f3f34b2"}
{"level":"info","ts":1785058512.9053845,"caller":"handlers/server.go:656","msg":"EPP sent request body response(s) to proxy","x-request-id":"99e2d399-f411-421d-9502-4884ceb2bb29","modelName":"Qwen/Qwen3-VL-32B-Instruct","targetModelName":"Qwen/Qwen3-VL-32B-Instruct"}
{"level":"info","ts":1785058512.9187598,"caller":"handlers/server.go:395","msg":"EPP received request","x-request-id":"d8f3bf11-6c43-4e92-bbe5-b6657fc00770"}
{"level":"info","ts":1785058512.9267936,"caller":"handlers/server.go:395","msg":"EPP received request","x-request-id":"39dbaad8-57a8-4873-bd0a-a8554a1197b3"}
{"level":"info","ts":1785058512.938273,"caller":"handlers/server.go:395","msg":"EPP received request","x-request-id":"ed619a1a-e6fc-4f93-906c-87337015146e"}
{"level":"info","ts":1785058512.9421268,"caller":"handlers/server.go:656","msg":"EPP sent request body response(s) to proxy","x-request-id":"98112fb1-c224-4fdb-a411-4690803fb6bb","modelName":"Qwen/Qwen3-VL-32B-Instruct","targetModelName":"Qwen/Qwen3-VL-32B-Instruct"}
{"level":"info","ts":1785058512.946029,"caller":"handlers/server.go:395","msg":"EPP received request","x-request-id":"3ef62018-1d33-466f-a91c-559157f423d4"}
{"level":"info","ts":1785058512.9484017,"caller":"handlers/server.go:656","msg":"EPP sent request body response(s) to proxy","x-request-id":"5b935c4b-ad20-4896-b2fc-16de57ecde0b","modelName":"Qwen/Qwen3-VL-32B-Instruct","targetModelName":"Qwen/Qwen3-VL-32B-Instruct"}
{"level":"info","ts":1785058512.9538512,"caller":"handlers/server.go:656","msg":"EPP sent request body response(s) to proxy","x-request-id":"02270889-31f8-4bda-a2ab-38107e73847a","modelName":"Qwen/Qwen3-VL-32B-Instruct","targetModelName":"Qwen/Qwen3-VL-32B-Instruct"}
{"level":"info","ts":1785058512.9575586,"caller":"handlers/server.go:656","msg":"EPP sent request body response(s) to proxy","x-request-id":"1119f5f1-1447-4b12-9844-14323eedf3a5","modelName":"Qwen/Qwen3-VL-32B-Instruct","targetModelName":"Qwen/Qwen3-VL-32B-Instruct"}
{"level":"info","ts":1785058512.9645398,"caller":"handlers/server.go:395","msg":"EPP received request","x-request-id":"ca9e3f6d-2526-47ff-bf86-d8bfc2d4c4eb"}
{"level":"info","ts":1785058512.977136,"caller":"handlers/server.go:656","msg":"EPP sent request body response(s) to proxy","x-request-id":"39dbaad8-57a8-4873-bd0a-a8554a1197b3","modelName":"Qwen/Qwen3-VL-32B-Instruct","targetModelName":"Qwen/Qwen3-VL-32B-Instruct"}
{"level":"info","ts":1785058512.9777527,"caller":"handlers/server.go:656","msg":"EPP sent request body response(s) to proxy","x-request-id":"42821c7b-9219-453b-a526-eff70cf60d37","modelName":"Qwen/Qwen3-VL-32B-Instruct","targetModelName":"Qwen/Qwen3-VL-32B-Instruct"}
{"level":"info","ts":1785058512.9814718,"caller":"handlers/server.go:395","msg":"EPP received request","x-request-id":"4937e996-db46-4e72-ab24-57b502c7a127"}
{"level":"info","ts":1785058512.9893534,"caller":"handlers/server.go:395","msg":"EPP received request","x-request-id":"bab11948-c1b9-4bb3-a1c8-48560580cc56"}
{"level":"info","ts":1785058512.9964416,"caller":"handlers/server.go:395","msg":"EPP received request","x-request-id":"b2cdcee6-896e-4bec-95ee-e6e47e1a18df"}
{"level":"info","ts":1785058512.9987814,"caller":"handlers/server.go:395","msg":"EPP received request","x-request-id":"555bcdd7-770f-4ee7-94a8-731670c40618"}
{"level":"info","ts":1785058513.014831,"caller":"handlers/server.go:395","msg":"EPP received request","x-request-id":"edef6de3-014c-4581-9514-84d753fba03c"}
{"level":"info","ts":1785058513.027483,"caller":"handlers/server.go:395","msg":"EPP received request","x-request-id":"b447f8e3-debd-438a-9a18-0e698462031d"}
{"level":"info","ts":1785058513.0333593,"caller":"handlers/server.go:656","msg":"EPP sent request body response(s) to proxy","x-request-id":"eea4a39c-bb96-4e71-bd73-7d8aa1e655db","modelName":"Qwen/Qwen3-VL-32B-Instruct","targetModelName":"Qwen/Qwen3-VL-32B-Instruct"}
{"level":"info","ts":1785058513.0378242,"caller":"handlers/server.go:656","msg":"EPP sent request body response(s) to proxy","x-request-id":"3ef62018-1d33-466f-a91c-559157f423d4","modelName":"Qwen/Qwen3-VL-32B-Instruct","targetModelName":"Qwen/Qwen3-VL-32B-Instruct"}
{"level":"info","ts":1785058513.0391462,"caller":"handlers/server.go:395","msg":"EPP received request","x-request-id":"a67e6420-5ea3-4854-b1c6-82a4bd4f2cfa"}
{"level":"info","ts":1785058513.0423713,"caller":"handlers/server.go:395","msg":"EPP received request","x-request-id":"52776e79-8084-4684-af26-5049109e9833"}
{"level":"info","ts":1785058513.0513673,"caller":"handlers/server.go:656","msg":"EPP sent request body response(s) to proxy","x-request-id":"97e9f09e-7ee9-413e-90c3-8941447c38e2","modelName":"Qwen/Qwen3-VL-32B-Instruct","targetModelName":"Qwen/Qwen3-VL-32B-Instruct"}
{"level":"info","ts":1785058513.054786,"caller":"handlers/server.go:656","msg":"EPP sent request body response(s) to proxy","x-request-id":"d8f3bf11-6c43-4e92-bbe5-b6657fc00770","modelName":"Qwen/Qwen3-VL-32B-Instruct","targetModelName":"Qwen/Qwen3-VL-32B-Instruct"}
{"level":"info","ts":1785058513.055484,"caller":"handlers/server.go:656","msg":"EPP sent request body response(s) to proxy","x-request-id":"75e8f2f2-5567-4872-9d34-15f08f26425d","modelName":"Qwen/Qwen3-VL-32B-Instruct","targetModelName":"Qwen/Qwen3-VL-32B-Instruct"}
{"level":"info","ts":1785058513.0595977,"caller":"handlers/server.go:395","msg":"EPP received request","x-request-id":"4eb893bc-1915-4259-a853-d8041aa10182"}
{"level":"info","ts":1785058513.060577,"caller":"handlers/server.go:395","msg":"EPP received request","x-request-id":"c92fb86c-51c1-4e5f-8ab2-ad8bb0b00a3e"}
{"level":"info","ts":1785058513.0742183,"caller":"handlers/server.go:656","msg":"EPP sent request body response(s) to proxy","x-request-id":"4937e996-db46-4e72-ab24-57b502c7a127","modelName":"Qwen/Qwen3-VL-32B-Instruct","targetModelName":"Qwen/Qwen3-VL-32B-Instruct"}
{"level":"info","ts":1785058513.0757365,"caller":"handlers/server.go:656","msg":"EPP sent request body response(s) to proxy","x-request-id":"ba62f948-1a5f-419e-bca6-db7d5e9e21a9","modelName":"Qwen/Qwen3-VL-32B-Instruct","targetModelName":"Qwen/Qwen3-VL-32B-Instruct"}
{"level":"info","ts":1785058513.079734,"caller":"handlers/server.go:395","msg":"EPP received request","x-request-id":"b566fed2-5aa7-4d58-a908-899579437f8e"}
{"level":"info","ts":1785058513.0820978,"caller":"handlers/server.go:656","msg":"EPP sent request body response(s) to proxy","x-request-id":"4341145a-a230-491e-9e07-a08d488c3774","modelName":"Qwen/Qwen3-VL-32B-Instruct","targetModelName":"Qwen/Qwen3-VL-32B-Instruct"}
{"level":"info","ts":1785058513.1039174,"caller":"handlers/server.go:395","msg":"EPP received request","x-request-id":"53f4afea-9057-4faa-a4c1-2f8acb044639"}
{"level":"info","ts":1785058513.1043136,"caller":"handlers/server.go:656","msg":"EPP sent request body response(s) to proxy","x-request-id":"bab11948-c1b9-4bb3-a1c8-48560580cc56","modelName":"Qwen/Qwen3-VL-32B-Instruct","targetModelName":"Qwen/Qwen3-VL-32B-Instruct"}
{"level":"info","ts":1785058513.1050732,"caller":"handlers/server.go:395","msg":"EPP received request","x-request-id":"7c00c1c7-67e5-4821-816a-1c2cc78b74a7"}
{"level":"info","ts":1785058513.1085603,"caller":"handlers/server.go:656","msg":"EPP sent request body response(s) to proxy","x-request-id":"ed619a1a-e6fc-4f93-906c-87337015146e","modelName":"Qwen/Qwen3-VL-32B-Instruct","targetModelName":"Qwen/Qwen3-VL-32B-Instruct"}
{"level":"info","ts":1785058513.1092958,"caller":"handlers/server.go:656","msg":"EPP sent request body response(s) to proxy","x-request-id":"edef6de3-014c-4581-9514-84d753fba03c","modelName":"Qwen/Qwen3-VL-32B-Instruct","targetModelName":"Qwen/Qwen3-VL-32B-Instruct"}
{"level":"info","ts":1785058513.1189122,"caller":"handlers/server.go:656","msg":"EPP sent request body response(s) to proxy","x-request-id":"b447f8e3-debd-438a-9a18-0e698462031d","modelName":"Qwen/Qwen3-VL-32B-Instruct","targetModelName":"Qwen/Qwen3-VL-32B-Instruct"}
{"level":"info","ts":1785058513.121699,"caller":"handlers/server.go:656","msg":"EPP sent request body response(s) to proxy","x-request-id":"f936d579-9987-414e-ab7b-ab8c4f3f34b2","modelName":"Qwen/Qwen3-VL-32B-Instruct","targetModelName":"Qwen/Qwen3-VL-32B-Instruct"}
{"level":"info","ts":1785058513.1249175,"caller":"handlers/server.go:395","msg":"EPP received request","x-request-id":"382f3870-39c7-4c18-9927-0fc838784a93"}
{"level":"info","ts":1785058513.1275284,"caller":"handlers/server.go:656","msg":"EPP sent request body response(s) to proxy","x-request-id":"52776e79-8084-4684-af26-5049109e9833","modelName":"Qwen/Qwen3-VL-32B-Instruct","targetModelName":"Qwen/Qwen3-VL-32B-Instruct"}
{"level":"info","ts":1785058513.1328018,"caller":"handlers/server.go:395","msg":"EPP received request","x-request-id":"9d2ab8ea-c941-4019-8bc9-be47885d5f52"}
{"level":"info","ts":1785058513.1371546,"caller":"handlers/server.go:395","msg":"EPP received request","x-request-id":"28da2950-6191-4cdf-a5ac-88cc52b9d6ac"}
{"level":"info","ts":1785058513.1448922,"caller":"handlers/server.go:656","msg":"EPP sent request body response(s) to proxy","x-request-id":"ca9e3f6d-2526-47ff-bf86-d8bfc2d4c4eb","modelName":"Qwen/Qwen3-VL-32B-Instruct","targetModelName":"Qwen/Qwen3-VL-32B-Instruct"}
{"level":"info","ts":1785058513.149448,"caller":"handlers/server.go:395","msg":"EPP received request","x-request-id":"3beb485b-2c89-413d-9dec-a60f6cb77f27"}
{"level":"info","ts":1785058513.150093,"caller":"handlers/server.go:656","msg":"EPP sent request body response(s) to proxy","x-request-id":"4eb893bc-1915-4259-a853-d8041aa10182","modelName":"Qwen/Qwen3-VL-32B-Instruct","targetModelName":"Qwen/Qwen3-VL-32B-Instruct"}
{"level":"info","ts":1785058513.1607451,"caller":"handlers/server.go:656","msg":"EPP sent request body response(s) to proxy","x-request-id":"53f4afea-9057-4faa-a4c1-2f8acb044639","modelName":"Qwen/Qwen3-VL-32B-Instruct","targetModelName":"Qwen/Qwen3-VL-32B-Instruct"}
{"level":"info","ts":1785058513.1735551,"caller":"handlers/server.go:395","msg":"EPP received request","x-request-id":"05bed9ba-c821-4a85-ae71-b958c5437696"}
{"level":"info","ts":1785058513.1802342,"caller":"handlers/server.go:656","msg":"EPP sent request body response(s) to proxy","x-request-id":"b2cdcee6-896e-4bec-95ee-e6e47e1a18df","modelName":"Qwen/Qwen3-VL-32B-Instruct","targetModelName":"Qwen/Qwen3-VL-32B-Instruct"}
{"level":"info","ts":1785058513.189577,"caller":"handlers/server.go:395","msg":"EPP received request","x-request-id":"6bdb0cd0-5bd6-46e0-872d-7cf1b150a39d"}
{"level":"info","ts":1785058513.1943765,"caller":"handlers/server.go:395","msg":"EPP received request","x-request-id":"4a539739-ad83-406b-a738-f6c47f8feadc"}
{"level":"info","ts":1785058513.2078862,"caller":"handlers/server.go:656","msg":"EPP sent request body response(s) to proxy","x-request-id":"a67e6420-5ea3-4854-b1c6-82a4bd4f2cfa","modelName":"Qwen/Qwen3-VL-32B-Instruct","targetModelName":"Qwen/Qwen3-VL-32B-Instruct"}
{"level":"info","ts":1785058513.2121215,"caller":"handlers/server.go:395","msg":"EPP received request","x-request-id":"cffa7855-6210-469c-9a57-64132d994eee"}
{"level":"info","ts":1785058513.2135046,"caller":"handlers/server.go:395","msg":"EPP received request","x-request-id":"ec14e756-ef68-4d9e-b694-d895dcfb59d0"}
{"level":"info","ts":1785058513.214904,"caller":"handlers/server.go:656","msg":"EPP sent request body response(s) to proxy","x-request-id":"555bcdd7-770f-4ee7-94a8-731670c40618","modelName":"Qwen/Qwen3-VL-32B-Instruct","targetModelName":"Qwen/Qwen3-VL-32B-Instruct"}
{"level":"info","ts":1785058513.229168,"caller":"handlers/server.go:656","msg":"EPP sent request body response(s) to proxy","x-request-id":"05bed9ba-c821-4a85-ae71-b958c5437696","modelName":"Qwen/Qwen3-VL-32B-Instruct","targetModelName":"Qwen/Qwen3-VL-32B-Instruct"}
{"level":"info","ts":1785058513.2334936,"caller":"handlers/server.go:395","msg":"EPP received request","x-request-id":"9f033684-ff3c-4575-bda5-fb506f66f24f"}
{"level":"info","ts":1785058513.2384734,"caller":"handlers/server.go:395","msg":"EPP received request","x-request-id":"3206962d-a69f-45de-ae18-e6f0b323804d"}
{"level":"info","ts":1785058513.242799,"caller":"handlers/server.go:656","msg":"EPP sent request body response(s) to proxy","x-request-id":"3beb485b-2c89-413d-9dec-a60f6cb77f27","modelName":"Qwen/Qwen3-VL-32B-Instruct","targetModelName":"Qwen/Qwen3-VL-32B-Instruct"}
{"level":"info","ts":1785058513.2460718,"caller":"handlers/server.go:395","msg":"EPP received request","x-request-id":"cbd97614-3de1-4082-9f0a-145429cbd0f3"}
{"level":"info","ts":1785058513.251311,"caller":"handlers/server.go:395","msg":"EPP received request","x-request-id":"3fe65490-a38a-4fcb-8b81-91d52c1d51e3"}
{"level":"info","ts":1785058513.2547057,"caller":"handlers/server.go:656","msg":"EPP sent request body response(s) to proxy","x-request-id":"9d2ab8ea-c941-4019-8bc9-be47885d5f52","modelName":"Qwen/Qwen3-VL-32B-Instruct","targetModelName":"Qwen/Qwen3-VL-32B-Instruct"}
{"level":"info","ts":1785058513.2577512,"caller":"handlers/server.go:656","msg":"EPP sent request body response(s) to proxy","x-request-id":"b566fed2-5aa7-4d58-a908-899579437f8e","modelName":"Qwen/Qwen3-VL-32B-Instruct","targetModelName":"Qwen/Qwen3-VL-32B-Instruct"}
{"level":"info","ts":1785058513.26304,"caller":"handlers/server.go:395","msg":"EPP received request","x-request-id":"851b4e82-0ed0-4bd1-91d5-e124b12b18b7"}
{"level":"info","ts":1785058513.2633471,"caller":"handlers/server.go:395","msg":"EPP received request","x-request-id":"6fb2eba0-fe70-43ab-a69f-6947b9265c5d"}
{"level":"info","ts":1785058513.2725406,"caller":"handlers/server.go:395","msg":"EPP received request","x-request-id":"2a6b494b-a25a-4a4a-9c33-fd49b44189de"}
{"level":"info","ts":1785058513.2821314,"caller":"handlers/server.go:395","msg":"EPP received request","x-request-id":"f4b6eb1e-617b-4c8d-a378-ae802ed2a621"}
{"level":"info","ts":1785058513.2841642,"caller":"handlers/server.go:656","msg":"EPP sent request body response(s) to proxy","x-request-id":"c92fb86c-51c1-4e5f-8ab2-ad8bb0b00a3e","modelName":"Qwen/Qwen3-VL-32B-Instruct","targetModelName":"Qwen/Qwen3-VL-32B-Instruct"}
{"level":"info","ts":1785058513.2869518,"caller":"handlers/server.go:395","msg":"EPP received request","x-request-id":"3e40296a-b93e-4d1d-8b41-d103a476325b"}
{"level":"info","ts":1785058513.290593,"caller":"handlers/server.go:656","msg":"EPP sent request body response(s) to proxy","x-request-id":"9f033684-ff3c-4575-bda5-fb506f66f24f","modelName":"Qwen/Qwen3-VL-32B-Instruct","targetModelName":"Qwen/Qwen3-VL-32B-Instruct"}
{"level":"info","ts":1785058513.2979753,"caller":"handlers/server.go:395","msg":"EPP received request","x-request-id":"5147a993-ef36-4244-bb79-18b284481ed0"}
{"level":"info","ts":1785058513.3027105,"caller":"handlers/server.go:656","msg":"EPP sent request body response(s) to proxy","x-request-id":"3fe65490-a38a-4fcb-8b81-91d52c1d51e3","modelName":"Qwen/Qwen3-VL-32B-Instruct","targetModelName":"Qwen/Qwen3-VL-32B-Instruct"}
{"level":"info","ts":1785058513.311139,"caller":"handlers/server.go:656","msg":"EPP sent request body response(s) to proxy","x-request-id":"851b4e82-0ed0-4bd1-91d5-e124b12b18b7","modelName":"Qwen/Qwen3-VL-32B-Instruct","targetModelName":"Qwen/Qwen3-VL-32B-Instruct"}
{"level":"info","ts":1785058513.3121316,"caller":"handlers/server.go:395","msg":"EPP received request","x-request-id":"e176b036-80ed-45e7-9c40-91a66da98bea"}
{"level":"info","ts":1785058513.3125932,"caller":"handlers/server.go:656","msg":"EPP sent request body response(s) to proxy","x-request-id":"6fb2eba0-fe70-43ab-a69f-6947b9265c5d","modelName":"Qwen/Qwen3-VL-32B-Instruct","targetModelName":"Qwen/Qwen3-VL-32B-Instruct"}
{"level":"info","ts":1785058513.323583,"caller":"handlers/server.go:395","msg":"EPP received request","x-request-id":"76874ba0-a0ad-43f6-840b-51df5a8f2f3b"}
{"level":"info","ts":1785058513.3244603,"caller":"handlers/server.go:395","msg":"EPP received request","x-request-id":"30bfc527-b5ec-4ae5-a956-0ba5e3e5f8d4"}
{"level":"info","ts":1785058513.3419874,"caller":"handlers/server.go:656","msg":"EPP sent request body response(s) to proxy","x-request-id":"2a6b494b-a25a-4a4a-9c33-fd49b44189de","modelName":"Qwen/Qwen3-VL-32B-Instruct","targetModelName":"Qwen/Qwen3-VL-32B-Instruct"}
{"level":"info","ts":1785058513.3488977,"caller":"handlers/server.go:395","msg":"EPP received request","x-request-id":"a2e5ed38-6dea-4770-8fa8-5849dbff9203"}
{"level":"info","ts":1785058513.3546343,"caller":"handlers/server.go:395","msg":"EPP received request","x-request-id":"41f2023d-79f1-4a1f-9b9b-f5b7018fc82a"}
{"level":"info","ts":1785058513.3576798,"caller":"handlers/server.go:395","msg":"EPP received request","x-request-id":"79c3e93f-68b0-48b6-bcd3-23c5dcf2884d"}
{"level":"info","ts":1785058513.3633928,"caller":"handlers/server.go:395","msg":"EPP received request","x-request-id":"51e2663e-3200-4204-b18c-d28a00a78038"}
{"level":"info","ts":1785058513.3665693,"caller":"handlers/server.go:656","msg":"EPP sent request body response(s) to proxy","x-request-id":"7c00c1c7-67e5-4821-816a-1c2cc78b74a7","modelName":"Qwen/Qwen3-VL-32B-Instruct","targetModelName":"Qwen/Qwen3-VL-32B-Instruct"}
{"level":"info","ts":1785058513.3690841,"caller":"handlers/server.go:656","msg":"EPP sent request body response(s) to proxy","x-request-id":"e176b036-80ed-45e7-9c40-91a66da98bea","modelName":"Qwen/Qwen3-VL-32B-Instruct","targetModelName":"Qwen/Qwen3-VL-32B-Instruct"}
{"level":"info","ts":1785058513.3715968,"caller":"handlers/server.go:656","msg":"EPP sent request body response(s) to proxy","x-request-id":"28da2950-6191-4cdf-a5ac-88cc52b9d6ac","modelName":"Qwen/Qwen3-VL-32B-Instruct","targetModelName":"Qwen/Qwen3-VL-32B-Instruct"}
{"level":"info","ts":1785058513.3843145,"caller":"handlers/server.go:395","msg":"EPP received request","x-request-id":"64cd0840-f88a-4a19-800e-a2d9490bffff"}
{"level":"info","ts":1785058513.3889875,"caller":"handlers/server.go:395","msg":"EPP received request","x-request-id":"3fe765fc-73a9-407f-bd7a-d1dc976301d0"}
{"level":"info","ts":1785058513.3961008,"caller":"handlers/server.go:395","msg":"EPP received request","x-request-id":"82eb14f7-67d2-4142-b53b-99033776d76a"}
{"level":"info","ts":1785058513.3987799,"caller":"handlers/server.go:656","msg":"EPP sent request body response(s) to proxy","x-request-id":"a2e5ed38-6dea-4770-8fa8-5849dbff9203","modelName":"Qwen/Qwen3-VL-32B-Instruct","targetModelName":"Qwen/Qwen3-VL-32B-Instruct"}
{"level":"info","ts":1785058513.4009244,"caller":"handlers/server.go:656","msg":"EPP sent request body response(s) to proxy","x-request-id":"382f3870-39c7-4c18-9927-0fc838784a93","modelName":"Qwen/Qwen3-VL-32B-Instruct","targetModelName":"Qwen/Qwen3-VL-32B-Instruct"}
{"level":"info","ts":1785058513.401543,"caller":"handlers/server.go:656","msg":"EPP sent request body response(s) to proxy","x-request-id":"6bdb0cd0-5bd6-46e0-872d-7cf1b150a39d","modelName":"Qwen/Qwen3-VL-32B-Instruct","targetModelName":"Qwen/Qwen3-VL-32B-Instruct"}
{"level":"info","ts":1785058513.4037585,"caller":"handlers/server.go:395","msg":"EPP received request","x-request-id":"84ab1ab4-553d-4bac-a12d-95a4c2469769"}
{"level":"info","ts":1785058513.4087715,"caller":"handlers/server.go:656","msg":"EPP sent request body response(s) to proxy","x-request-id":"cffa7855-6210-469c-9a57-64132d994eee","modelName":"Qwen/Qwen3-VL-32B-Instruct","targetModelName":"Qwen/Qwen3-VL-32B-Instruct"}
{"level":"info","ts":1785058513.4109309,"caller":"handlers/server.go:395","msg":"EPP received request","x-request-id":"cee02cc2-ce4e-464a-b488-d417f071de1f"}
{"level":"info","ts":1785058513.4248168,"caller":"handlers/server.go:656","msg":"EPP sent request body response(s) to proxy","x-request-id":"4a539739-ad83-406b-a738-f6c47f8feadc","modelName":"Qwen/Qwen3-VL-32B-Instruct","targetModelName":"Qwen/Qwen3-VL-32B-Instruct"}
{"level":"info","ts":1785058513.4255457,"caller":"handlers/server.go:656","msg":"EPP sent request body response(s) to proxy","x-request-id":"3e40296a-b93e-4d1d-8b41-d103a476325b","modelName":"Qwen/Qwen3-VL-32B-Instruct","targetModelName":"Qwen/Qwen3-VL-32B-Instruct"}
{"level":"info","ts":1785058513.4273536,"caller":"handlers/server.go:395","msg":"EPP received request","x-request-id":"667abc0b-42dc-42d7-a23b-84532bb27038"}
{"level":"info","ts":1785058513.4339797,"caller":"handlers/server.go:656","msg":"EPP sent request body response(s) to proxy","x-request-id":"64cd0840-f88a-4a19-800e-a2d9490bffff","modelName":"Qwen/Qwen3-VL-32B-Instruct","targetModelName":"Qwen/Qwen3-VL-32B-Instruct"}
{"level":"info","ts":1785058513.438446,"caller":"handlers/server.go:395","msg":"EPP received request","x-request-id":"0b2a5dc3-759c-4755-b032-0537c6852cb7"}
{"level":"info","ts":1785058513.4445612,"caller":"handlers/server.go:656","msg":"EPP sent request body response(s) to proxy","x-request-id":"f4b6eb1e-617b-4c8d-a378-ae802ed2a621","modelName":"Qwen/Qwen3-VL-32B-Instruct","targetModelName":"Qwen/Qwen3-VL-32B-Instruct"}
{"level":"info","ts":1785058513.447546,"caller":"handlers/server.go:656","msg":"EPP sent request body response(s) to proxy","x-request-id":"84ab1ab4-553d-4bac-a12d-95a4c2469769","modelName":"Qwen/Qwen3-VL-32B-Instruct","targetModelName":"Qwen/Qwen3-VL-32B-Instruct"}
{"level":"info","ts":1785058513.4506276,"caller":"handlers/server.go:395","msg":"EPP received request","x-request-id":"fff0b552-d3cd-4b35-9d68-6ed2bba7043f"}
{"level":"info","ts":1785058513.4559174,"caller":"handlers/server.go:656","msg":"EPP sent request body response(s) to proxy","x-request-id":"3206962d-a69f-45de-ae18-e6f0b323804d","modelName":"Qwen/Qwen3-VL-32B-Instruct","targetModelName":"Qwen/Qwen3-VL-32B-Instruct"}
{"level":"info","ts":1785058513.4587574,"caller":"handlers/server.go:656","msg":"EPP sent request body response(s) to proxy","x-request-id":"5147a993-ef36-4244-bb79-18b284481ed0","modelName":"Qwen/Qwen3-VL-32B-Instruct","targetModelName":"Qwen/Qwen3-VL-32B-Instruct"}
{"level":"info","ts":1785058513.46036,"caller":"handlers/server.go:395","msg":"EPP received request","x-request-id":"a8c21d34-faa6-4b5f-a574-c09f54ee1880"}
{"level":"info","ts":1785058513.4626741,"caller":"handlers/server.go:656","msg":"EPP sent request body response(s) to proxy","x-request-id":"51e2663e-3200-4204-b18c-d28a00a78038","modelName":"Qwen/Qwen3-VL-32B-Instruct","targetModelName":"Qwen/Qwen3-VL-32B-Instruct"}
{"level":"info","ts":1785058513.4632695,"caller":"handlers/server.go:656","msg":"EPP sent request body response(s) to proxy","x-request-id":"76874ba0-a0ad-43f6-840b-51df5a8f2f3b","modelName":"Qwen/Qwen3-VL-32B-Instruct","targetModelName":"Qwen/Qwen3-VL-32B-Instruct"}
{"level":"info","ts":1785058513.4654965,"caller":"handlers/server.go:656","msg":"EPP sent request body response(s) to proxy","x-request-id":"3fe765fc-73a9-407f-bd7a-d1dc976301d0","modelName":"Qwen/Qwen3-VL-32B-Instruct","targetModelName":"Qwen/Qwen3-VL-32B-Instruct"}
{"level":"info","ts":1785058513.4712903,"caller":"handlers/server.go:656","msg":"EPP sent request body response(s) to proxy","x-request-id":"30bfc527-b5ec-4ae5-a956-0ba5e3e5f8d4","modelName":"Qwen/Qwen3-VL-32B-Instruct","targetModelName":"Qwen/Qwen3-VL-32B-Instruct"}
{"level":"info","ts":1785058513.4735007,"caller":"handlers/server.go:395","msg":"EPP received request","x-request-id":"0ba3d466-9a71-4704-98e3-a2896a816c5e"}
{"level":"info","ts":1785058513.4834328,"caller":"handlers/server.go:656","msg":"EPP sent request body response(s) to proxy","x-request-id":"0b2a5dc3-759c-4755-b032-0537c6852cb7","modelName":"Qwen/Qwen3-VL-32B-Instruct","targetModelName":"Qwen/Qwen3-VL-32B-Instruct"}
{"level":"info","ts":1785058513.4837592,"caller":"handlers/server.go:656","msg":"EPP sent request body response(s) to proxy","x-request-id":"cbd97614-3de1-4082-9f0a-145429cbd0f3","modelName":"Qwen/Qwen3-VL-32B-Instruct","targetModelName":"Qwen/Qwen3-VL-32B-Instruct"}
{"level":"info","ts":1785058513.4869583,"caller":"handlers/server.go:395","msg":"EPP received request","x-request-id":"9356d435-224e-48de-b02f-9aab631308b3"}
{"level":"info","ts":1785058513.4920642,"caller":"handlers/server.go:656","msg":"EPP sent request body response(s) to proxy","x-request-id":"ec14e756-ef68-4d9e-b694-d895dcfb59d0","modelName":"Qwen/Qwen3-VL-32B-Instruct","targetModelName":"Qwen/Qwen3-VL-32B-Instruct"}
{"level":"info","ts":1785058513.497897,"caller":"handlers/server.go:656","msg":"EPP sent request body response(s) to proxy","x-request-id":"41f2023d-79f1-4a1f-9b9b-f5b7018fc82a","modelName":"Qwen/Qwen3-VL-32B-Instruct","targetModelName":"Qwen/Qwen3-VL-32B-Instruct"}
{"level":"info","ts":1785058513.5026429,"caller":"handlers/server.go:395","msg":"EPP received request","x-request-id":"7f4747aa-e1bd-4e53-932e-4842bc455e45"}
{"level":"info","ts":1785058513.512143,"caller":"handlers/server.go:395","msg":"EPP received request","x-request-id":"a57cb171-fae2-49a0-a400-093182636e3e"}
{"level":"info","ts":1785058513.5141535,"caller":"handlers/server.go:656","msg":"EPP sent request body response(s) to proxy","x-request-id":"667abc0b-42dc-42d7-a23b-84532bb27038","modelName":"Qwen/Qwen3-VL-32B-Instruct","targetModelName":"Qwen/Qwen3-VL-32B-Instruct"}
{"level":"info","ts":1785058513.5161004,"caller":"handlers/server.go:395","msg":"EPP received request","x-request-id":"cb35bf90-d750-44c0-b74d-750d0b63a0c9"}
{"level":"info","ts":1785058513.5339997,"caller":"handlers/server.go:395","msg":"EPP received request","x-request-id":"0a330af4-9105-4a48-9961-3e7ae5152b43"}
{"level":"info","ts":1785058513.536373,"caller":"handlers/server.go:395","msg":"EPP received request","x-request-id":"07284f89-96d3-4564-9811-30f6505ddbd3"}
{"level":"info","ts":1785058513.5438182,"caller":"handlers/server.go:395","msg":"EPP received request","x-request-id":"be711854-d1c1-4881-8e29-1887ab35530c"}
{"level":"info","ts":1785058513.5539827,"caller":"handlers/server.go:395","msg":"EPP received request","x-request-id":"40972639-e1f7-4f1b-b6a3-20d251d49d13"}
{"level":"info","ts":1785058513.5542622,"caller":"handlers/server.go:656","msg":"EPP sent request body response(s) to proxy","x-request-id":"a57cb171-fae2-49a0-a400-093182636e3e","modelName":"Qwen/Qwen3-VL-32B-Instruct","targetModelName":"Qwen/Qwen3-VL-32B-Instruct"}
{"level":"info","ts":1785058513.5547168,"caller":"handlers/server.go:656","msg":"EPP sent request body response(s) to proxy","x-request-id":"82eb14f7-67d2-4142-b53b-99033776d76a","modelName":"Qwen/Qwen3-VL-32B-Instruct","targetModelName":"Qwen/Qwen3-VL-32B-Instruct"}
{"level":"info","ts":1785058513.5584295,"caller":"handlers/server.go:395","msg":"EPP received request","x-request-id":"06a5a805-8995-4467-8bf8-d27fe2778c89"}
{"level":"info","ts":1785058513.5673957,"caller":"handlers/server.go:395","msg":"EPP received request","x-request-id":"b0e8f6fa-b849-4a7e-9747-2a6e1f576de2"}
{"level":"info","ts":1785058513.5722961,"caller":"handlers/server.go:395","msg":"EPP received request","x-request-id":"efda5325-f6ee-4eeb-8504-117a241e9964"}
{"level":"info","ts":1785058513.58328,"caller":"handlers/server.go:656","msg":"EPP sent request body response(s) to proxy","x-request-id":"a8c21d34-faa6-4b5f-a574-c09f54ee1880","modelName":"Qwen/Qwen3-VL-32B-Instruct","targetModelName":"Qwen/Qwen3-VL-32B-Instruct"}
{"level":"info","ts":1785058513.5853639,"caller":"handlers/server.go:395","msg":"EPP received request","x-request-id":"85e954f7-7f7b-4b55-9bee-7d1165fb6a43"}
{"level":"info","ts":1785058513.5912528,"caller":"handlers/server.go:656","msg":"EPP sent request body response(s) to proxy","x-request-id":"cee02cc2-ce4e-464a-b488-d417f071de1f","modelName":"Qwen/Qwen3-VL-32B-Instruct","targetModelName":"Qwen/Qwen3-VL-32B-Instruct"}
{"level":"info","ts":1785058513.5949495,"caller":"handlers/server.go:656","msg":"EPP sent request body response(s) to proxy","x-request-id":"be711854-d1c1-4881-8e29-1887ab35530c","modelName":"Qwen/Qwen3-VL-32B-Instruct","targetModelName":"Qwen/Qwen3-VL-32B-Instruct"}
{"level":"info","ts":1785058513.6014016,"caller":"handlers/server.go:395","msg":"EPP received request","x-request-id":"c7390570-9983-436f-a4c1-b56f01c0b41e"}
{"level":"info","ts":1785058513.6021154,"caller":"handlers/server.go:656","msg":"EPP sent request body response(s) to proxy","x-request-id":"79c3e93f-68b0-48b6-bcd3-23c5dcf2884d","modelName":"Qwen/Qwen3-VL-32B-Instruct","targetModelName":"Qwen/Qwen3-VL-32B-Instruct"}
{"level":"info","ts":1785058513.6138642,"caller":"handlers/server.go:395","msg":"EPP received request","x-request-id":"9f673634-6f41-4006-aed1-258a68c6573a"}
{"level":"info","ts":1785058513.6200964,"caller":"handlers/server.go:395","msg":"EPP received request","x-request-id":"ad3d2958-3dd1-40ca-b0be-4b40b27d4e86"}
{"level":"info","ts":1785058513.6214826,"caller":"handlers/server.go:656","msg":"EPP sent request body response(s) to proxy","x-request-id":"9356d435-224e-48de-b02f-9aab631308b3","modelName":"Qwen/Qwen3-VL-32B-Instruct","targetModelName":"Qwen/Qwen3-VL-32B-Instruct"}
{"level":"info","ts":1785058513.623355,"caller":"handlers/server.go:656","msg":"EPP sent request body response(s) to proxy","x-request-id":"efda5325-f6ee-4eeb-8504-117a241e9964","modelName":"Qwen/Qwen3-VL-32B-Instruct","targetModelName":"Qwen/Qwen3-VL-32B-Instruct"}
{"level":"info","ts":1785058513.6344328,"caller":"handlers/server.go:395","msg":"EPP received request","x-request-id":"77fdf128-f981-47bd-af40-e3010bcbc283"}
{"level":"info","ts":1785058513.6410053,"caller":"handlers/server.go:656","msg":"EPP sent request body response(s) to proxy","x-request-id":"06a5a805-8995-4467-8bf8-d27fe2778c89","modelName":"Qwen/Qwen3-VL-32B-Instruct","targetModelName":"Qwen/Qwen3-VL-32B-Instruct"}
{"level":"info","ts":1785058513.6441128,"caller":"handlers/server.go:656","msg":"EPP sent request body response(s) to proxy","x-request-id":"7f4747aa-e1bd-4e53-932e-4842bc455e45","modelName":"Qwen/Qwen3-VL-32B-Instruct","targetModelName":"Qwen/Qwen3-VL-32B-Instruct"}
{"level":"info","ts":1785058513.6516855,"caller":"handlers/server.go:656","msg":"EPP sent request body response(s) to proxy","x-request-id":"0ba3d466-9a71-4704-98e3-a2896a816c5e","modelName":"Qwen/Qwen3-VL-32B-Instruct","targetModelName":"Qwen/Qwen3-VL-32B-Instruct"}
{"level":"info","ts":1785058513.651926,"caller":"handlers/server.go:395","msg":"EPP received request","x-request-id":"60e71b70-c5f9-4071-8706-e5562b5b4c8e"}
{"level":"info","ts":1785058513.664451,"caller":"handlers/server.go:395","msg":"EPP received request","x-request-id":"58594007-acaf-4eb7-a426-3465467eb1e3"}
{"level":"info","ts":1785058513.6656659,"caller":"handlers/server.go:395","msg":"EPP received request","x-request-id":"a9d2743d-2ac4-42b6-8219-16b4f7bdbfb3"}
{"level":"info","ts":1785058513.6681926,"caller":"handlers/server.go:656","msg":"EPP sent request body response(s) to proxy","x-request-id":"cb35bf90-d750-44c0-b74d-750d0b63a0c9","modelName":"Qwen/Qwen3-VL-32B-Instruct","targetModelName":"Qwen/Qwen3-VL-32B-Instruct"}
{"level":"info","ts":1785058513.6695802,"caller":"handlers/server.go:656","msg":"EPP sent request body response(s) to proxy","x-request-id":"07284f89-96d3-4564-9811-30f6505ddbd3","modelName":"Qwen/Qwen3-VL-32B-Instruct","targetModelName":"Qwen/Qwen3-VL-32B-Instruct"}
{"level":"info","ts":1785058513.6706302,"caller":"handlers/server.go:656","msg":"EPP sent request body response(s) to proxy","x-request-id":"fff0b552-d3cd-4b35-9d68-6ed2bba7043f","modelName":"Qwen/Qwen3-VL-32B-Instruct","targetModelName":"Qwen/Qwen3-VL-32B-Instruct"}
{"level":"info","ts":1785058513.6721892,"caller":"handlers/server.go:395","msg":"EPP received request","x-request-id":"40d750fa-304a-481b-81db-9ad90537adad"}
{"level":"info","ts":1785058513.6837378,"caller":"handlers/server.go:656","msg":"EPP sent request body response(s) to proxy","x-request-id":"b0e8f6fa-b849-4a7e-9747-2a6e1f576de2","modelName":"Qwen/Qwen3-VL-32B-Instruct","targetModelName":"Qwen/Qwen3-VL-32B-Instruct"}
{"level":"info","ts":1785058513.6924675,"caller":"handlers/server.go:656","msg":"EPP sent request body response(s) to proxy","x-request-id":"85e954f7-7f7b-4b55-9bee-7d1165fb6a43","modelName":"Qwen/Qwen3-VL-32B-Instruct","targetModelName":"Qwen/Qwen3-VL-32B-Instruct"}
{"level":"info","ts":1785058513.7017252,"caller":"handlers/server.go:656","msg":"EPP sent request body response(s) to proxy","x-request-id":"c7390570-9983-436f-a4c1-b56f01c0b41e","modelName":"Qwen/Qwen3-VL-32B-Instruct","targetModelName":"Qwen/Qwen3-VL-32B-Instruct"}
{"level":"info","ts":1785058513.7296534,"caller":"handlers/server.go:656","msg":"EPP sent request body response(s) to proxy","x-request-id":"60e71b70-c5f9-4071-8706-e5562b5b4c8e","modelName":"Qwen/Qwen3-VL-32B-Instruct","targetModelName":"Qwen/Qwen3-VL-32B-Instruct"}
{"level":"info","ts":1785058513.7454467,"caller":"handlers/server.go:656","msg":"EPP sent request body response(s) to proxy","x-request-id":"0a330af4-9105-4a48-9961-3e7ae5152b43","modelName":"Qwen/Qwen3-VL-32B-Instruct","targetModelName":"Qwen/Qwen3-VL-32B-Instruct"}
{"level":"info","ts":1785058513.7561712,"caller":"handlers/server.go:656","msg":"EPP sent request body response(s) to proxy","x-request-id":"40972639-e1f7-4f1b-b6a3-20d251d49d13","modelName":"Qwen/Qwen3-VL-32B-Instruct","targetModelName":"Qwen/Qwen3-VL-32B-Instruct"}
{"level":"info","ts":1785058513.7877085,"caller":"handlers/server.go:656","msg":"EPP sent request body response(s) to proxy","x-request-id":"77fdf128-f981-47bd-af40-e3010bcbc283","modelName":"Qwen/Qwen3-VL-32B-Instruct","targetModelName":"Qwen/Qwen3-VL-32B-Instruct"}
{"level":"info","ts":1785058513.8006687,"caller":"handlers/server.go:656","msg":"EPP sent request body response(s) to proxy","x-request-id":"9f673634-6f41-4006-aed1-258a68c6573a","modelName":"Qwen/Qwen3-VL-32B-Instruct","targetModelName":"Qwen/Qwen3-VL-32B-Instruct"}
{"level":"info","ts":1785058513.8172631,"caller":"handlers/server.go:656","msg":"EPP sent request body response(s) to proxy","x-request-id":"58594007-acaf-4eb7-a426-3465467eb1e3","modelName":"Qwen/Qwen3-VL-32B-Instruct","targetModelName":"Qwen/Qwen3-VL-32B-Instruct"}
{"level":"info","ts":1785058513.8340704,"caller":"handlers/server.go:656","msg":"EPP sent request body response(s) to proxy","x-request-id":"40d750fa-304a-481b-81db-9ad90537adad","modelName":"Qwen/Qwen3-VL-32B-Instruct","targetModelName":"Qwen/Qwen3-VL-32B-Instruct"}
{"level":"info","ts":1785058513.8561058,"caller":"handlers/server.go:656","msg":"EPP sent request body response(s) to proxy","x-request-id":"a9d2743d-2ac4-42b6-8219-16b4f7bdbfb3","modelName":"Qwen/Qwen3-VL-32B-Instruct","targetModelName":"Qwen/Qwen3-VL-32B-Instruct"}
{"level":"info","ts":1785058513.85924,"caller":"handlers/server.go:656","msg":"EPP sent request body response(s) to proxy","x-request-id":"ad3d2958-3dd1-40ca-b0be-4b40b27d4e86","modelName":"Qwen/Qwen3-VL-32B-Instruct","targetModelName":"Qwen/Qwen3-VL-32B-Instruct"}
{"level":"info","ts":1785058523.5440612,"caller":"datastore/datastore.go:374","msg":"Pod already exists","controller":"pod","controllerGroup":"","controllerKind":"Pod","Pod":{"name":"pd-disaggregation-nvidia-gpu-vllm-decode-85bf598f64-v5xlx","namespace":"dpikus-pd-sglang-bench"},"namespace":"dpikus-pd-sglang-bench","name":"pd-disaggregation-nvidia-gpu-vllm-decode-85bf598f64-v5xlx","reconcileID":"6021f005-d22c-4cee-b9c1-7337cb32201c","name":"pd-disaggregation-nvidia-gpu-vllm-decode-85bf598f64-v5xlx"}
{"level":"info","ts":1785058524.6443002,"caller":"datastore/datastore.go:374","msg":"Pod already exists","controller":"pod","controllerGroup":"","controllerKind":"Pod","Pod":{"name":"pd-disaggregation-nvidia-gpu-vllm-decode-85bf598f64-kqv2n","namespace":"dpikus-pd-sglang-bench"},"namespace":"dpikus-pd-sglang-bench","name":"pd-disaggregation-nvidia-gpu-vllm-decode-85bf598f64-kqv2n","reconcileID":"c8471e30-6afa-41c5-8b7e-aff5f2c43686","name":"pd-disaggregation-nvidia-gpu-vllm-decode-85bf598f64-kqv2n"}
{"level":"info","ts":1785058536.5615256,"caller":"datastore/datastore.go:374","msg":"Pod already exists","controller":"pod","controllerGroup":"","controllerKind":"Pod","Pod":{"name":"pd-disaggregation-nvidia-gpu-vllm-decode-slow-fb857c8f5-srdjk","namespace":"dpikus-pd-sglang-bench"},"namespace":"dpikus-pd-sglang-bench","name":"pd-disaggregation-nvidia-gpu-vllm-decode-slow-fb857c8f5-srdjk","reconcileID":"6d165b48-c76f-4b3d-9b2d-020b1a4333df","name":"pd-disaggregation-nvidia-gpu-vllm-decode-slow-fb857c8f5-srdjk"}
{"level":"info","ts":1785058538.2754858,"caller":"handlers/server.go:685","msg":"EPP sent response body back to proxy","x-request-id":"062b0b92-9eaf-4fa9-97cc-2dbca92e4eba"}
{"level":"info","ts":1785058539.0491276,"caller":"handlers/server.go:685","msg":"EPP sent response body back to proxy","x-request-id":"c6499ced-522f-45bf-a59b-63507f7e761f"}
{"level":"info","ts":1785058539.671994,"caller":"handlers/server.go:685","msg":"EPP sent response body back to proxy","x-request-id":"4d7317dc-a8d6-440c-8074-7e1a46468977"}
{"level":"info","ts":1785058539.752823,"caller":"handlers/server.go:685","msg":"EPP sent response body back to proxy","x-request-id":"74de2272-4475-4f68-bc1b-ae8e1c9cba00"}
{"level":"info","ts":1785058539.7553709,"caller":"handlers/server.go:685","msg":"EPP sent response body back to proxy","x-request-id":"e7531580-b0e2-439c-95e4-44debba84791"}
{"level":"info","ts":1785058539.8322988,"caller":"handlers/server.go:685","msg":"EPP sent response body back to proxy","x-request-id":"3dcb22fe-f25f-4a67-aaec-68690717a998"}
{"level":"info","ts":1785058540.147566,"caller":"handlers/server.go:685","msg":"EPP sent response body back to proxy","x-request-id":"613d1626-40b8-4de0-b351-b396e6e81ce0"}
{"level":"info","ts":1785058540.385423,"caller":"handlers/server.go:685","msg":"EPP sent response body back to proxy","x-request-id":"c4fcdfa7-5132-458c-860b-ab2ee17570d3"}
{"level":"info","ts":1785058540.5941343,"caller":"handlers/server.go:685","msg":"EPP sent response body back to proxy","x-request-id":"48ea1762-e12b-4d69-bece-039d5fcac1f6"}
{"level":"info","ts":1785058543.3269305,"caller":"handlers/server.go:685","msg":"EPP sent response body back to proxy","x-request-id":"a93143af-7376-4859-9f41-c8a33ca98f22"}
{"level":"info","ts":1785058544.1928809,"caller":"handlers/server.go:685","msg":"EPP sent response body back to proxy","x-request-id":"96a39667-6557-468e-9d34-1c60a5df0b0f"}
{"level":"info","ts":1785058544.22998,"caller":"handlers/server.go:685","msg":"EPP sent response body back to proxy","x-request-id":"4048429b-6d2a-42fe-81a4-2d97382ecb72"}
{"level":"info","ts":1785058544.2739623,"caller":"handlers/server.go:685","msg":"EPP sent response body back to proxy","x-request-id":"28f55589-ccbc-4d65-866f-121a11e54db7"}
{"level":"info","ts":1785058544.3268619,"caller":"handlers/server.go:685","msg":"EPP sent response body back to proxy","x-request-id":"ca9783e7-3d16-47c9-ba57-7590a1832d03"}
{"level":"info","ts":1785058544.4049907,"caller":"handlers/server.go:685","msg":"EPP sent response body back to proxy","x-request-id":"3b6b1ca1-c675-42bc-8721-8da09b744f3b"}
{"level":"info","ts":1785058545.0801497,"caller":"handlers/server.go:685","msg":"EPP sent response body back to proxy","x-request-id":"c24160f4-2359-4a1b-af24-77d0010bd049"}
{"level":"info","ts":1785058545.836964,"caller":"handlers/server.go:685","msg":"EPP sent response body back to proxy","x-request-id":"a43e04b7-f1df-43b7-86e8-3f946a12175a"}
{"level":"info","ts":1785058546.3170927,"caller":"handlers/server.go:685","msg":"EPP sent response body back to proxy","x-request-id":"e7e775d6-8c61-497b-91ea-25a67f2e5d93"}
{"level":"info","ts":1785058546.7873938,"caller":"handlers/server.go:685","msg":"EPP sent response body back to proxy","x-request-id":"39dbaad8-57a8-4873-bd0a-a8554a1197b3"}
{"level":"info","ts":1785058547.4442422,"caller":"handlers/server.go:685","msg":"EPP sent response body back to proxy","x-request-id":"53060eab-4a06-4abf-bb77-eafe30a4cb26"}
{"level":"info","ts":1785058548.0908852,"caller":"handlers/server.go:685","msg":"EPP sent response body back to proxy","x-request-id":"3aefcc99-430e-4899-84e0-38f14a74b5be"}
{"level":"info","ts":1785058549.207484,"caller":"handlers/server.go:685","msg":"EPP sent response body back to proxy","x-request-id":"6a0f7cc6-b6f6-4dfc-bf8b-d7df0c7d65d0"}
{"level":"info","ts":1785058549.4844398,"caller":"handlers/server.go:685","msg":"EPP sent response body back to proxy","x-request-id":"1343552d-a8ce-4105-8bc4-309a186ee83a"}
{"level":"info","ts":1785058550.4654708,"caller":"handlers/server.go:685","msg":"EPP sent response body back to proxy","x-request-id":"f6ad17a4-eda3-4d2a-9765-ba98f89c607c"}
{"level":"info","ts":1785058563.5871708,"caller":"handlers/server.go:685","msg":"EPP sent response body back to proxy","x-request-id":"c0fe8b83-2917-48e0-be74-2b20682d5441"}
{"level":"info","ts":1785058563.9723966,"caller":"handlers/server.go:685","msg":"EPP sent response body back to proxy","x-request-id":"f89b962d-107a-4ad7-b855-f92a08387e26"}
{"level":"info","ts":1785058565.1325514,"caller":"handlers/server.go:685","msg":"EPP sent response body back to proxy","x-request-id":"8b7a01fe-c20e-43ae-a8bd-2ea5f0310836"}
{"level":"info","ts":1785058565.3176396,"caller":"handlers/server.go:685","msg":"EPP sent response body back to proxy","x-request-id":"c6c16560-7eae-40fa-88ca-c7017d7e28ef"}
{"level":"info","ts":1785058565.3368576,"caller":"handlers/server.go:685","msg":"EPP sent response body back to proxy","x-request-id":"a67288f2-6bfc-4e6e-b145-acb98a1bb666"}
{"level":"info","ts":1785058565.336869,"caller":"handlers/server.go:685","msg":"EPP sent response body back to proxy","x-request-id":"dc6583d2-c299-44c9-81ed-62bb880f9a8d"}
{"level":"info","ts":1785058565.5324357,"caller":"handlers/server.go:685","msg":"EPP sent response body back to proxy","x-request-id":"7de7be9f-5f94-412b-9aaf-e511ab29b4de"}
{"level":"info","ts":1785058566.8300848,"caller":"handlers/server.go:685","msg":"EPP sent response body back to proxy","x-request-id":"53f4afea-9057-4faa-a4c1-2f8acb044639"}
{"level":"info","ts":1785058566.8822367,"caller":"handlers/server.go:685","msg":"EPP sent response body back to proxy","x-request-id":"05bed9ba-c821-4a85-ae71-b958c5437696"}
{"level":"info","ts":1785058568.585727,"caller":"handlers/server.go:685","msg":"EPP sent response body back to proxy","x-request-id":"1f8b960d-4047-48c8-9eeb-5d020cb10e23"}
{"level":"info","ts":1785058571.4517767,"caller":"handlers/server.go:685","msg":"EPP sent response body back to proxy","x-request-id":"2110e77e-6cd9-4f02-befc-d1f1a6decbbe"}
{"level":"info","ts":1785058571.525013,"caller":"handlers/server.go:685","msg":"EPP sent response body back to proxy","x-request-id":"47901a74-3a5f-4553-8a99-4445b30c08af"}
{"level":"info","ts":1785058571.9978306,"caller":"handlers/server.go:685","msg":"EPP sent response body back to proxy","x-request-id":"bb16785a-ad56-446c-aeb6-68cb098d0499"}
{"level":"info","ts":1785058572.0589077,"caller":"handlers/server.go:685","msg":"EPP sent response body back to proxy","x-request-id":"c5497c55-8b08-46a1-ac02-7c7d698a4da2"}
{"level":"info","ts":1785058572.058917,"caller":"handlers/server.go:685","msg":"EPP sent response body back to proxy","x-request-id":"bab11948-c1b9-4bb3-a1c8-48560580cc56"}
{"level":"info","ts":1785058572.4559214,"caller":"handlers/server.go:685","msg":"EPP sent response body back to proxy","x-request-id":"eca51042-85bc-41e2-b4e6-6578d254ebaf"}
{"level":"info","ts":1785058573.1875892,"caller":"handlers/server.go:685","msg":"EPP sent response body back to proxy","x-request-id":"851b4e82-0ed0-4bd1-91d5-e124b12b18b7"}
{"level":"info","ts":1785058573.818741,"caller":"handlers/server.go:685","msg":"EPP sent response body back to proxy","x-request-id":"a9edf7bf-35cf-4c20-b16a-efb6e1eaf8fd"}
{"level":"info","ts":1785058574.3200827,"caller":"handlers/server.go:685","msg":"EPP sent response body back to proxy","x-request-id":"1119f5f1-1447-4b12-9844-14323eedf3a5"}
{"level":"info","ts":1785058574.729675,"caller":"handlers/server.go:685","msg":"EPP sent response body back to proxy","x-request-id":"518b5050-c34e-4a96-9743-d523adde2c69"}
{"level":"info","ts":1785058575.1800835,"caller":"handlers/server.go:685","msg":"EPP sent response body back to proxy","x-request-id":"9f033684-ff3c-4575-bda5-fb506f66f24f"}
{"level":"info","ts":1785058576.399043,"caller":"handlers/server.go:685","msg":"EPP sent response body back to proxy","x-request-id":"6fb2eba0-fe70-43ab-a69f-6947b9265c5d"}
{"level":"info","ts":1785058576.6758962,"caller":"handlers/server.go:685","msg":"EPP sent response body back to proxy","x-request-id":"4eb893bc-1915-4259-a853-d8041aa10182"}
{"level":"info","ts":1785058577.6510468,"caller":"handlers/server.go:685","msg":"EPP sent response body back to proxy","x-request-id":"b447f8e3-debd-438a-9a18-0e698462031d"}
{"level":"info","ts":1785058579.433772,"caller":"datastore/datastore.go:374","msg":"Pod already exists","controller":"pod","controllerGroup":"","controllerKind":"Pod","Pod":{"name":"pd-disaggregation-nvidia-gpu-vllm-prefill-85f6865487-txl66","namespace":"dpikus-pd-sglang-bench"},"namespace":"dpikus-pd-sglang-bench","name":"pd-disaggregation-nvidia-gpu-vllm-prefill-85f6865487-txl66","reconcileID":"4f7feff1-0b9a-49ab-9f16-167c21d9b5b6","name":"pd-disaggregation-nvidia-gpu-vllm-prefill-85f6865487-txl66"}
{"level":"info","ts":1785058586.6439137,"caller":"datastore/datastore.go:374","msg":"Pod already exists","controller":"pod","controllerGroup":"","controllerKind":"Pod","Pod":{"name":"pd-disaggregation-nvidia-gpu-vllm-decode-85bf598f64-kqv2n","namespace":"dpikus-pd-sglang-bench"},"namespace":"dpikus-pd-sglang-bench","name":"pd-disaggregation-nvidia-gpu-vllm-decode-85bf598f64-kqv2n","reconcileID":"38f72afd-6738-421d-ada3-c8c9ef74c394","name":"pd-disaggregation-nvidia-gpu-vllm-decode-85bf598f64-kqv2n"}
{"level":"info","ts":1785058588.4849408,"caller":"handlers/server.go:685","msg":"EPP sent response body back to proxy","x-request-id":"46023acf-04f6-4107-87d1-cb2718cac863"}
{"level":"info","ts":1785058589.2075922,"caller":"handlers/server.go:685","msg":"EPP sent response body back to proxy","x-request-id":"05eee905-f794-4119-86f6-c765c85bdb64"}
{"level":"info","ts":1785058590.2401748,"caller":"handlers/server.go:685","msg":"EPP sent response body back to proxy","x-request-id":"edef6de3-014c-4581-9514-84d753fba03c"}
{"level":"info","ts":1785058590.2402112,"caller":"handlers/server.go:685","msg":"EPP sent response body back to proxy","x-request-id":"aa9db1a0-ea62-4a4e-b547-246ef8e4abd5"}
{"level":"info","ts":1785058590.2904217,"caller":"handlers/server.go:685","msg":"EPP sent response body back to proxy","x-request-id":"99e2d399-f411-421d-9502-4884ceb2bb29"}
{"level":"info","ts":1785058590.4774454,"caller":"handlers/server.go:685","msg":"EPP sent response body back to proxy","x-request-id":"5b935c4b-ad20-4896-b2fc-16de57ecde0b"}
{"level":"info","ts":1785058590.6102536,"caller":"handlers/server.go:685","msg":"EPP sent response body back to proxy","x-request-id":"48fc729f-2c37-4ba5-89b6-e700142ddae5"}
{"level":"info","ts":1785058593.4050636,"caller":"handlers/server.go:685","msg":"EPP sent response body back to proxy","x-request-id":"98112fb1-c224-4fdb-a411-4690803fb6bb"}
{"level":"info","ts":1785058594.3745394,"caller":"handlers/server.go:685","msg":"EPP sent response body back to proxy","x-request-id":"3fe65490-a38a-4fcb-8b81-91d52c1d51e3"}
{"level":"info","ts":1785058594.6205232,"caller":"handlers/server.go:685","msg":"EPP sent response body back to proxy","x-request-id":"60e71b70-c5f9-4071-8706-e5562b5b4c8e"}
{"level":"info","ts":1785058599.47936,"caller":"handlers/server.go:685","msg":"EPP sent response body back to proxy","x-request-id":"64cd0840-f88a-4a19-800e-a2d9490bffff"}
{"level":"info","ts":1785058599.5987642,"caller":"handlers/server.go:685","msg":"EPP sent response body back to proxy","x-request-id":"4341145a-a230-491e-9e07-a08d488c3774"}
{"level":"info","ts":1785058599.6470406,"caller":"handlers/server.go:685","msg":"EPP sent response body back to proxy","x-request-id":"3beb485b-2c89-413d-9dec-a60f6cb77f27"}
{"level":"info","ts":1785058599.6470702,"caller":"handlers/server.go:685","msg":"EPP sent response body back to proxy","x-request-id":"ba62f948-1a5f-419e-bca6-db7d5e9e21a9"}
{"level":"info","ts":1785058599.710223,"caller":"handlers/server.go:685","msg":"EPP sent response body back to proxy","x-request-id":"75e8f2f2-5567-4872-9d34-15f08f26425d"}
{"level":"info","ts":1785058600.6463914,"caller":"handlers/server.go:685","msg":"EPP sent response body back to proxy","x-request-id":"5147a993-ef36-4244-bb79-18b284481ed0"}
{"level":"info","ts":1785058601.4985087,"caller":"handlers/server.go:685","msg":"EPP sent response body back to proxy","x-request-id":"30bfc527-b5ec-4ae5-a956-0ba5e3e5f8d4"}
{"level":"info","ts":1785058601.5437112,"caller":"datastore/datastore.go:374","msg":"Pod already exists","controller":"pod","controllerGroup":"","controllerKind":"Pod","Pod":{"name":"pd-disaggregation-nvidia-gpu-vllm-decode-85bf598f64-v5xlx","namespace":"dpikus-pd-sglang-bench"},"namespace":"dpikus-pd-sglang-bench","name":"pd-disaggregation-nvidia-gpu-vllm-decode-85bf598f64-v5xlx","reconcileID":"dee4c024-9688-4996-86ce-f770c1bf100b","name":"pd-disaggregation-nvidia-gpu-vllm-decode-85bf598f64-v5xlx"}
{"level":"info","ts":1785058602.2052186,"caller":"handlers/server.go:685","msg":"EPP sent response body back to proxy","x-request-id":"ca9e3f6d-2526-47ff-bf86-d8bfc2d4c4eb"}
{"level":"info","ts":1785058602.6778922,"caller":"handlers/server.go:685","msg":"EPP sent response body back to proxy","x-request-id":"be711854-d1c1-4881-8e29-1887ab35530c"}
{"level":"info","ts":1785058602.7937713,"caller":"handlers/server.go:685","msg":"EPP sent response body back to proxy","x-request-id":"b566fed2-5aa7-4d58-a908-899579437f8e"}
{"level":"info","ts":1785058603.284974,"caller":"handlers/server.go:685","msg":"EPP sent response body back to proxy","x-request-id":"97e9f09e-7ee9-413e-90c3-8941447c38e2"}
{"level":"info","ts":1785058604.5602703,"caller":"handlers/server.go:685","msg":"EPP sent response body back to proxy","x-request-id":"efda5325-f6ee-4eeb-8504-117a241e9964"}
{"level":"info","ts":1785058604.939043,"caller":"handlers/server.go:685","msg":"EPP sent response body back to proxy","x-request-id":"51e2663e-3200-4204-b18c-d28a00a78038"}
{"level":"info","ts":1785058606.1309884,"caller":"handlers/server.go:685","msg":"EPP sent response body back to proxy","x-request-id":"42821c7b-9219-453b-a526-eff70cf60d37"}
{"level":"info","ts":1785058612.8597128,"caller":"handlers/server.go:685","msg":"EPP sent response body back to proxy","x-request-id":"d8f3bf11-6c43-4e92-bbe5-b6657fc00770"}
{"level":"info","ts":1785058614.0727851,"caller":"handlers/server.go:685","msg":"EPP sent response body back to proxy","x-request-id":"4937e996-db46-4e72-ab24-57b502c7a127"}
{"level":"info","ts":1785058614.4546373,"caller":"handlers/server.go:685","msg":"EPP sent response body back to proxy","x-request-id":"3ef62018-1d33-466f-a91c-559157f423d4"}
{"level":"info","ts":1785058614.4546373,"caller":"handlers/server.go:685","msg":"EPP sent response body back to proxy","x-request-id":"52776e79-8084-4684-af26-5049109e9833"}
{"level":"info","ts":1785058615.2720468,"caller":"handlers/server.go:685","msg":"EPP sent response body back to proxy","x-request-id":"9d2ab8ea-c941-4019-8bc9-be47885d5f52"}
{"level":"info","ts":1785058615.3756762,"caller":"handlers/server.go:685","msg":"EPP sent response body back to proxy","x-request-id":"2a6b494b-a25a-4a4a-9c33-fd49b44189de"}
{"level":"info","ts":1785058615.71703,"caller":"handlers/server.go:685","msg":"EPP sent response body back to proxy","x-request-id":"eea4a39c-bb96-4e71-bd73-7d8aa1e655db"}
{"level":"info","ts":1785058617.6725376,"caller":"handlers/server.go:685","msg":"EPP sent response body back to proxy","x-request-id":"e176b036-80ed-45e7-9c40-91a66da98bea"}
{"level":"info","ts":1785058619.559653,"caller":"datastore/datastore.go:374","msg":"Pod already exists","controller":"pod","controllerGroup":"","controllerKind":"Pod","Pod":{"name":"pd-disaggregation-nvidia-gpu-vllm-decode-slow-fb857c8f5-srdjk","namespace":"dpikus-pd-sglang-bench"},"namespace":"dpikus-pd-sglang-bench","name":"pd-disaggregation-nvidia-gpu-vllm-decode-slow-fb857c8f5-srdjk","reconcileID":"58eb0ba6-81fa-43b2-b60c-4e1f9bc1f36f","name":"pd-disaggregation-nvidia-gpu-vllm-decode-slow-fb857c8f5-srdjk"}
{"level":"info","ts":1785058625.3933506,"caller":"handlers/server.go:685","msg":"EPP sent response body back to proxy","x-request-id":"4a539739-ad83-406b-a738-f6c47f8feadc"}
{"level":"info","ts":1785058625.4210954,"caller":"handlers/server.go:685","msg":"EPP sent response body back to proxy","x-request-id":"58594007-acaf-4eb7-a426-3465467eb1e3"}
{"level":"info","ts":1785058629.025468,"caller":"handlers/server.go:685","msg":"EPP sent response body back to proxy","x-request-id":"85e954f7-7f7b-4b55-9bee-7d1165fb6a43"}
{"level":"info","ts":1785058629.0584571,"caller":"handlers/server.go:685","msg":"EPP sent response body back to proxy","x-request-id":"41f2023d-79f1-4a1f-9b9b-f5b7018fc82a"}
{"level":"info","ts":1785058629.058489,"caller":"handlers/server.go:685","msg":"EPP sent response body back to proxy","x-request-id":"555bcdd7-770f-4ee7-94a8-731670c40618"}
{"level":"info","ts":1785058629.8685007,"caller":"handlers/server.go:685","msg":"EPP sent response body back to proxy","x-request-id":"3206962d-a69f-45de-ae18-e6f0b323804d"}
{"level":"info","ts":1785058629.8793476,"caller":"handlers/server.go:685","msg":"EPP sent response body back to proxy","x-request-id":"77fdf128-f981-47bd-af40-e3010bcbc283"}
{"level":"info","ts":1785058630.5525558,"caller":"handlers/server.go:685","msg":"EPP sent response body back to proxy","x-request-id":"9f673634-6f41-4006-aed1-258a68c6573a"}
{"level":"info","ts":1785058631.120892,"caller":"handlers/server.go:685","msg":"EPP sent response body back to proxy","x-request-id":"40d750fa-304a-481b-81db-9ad90537adad"}
{"level":"info","ts":1785058631.4758239,"caller":"handlers/server.go:685","msg":"EPP sent response body back to proxy","x-request-id":"a8c21d34-faa6-4b5f-a574-c09f54ee1880"}
{"level":"info","ts":1785058631.5519195,"caller":"handlers/server.go:685","msg":"EPP sent response body back to proxy","x-request-id":"40972639-e1f7-4f1b-b6a3-20d251d49d13"}
{"level":"info","ts":1785058631.8138847,"caller":"handlers/server.go:685","msg":"EPP sent response body back to proxy","x-request-id":"a9d2743d-2ac4-42b6-8219-16b4f7bdbfb3"}
{"level":"info","ts":1785058631.8970203,"caller":"handlers/server.go:685","msg":"EPP sent response body back to proxy","x-request-id":"28da2950-6191-4cdf-a5ac-88cc52b9d6ac"}
{"level":"info","ts":1785058632.8479145,"caller":"handlers/server.go:685","msg":"EPP sent response body back to proxy","x-request-id":"cb35bf90-d750-44c0-b74d-750d0b63a0c9"}
{"level":"info","ts":1785058633.079448,"caller":"handlers/server.go:685","msg":"EPP sent response body back to proxy","x-request-id":"cbd97614-3de1-4082-9f0a-145429cbd0f3"}
{"level":"info","ts":1785058633.8800561,"caller":"handlers/server.go:685","msg":"EPP sent response body back to proxy","x-request-id":"0ba3d466-9a71-4704-98e3-a2896a816c5e"}
{"level":"info","ts":1785058637.178501,"caller":"handlers/server.go:685","msg":"EPP sent response body back to proxy","x-request-id":"a2e5ed38-6dea-4770-8fa8-5849dbff9203"}
{"level":"info","ts":1785058638.863186,"caller":"handlers/server.go:685","msg":"EPP sent response body back to proxy","x-request-id":"02270889-31f8-4bda-a2ab-38107e73847a"}
{"level":"info","ts":1785058638.8631792,"caller":"handlers/server.go:685","msg":"EPP sent response body back to proxy","x-request-id":"84ab1ab4-553d-4bac-a12d-95a4c2469769"}
{"level":"info","ts":1785058639.2867281,"caller":"handlers/server.go:685","msg":"EPP sent response body back to proxy","x-request-id":"b2cdcee6-896e-4bec-95ee-e6e47e1a18df"}
{"level":"info","ts":1785058640.5659018,"caller":"handlers/server.go:685","msg":"EPP sent response body back to proxy","x-request-id":"a57cb171-fae2-49a0-a400-093182636e3e"}
{"level":"info","ts":1785058640.815462,"caller":"handlers/server.go:685","msg":"EPP sent response body back to proxy","x-request-id":"ed619a1a-e6fc-4f93-906c-87337015146e"}
{"level":"info","ts":1785058641.1830075,"caller":"handlers/server.go:685","msg":"EPP sent response body back to proxy","x-request-id":"667abc0b-42dc-42d7-a23b-84532bb27038"}
{"level":"info","ts":1785058642.0167537,"caller":"handlers/server.go:685","msg":"EPP sent response body back to proxy","x-request-id":"0b2a5dc3-759c-4755-b032-0537c6852cb7"}
{"level":"info","ts":1785058643.4324994,"caller":"datastore/datastore.go:374","msg":"Pod already exists","controller":"pod","controllerGroup":"","controllerKind":"Pod","Pod":{"name":"pd-disaggregation-nvidia-gpu-vllm-prefill-85f6865487-txl66","namespace":"dpikus-pd-sglang-bench"},"namespace":"dpikus-pd-sglang-bench","name":"pd-disaggregation-nvidia-gpu-vllm-prefill-85f6865487-txl66","reconcileID":"0c35f202-b725-44c4-8799-a8a2db942534","name":"pd-disaggregation-nvidia-gpu-vllm-prefill-85f6865487-txl66"}
{"level":"info","ts":1785058661.8933718,"caller":"handlers/server.go:685","msg":"EPP sent response body back to proxy","x-request-id":"06a5a805-8995-4467-8bf8-d27fe2778c89"}
{"level":"info","ts":1785058663.649214,"caller":"handlers/server.go:685","msg":"EPP sent response body back to proxy","x-request-id":"3e40296a-b93e-4d1d-8b41-d103a476325b"}
{"level":"info","ts":1785058663.6492712,"caller":"handlers/server.go:685","msg":"EPP sent response body back to proxy","x-request-id":"3fe765fc-73a9-407f-bd7a-d1dc976301d0"}
{"level":"info","ts":1785058665.4955728,"caller":"handlers/server.go:685","msg":"EPP sent response body back to proxy","x-request-id":"f936d579-9987-414e-ab7b-ab8c4f3f34b2"}
{"level":"info","ts":1785058666.5427675,"caller":"datastore/datastore.go:374","msg":"Pod already exists","controller":"pod","controllerGroup":"","controllerKind":"Pod","Pod":{"name":"pd-disaggregation-nvidia-gpu-vllm-decode-85bf598f64-v5xlx","namespace":"dpikus-pd-sglang-bench"},"namespace":"dpikus-pd-sglang-bench","name":"pd-disaggregation-nvidia-gpu-vllm-decode-85bf598f64-v5xlx","reconcileID":"80a8ce84-2606-49b7-b919-6d60d06b84f6","name":"pd-disaggregation-nvidia-gpu-vllm-decode-85bf598f64-v5xlx"}
{"level":"info","ts":1785058666.643333,"caller":"datastore/datastore.go:374","msg":"Pod already exists","controller":"pod","controllerGroup":"","controllerKind":"Pod","Pod":{"name":"pd-disaggregation-nvidia-gpu-vllm-decode-85bf598f64-kqv2n","namespace":"dpikus-pd-sglang-bench"},"namespace":"dpikus-pd-sglang-bench","name":"pd-disaggregation-nvidia-gpu-vllm-decode-85bf598f64-kqv2n","reconcileID":"22ac15e2-1698-4e3c-971a-09f5b92a5a57","name":"pd-disaggregation-nvidia-gpu-vllm-decode-85bf598f64-kqv2n"}
{"level":"info","ts":1785058666.649523,"caller":"handlers/server.go:685","msg":"EPP sent response body back to proxy","x-request-id":"76874ba0-a0ad-43f6-840b-51df5a8f2f3b"}
{"level":"info","ts":1785058666.7986345,"caller":"handlers/server.go:685","msg":"EPP sent response body back to proxy","x-request-id":"c92fb86c-51c1-4e5f-8ab2-ad8bb0b00a3e"}
{"level":"info","ts":1785058667.1455696,"caller":"handlers/server.go:685","msg":"EPP sent response body back to proxy","x-request-id":"cffa7855-6210-469c-9a57-64132d994eee"}
{"level":"info","ts":1785058667.1652665,"caller":"handlers/server.go:685","msg":"EPP sent response body back to proxy","x-request-id":"a67e6420-5ea3-4854-b1c6-82a4bd4f2cfa"}
{"level":"info","ts":1785058681.5597482,"caller":"datastore/datastore.go:374","msg":"Pod already exists","controller":"pod","controllerGroup":"","controllerKind":"Pod","Pod":{"name":"pd-disaggregation-nvidia-gpu-vllm-decode-slow-fb857c8f5-srdjk","namespace":"dpikus-pd-sglang-bench"},"namespace":"dpikus-pd-sglang-bench","name":"pd-disaggregation-nvidia-gpu-vllm-decode-slow-fb857c8f5-srdjk","reconcileID":"50c315c3-1b19-446b-aaac-7f669be59e2c","name":"pd-disaggregation-nvidia-gpu-vllm-decode-slow-fb857c8f5-srdjk"}
{"level":"info","ts":1785058687.5970178,"caller":"handlers/server.go:685","msg":"EPP sent response body back to proxy","x-request-id":"9356d435-224e-48de-b02f-9aab631308b3"}
{"level":"info","ts":1785058689.441712,"caller":"handlers/server.go:685","msg":"EPP sent response body back to proxy","x-request-id":"6bdb0cd0-5bd6-46e0-872d-7cf1b150a39d"}
{"level":"info","ts":1785058689.441745,"caller":"handlers/server.go:685","msg":"EPP sent response body back to proxy","x-request-id":"82eb14f7-67d2-4142-b53b-99033776d76a"}
{"level":"info","ts":1785058691.1965458,"caller":"handlers/server.go:685","msg":"EPP sent response body back to proxy","x-request-id":"07284f89-96d3-4564-9811-30f6505ddbd3"}
{"level":"info","ts":1785058692.331482,"caller":"handlers/server.go:685","msg":"EPP sent response body back to proxy","x-request-id":"c7390570-9983-436f-a4c1-b56f01c0b41e"}
{"level":"info","ts":1785058692.6162767,"caller":"handlers/server.go:685","msg":"EPP sent response body back to proxy","x-request-id":"7c00c1c7-67e5-4821-816a-1c2cc78b74a7"}
{"level":"info","ts":1785058692.8848631,"caller":"handlers/server.go:685","msg":"EPP sent response body back to proxy","x-request-id":"382f3870-39c7-4c18-9927-0fc838784a93"}
{"level":"info","ts":1785058692.9546576,"caller":"handlers/server.go:685","msg":"EPP sent response body back to proxy","x-request-id":"f4b6eb1e-617b-4c8d-a378-ae802ed2a621"}
{"level":"info","ts":1785058712.6678092,"caller":"handlers/server.go:685","msg":"EPP sent response body back to proxy","x-request-id":"cee02cc2-ce4e-464a-b488-d417f071de1f"}
{"level":"info","ts":1785058714.2368696,"caller":"handlers/server.go:685","msg":"EPP sent response body back to proxy","x-request-id":"0a330af4-9105-4a48-9961-3e7ae5152b43"}
{"level":"info","ts":1785058714.2368736,"caller":"handlers/server.go:685","msg":"EPP sent response body back to proxy","x-request-id":"b0e8f6fa-b849-4a7e-9747-2a6e1f576de2"}
{"level":"info","ts":1785058717.4921923,"caller":"handlers/server.go:685","msg":"EPP sent response body back to proxy","x-request-id":"7f4747aa-e1bd-4e53-932e-4842bc455e45"}
{"level":"info","ts":1785058718.7351847,"caller":"handlers/server.go:685","msg":"EPP sent response body back to proxy","x-request-id":"ec14e756-ef68-4d9e-b694-d895dcfb59d0"}
{"level":"info","ts":1785058718.8102186,"caller":"handlers/server.go:685","msg":"EPP sent response body back to proxy","x-request-id":"fff0b552-d3cd-4b35-9d68-6ed2bba7043f"}
{"level":"info","ts":1785058718.9065633,"caller":"handlers/server.go:685","msg":"EPP sent response body back to proxy","x-request-id":"79c3e93f-68b0-48b6-bcd3-23c5dcf2884d"}
{"level":"info","ts":1785058719.2586076,"caller":"datastore/datastore.go:374","msg":"Pod already exists","controller":"pod","controllerGroup":"","controllerKind":"Pod","Pod":{"name":"pd-disaggregation-nvidia-gpu-vllm-decode-slow-fb857c8f5-dl4cg","namespace":"dpikus-pd-sglang-bench"},"namespace":"dpikus-pd-sglang-bench","name":"pd-disaggregation-nvidia-gpu-vllm-decode-slow-fb857c8f5-dl4cg","reconcileID":"dbbe46d1-9281-4b5a-aac4-0d194a63fdce","name":"pd-disaggregation-nvidia-gpu-vllm-decode-slow-fb857c8f5-dl4cg"}
{"level":"info","ts":1785058741.1950755,"caller":"handlers/server.go:685","msg":"EPP sent response body back to proxy","x-request-id":"ad3d2958-3dd1-40ca-b0be-4b40b27d4e86"}
{"level":"info","ts":1785058741.1993191,"caller":"handlers/server.go:395","msg":"EPP received request","x-request-id":"61da471b-a555-4044-99c8-937c34af62cf"}
{"level":"info","ts":1785058741.2005885,"caller":"handlers/server.go:685","msg":"EPP sent response body back to proxy","x-request-id":"61da471b-a555-4044-99c8-937c34af62cf"}
{"level":"info","ts":1785058741.4961174,"caller":"handlers/server.go:395","msg":"EPP received request","x-request-id":"e03d9738-aeb4-4b92-b95a-77f9e8cf9e49"}
{"level":"info","ts":1785058741.497378,"caller":"handlers/server.go:685","msg":"EPP sent response body back to proxy","x-request-id":"e03d9738-aeb4-4b92-b95a-77f9e8cf9e49"}
{"level":"info","ts":1785058743.5442624,"caller":"datastore/datastore.go:374","msg":"Pod already exists","controller":"pod","controllerGroup":"","controllerKind":"Pod","Pod":{"name":"pd-disaggregation-nvidia-gpu-vllm-decode-85bf598f64-v5xlx","namespace":"dpikus-pd-sglang-bench"},"namespace":"dpikus-pd-sglang-bench","name":"pd-disaggregation-nvidia-gpu-vllm-decode-85bf598f64-v5xlx","reconcileID":"a50ecb1c-d0a3-478e-9d07-24b2ea412da9","name":"pd-disaggregation-nvidia-gpu-vllm-decode-85bf598f64-v5xlx"}
{"level":"info","ts":1785058744.5613797,"caller":"datastore/datastore.go:374","msg":"Pod already exists","controller":"pod","controllerGroup":"","controllerKind":"Pod","Pod":{"name":"pd-disaggregation-nvidia-gpu-vllm-decode-slow-fb857c8f5-srdjk","namespace":"dpikus-pd-sglang-bench"},"namespace":"dpikus-pd-sglang-bench","name":"pd-disaggregation-nvidia-gpu-vllm-decode-slow-fb857c8f5-srdjk","reconcileID":"ceafb06c-99cb-49e5-86e4-a552ce863ee3","name":"pd-disaggregation-nvidia-gpu-vllm-decode-slow-fb857c8f5-srdjk"}
{"level":"info","ts":1785058745.0043514,"caller":"datastore/datastore.go:374","msg":"Pod already exists","controller":"pod","controllerGroup":"","controllerKind":"Pod","Pod":{"name":"pd-disaggregation-nvidia-gpu-vllm-prefill-85f6865487-752w9","namespace":"dpikus-pd-sglang-bench"},"namespace":"dpikus-pd-sglang-bench","name":"pd-disaggregation-nvidia-gpu-vllm-prefill-85f6865487-752w9","reconcileID":"6207170e-4c4f-4ce6-ba88-395a5fbe22bb","name":"pd-disaggregation-nvidia-gpu-vllm-prefill-85f6865487-752w9"}
{"level":"info","ts":1785058770.4341989,"caller":"datastore/datastore.go:374","msg":"Pod already exists","controller":"pod","controllerGroup":"","controllerKind":"Pod","Pod":{"name":"pd-disaggregation-nvidia-gpu-vllm-prefill-85f6865487-txl66","namespace":"dpikus-pd-sglang-bench"},"namespace":"dpikus-pd-sglang-bench","name":"pd-disaggregation-nvidia-gpu-vllm-prefill-85f6865487-txl66","reconcileID":"968af233-302b-4b34-acff-b8f4190ef693","name":"pd-disaggregation-nvidia-gpu-vllm-prefill-85f6865487-txl66"}
{"level":"info","ts":1785058807.2628133,"caller":"handlers/server.go:395","msg":"EPP received request","x-request-id":"58857382-31d0-4939-89aa-03dbc3581469"}
{"level":"info","ts":1785058807.2647014,"caller":"handlers/server.go:685","msg":"EPP sent response body back to proxy","x-request-id":"58857382-31d0-4939-89aa-03dbc3581469"}
{"level":"info","ts":1785058813.0031202,"caller":"datastore/datastore.go:374","msg":"Pod already exists","controller":"pod","controllerGroup":"","controllerKind":"Pod","Pod":{"name":"pd-disaggregation-nvidia-gpu-vllm-prefill-85f6865487-752w9","namespace":"dpikus-pd-sglang-bench"},"namespace":"dpikus-pd-sglang-bench","name":"pd-disaggregation-nvidia-gpu-vllm-prefill-85f6865487-752w9","reconcileID":"6d3554bd-180b-4828-bab3-6809b77c27f7","name":"pd-disaggregation-nvidia-gpu-vllm-prefill-85f6865487-752w9"}
{"level":"info","ts":1785058813.560298,"caller":"datastore/datastore.go:374","msg":"Pod already exists","controller":"pod","controllerGroup":"","controllerKind":"Pod","Pod":{"name":"pd-disaggregation-nvidia-gpu-vllm-decode-slow-fb857c8f5-srdjk","namespace":"dpikus-pd-sglang-bench"},"namespace":"dpikus-pd-sglang-bench","name":"pd-disaggregation-nvidia-gpu-vllm-decode-slow-fb857c8f5-srdjk","reconcileID":"ac2a2375-61f0-4d44-bcfe-878a7cc367f8","name":"pd-disaggregation-nvidia-gpu-vllm-decode-slow-fb857c8f5-srdjk"}
{"level":"info","ts":1785058850.7668915,"caller":"datastore/datastore.go:374","msg":"Pod already exists","controller":"pod","controllerGroup":"","controllerKind":"Pod","Pod":{"name":"pd-disaggregation-nvidia-gpu-vllm-prefill-85f6865487-lmc6w","namespace":"dpikus-pd-sglang-bench"},"namespace":"dpikus-pd-sglang-bench","name":"pd-disaggregation-nvidia-gpu-vllm-prefill-85f6865487-lmc6w","reconcileID":"c6d63bef-7e7c-4de7-a607-79e07faa7f63","name":"pd-disaggregation-nvidia-gpu-vllm-prefill-85f6865487-lmc6w"}
{"level":"info","ts":1785058852.4325795,"caller":"datastore/datastore.go:374","msg":"Pod already exists","controller":"pod","controllerGroup":"","controllerKind":"Pod","Pod":{"name":"pd-disaggregation-nvidia-gpu-vllm-prefill-85f6865487-txl66","namespace":"dpikus-pd-sglang-bench"},"namespace":"dpikus-pd-sglang-bench","name":"pd-disaggregation-nvidia-gpu-vllm-prefill-85f6865487-txl66","reconcileID":"93adf329-58cd-43af-8843-3fb6be78d642","name":"pd-disaggregation-nvidia-gpu-vllm-prefill-85f6865487-txl66"}
{"level":"info","ts":1785058859.2590559,"caller":"datastore/datastore.go:374","msg":"Pod already exists","controller":"pod","controllerGroup":"","controllerKind":"Pod","Pod":{"name":"pd-disaggregation-nvidia-gpu-vllm-decode-slow-fb857c8f5-dl4cg","namespace":"dpikus-pd-sglang-bench"},"namespace":"dpikus-pd-sglang-bench","name":"pd-disaggregation-nvidia-gpu-vllm-decode-slow-fb857c8f5-dl4cg","reconcileID":"39eadd75-d4b7-4214-a7cc-8a2856f08e79","name":"pd-disaggregation-nvidia-gpu-vllm-decode-slow-fb857c8f5-dl4cg"}
{"level":"info","ts":1785058876.5608761,"caller":"datastore/datastore.go:374","msg":"Pod already exists","controller":"pod","controllerGroup":"","controllerKind":"Pod","Pod":{"name":"pd-disaggregation-nvidia-gpu-vllm-decode-slow-fb857c8f5-srdjk","namespace":"dpikus-pd-sglang-bench"},"namespace":"dpikus-pd-sglang-bench","name":"pd-disaggregation-nvidia-gpu-vllm-decode-slow-fb857c8f5-srdjk","reconcileID":"52340feb-0c34-4603-b99e-f738291b5119","name":"pd-disaggregation-nvidia-gpu-vllm-decode-slow-fb857c8f5-srdjk"}
{"level":"info","ts":1785058917.7663991,"caller":"datastore/datastore.go:374","msg":"Pod already exists","controller":"pod","controllerGroup":"","controllerKind":"Pod","Pod":{"name":"pd-disaggregation-nvidia-gpu-vllm-prefill-85f6865487-lmc6w","namespace":"dpikus-pd-sglang-bench"},"namespace":"dpikus-pd-sglang-bench","name":"pd-disaggregation-nvidia-gpu-vllm-prefill-85f6865487-lmc6w","reconcileID":"62e0737f-ceae-4069-8ae4-6111da3d881d","name":"pd-disaggregation-nvidia-gpu-vllm-prefill-85f6865487-lmc6w"}
{"level":"info","ts":1785058922.4332645,"caller":"datastore/datastore.go:374","msg":"Pod already exists","controller":"pod","controllerGroup":"","controllerKind":"Pod","Pod":{"name":"pd-disaggregation-nvidia-gpu-vllm-prefill-85f6865487-txl66","namespace":"dpikus-pd-sglang-bench"},"namespace":"dpikus-pd-sglang-bench","name":"pd-disaggregation-nvidia-gpu-vllm-prefill-85f6865487-txl66","reconcileID":"28fcf761-47d2-4c7a-a9d3-5542d80f25d8","name":"pd-disaggregation-nvidia-gpu-vllm-prefill-85f6865487-txl66"}
{"level":"info","ts":1785058930.4814534,"caller":"handlers/server.go:395","msg":"EPP received request","x-request-id":"3ed0ba90-262b-47ca-8e97-81a33e4c5e57"}
{"level":"info","ts":1785058930.6285636,"caller":"handlers/server.go:656","msg":"EPP sent request body response(s) to proxy","x-request-id":"3ed0ba90-262b-47ca-8e97-81a33e4c5e57","modelName":"Qwen/Qwen3-VL-32B-Instruct","targetModelName":"Qwen/Qwen3-VL-32B-Instruct"}
{"level":"info","ts":1785058933.2630022,"caller":"handlers/server.go:685","msg":"EPP sent response body back to proxy","x-request-id":"3ed0ba90-262b-47ca-8e97-81a33e4c5e57"}
{"level":"info","ts":1785058934.2585979,"caller":"datastore/datastore.go:374","msg":"Pod already exists","controller":"pod","controllerGroup":"","controllerKind":"Pod","Pod":{"name":"pd-disaggregation-nvidia-gpu-vllm-decode-slow-fb857c8f5-dl4cg","namespace":"dpikus-pd-sglang-bench"},"namespace":"dpikus-pd-sglang-bench","name":"pd-disaggregation-nvidia-gpu-vllm-decode-slow-fb857c8f5-dl4cg","reconcileID":"1fdcd132-0414-4ffd-8e16-875ef00ba559","name":"pd-disaggregation-nvidia-gpu-vllm-decode-slow-fb857c8f5-dl4cg"}
{"level":"info","ts":1785058934.3120694,"caller":"handlers/server.go:395","msg":"EPP received request","x-request-id":"142ab7b3-2360-4fe3-9686-a61c13b62565"}
{"level":"info","ts":1785058934.3251433,"caller":"handlers/server.go:395","msg":"EPP received request","x-request-id":"a33fee73-955f-451b-add1-8726970fb7c7"}
{"level":"info","ts":1785058934.334166,"caller":"handlers/server.go:395","msg":"EPP received request","x-request-id":"5efd0ab1-32f5-45f1-966a-d17e76282ad7"}
{"level":"info","ts":1785058934.343018,"caller":"handlers/server.go:395","msg":"EPP received request","x-request-id":"dfaa3ab7-e31f-4be6-8d4c-9f0a9fdf4a8e"}
{"level":"info","ts":1785058934.3520844,"caller":"handlers/server.go:395","msg":"EPP received request","x-request-id":"bb618e88-38ae-406a-acbc-60cb27c65c73"}
{"level":"info","ts":1785058934.355033,"caller":"handlers/server.go:395","msg":"EPP received request","x-request-id":"c7681a1a-37d3-4951-9945-3eee47c64752"}
{"level":"info","ts":1785058934.3792017,"caller":"handlers/server.go:395","msg":"EPP received request","x-request-id":"55f45465-9019-4c33-b093-74a812de3056"}
{"level":"info","ts":1785058934.388896,"caller":"handlers/server.go:395","msg":"EPP received request","x-request-id":"83f206e0-ff8a-46cb-8c4c-0fd481e66260"}
{"level":"info","ts":1785058934.4010816,"caller":"handlers/server.go:395","msg":"EPP received request","x-request-id":"bf393789-b89c-4d97-ae5f-41cf89d4f93f"}
{"level":"info","ts":1785058934.4182208,"caller":"handlers/server.go:395","msg":"EPP received request","x-request-id":"95371e4d-5ece-4f8d-af36-e0f5de603457"}
{"level":"info","ts":1785058934.427038,"caller":"handlers/server.go:395","msg":"EPP received request","x-request-id":"a856c547-1d2e-49f1-a3d7-fdb88f019433"}
{"level":"info","ts":1785058934.4298806,"caller":"handlers/server.go:395","msg":"EPP received request","x-request-id":"275b1118-aa5b-43c7-9c9c-d24ec2dc9861"}
{"level":"info","ts":1785058934.4472756,"caller":"handlers/server.go:395","msg":"EPP received request","x-request-id":"77d1c322-ae6d-4ad2-aa20-8772115275ff"}
{"level":"info","ts":1785058934.4486194,"caller":"handlers/server.go:395","msg":"EPP received request","x-request-id":"7c416b62-1869-4037-8b28-697186349c64"}
{"level":"info","ts":1785058934.4556074,"caller":"handlers/server.go:656","msg":"EPP sent request body response(s) to proxy","x-request-id":"c7681a1a-37d3-4951-9945-3eee47c64752","modelName":"Qwen/Qwen3-VL-32B-Instruct","targetModelName":"Qwen/Qwen3-VL-32B-Instruct"}
{"level":"info","ts":1785058934.4649858,"caller":"handlers/server.go:395","msg":"EPP received request","x-request-id":"2dab0c23-959c-42c6-aa7f-2cfaf2aa1fef"}
{"level":"info","ts":1785058934.4757793,"caller":"handlers/server.go:656","msg":"EPP sent request body response(s) to proxy","x-request-id":"5efd0ab1-32f5-45f1-966a-d17e76282ad7","modelName":"Qwen/Qwen3-VL-32B-Instruct","targetModelName":"Qwen/Qwen3-VL-32B-Instruct"}
{"level":"info","ts":1785058934.4801807,"caller":"handlers/server.go:395","msg":"EPP received request","x-request-id":"ebead86e-d0f7-4bc3-a88d-e9a296bcf830"}
{"level":"info","ts":1785058934.485706,"caller":"handlers/server.go:395","msg":"EPP received request","x-request-id":"886a1a7b-66dc-4ff6-8b94-3a7f7b8f33c7"}
{"level":"info","ts":1785058934.4868093,"caller":"handlers/server.go:656","msg":"EPP sent request body response(s) to proxy","x-request-id":"142ab7b3-2360-4fe3-9686-a61c13b62565","modelName":"Qwen/Qwen3-VL-32B-Instruct","targetModelName":"Qwen/Qwen3-VL-32B-Instruct"}
{"level":"info","ts":1785058934.5070243,"caller":"handlers/server.go:395","msg":"EPP received request","x-request-id":"ceb0b90d-1d6e-419a-a099-ca3b0c4434c9"}
{"level":"info","ts":1785058934.5078914,"caller":"handlers/server.go:395","msg":"EPP received request","x-request-id":"7ab4fe20-def8-44de-b718-6cd7c0423664"}
{"level":"info","ts":1785058934.5201178,"caller":"handlers/server.go:656","msg":"EPP sent request body response(s) to proxy","x-request-id":"55f45465-9019-4c33-b093-74a812de3056","modelName":"Qwen/Qwen3-VL-32B-Instruct","targetModelName":"Qwen/Qwen3-VL-32B-Instruct"}
{"level":"info","ts":1785058934.526916,"caller":"handlers/server.go:395","msg":"EPP received request","x-request-id":"49128dc0-0175-4b5d-93b8-3debb266cb1c"}
{"level":"info","ts":1785058934.5407736,"caller":"handlers/server.go:395","msg":"EPP received request","x-request-id":"ef874cde-96fe-414c-b896-99e0019b4e9d"}
{"level":"info","ts":1785058934.5408423,"caller":"handlers/server.go:656","msg":"EPP sent request body response(s) to proxy","x-request-id":"83f206e0-ff8a-46cb-8c4c-0fd481e66260","modelName":"Qwen/Qwen3-VL-32B-Instruct","targetModelName":"Qwen/Qwen3-VL-32B-Instruct"}
{"level":"info","ts":1785058934.542307,"caller":"handlers/server.go:656","msg":"EPP sent request body response(s) to proxy","x-request-id":"bf393789-b89c-4d97-ae5f-41cf89d4f93f","modelName":"Qwen/Qwen3-VL-32B-Instruct","targetModelName":"Qwen/Qwen3-VL-32B-Instruct"}
{"level":"info","ts":1785058934.5460603,"caller":"handlers/server.go:656","msg":"EPP sent request body response(s) to proxy","x-request-id":"a33fee73-955f-451b-add1-8726970fb7c7","modelName":"Qwen/Qwen3-VL-32B-Instruct","targetModelName":"Qwen/Qwen3-VL-32B-Instruct"}
{"level":"info","ts":1785058934.5471425,"caller":"handlers/server.go:395","msg":"EPP received request","x-request-id":"5dccafd2-b811-48ee-a0e8-691f048ecfaf"}
{"level":"info","ts":1785058934.559107,"caller":"handlers/server.go:395","msg":"EPP received request","x-request-id":"601f9433-23ae-4c75-8b2c-671d739adcc1"}
{"level":"info","ts":1785058934.5591552,"caller":"handlers/server.go:395","msg":"EPP received request","x-request-id":"1483f12c-6454-42aa-8972-d05343824357"}
{"level":"info","ts":1785058934.5683048,"caller":"handlers/server.go:656","msg":"EPP sent request body response(s) to proxy","x-request-id":"dfaa3ab7-e31f-4be6-8d4c-9f0a9fdf4a8e","modelName":"Qwen/Qwen3-VL-32B-Instruct","targetModelName":"Qwen/Qwen3-VL-32B-Instruct"}
{"level":"info","ts":1785058934.5686786,"caller":"handlers/server.go:656","msg":"EPP sent request body response(s) to proxy","x-request-id":"7ab4fe20-def8-44de-b718-6cd7c0423664","modelName":"Qwen/Qwen3-VL-32B-Instruct","targetModelName":"Qwen/Qwen3-VL-32B-Instruct"}
{"level":"info","ts":1785058934.5689874,"caller":"handlers/server.go:656","msg":"EPP sent request body response(s) to proxy","x-request-id":"7c416b62-1869-4037-8b28-697186349c64","modelName":"Qwen/Qwen3-VL-32B-Instruct","targetModelName":"Qwen/Qwen3-VL-32B-Instruct"}
{"level":"info","ts":1785058934.5774848,"caller":"handlers/server.go:656","msg":"EPP sent request body response(s) to proxy","x-request-id":"275b1118-aa5b-43c7-9c9c-d24ec2dc9861","modelName":"Qwen/Qwen3-VL-32B-Instruct","targetModelName":"Qwen/Qwen3-VL-32B-Instruct"}
{"level":"info","ts":1785058934.5790973,"caller":"handlers/server.go:395","msg":"EPP received request","x-request-id":"b1e76a29-c249-45af-8356-85143a243cc0"}
{"level":"info","ts":1785058934.5804389,"caller":"handlers/server.go:656","msg":"EPP sent request body response(s) to proxy","x-request-id":"bb618e88-38ae-406a-acbc-60cb27c65c73","modelName":"Qwen/Qwen3-VL-32B-Instruct","targetModelName":"Qwen/Qwen3-VL-32B-Instruct"}
{"level":"info","ts":1785058934.581326,"caller":"handlers/server.go:395","msg":"EPP received request","x-request-id":"881901cd-8be4-480f-ab2b-ac2cd948d703"}
{"level":"info","ts":1785058934.5997686,"caller":"handlers/server.go:656","msg":"EPP sent request body response(s) to proxy","x-request-id":"ebead86e-d0f7-4bc3-a88d-e9a296bcf830","modelName":"Qwen/Qwen3-VL-32B-Instruct","targetModelName":"Qwen/Qwen3-VL-32B-Instruct"}
{"level":"info","ts":1785058934.6041431,"caller":"handlers/server.go:395","msg":"EPP received request","x-request-id":"852d89dc-27f1-4790-824a-d3d4207df1ad"}
{"level":"info","ts":1785058934.6155493,"caller":"handlers/server.go:395","msg":"EPP received request","x-request-id":"61780ee3-7b39-4a2e-a4a6-3bfecec30b6c"}
{"level":"info","ts":1785058934.61584,"caller":"handlers/server.go:656","msg":"EPP sent request body response(s) to proxy","x-request-id":"601f9433-23ae-4c75-8b2c-671d739adcc1","modelName":"Qwen/Qwen3-VL-32B-Instruct","targetModelName":"Qwen/Qwen3-VL-32B-Instruct"}
{"level":"info","ts":1785058934.6159394,"caller":"handlers/server.go:395","msg":"EPP received request","x-request-id":"343f2e78-e61d-4b82-a405-d56333dd77ae"}
{"level":"info","ts":1785058934.6187706,"caller":"handlers/server.go:656","msg":"EPP sent request body response(s) to proxy","x-request-id":"a856c547-1d2e-49f1-a3d7-fdb88f019433","modelName":"Qwen/Qwen3-VL-32B-Instruct","targetModelName":"Qwen/Qwen3-VL-32B-Instruct"}
{"level":"info","ts":1785058934.6339676,"caller":"handlers/server.go:395","msg":"EPP received request","x-request-id":"50b9c1aa-02b7-4f1f-be11-eb4134594d56"}
{"level":"info","ts":1785058934.6351182,"caller":"handlers/server.go:656","msg":"EPP sent request body response(s) to proxy","x-request-id":"881901cd-8be4-480f-ab2b-ac2cd948d703","modelName":"Qwen/Qwen3-VL-32B-Instruct","targetModelName":"Qwen/Qwen3-VL-32B-Instruct"}
{"level":"info","ts":1785058934.642264,"caller":"handlers/server.go:656","msg":"EPP sent request body response(s) to proxy","x-request-id":"ef874cde-96fe-414c-b896-99e0019b4e9d","modelName":"Qwen/Qwen3-VL-32B-Instruct","targetModelName":"Qwen/Qwen3-VL-32B-Instruct"}
{"level":"info","ts":1785058934.6433482,"caller":"handlers/server.go:656","msg":"EPP sent request body response(s) to proxy","x-request-id":"2dab0c23-959c-42c6-aa7f-2cfaf2aa1fef","modelName":"Qwen/Qwen3-VL-32B-Instruct","targetModelName":"Qwen/Qwen3-VL-32B-Instruct"}
{"level":"info","ts":1785058934.6441202,"caller":"handlers/server.go:656","msg":"EPP sent request body response(s) to proxy","x-request-id":"95371e4d-5ece-4f8d-af36-e0f5de603457","modelName":"Qwen/Qwen3-VL-32B-Instruct","targetModelName":"Qwen/Qwen3-VL-32B-Instruct"}
{"level":"info","ts":1785058934.6487637,"caller":"handlers/server.go:395","msg":"EPP received request","x-request-id":"f6ece1e3-9486-41fc-98cf-a4dc9b88cc73"}
{"level":"info","ts":1785058934.6589541,"caller":"handlers/server.go:656","msg":"EPP sent request body response(s) to proxy","x-request-id":"886a1a7b-66dc-4ff6-8b94-3a7f7b8f33c7","modelName":"Qwen/Qwen3-VL-32B-Instruct","targetModelName":"Qwen/Qwen3-VL-32B-Instruct"}
{"level":"info","ts":1785058934.6627436,"caller":"handlers/server.go:395","msg":"EPP received request","x-request-id":"7e7666b9-0283-4fcd-a48f-9bfa6e46a90e"}
{"level":"info","ts":1785058934.6808891,"caller":"handlers/server.go:395","msg":"EPP received request","x-request-id":"638b8f67-ef8d-4a26-a74b-67f1bf4331e0"}
{"level":"info","ts":1785058934.6831493,"caller":"handlers/server.go:395","msg":"EPP received request","x-request-id":"dbbaf1b0-ee95-47d3-b388-11253a96c7d3"}
{"level":"info","ts":1785058934.6975224,"caller":"handlers/server.go:656","msg":"EPP sent request body response(s) to proxy","x-request-id":"49128dc0-0175-4b5d-93b8-3debb266cb1c","modelName":"Qwen/Qwen3-VL-32B-Instruct","targetModelName":"Qwen/Qwen3-VL-32B-Instruct"}
{"level":"info","ts":1785058934.7045732,"caller":"handlers/server.go:656","msg":"EPP sent request body response(s) to proxy","x-request-id":"61780ee3-7b39-4a2e-a4a6-3bfecec30b6c","modelName":"Qwen/Qwen3-VL-32B-Instruct","targetModelName":"Qwen/Qwen3-VL-32B-Instruct"}
{"level":"info","ts":1785058934.7104788,"caller":"handlers/server.go:395","msg":"EPP received request","x-request-id":"159c0710-8cdd-417c-bb37-f43a9ed88e31"}
{"level":"info","ts":1785058934.7118766,"caller":"handlers/server.go:656","msg":"EPP sent request body response(s) to proxy","x-request-id":"77d1c322-ae6d-4ad2-aa20-8772115275ff","modelName":"Qwen/Qwen3-VL-32B-Instruct","targetModelName":"Qwen/Qwen3-VL-32B-Instruct"}
{"level":"info","ts":1785058934.7120895,"caller":"handlers/server.go:395","msg":"EPP received request","x-request-id":"0629c2ee-8a5c-41ab-b921-cf790a9fefd1"}
{"level":"info","ts":1785058934.7151794,"caller":"handlers/server.go:395","msg":"EPP received request","x-request-id":"b60d8585-63a7-4d1b-859f-9c38b422dde6"}
{"level":"info","ts":1785058934.7244587,"caller":"handlers/server.go:395","msg":"EPP received request","x-request-id":"b5207bae-85a5-4cb0-9a24-e983a217b16e"}
{"level":"info","ts":1785058934.7322674,"caller":"handlers/server.go:656","msg":"EPP sent request body response(s) to proxy","x-request-id":"b1e76a29-c249-45af-8356-85143a243cc0","modelName":"Qwen/Qwen3-VL-32B-Instruct","targetModelName":"Qwen/Qwen3-VL-32B-Instruct"}
{"level":"info","ts":1785058934.736474,"caller":"handlers/server.go:656","msg":"EPP sent request body response(s) to proxy","x-request-id":"dbbaf1b0-ee95-47d3-b388-11253a96c7d3","modelName":"Qwen/Qwen3-VL-32B-Instruct","targetModelName":"Qwen/Qwen3-VL-32B-Instruct"}
{"level":"info","ts":1785058934.737576,"caller":"handlers/server.go:656","msg":"EPP sent request body response(s) to proxy","x-request-id":"ceb0b90d-1d6e-419a-a099-ca3b0c4434c9","modelName":"Qwen/Qwen3-VL-32B-Instruct","targetModelName":"Qwen/Qwen3-VL-32B-Instruct"}
{"level":"info","ts":1785058934.7379448,"caller":"handlers/server.go:395","msg":"EPP received request","x-request-id":"d967a695-dffd-476e-a084-0422b32c77ce"}
{"level":"info","ts":1785058934.7424173,"caller":"handlers/server.go:395","msg":"EPP received request","x-request-id":"74edfb3f-1dc8-4401-873c-319227528dfc"}
{"level":"info","ts":1785058934.7450764,"caller":"handlers/server.go:656","msg":"EPP sent request body response(s) to proxy","x-request-id":"852d89dc-27f1-4790-824a-d3d4207df1ad","modelName":"Qwen/Qwen3-VL-32B-Instruct","targetModelName":"Qwen/Qwen3-VL-32B-Instruct"}
{"level":"info","ts":1785058934.750751,"caller":"handlers/server.go:656","msg":"EPP sent request body response(s) to proxy","x-request-id":"1483f12c-6454-42aa-8972-d05343824357","modelName":"Qwen/Qwen3-VL-32B-Instruct","targetModelName":"Qwen/Qwen3-VL-32B-Instruct"}
{"level":"info","ts":1785058934.754399,"caller":"handlers/server.go:395","msg":"EPP received request","x-request-id":"a51a8331-b099-4b7c-9982-f987d8c4e531"}
{"level":"info","ts":1785058934.7611613,"caller":"handlers/server.go:395","msg":"EPP received request","x-request-id":"68365c84-e74a-4a77-b0e2-144e0ac4dd8a"}
{"level":"info","ts":1785058934.7692695,"caller":"handlers/server.go:395","msg":"EPP received request","x-request-id":"629023f8-13dd-4dcc-95c9-9183022337b3"}
{"level":"info","ts":1785058934.7702217,"caller":"handlers/server.go:656","msg":"EPP sent request body response(s) to proxy","x-request-id":"f6ece1e3-9486-41fc-98cf-a4dc9b88cc73","modelName":"Qwen/Qwen3-VL-32B-Instruct","targetModelName":"Qwen/Qwen3-VL-32B-Instruct"}
{"level":"info","ts":1785058934.773511,"caller":"handlers/server.go:395","msg":"EPP received request","x-request-id":"5a1eeb19-4154-46aa-a67d-f9bceeecef64"}
{"level":"info","ts":1785058934.777765,"caller":"handlers/server.go:656","msg":"EPP sent request body response(s) to proxy","x-request-id":"5dccafd2-b811-48ee-a0e8-691f048ecfaf","modelName":"Qwen/Qwen3-VL-32B-Instruct","targetModelName":"Qwen/Qwen3-VL-32B-Instruct"}
{"level":"info","ts":1785058934.778544,"caller":"handlers/server.go:656","msg":"EPP sent request body response(s) to proxy","x-request-id":"d967a695-dffd-476e-a084-0422b32c77ce","modelName":"Qwen/Qwen3-VL-32B-Instruct","targetModelName":"Qwen/Qwen3-VL-32B-Instruct"}
{"level":"info","ts":1785058934.7812085,"caller":"handlers/server.go:395","msg":"EPP received request","x-request-id":"09d52938-1fc0-4aaf-81b7-eb82738fa474"}
{"level":"info","ts":1785058934.8046134,"caller":"handlers/server.go:395","msg":"EPP received request","x-request-id":"9e8d0c64-9462-444a-9f22-b813bf5bef6a"}
{"level":"info","ts":1785058934.805522,"caller":"handlers/server.go:395","msg":"EPP received request","x-request-id":"791c4a05-c051-4c8a-83f6-3738d944f048"}
{"level":"info","ts":1785058934.8064222,"caller":"handlers/server.go:656","msg":"EPP sent request body response(s) to proxy","x-request-id":"343f2e78-e61d-4b82-a405-d56333dd77ae","modelName":"Qwen/Qwen3-VL-32B-Instruct","targetModelName":"Qwen/Qwen3-VL-32B-Instruct"}
{"level":"info","ts":1785058934.8107517,"caller":"handlers/server.go:656","msg":"EPP sent request body response(s) to proxy","x-request-id":"68365c84-e74a-4a77-b0e2-144e0ac4dd8a","modelName":"Qwen/Qwen3-VL-32B-Instruct","targetModelName":"Qwen/Qwen3-VL-32B-Instruct"}
{"level":"info","ts":1785058934.827195,"caller":"handlers/server.go:656","msg":"EPP sent request body response(s) to proxy","x-request-id":"50b9c1aa-02b7-4f1f-be11-eb4134594d56","modelName":"Qwen/Qwen3-VL-32B-Instruct","targetModelName":"Qwen/Qwen3-VL-32B-Instruct"}
{"level":"info","ts":1785058934.8334959,"caller":"handlers/server.go:395","msg":"EPP received request","x-request-id":"f184ca7c-770c-4fbd-90dd-41224855bd81"}
{"level":"info","ts":1785058934.8466964,"caller":"handlers/server.go:395","msg":"EPP received request","x-request-id":"be6ae669-1a72-4d2b-9b92-f9a95e7a8d1f"}
{"level":"info","ts":1785058934.8476672,"caller":"handlers/server.go:656","msg":"EPP sent request body response(s) to proxy","x-request-id":"74edfb3f-1dc8-4401-873c-319227528dfc","modelName":"Qwen/Qwen3-VL-32B-Instruct","targetModelName":"Qwen/Qwen3-VL-32B-Instruct"}
{"level":"info","ts":1785058934.8496566,"caller":"handlers/server.go:656","msg":"EPP sent request body response(s) to proxy","x-request-id":"7e7666b9-0283-4fcd-a48f-9bfa6e46a90e","modelName":"Qwen/Qwen3-VL-32B-Instruct","targetModelName":"Qwen/Qwen3-VL-32B-Instruct"}
{"level":"info","ts":1785058934.8571732,"caller":"handlers/server.go:656","msg":"EPP sent request body response(s) to proxy","x-request-id":"159c0710-8cdd-417c-bb37-f43a9ed88e31","modelName":"Qwen/Qwen3-VL-32B-Instruct","targetModelName":"Qwen/Qwen3-VL-32B-Instruct"}
{"level":"info","ts":1785058934.8576772,"caller":"handlers/server.go:656","msg":"EPP sent request body response(s) to proxy","x-request-id":"9e8d0c64-9462-444a-9f22-b813bf5bef6a","modelName":"Qwen/Qwen3-VL-32B-Instruct","targetModelName":"Qwen/Qwen3-VL-32B-Instruct"}
{"level":"info","ts":1785058934.8622558,"caller":"handlers/server.go:656","msg":"EPP sent request body response(s) to proxy","x-request-id":"b60d8585-63a7-4d1b-859f-9c38b422dde6","modelName":"Qwen/Qwen3-VL-32B-Instruct","targetModelName":"Qwen/Qwen3-VL-32B-Instruct"}
{"level":"info","ts":1785058934.8623645,"caller":"handlers/server.go:395","msg":"EPP received request","x-request-id":"8c069a16-e181-490f-aa93-a8e7232a4746"}
{"level":"info","ts":1785058934.8645742,"caller":"handlers/server.go:656","msg":"EPP sent request body response(s) to proxy","x-request-id":"5a1eeb19-4154-46aa-a67d-f9bceeecef64","modelName":"Qwen/Qwen3-VL-32B-Instruct","targetModelName":"Qwen/Qwen3-VL-32B-Instruct"}
{"level":"info","ts":1785058934.8703406,"caller":"handlers/server.go:656","msg":"EPP sent request body response(s) to proxy","x-request-id":"638b8f67-ef8d-4a26-a74b-67f1bf4331e0","modelName":"Qwen/Qwen3-VL-32B-Instruct","targetModelName":"Qwen/Qwen3-VL-32B-Instruct"}
{"level":"info","ts":1785058934.8804765,"caller":"handlers/server.go:395","msg":"EPP received request","x-request-id":"87933985-6c69-4059-a307-6ba2574571ab"}
{"level":"info","ts":1785058934.8901591,"caller":"handlers/server.go:395","msg":"EPP received request","x-request-id":"621e482c-0bd1-4eaf-b900-2ca66bea7302"}
{"level":"info","ts":1785058934.8924382,"caller":"handlers/server.go:395","msg":"EPP received request","x-request-id":"da5f5ee7-8681-4933-8902-ecda7dbf4590"}
{"level":"info","ts":1785058934.8927898,"caller":"handlers/server.go:656","msg":"EPP sent request body response(s) to proxy","x-request-id":"09d52938-1fc0-4aaf-81b7-eb82738fa474","modelName":"Qwen/Qwen3-VL-32B-Instruct","targetModelName":"Qwen/Qwen3-VL-32B-Instruct"}
{"level":"info","ts":1785058934.8989065,"caller":"handlers/server.go:395","msg":"EPP received request","x-request-id":"2c698717-73db-463c-b21a-ce0cfe1220c3"}
{"level":"info","ts":1785058934.908297,"caller":"handlers/server.go:656","msg":"EPP sent request body response(s) to proxy","x-request-id":"791c4a05-c051-4c8a-83f6-3738d944f048","modelName":"Qwen/Qwen3-VL-32B-Instruct","targetModelName":"Qwen/Qwen3-VL-32B-Instruct"}
{"level":"info","ts":1785058934.9127028,"caller":"handlers/server.go:656","msg":"EPP sent request body response(s) to proxy","x-request-id":"0629c2ee-8a5c-41ab-b921-cf790a9fefd1","modelName":"Qwen/Qwen3-VL-32B-Instruct","targetModelName":"Qwen/Qwen3-VL-32B-Instruct"}
{"level":"info","ts":1785058934.9199252,"caller":"handlers/server.go:395","msg":"EPP received request","x-request-id":"2acffcbc-a570-44e5-8e4a-3420b2b6cbdd"}
{"level":"info","ts":1785058934.924498,"caller":"handlers/server.go:656","msg":"EPP sent request body response(s) to proxy","x-request-id":"a51a8331-b099-4b7c-9982-f987d8c4e531","modelName":"Qwen/Qwen3-VL-32B-Instruct","targetModelName":"Qwen/Qwen3-VL-32B-Instruct"}
{"level":"info","ts":1785058934.9301274,"caller":"handlers/server.go:656","msg":"EPP sent request body response(s) to proxy","x-request-id":"629023f8-13dd-4dcc-95c9-9183022337b3","modelName":"Qwen/Qwen3-VL-32B-Instruct","targetModelName":"Qwen/Qwen3-VL-32B-Instruct"}
{"level":"info","ts":1785058934.9320338,"caller":"handlers/server.go:656","msg":"EPP sent request body response(s) to proxy","x-request-id":"b5207bae-85a5-4cb0-9a24-e983a217b16e","modelName":"Qwen/Qwen3-VL-32B-Instruct","targetModelName":"Qwen/Qwen3-VL-32B-Instruct"}
{"level":"info","ts":1785058934.9326172,"caller":"handlers/server.go:395","msg":"EPP received request","x-request-id":"d0003f96-e95a-4103-9074-7d494cfef7a5"}
{"level":"info","ts":1785058934.9399776,"caller":"handlers/server.go:395","msg":"EPP received request","x-request-id":"c72541db-fcca-4c22-8cd7-d63b8e096645"}
{"level":"info","ts":1785058934.9458776,"caller":"handlers/server.go:395","msg":"EPP received request","x-request-id":"0af5c24c-5a10-48e9-8565-82d025bc5f02"}
{"level":"info","ts":1785058934.9536881,"caller":"handlers/server.go:656","msg":"EPP sent request body response(s) to proxy","x-request-id":"be6ae669-1a72-4d2b-9b92-f9a95e7a8d1f","modelName":"Qwen/Qwen3-VL-32B-Instruct","targetModelName":"Qwen/Qwen3-VL-32B-Instruct"}
{"level":"info","ts":1785058934.9619784,"caller":"handlers/server.go:395","msg":"EPP received request","x-request-id":"0dad50ab-4773-47f1-954d-8748975e2722"}
{"level":"info","ts":1785058934.9743152,"caller":"handlers/server.go:656","msg":"EPP sent request body response(s) to proxy","x-request-id":"d0003f96-e95a-4103-9074-7d494cfef7a5","modelName":"Qwen/Qwen3-VL-32B-Instruct","targetModelName":"Qwen/Qwen3-VL-32B-Instruct"}
{"level":"info","ts":1785058934.9800584,"caller":"handlers/server.go:395","msg":"EPP received request","x-request-id":"3c989e18-2bd7-4615-844f-1ba33891a0df"}
{"level":"info","ts":1785058934.9878597,"caller":"handlers/server.go:395","msg":"EPP received request","x-request-id":"f8173153-c8b1-4232-be9f-819f7d92e77d"}
{"level":"info","ts":1785058934.9886334,"caller":"handlers/server.go:395","msg":"EPP received request","x-request-id":"4180beab-fab8-43b9-824e-434d7a5dd020"}
{"level":"info","ts":1785058934.9977067,"caller":"handlers/server.go:395","msg":"EPP received request","x-request-id":"88e36875-d6b1-4856-a348-f46862899c31"}
{"level":"info","ts":1785058935.0128653,"caller":"handlers/server.go:395","msg":"EPP received request","x-request-id":"bce3e316-d23f-48bc-bf30-f5f24d243fa1"}
{"level":"info","ts":1785058935.0206337,"caller":"handlers/server.go:395","msg":"EPP received request","x-request-id":"3d60a105-b1c1-4cbe-8068-ca97caaed383"}
{"level":"info","ts":1785058935.0270414,"caller":"handlers/server.go:395","msg":"EPP received request","x-request-id":"6f35fac1-7885-41de-89a3-1d30a8338e20"}
{"level":"info","ts":1785058935.0405123,"caller":"handlers/server.go:395","msg":"EPP received request","x-request-id":"a745040a-2da6-4072-a9a5-29ed1521f44e"}
{"level":"info","ts":1785058935.046528,"caller":"handlers/server.go:656","msg":"EPP sent request body response(s) to proxy","x-request-id":"8c069a16-e181-490f-aa93-a8e7232a4746","modelName":"Qwen/Qwen3-VL-32B-Instruct","targetModelName":"Qwen/Qwen3-VL-32B-Instruct"}
{"level":"info","ts":1785058935.0541208,"caller":"handlers/server.go:656","msg":"EPP sent request body response(s) to proxy","x-request-id":"87933985-6c69-4059-a307-6ba2574571ab","modelName":"Qwen/Qwen3-VL-32B-Instruct","targetModelName":"Qwen/Qwen3-VL-32B-Instruct"}
{"level":"info","ts":1785058935.0549836,"caller":"handlers/server.go:656","msg":"EPP sent request body response(s) to proxy","x-request-id":"0af5c24c-5a10-48e9-8565-82d025bc5f02","modelName":"Qwen/Qwen3-VL-32B-Instruct","targetModelName":"Qwen/Qwen3-VL-32B-Instruct"}
{"level":"info","ts":1785058935.0582654,"caller":"handlers/server.go:656","msg":"EPP sent request body response(s) to proxy","x-request-id":"2acffcbc-a570-44e5-8e4a-3420b2b6cbdd","modelName":"Qwen/Qwen3-VL-32B-Instruct","targetModelName":"Qwen/Qwen3-VL-32B-Instruct"}
{"level":"info","ts":1785058935.0588408,"caller":"handlers/server.go:395","msg":"EPP received request","x-request-id":"997e81d7-82bf-4ce3-aeeb-9a761641b293"}
{"level":"info","ts":1785058935.0599918,"caller":"handlers/server.go:656","msg":"EPP sent request body response(s) to proxy","x-request-id":"da5f5ee7-8681-4933-8902-ecda7dbf4590","modelName":"Qwen/Qwen3-VL-32B-Instruct","targetModelName":"Qwen/Qwen3-VL-32B-Instruct"}
{"level":"info","ts":1785058935.0614326,"caller":"handlers/server.go:656","msg":"EPP sent request body response(s) to proxy","x-request-id":"f184ca7c-770c-4fbd-90dd-41224855bd81","modelName":"Qwen/Qwen3-VL-32B-Instruct","targetModelName":"Qwen/Qwen3-VL-32B-Instruct"}
{"level":"info","ts":1785058935.062009,"caller":"handlers/server.go:395","msg":"EPP received request","x-request-id":"6a3af5e6-23d3-46e9-a76b-80ef1c1d2d9f"}
{"level":"info","ts":1785058935.0705945,"caller":"handlers/server.go:656","msg":"EPP sent request body response(s) to proxy","x-request-id":"3c989e18-2bd7-4615-844f-1ba33891a0df","modelName":"Qwen/Qwen3-VL-32B-Instruct","targetModelName":"Qwen/Qwen3-VL-32B-Instruct"}
{"level":"info","ts":1785058935.0716004,"caller":"handlers/server.go:656","msg":"EPP sent request body response(s) to proxy","x-request-id":"621e482c-0bd1-4eaf-b900-2ca66bea7302","modelName":"Qwen/Qwen3-VL-32B-Instruct","targetModelName":"Qwen/Qwen3-VL-32B-Instruct"}
{"level":"info","ts":1785058935.0729954,"caller":"handlers/server.go:656","msg":"EPP sent request body response(s) to proxy","x-request-id":"f8173153-c8b1-4232-be9f-819f7d92e77d","modelName":"Qwen/Qwen3-VL-32B-Instruct","targetModelName":"Qwen/Qwen3-VL-32B-Instruct"}
{"level":"info","ts":1785058935.0786362,"caller":"handlers/server.go:395","msg":"EPP received request","x-request-id":"2405480c-af2a-48f5-92b9-64b2e8127873"}
{"level":"info","ts":1785058935.0980184,"caller":"handlers/server.go:656","msg":"EPP sent request body response(s) to proxy","x-request-id":"bce3e316-d23f-48bc-bf30-f5f24d243fa1","modelName":"Qwen/Qwen3-VL-32B-Instruct","targetModelName":"Qwen/Qwen3-VL-32B-Instruct"}
{"level":"info","ts":1785058935.1034348,"caller":"handlers/server.go:395","msg":"EPP received request","x-request-id":"bc112fea-f02a-49f2-acc8-bdb470c8a2db"}
{"level":"info","ts":1785058935.1052732,"caller":"handlers/server.go:656","msg":"EPP sent request body response(s) to proxy","x-request-id":"3d60a105-b1c1-4cbe-8068-ca97caaed383","modelName":"Qwen/Qwen3-VL-32B-Instruct","targetModelName":"Qwen/Qwen3-VL-32B-Instruct"}
{"level":"info","ts":1785058935.1083157,"caller":"handlers/server.go:656","msg":"EPP sent request body response(s) to proxy","x-request-id":"c72541db-fcca-4c22-8cd7-d63b8e096645","modelName":"Qwen/Qwen3-VL-32B-Instruct","targetModelName":"Qwen/Qwen3-VL-32B-Instruct"}
{"level":"info","ts":1785058935.1116338,"caller":"handlers/server.go:656","msg":"EPP sent request body response(s) to proxy","x-request-id":"2c698717-73db-463c-b21a-ce0cfe1220c3","modelName":"Qwen/Qwen3-VL-32B-Instruct","targetModelName":"Qwen/Qwen3-VL-32B-Instruct"}
{"level":"info","ts":1785058935.1178193,"caller":"handlers/server.go:395","msg":"EPP received request","x-request-id":"90ee4533-8aed-43e6-a604-7caeb6b7200e"}
{"level":"info","ts":1785058935.120169,"caller":"handlers/server.go:395","msg":"EPP received request","x-request-id":"bd00ca18-7d08-4685-9f2a-90e84e5427c8"}
{"level":"info","ts":1785058935.1266563,"caller":"handlers/server.go:395","msg":"EPP received request","x-request-id":"5cc84ec9-ce4c-4cdb-9e58-c7961269e217"}
{"level":"info","ts":1785058935.13054,"caller":"handlers/server.go:656","msg":"EPP sent request body response(s) to proxy","x-request-id":"0dad50ab-4773-47f1-954d-8748975e2722","modelName":"Qwen/Qwen3-VL-32B-Instruct","targetModelName":"Qwen/Qwen3-VL-32B-Instruct"}
{"level":"info","ts":1785058935.1330998,"caller":"handlers/server.go:395","msg":"EPP received request","x-request-id":"cca65eb8-fe6d-483c-b163-c6fa0204b412"}
{"level":"info","ts":1785058935.136349,"caller":"handlers/server.go:656","msg":"EPP sent request body response(s) to proxy","x-request-id":"a745040a-2da6-4072-a9a5-29ed1521f44e","modelName":"Qwen/Qwen3-VL-32B-Instruct","targetModelName":"Qwen/Qwen3-VL-32B-Instruct"}
{"level":"info","ts":1785058935.1555598,"caller":"handlers/server.go:656","msg":"EPP sent request body response(s) to proxy","x-request-id":"bc112fea-f02a-49f2-acc8-bdb470c8a2db","modelName":"Qwen/Qwen3-VL-32B-Instruct","targetModelName":"Qwen/Qwen3-VL-32B-Instruct"}
{"level":"info","ts":1785058935.1560795,"caller":"handlers/server.go:656","msg":"EPP sent request body response(s) to proxy","x-request-id":"997e81d7-82bf-4ce3-aeeb-9a761641b293","modelName":"Qwen/Qwen3-VL-32B-Instruct","targetModelName":"Qwen/Qwen3-VL-32B-Instruct"}
{"level":"info","ts":1785058935.158484,"caller":"handlers/server.go:395","msg":"EPP received request","x-request-id":"eaa3a061-34c4-45d7-b7fb-7bd6ac289154"}
{"level":"info","ts":1785058935.1598322,"caller":"handlers/server.go:656","msg":"EPP sent request body response(s) to proxy","x-request-id":"4180beab-fab8-43b9-824e-434d7a5dd020","modelName":"Qwen/Qwen3-VL-32B-Instruct","targetModelName":"Qwen/Qwen3-VL-32B-Instruct"}
{"level":"info","ts":1785058935.1611853,"caller":"handlers/server.go:395","msg":"EPP received request","x-request-id":"9edfd98c-78c8-4750-973c-129603473cec"}
{"level":"info","ts":1785058935.1856103,"caller":"handlers/server.go:395","msg":"EPP received request","x-request-id":"73b70e07-cc77-4051-a009-2b497331c5c0"}
{"level":"info","ts":1785058935.1906378,"caller":"handlers/server.go:395","msg":"EPP received request","x-request-id":"c63b70b6-e793-4e6a-b033-be4578ecbb67"}
{"level":"info","ts":1785058935.195648,"caller":"handlers/server.go:395","msg":"EPP received request","x-request-id":"4f75fdc1-af7f-441c-8456-a65387d2f3d8"}
{"level":"info","ts":1785058935.1973958,"caller":"handlers/server.go:656","msg":"EPP sent request body response(s) to proxy","x-request-id":"88e36875-d6b1-4856-a348-f46862899c31","modelName":"Qwen/Qwen3-VL-32B-Instruct","targetModelName":"Qwen/Qwen3-VL-32B-Instruct"}
{"level":"info","ts":1785058935.2037783,"caller":"handlers/server.go:656","msg":"EPP sent request body response(s) to proxy","x-request-id":"6f35fac1-7885-41de-89a3-1d30a8338e20","modelName":"Qwen/Qwen3-VL-32B-Instruct","targetModelName":"Qwen/Qwen3-VL-32B-Instruct"}
{"level":"info","ts":1785058935.2038028,"caller":"handlers/server.go:656","msg":"EPP sent request body response(s) to proxy","x-request-id":"9edfd98c-78c8-4750-973c-129603473cec","modelName":"Qwen/Qwen3-VL-32B-Instruct","targetModelName":"Qwen/Qwen3-VL-32B-Instruct"}
{"level":"info","ts":1785058935.2115722,"caller":"handlers/server.go:656","msg":"EPP sent request body response(s) to proxy","x-request-id":"5cc84ec9-ce4c-4cdb-9e58-c7961269e217","modelName":"Qwen/Qwen3-VL-32B-Instruct","targetModelName":"Qwen/Qwen3-VL-32B-Instruct"}
{"level":"info","ts":1785058935.2139294,"caller":"handlers/server.go:395","msg":"EPP received request","x-request-id":"b45c23f3-18b8-4fdb-b0bd-735ef678708e"}
{"level":"info","ts":1785058935.2290745,"caller":"handlers/server.go:395","msg":"EPP received request","x-request-id":"fb44fe37-2317-4a27-923d-dc558a46f848"}
{"level":"info","ts":1785058935.2347684,"caller":"handlers/server.go:656","msg":"EPP sent request body response(s) to proxy","x-request-id":"6a3af5e6-23d3-46e9-a76b-80ef1c1d2d9f","modelName":"Qwen/Qwen3-VL-32B-Instruct","targetModelName":"Qwen/Qwen3-VL-32B-Instruct"}
{"level":"info","ts":1785058935.2357469,"caller":"handlers/server.go:395","msg":"EPP received request","x-request-id":"ee343e08-fbd5-45ff-846b-d0ea9eb51399"}
{"level":"info","ts":1785058935.2390049,"caller":"handlers/server.go:395","msg":"EPP received request","x-request-id":"aed445f7-cf6c-4b72-9a95-61e2f58cc2b2"}
{"level":"info","ts":1785058935.2421656,"caller":"handlers/server.go:656","msg":"EPP sent request body response(s) to proxy","x-request-id":"eaa3a061-34c4-45d7-b7fb-7bd6ac289154","modelName":"Qwen/Qwen3-VL-32B-Instruct","targetModelName":"Qwen/Qwen3-VL-32B-Instruct"}
{"level":"info","ts":1785058935.2429476,"caller":"handlers/server.go:395","msg":"EPP received request","x-request-id":"c58729ee-48bc-4139-958d-b4287d94eb1f"}
{"level":"info","ts":1785058935.2433314,"caller":"handlers/server.go:656","msg":"EPP sent request body response(s) to proxy","x-request-id":"2405480c-af2a-48f5-92b9-64b2e8127873","modelName":"Qwen/Qwen3-VL-32B-Instruct","targetModelName":"Qwen/Qwen3-VL-32B-Instruct"}
{"level":"info","ts":1785058935.258716,"caller":"handlers/server.go:395","msg":"EPP received request","x-request-id":"81f5b1b2-4cf8-4fe2-af84-1aa6f0d5f106"}
{"level":"info","ts":1785058935.2671914,"caller":"handlers/server.go:395","msg":"EPP received request","x-request-id":"07fe1b76-5f0f-4939-8ce0-60bee1f56536"}
{"level":"info","ts":1785058935.270665,"caller":"handlers/server.go:656","msg":"EPP sent request body response(s) to proxy","x-request-id":"fb44fe37-2317-4a27-923d-dc558a46f848","modelName":"Qwen/Qwen3-VL-32B-Instruct","targetModelName":"Qwen/Qwen3-VL-32B-Instruct"}
{"level":"info","ts":1785058935.2761111,"caller":"handlers/server.go:395","msg":"EPP received request","x-request-id":"f8c0e7eb-0d6d-47ad-b7bb-16b4f0af94e5"}
{"level":"info","ts":1785058935.2801926,"caller":"handlers/server.go:395","msg":"EPP received request","x-request-id":"fc37f73f-3040-4dda-9c42-12cf8b34b9b2"}
{"level":"info","ts":1785058935.2811475,"caller":"handlers/server.go:395","msg":"EPP received request","x-request-id":"1d6fa87b-53f8-40ac-96b0-ac8c28d3c079"}
{"level":"info","ts":1785058935.2827184,"caller":"handlers/server.go:656","msg":"EPP sent request body response(s) to proxy","x-request-id":"c58729ee-48bc-4139-958d-b4287d94eb1f","modelName":"Qwen/Qwen3-VL-32B-Instruct","targetModelName":"Qwen/Qwen3-VL-32B-Instruct"}
{"level":"info","ts":1785058935.3027482,"caller":"handlers/server.go:395","msg":"EPP received request","x-request-id":"d7c2c182-e285-452f-a891-35c34459624a"}
{"level":"info","ts":1785058935.3061686,"caller":"handlers/server.go:395","msg":"EPP received request","x-request-id":"e5b31dc5-3be2-40dd-8afc-dc76bc56265b"}
{"level":"info","ts":1785058935.3163886,"caller":"handlers/server.go:395","msg":"EPP received request","x-request-id":"76962ef5-59a3-45cf-8aed-51d3aff16f11"}
{"level":"info","ts":1785058935.3221078,"caller":"handlers/server.go:656","msg":"EPP sent request body response(s) to proxy","x-request-id":"90ee4533-8aed-43e6-a604-7caeb6b7200e","modelName":"Qwen/Qwen3-VL-32B-Instruct","targetModelName":"Qwen/Qwen3-VL-32B-Instruct"}
{"level":"info","ts":1785058935.3269436,"caller":"handlers/server.go:656","msg":"EPP sent request body response(s) to proxy","x-request-id":"81f5b1b2-4cf8-4fe2-af84-1aa6f0d5f106","modelName":"Qwen/Qwen3-VL-32B-Instruct","targetModelName":"Qwen/Qwen3-VL-32B-Instruct"}
{"level":"info","ts":1785058935.3270953,"caller":"handlers/server.go:656","msg":"EPP sent request body response(s) to proxy","x-request-id":"f8c0e7eb-0d6d-47ad-b7bb-16b4f0af94e5","modelName":"Qwen/Qwen3-VL-32B-Instruct","targetModelName":"Qwen/Qwen3-VL-32B-Instruct"}
{"level":"info","ts":1785058935.3340068,"caller":"handlers/server.go:395","msg":"EPP received request","x-request-id":"0f44a648-d9ec-4585-abc0-b1260d16396e"}
{"level":"info","ts":1785058935.3362277,"caller":"handlers/server.go:656","msg":"EPP sent request body response(s) to proxy","x-request-id":"07fe1b76-5f0f-4939-8ce0-60bee1f56536","modelName":"Qwen/Qwen3-VL-32B-Instruct","targetModelName":"Qwen/Qwen3-VL-32B-Instruct"}
{"level":"info","ts":1785058935.3388698,"caller":"handlers/server.go:656","msg":"EPP sent request body response(s) to proxy","x-request-id":"bd00ca18-7d08-4685-9f2a-90e84e5427c8","modelName":"Qwen/Qwen3-VL-32B-Instruct","targetModelName":"Qwen/Qwen3-VL-32B-Instruct"}
{"level":"info","ts":1785058935.3401225,"caller":"handlers/server.go:395","msg":"EPP received request","x-request-id":"a51193f9-bbaf-45d5-bd91-813a9fa0ad47"}
{"level":"info","ts":1785058935.3480105,"caller":"handlers/server.go:395","msg":"EPP received request","x-request-id":"dfd60f24-2018-49ad-b97f-58d09fa8c72c"}
{"level":"info","ts":1785058935.353074,"caller":"handlers/server.go:395","msg":"EPP received request","x-request-id":"5c011dea-2095-45b4-8122-d2a51e039b85"}
{"level":"info","ts":1785058935.3626463,"caller":"handlers/server.go:656","msg":"EPP sent request body response(s) to proxy","x-request-id":"e5b31dc5-3be2-40dd-8afc-dc76bc56265b","modelName":"Qwen/Qwen3-VL-32B-Instruct","targetModelName":"Qwen/Qwen3-VL-32B-Instruct"}
{"level":"info","ts":1785058935.3700857,"caller":"handlers/server.go:395","msg":"EPP received request","x-request-id":"9a1d34c3-1fb6-44c9-ad6d-00a73595268c"}
{"level":"info","ts":1785058935.3729858,"caller":"handlers/server.go:395","msg":"EPP received request","x-request-id":"616b3640-01d6-4cea-b96f-80f12373918f"}
{"level":"info","ts":1785058935.383435,"caller":"handlers/server.go:656","msg":"EPP sent request body response(s) to proxy","x-request-id":"cca65eb8-fe6d-483c-b163-c6fa0204b412","modelName":"Qwen/Qwen3-VL-32B-Instruct","targetModelName":"Qwen/Qwen3-VL-32B-Instruct"}
{"level":"info","ts":1785058935.3853037,"caller":"handlers/server.go:395","msg":"EPP received request","x-request-id":"9baa94ea-e634-4df8-a7dd-987e849bba82"}
{"level":"info","ts":1785058935.3869932,"caller":"handlers/server.go:656","msg":"EPP sent request body response(s) to proxy","x-request-id":"a51193f9-bbaf-45d5-bd91-813a9fa0ad47","modelName":"Qwen/Qwen3-VL-32B-Instruct","targetModelName":"Qwen/Qwen3-VL-32B-Instruct"}
{"level":"info","ts":1785058935.3878806,"caller":"handlers/server.go:395","msg":"EPP received request","x-request-id":"ef1aa22d-a096-983e-acfa-0eae75cc9ea7"}
{"level":"info","ts":1785058935.3938146,"caller":"handlers/server.go:395","msg":"EPP received request","x-request-id":"f3102e3e-3746-40a3-968e-b722359981c4"}
{"level":"info","ts":1785058935.3985882,"caller":"handlers/server.go:395","msg":"EPP received request","x-request-id":"2a81c35d-a568-4c32-8321-a734f15d4210"}
{"level":"info","ts":1785058935.4015853,"caller":"handlers/server.go:656","msg":"EPP sent request body response(s) to proxy","x-request-id":"73b70e07-cc77-4051-a009-2b497331c5c0","modelName":"Qwen/Qwen3-VL-32B-Instruct","targetModelName":"Qwen/Qwen3-VL-32B-Instruct"}
{"level":"info","ts":1785058935.4069362,"caller":"handlers/server.go:656","msg":"EPP sent request body response(s) to proxy","x-request-id":"c63b70b6-e793-4e6a-b033-be4578ecbb67","modelName":"Qwen/Qwen3-VL-32B-Instruct","targetModelName":"Qwen/Qwen3-VL-32B-Instruct"}
{"level":"info","ts":1785058935.412687,"caller":"handlers/server.go:656","msg":"EPP sent request body response(s) to proxy","x-request-id":"4f75fdc1-af7f-441c-8456-a65387d2f3d8","modelName":"Qwen/Qwen3-VL-32B-Instruct","targetModelName":"Qwen/Qwen3-VL-32B-Instruct"}
{"level":"info","ts":1785058935.417935,"caller":"handlers/server.go:395","msg":"EPP received request","x-request-id":"0e8a8262-7741-40e9-b19b-6633158db4c5"}
{"level":"info","ts":1785058935.4261858,"caller":"handlers/server.go:656","msg":"EPP sent request body response(s) to proxy","x-request-id":"1d6fa87b-53f8-40ac-96b0-ac8c28d3c079","modelName":"Qwen/Qwen3-VL-32B-Instruct","targetModelName":"Qwen/Qwen3-VL-32B-Instruct"}
{"level":"info","ts":1785058935.4277084,"caller":"handlers/server.go:395","msg":"EPP received request","x-request-id":"7cbdb080-58f4-43e3-ad65-3a4d3b92ddc7"}
{"level":"info","ts":1785058935.4338205,"caller":"handlers/server.go:656","msg":"EPP sent request body response(s) to proxy","x-request-id":"9baa94ea-e634-4df8-a7dd-987e849bba82","modelName":"Qwen/Qwen3-VL-32B-Instruct","targetModelName":"Qwen/Qwen3-VL-32B-Instruct"}
{"level":"info","ts":1785058935.441078,"caller":"handlers/server.go:656","msg":"EPP sent request body response(s) to proxy","x-request-id":"d7c2c182-e285-452f-a891-35c34459624a","modelName":"Qwen/Qwen3-VL-32B-Instruct","targetModelName":"Qwen/Qwen3-VL-32B-Instruct"}
{"level":"info","ts":1785058935.4499059,"caller":"handlers/server.go:395","msg":"EPP received request","x-request-id":"65819181-c2f3-429c-8f1a-a44f90fc05dd"}
{"level":"info","ts":1785058935.4519615,"caller":"handlers/server.go:656","msg":"EPP sent request body response(s) to proxy","x-request-id":"f3102e3e-3746-40a3-968e-b722359981c4","modelName":"Qwen/Qwen3-VL-32B-Instruct","targetModelName":"Qwen/Qwen3-VL-32B-Instruct"}
{"level":"info","ts":1785058935.457549,"caller":"handlers/server.go:656","msg":"EPP sent request body response(s) to proxy","x-request-id":"76962ef5-59a3-45cf-8aed-51d3aff16f11","modelName":"Qwen/Qwen3-VL-32B-Instruct","targetModelName":"Qwen/Qwen3-VL-32B-Instruct"}
{"level":"info","ts":1785058935.4593048,"caller":"handlers/server.go:395","msg":"EPP received request","x-request-id":"6bfa89db-defe-4aa7-852f-d55b5ba11092"}
{"level":"info","ts":1785058935.463279,"caller":"handlers/server.go:656","msg":"EPP sent request body response(s) to proxy","x-request-id":"ee343e08-fbd5-45ff-846b-d0ea9eb51399","modelName":"Qwen/Qwen3-VL-32B-Instruct","targetModelName":"Qwen/Qwen3-VL-32B-Instruct"}
{"level":"info","ts":1785058935.4636178,"caller":"handlers/server.go:656","msg":"EPP sent request body response(s) to proxy","x-request-id":"9a1d34c3-1fb6-44c9-ad6d-00a73595268c","modelName":"Qwen/Qwen3-VL-32B-Instruct","targetModelName":"Qwen/Qwen3-VL-32B-Instruct"}
{"level":"info","ts":1785058935.4641511,"caller":"handlers/server.go:656","msg":"EPP sent request body response(s) to proxy","x-request-id":"0f44a648-d9ec-4585-abc0-b1260d16396e","modelName":"Qwen/Qwen3-VL-32B-Instruct","targetModelName":"Qwen/Qwen3-VL-32B-Instruct"}
{"level":"info","ts":1785058935.4651167,"caller":"handlers/server.go:656","msg":"EPP sent request body response(s) to proxy","x-request-id":"fc37f73f-3040-4dda-9c42-12cf8b34b9b2","modelName":"Qwen/Qwen3-VL-32B-Instruct","targetModelName":"Qwen/Qwen3-VL-32B-Instruct"}
{"level":"info","ts":1785058935.4656134,"caller":"handlers/server.go:395","msg":"EPP received request","x-request-id":"009508da-efdb-4223-8435-f556defebea9"}
{"level":"info","ts":1785058935.472821,"caller":"handlers/server.go:656","msg":"EPP sent request body response(s) to proxy","x-request-id":"b45c23f3-18b8-4fdb-b0bd-735ef678708e","modelName":"Qwen/Qwen3-VL-32B-Instruct","targetModelName":"Qwen/Qwen3-VL-32B-Instruct"}
{"level":"info","ts":1785058935.474228,"caller":"handlers/server.go:656","msg":"EPP sent request body response(s) to proxy","x-request-id":"616b3640-01d6-4cea-b96f-80f12373918f","modelName":"Qwen/Qwen3-VL-32B-Instruct","targetModelName":"Qwen/Qwen3-VL-32B-Instruct"}
{"level":"info","ts":1785058935.4771216,"caller":"handlers/server.go:395","msg":"EPP received request","x-request-id":"9736338b-8807-40fe-a64b-1f682560342c"}
{"level":"info","ts":1785058935.4887533,"caller":"handlers/server.go:656","msg":"EPP sent request body response(s) to proxy","x-request-id":"7cbdb080-58f4-43e3-ad65-3a4d3b92ddc7","modelName":"Qwen/Qwen3-VL-32B-Instruct","targetModelName":"Qwen/Qwen3-VL-32B-Instruct"}
{"level":"info","ts":1785058935.495025,"caller":"handlers/server.go:656","msg":"EPP sent request body response(s) to proxy","x-request-id":"aed445f7-cf6c-4b72-9a95-61e2f58cc2b2","modelName":"Qwen/Qwen3-VL-32B-Instruct","targetModelName":"Qwen/Qwen3-VL-32B-Instruct"}
{"level":"info","ts":1785058935.4956775,"caller":"handlers/server.go:395","msg":"EPP received request","x-request-id":"92f3d1b4-a3b2-4382-bda1-f0a8e65f7bbd"}
{"level":"info","ts":1785058935.5040889,"caller":"handlers/server.go:395","msg":"EPP received request","x-request-id":"a2bc3a88-6422-4019-8d30-217e6f29d0ec"}
{"level":"info","ts":1785058935.505085,"caller":"handlers/server.go:395","msg":"EPP received request","x-request-id":"267754f0-bdbb-475c-a003-ee8f7b504433"}
{"level":"info","ts":1785058935.5113037,"caller":"handlers/server.go:395","msg":"EPP received request","x-request-id":"f2ae503d-c6ef-9f01-93dd-74854ad24cc6"}
{"level":"info","ts":1785058935.513546,"caller":"handlers/server.go:656","msg":"EPP sent request body response(s) to proxy","x-request-id":"0e8a8262-7741-40e9-b19b-6633158db4c5","modelName":"Qwen/Qwen3-VL-32B-Instruct","targetModelName":"Qwen/Qwen3-VL-32B-Instruct"}
{"level":"info","ts":1785058935.517785,"caller":"handlers/server.go:656","msg":"EPP sent request body response(s) to proxy","x-request-id":"dfd60f24-2018-49ad-b97f-58d09fa8c72c","modelName":"Qwen/Qwen3-VL-32B-Instruct","targetModelName":"Qwen/Qwen3-VL-32B-Instruct"}
{"level":"info","ts":1785058935.527461,"caller":"handlers/server.go:395","msg":"EPP received request","x-request-id":"f42aaf55-a036-4fd6-bc3d-1a046c8ac68e"}
{"level":"info","ts":1785058935.5340178,"caller":"handlers/server.go:395","msg":"EPP received request","x-request-id":"66a997c3-9e5a-4cda-938b-f314e67c361e"}
{"level":"info","ts":1785058935.5445116,"caller":"handlers/server.go:395","msg":"EPP received request","x-request-id":"1697fbbc-a52f-49bd-b110-6fe9e5f9a749"}
{"level":"info","ts":1785058935.545661,"caller":"handlers/server.go:656","msg":"EPP sent request body response(s) to proxy","x-request-id":"a2bc3a88-6422-4019-8d30-217e6f29d0ec","modelName":"Qwen/Qwen3-VL-32B-Instruct","targetModelName":"Qwen/Qwen3-VL-32B-Instruct"}
{"level":"info","ts":1785058935.5479856,"caller":"handlers/server.go:395","msg":"EPP received request","x-request-id":"25942319-b9b3-490a-b0b6-7bddd2fa716a"}
{"level":"info","ts":1785058935.5562723,"caller":"handlers/server.go:395","msg":"EPP received request","x-request-id":"d8f10f58-e299-4bf6-9168-a10cabaa818b"}
{"level":"info","ts":1785058935.5628364,"caller":"handlers/server.go:395","msg":"EPP received request","x-request-id":"c6713f9e-123b-4d53-bcb4-f30f72655514"}
{"level":"info","ts":1785058935.5732338,"caller":"handlers/server.go:656","msg":"EPP sent request body response(s) to proxy","x-request-id":"5c011dea-2095-45b4-8122-d2a51e039b85","modelName":"Qwen/Qwen3-VL-32B-Instruct","targetModelName":"Qwen/Qwen3-VL-32B-Instruct"}
{"level":"info","ts":1785058935.5788395,"caller":"handlers/server.go:395","msg":"EPP received request","x-request-id":"d20e6a5c-c685-98eb-b70b-31786f0d8d83"}
{"level":"info","ts":1785058935.5991993,"caller":"handlers/server.go:656","msg":"EPP sent request body response(s) to proxy","x-request-id":"ef1aa22d-a096-983e-acfa-0eae75cc9ea7","modelName":"Qwen/Qwen3-VL-32B-Instruct","targetModelName":"Qwen/Qwen3-VL-32B-Instruct"}
{"level":"info","ts":1785058935.6028352,"caller":"handlers/server.go:656","msg":"EPP sent request body response(s) to proxy","x-request-id":"6bfa89db-defe-4aa7-852f-d55b5ba11092","modelName":"Qwen/Qwen3-VL-32B-Instruct","targetModelName":"Qwen/Qwen3-VL-32B-Instruct"}
{"level":"info","ts":1785058935.6034784,"caller":"handlers/server.go:395","msg":"EPP received request","x-request-id":"49b2b6f0-434a-451d-9018-dd17b983cad5"}
{"level":"info","ts":1785058935.605383,"caller":"handlers/server.go:656","msg":"EPP sent request body response(s) to proxy","x-request-id":"66a997c3-9e5a-4cda-938b-f314e67c361e","modelName":"Qwen/Qwen3-VL-32B-Instruct","targetModelName":"Qwen/Qwen3-VL-32B-Instruct"}
{"level":"info","ts":1785058935.6070225,"caller":"handlers/server.go:656","msg":"EPP sent request body response(s) to proxy","x-request-id":"2a81c35d-a568-4c32-8321-a734f15d4210","modelName":"Qwen/Qwen3-VL-32B-Instruct","targetModelName":"Qwen/Qwen3-VL-32B-Instruct"}
{"level":"info","ts":1785058935.608831,"caller":"handlers/server.go:395","msg":"EPP received request","x-request-id":"62b91f95-fa1e-4637-9d39-3d2c63078e2a"}
{"level":"info","ts":1785058935.6111867,"caller":"handlers/server.go:395","msg":"EPP received request","x-request-id":"75076344-2d3e-4018-8b4b-6317df2d4ed4"}
{"level":"info","ts":1785058935.6136885,"caller":"handlers/server.go:656","msg":"EPP sent request body response(s) to proxy","x-request-id":"92f3d1b4-a3b2-4382-bda1-f0a8e65f7bbd","modelName":"Qwen/Qwen3-VL-32B-Instruct","targetModelName":"Qwen/Qwen3-VL-32B-Instruct"}
{"level":"info","ts":1785058935.6244693,"caller":"handlers/server.go:656","msg":"EPP sent request body response(s) to proxy","x-request-id":"9736338b-8807-40fe-a64b-1f682560342c","modelName":"Qwen/Qwen3-VL-32B-Instruct","targetModelName":"Qwen/Qwen3-VL-32B-Instruct"}
{"level":"info","ts":1785058935.6379912,"caller":"handlers/server.go:656","msg":"EPP sent request body response(s) to proxy","x-request-id":"25942319-b9b3-490a-b0b6-7bddd2fa716a","modelName":"Qwen/Qwen3-VL-32B-Instruct","targetModelName":"Qwen/Qwen3-VL-32B-Instruct"}
{"level":"info","ts":1785058935.6445556,"caller":"handlers/server.go:656","msg":"EPP sent request body response(s) to proxy","x-request-id":"c6713f9e-123b-4d53-bcb4-f30f72655514","modelName":"Qwen/Qwen3-VL-32B-Instruct","targetModelName":"Qwen/Qwen3-VL-32B-Instruct"}
{"level":"info","ts":1785058935.6452243,"caller":"handlers/server.go:395","msg":"EPP received request","x-request-id":"a62214a3-a82d-42cf-abab-74ee380ba65a"}
{"level":"info","ts":1785058935.645876,"caller":"handlers/server.go:395","msg":"EPP received request","x-request-id":"425c602f-ecfe-4e54-be1d-f14f71e4134c"}
{"level":"info","ts":1785058935.651344,"caller":"handlers/server.go:656","msg":"EPP sent request body response(s) to proxy","x-request-id":"267754f0-bdbb-475c-a003-ee8f7b504433","modelName":"Qwen/Qwen3-VL-32B-Instruct","targetModelName":"Qwen/Qwen3-VL-32B-Instruct"}
{"level":"info","ts":1785058935.6600423,"caller":"handlers/server.go:656","msg":"EPP sent request body response(s) to proxy","x-request-id":"65819181-c2f3-429c-8f1a-a44f90fc05dd","modelName":"Qwen/Qwen3-VL-32B-Instruct","targetModelName":"Qwen/Qwen3-VL-32B-Instruct"}
{"level":"info","ts":1785058935.6700385,"caller":"handlers/server.go:656","msg":"EPP sent request body response(s) to proxy","x-request-id":"d20e6a5c-c685-98eb-b70b-31786f0d8d83","modelName":"Qwen/Qwen3-VL-32B-Instruct","targetModelName":"Qwen/Qwen3-VL-32B-Instruct"}
{"level":"info","ts":1785058935.67113,"caller":"handlers/server.go:656","msg":"EPP sent request body response(s) to proxy","x-request-id":"009508da-efdb-4223-8435-f556defebea9","modelName":"Qwen/Qwen3-VL-32B-Instruct","targetModelName":"Qwen/Qwen3-VL-32B-Instruct"}
{"level":"info","ts":1785058935.6724036,"caller":"handlers/server.go:395","msg":"EPP received request","x-request-id":"53dc4afb-8b3c-473d-aa15-55936789ce38"}
{"level":"info","ts":1785058935.6754298,"caller":"handlers/server.go:395","msg":"EPP received request","x-request-id":"8d664e32-5073-425f-a856-02d31a4022cb"}
{"level":"info","ts":1785058935.6953895,"caller":"handlers/server.go:395","msg":"EPP received request","x-request-id":"cd161131-0a98-4dac-a6d6-462f16753c70"}
{"level":"info","ts":1785058935.6962016,"caller":"handlers/server.go:656","msg":"EPP sent request body response(s) to proxy","x-request-id":"49b2b6f0-434a-451d-9018-dd17b983cad5","modelName":"Qwen/Qwen3-VL-32B-Instruct","targetModelName":"Qwen/Qwen3-VL-32B-Instruct"}
{"level":"info","ts":1785058935.6972466,"caller":"handlers/server.go:656","msg":"EPP sent request body response(s) to proxy","x-request-id":"f42aaf55-a036-4fd6-bc3d-1a046c8ac68e","modelName":"Qwen/Qwen3-VL-32B-Instruct","targetModelName":"Qwen/Qwen3-VL-32B-Instruct"}
{"level":"info","ts":1785058935.7060652,"caller":"handlers/server.go:656","msg":"EPP sent request body response(s) to proxy","x-request-id":"425c602f-ecfe-4e54-be1d-f14f71e4134c","modelName":"Qwen/Qwen3-VL-32B-Instruct","targetModelName":"Qwen/Qwen3-VL-32B-Instruct"}
{"level":"info","ts":1785058935.7061553,"caller":"handlers/server.go:395","msg":"EPP received request","x-request-id":"14519eab-a299-403e-a641-154b4181b83d"}
{"level":"info","ts":1785058935.7075021,"caller":"handlers/server.go:656","msg":"EPP sent request body response(s) to proxy","x-request-id":"d8f10f58-e299-4bf6-9168-a10cabaa818b","modelName":"Qwen/Qwen3-VL-32B-Instruct","targetModelName":"Qwen/Qwen3-VL-32B-Instruct"}
{"level":"info","ts":1785058935.738244,"caller":"handlers/server.go:395","msg":"EPP received request","x-request-id":"3af5df95-539e-45ad-8ac8-e57e3e85c063"}
{"level":"info","ts":1785058935.7573178,"caller":"handlers/server.go:395","msg":"EPP received request","x-request-id":"1a5b3740-c1ab-4c4a-8167-f5ce0d6c7085"}
{"level":"info","ts":1785058935.767592,"caller":"handlers/server.go:395","msg":"EPP received request","x-request-id":"48b52b23-9656-4db1-8ca2-fea8c70e61e9"}
{"level":"info","ts":1785058935.7775376,"caller":"handlers/server.go:395","msg":"EPP received request","x-request-id":"b3a7a9d8-9e32-47bc-91eb-8c0061a4361f"}
{"level":"info","ts":1785058935.7800095,"caller":"handlers/server.go:656","msg":"EPP sent request body response(s) to proxy","x-request-id":"1697fbbc-a52f-49bd-b110-6fe9e5f9a749","modelName":"Qwen/Qwen3-VL-32B-Instruct","targetModelName":"Qwen/Qwen3-VL-32B-Instruct"}
{"level":"info","ts":1785058935.793916,"caller":"handlers/server.go:395","msg":"EPP received request","x-request-id":"0c4dee6a-5f43-4577-a801-16fc0415b16d"}
{"level":"info","ts":1785058935.8040183,"caller":"handlers/server.go:395","msg":"EPP received request","x-request-id":"61a3bdae-42ba-483b-92f7-7d270a494f9b"}
{"level":"info","ts":1785058935.8044937,"caller":"handlers/server.go:656","msg":"EPP sent request body response(s) to proxy","x-request-id":"f2ae503d-c6ef-9f01-93dd-74854ad24cc6","modelName":"Qwen/Qwen3-VL-32B-Instruct","targetModelName":"Qwen/Qwen3-VL-32B-Instruct"}
{"level":"info","ts":1785058935.809218,"caller":"handlers/server.go:656","msg":"EPP sent request body response(s) to proxy","x-request-id":"a62214a3-a82d-42cf-abab-74ee380ba65a","modelName":"Qwen/Qwen3-VL-32B-Instruct","targetModelName":"Qwen/Qwen3-VL-32B-Instruct"}
{"level":"info","ts":1785058935.8115532,"caller":"handlers/server.go:395","msg":"EPP received request","x-request-id":"68643acf-c8c4-4773-88c1-feefdb9c9e0b"}
{"level":"info","ts":1785058935.8132675,"caller":"handlers/server.go:395","msg":"EPP received request","x-request-id":"3ec16622-48dc-482e-958a-0f805748243a"}
{"level":"info","ts":1785058935.825134,"caller":"handlers/server.go:656","msg":"EPP sent request body response(s) to proxy","x-request-id":"62b91f95-fa1e-4637-9d39-3d2c63078e2a","modelName":"Qwen/Qwen3-VL-32B-Instruct","targetModelName":"Qwen/Qwen3-VL-32B-Instruct"}
{"level":"info","ts":1785058935.8297267,"caller":"handlers/server.go:395","msg":"EPP received request","x-request-id":"6a2b1220-c0ae-4d36-87ff-bec892824bcc"}
{"level":"info","ts":1785058935.834596,"caller":"handlers/server.go:395","msg":"EPP received request","x-request-id":"d6066b03-95e8-456f-b515-8294d7dc8cad"}
{"level":"info","ts":1785058935.8493657,"caller":"handlers/server.go:395","msg":"EPP received request","x-request-id":"6c6d876b-3f6a-4d6b-8140-7f7e01fa8a13"}
{"level":"info","ts":1785058935.8684895,"caller":"handlers/server.go:656","msg":"EPP sent request body response(s) to proxy","x-request-id":"75076344-2d3e-4018-8b4b-6317df2d4ed4","modelName":"Qwen/Qwen3-VL-32B-Instruct","targetModelName":"Qwen/Qwen3-VL-32B-Instruct"}
{"level":"info","ts":1785058935.875075,"caller":"handlers/server.go:395","msg":"EPP received request","x-request-id":"72b833c4-4020-4486-82f1-81b5b238e0da"}
{"level":"info","ts":1785058935.8907866,"caller":"handlers/server.go:395","msg":"EPP received request","x-request-id":"c7891862-673a-418a-b153-d9e8a16d468e"}
{"level":"info","ts":1785058935.8993385,"caller":"handlers/server.go:656","msg":"EPP sent request body response(s) to proxy","x-request-id":"cd161131-0a98-4dac-a6d6-462f16753c70","modelName":"Qwen/Qwen3-VL-32B-Instruct","targetModelName":"Qwen/Qwen3-VL-32B-Instruct"}
{"level":"info","ts":1785058935.9045064,"caller":"handlers/server.go:395","msg":"EPP received request","x-request-id":"53cdac67-4f2d-4288-8dff-d3ad38b553c9"}
{"level":"info","ts":1785058935.9074647,"caller":"handlers/server.go:656","msg":"EPP sent request body response(s) to proxy","x-request-id":"53dc4afb-8b3c-473d-aa15-55936789ce38","modelName":"Qwen/Qwen3-VL-32B-Instruct","targetModelName":"Qwen/Qwen3-VL-32B-Instruct"}
{"level":"info","ts":1785058935.9189942,"caller":"handlers/server.go:656","msg":"EPP sent request body response(s) to proxy","x-request-id":"8d664e32-5073-425f-a856-02d31a4022cb","modelName":"Qwen/Qwen3-VL-32B-Instruct","targetModelName":"Qwen/Qwen3-VL-32B-Instruct"}
{"level":"info","ts":1785058935.919389,"caller":"handlers/server.go:395","msg":"EPP received request","x-request-id":"37a9f593-298a-406e-b68a-e8ff3d459a1a"}
{"level":"info","ts":1785058935.922607,"caller":"handlers/server.go:395","msg":"EPP received request","x-request-id":"b08647c1-0b53-40cd-bf73-cc04c8353c05"}
{"level":"info","ts":1785058935.9393919,"caller":"handlers/server.go:395","msg":"EPP received request","x-request-id":"2673450d-11b7-4aa5-91f8-31d2e779d1a2"}
{"level":"info","ts":1785058935.9467356,"caller":"handlers/server.go:656","msg":"EPP sent request body response(s) to proxy","x-request-id":"6a2b1220-c0ae-4d36-87ff-bec892824bcc","modelName":"Qwen/Qwen3-VL-32B-Instruct","targetModelName":"Qwen/Qwen3-VL-32B-Instruct"}
{"level":"info","ts":1785058935.9479964,"caller":"handlers/server.go:656","msg":"EPP sent request body response(s) to proxy","x-request-id":"d6066b03-95e8-456f-b515-8294d7dc8cad","modelName":"Qwen/Qwen3-VL-32B-Instruct","targetModelName":"Qwen/Qwen3-VL-32B-Instruct"}
{"level":"info","ts":1785058935.951618,"caller":"handlers/server.go:656","msg":"EPP sent request body response(s) to proxy","x-request-id":"68643acf-c8c4-4773-88c1-feefdb9c9e0b","modelName":"Qwen/Qwen3-VL-32B-Instruct","targetModelName":"Qwen/Qwen3-VL-32B-Instruct"}
{"level":"info","ts":1785058935.9531705,"caller":"handlers/server.go:656","msg":"EPP sent request body response(s) to proxy","x-request-id":"1a5b3740-c1ab-4c4a-8167-f5ce0d6c7085","modelName":"Qwen/Qwen3-VL-32B-Instruct","targetModelName":"Qwen/Qwen3-VL-32B-Instruct"}
{"level":"info","ts":1785058935.9534278,"caller":"handlers/server.go:656","msg":"EPP sent request body response(s) to proxy","x-request-id":"72b833c4-4020-4486-82f1-81b5b238e0da","modelName":"Qwen/Qwen3-VL-32B-Instruct","targetModelName":"Qwen/Qwen3-VL-32B-Instruct"}
{"level":"info","ts":1785058935.9597373,"caller":"handlers/server.go:395","msg":"EPP received request","x-request-id":"3a018181-44b4-485e-89ef-6c66bc1943ae"}
{"level":"info","ts":1785058935.9632466,"caller":"handlers/server.go:395","msg":"EPP received request","x-request-id":"04cc27ef-c837-435a-8f68-e6e6f4e9b635"}
{"level":"info","ts":1785058935.9642186,"caller":"handlers/server.go:395","msg":"EPP received request","x-request-id":"e51a3af9-7855-4247-ba10-c2c3a5dc1717"}
{"level":"info","ts":1785058935.9708805,"caller":"handlers/server.go:395","msg":"EPP received request","x-request-id":"2669fa14-81a9-4525-8aea-a253a0dfbb64"}
{"level":"info","ts":1785058935.973133,"caller":"handlers/server.go:395","msg":"EPP received request","x-request-id":"39b9476a-56fc-4ea6-b53b-c33877cc5993"}
{"level":"info","ts":1785058935.9741497,"caller":"handlers/server.go:395","msg":"EPP received request","x-request-id":"7bac9551-481d-499f-b105-a922774e6928"}
{"level":"info","ts":1785058935.9748764,"caller":"handlers/server.go:656","msg":"EPP sent request body response(s) to proxy","x-request-id":"14519eab-a299-403e-a641-154b4181b83d","modelName":"Qwen/Qwen3-VL-32B-Instruct","targetModelName":"Qwen/Qwen3-VL-32B-Instruct"}
{"level":"info","ts":1785058935.9876842,"caller":"handlers/server.go:395","msg":"EPP received request","x-request-id":"1d0a7d54-668f-419c-b419-b1c94d4e8aa2"}
{"level":"info","ts":1785058935.9911346,"caller":"handlers/server.go:656","msg":"EPP sent request body response(s) to proxy","x-request-id":"61a3bdae-42ba-483b-92f7-7d270a494f9b","modelName":"Qwen/Qwen3-VL-32B-Instruct","targetModelName":"Qwen/Qwen3-VL-32B-Instruct"}
{"level":"info","ts":1785058936.0005548,"caller":"handlers/server.go:395","msg":"EPP received request","x-request-id":"18847115-e3f8-44ab-897a-980fc1516e89"}
{"level":"info","ts":1785058936.0017123,"caller":"handlers/server.go:395","msg":"EPP received request","x-request-id":"dd658c87-8e21-40b4-b34f-112e78a7aa0d"}
{"level":"info","ts":1785058936.0034845,"caller":"handlers/server.go:656","msg":"EPP sent request body response(s) to proxy","x-request-id":"b3a7a9d8-9e32-47bc-91eb-8c0061a4361f","modelName":"Qwen/Qwen3-VL-32B-Instruct","targetModelName":"Qwen/Qwen3-VL-32B-Instruct"}
{"level":"info","ts":1785058936.017886,"caller":"handlers/server.go:656","msg":"EPP sent request body response(s) to proxy","x-request-id":"48b52b23-9656-4db1-8ca2-fea8c70e61e9","modelName":"Qwen/Qwen3-VL-32B-Instruct","targetModelName":"Qwen/Qwen3-VL-32B-Instruct"}
{"level":"info","ts":1785058936.0190382,"caller":"handlers/server.go:395","msg":"EPP received request","x-request-id":"d2566201-e8a7-487c-a2bc-dac3d20cc10c"}
{"level":"info","ts":1785058936.02354,"caller":"handlers/server.go:656","msg":"EPP sent request body response(s) to proxy","x-request-id":"3af5df95-539e-45ad-8ac8-e57e3e85c063","modelName":"Qwen/Qwen3-VL-32B-Instruct","targetModelName":"Qwen/Qwen3-VL-32B-Instruct"}
{"level":"info","ts":1785058936.0237827,"caller":"handlers/server.go:395","msg":"EPP received request","x-request-id":"dac67bd3-debd-485e-a248-2498c47a4563"}
{"level":"info","ts":1785058936.0280435,"caller":"handlers/server.go:656","msg":"EPP sent request body response(s) to proxy","x-request-id":"0c4dee6a-5f43-4577-a801-16fc0415b16d","modelName":"Qwen/Qwen3-VL-32B-Instruct","targetModelName":"Qwen/Qwen3-VL-32B-Instruct"}
{"level":"info","ts":1785058936.0359704,"caller":"handlers/server.go:395","msg":"EPP received request","x-request-id":"5dfe447f-cc87-44cf-b6d4-791569157ea6"}
{"level":"info","ts":1785058936.0375803,"caller":"handlers/server.go:656","msg":"EPP sent request body response(s) to proxy","x-request-id":"39b9476a-56fc-4ea6-b53b-c33877cc5993","modelName":"Qwen/Qwen3-VL-32B-Instruct","targetModelName":"Qwen/Qwen3-VL-32B-Instruct"}
{"level":"info","ts":1785058936.0430264,"caller":"handlers/server.go:656","msg":"EPP sent request body response(s) to proxy","x-request-id":"1d0a7d54-668f-419c-b419-b1c94d4e8aa2","modelName":"Qwen/Qwen3-VL-32B-Instruct","targetModelName":"Qwen/Qwen3-VL-32B-Instruct"}
{"level":"info","ts":1785058936.0503893,"caller":"handlers/server.go:395","msg":"EPP received request","x-request-id":"737e1b41-5f21-4239-9589-80ecae73bde3"}
{"level":"info","ts":1785058936.0533571,"caller":"handlers/server.go:656","msg":"EPP sent request body response(s) to proxy","x-request-id":"7bac9551-481d-499f-b105-a922774e6928","modelName":"Qwen/Qwen3-VL-32B-Instruct","targetModelName":"Qwen/Qwen3-VL-32B-Instruct"}
{"level":"info","ts":1785058936.0562391,"caller":"handlers/server.go:656","msg":"EPP sent request body response(s) to proxy","x-request-id":"18847115-e3f8-44ab-897a-980fc1516e89","modelName":"Qwen/Qwen3-VL-32B-Instruct","targetModelName":"Qwen/Qwen3-VL-32B-Instruct"}
{"level":"info","ts":1785058936.0625641,"caller":"handlers/server.go:656","msg":"EPP sent request body response(s) to proxy","x-request-id":"d2566201-e8a7-487c-a2bc-dac3d20cc10c","modelName":"Qwen/Qwen3-VL-32B-Instruct","targetModelName":"Qwen/Qwen3-VL-32B-Instruct"}
{"level":"info","ts":1785058936.0662868,"caller":"handlers/server.go:395","msg":"EPP received request","x-request-id":"2e032c67-3dd7-45ee-8c9b-f4e9727f171c"}
{"level":"info","ts":1785058936.0683239,"caller":"handlers/server.go:395","msg":"EPP received request","x-request-id":"c338625a-a6b5-4bb7-b1f2-9ac99d797f33"}
{"level":"info","ts":1785058936.0725837,"caller":"handlers/server.go:395","msg":"EPP received request","x-request-id":"d5c6af9a-690f-4dc3-ac5e-7958c55c6bfb"}
{"level":"info","ts":1785058936.0769553,"caller":"handlers/server.go:656","msg":"EPP sent request body response(s) to proxy","x-request-id":"e51a3af9-7855-4247-ba10-c2c3a5dc1717","modelName":"Qwen/Qwen3-VL-32B-Instruct","targetModelName":"Qwen/Qwen3-VL-32B-Instruct"}
{"level":"info","ts":1785058936.080701,"caller":"handlers/server.go:656","msg":"EPP sent request body response(s) to proxy","x-request-id":"3ec16622-48dc-482e-958a-0f805748243a","modelName":"Qwen/Qwen3-VL-32B-Instruct","targetModelName":"Qwen/Qwen3-VL-32B-Instruct"}
{"level":"info","ts":1785058936.084569,"caller":"handlers/server.go:395","msg":"EPP received request","x-request-id":"3f35e833-ff78-4f47-ae41-66c469a54efa"}
{"level":"info","ts":1785058936.0904691,"caller":"handlers/server.go:395","msg":"EPP received request","x-request-id":"c302a487-2948-474c-963e-0779e42880c5"}
{"level":"info","ts":1785058936.0951872,"caller":"handlers/server.go:656","msg":"EPP sent request body response(s) to proxy","x-request-id":"04cc27ef-c837-435a-8f68-e6e6f4e9b635","modelName":"Qwen/Qwen3-VL-32B-Instruct","targetModelName":"Qwen/Qwen3-VL-32B-Instruct"}
{"level":"info","ts":1785058936.1060922,"caller":"handlers/server.go:395","msg":"EPP received request","x-request-id":"7f2180e0-7f60-4d1a-a1f9-8dd98227ae44"}
{"level":"info","ts":1785058936.116363,"caller":"handlers/server.go:656","msg":"EPP sent request body response(s) to proxy","x-request-id":"53cdac67-4f2d-4288-8dff-d3ad38b553c9","modelName":"Qwen/Qwen3-VL-32B-Instruct","targetModelName":"Qwen/Qwen3-VL-32B-Instruct"}
{"level":"info","ts":1785058936.1163852,"caller":"handlers/server.go:395","msg":"EPP received request","x-request-id":"a82d9028-35e1-45de-b685-0ae26901c9c1"}
{"level":"info","ts":1785058936.1200216,"caller":"handlers/server.go:395","msg":"EPP received request","x-request-id":"a92561aa-edd7-4884-9e90-f44d5d534f2f"}
{"level":"info","ts":1785058936.1229885,"caller":"handlers/server.go:656","msg":"EPP sent request body response(s) to proxy","x-request-id":"c7891862-673a-418a-b153-d9e8a16d468e","modelName":"Qwen/Qwen3-VL-32B-Instruct","targetModelName":"Qwen/Qwen3-VL-32B-Instruct"}
{"level":"info","ts":1785058936.1231601,"caller":"handlers/server.go:656","msg":"EPP sent request body response(s) to proxy","x-request-id":"737e1b41-5f21-4239-9589-80ecae73bde3","modelName":"Qwen/Qwen3-VL-32B-Instruct","targetModelName":"Qwen/Qwen3-VL-32B-Instruct"}
{"level":"info","ts":1785058936.1250103,"caller":"handlers/server.go:656","msg":"EPP sent request body response(s) to proxy","x-request-id":"37a9f593-298a-406e-b68a-e8ff3d459a1a","modelName":"Qwen/Qwen3-VL-32B-Instruct","targetModelName":"Qwen/Qwen3-VL-32B-Instruct"}
{"level":"info","ts":1785058936.1253376,"caller":"handlers/server.go:656","msg":"EPP sent request body response(s) to proxy","x-request-id":"6c6d876b-3f6a-4d6b-8140-7f7e01fa8a13","modelName":"Qwen/Qwen3-VL-32B-Instruct","targetModelName":"Qwen/Qwen3-VL-32B-Instruct"}
{"level":"info","ts":1785058936.1293392,"caller":"handlers/server.go:656","msg":"EPP sent request body response(s) to proxy","x-request-id":"d5c6af9a-690f-4dc3-ac5e-7958c55c6bfb","modelName":"Qwen/Qwen3-VL-32B-Instruct","targetModelName":"Qwen/Qwen3-VL-32B-Instruct"}
{"level":"info","ts":1785058936.131592,"caller":"handlers/server.go:656","msg":"EPP sent request body response(s) to proxy","x-request-id":"b08647c1-0b53-40cd-bf73-cc04c8353c05","modelName":"Qwen/Qwen3-VL-32B-Instruct","targetModelName":"Qwen/Qwen3-VL-32B-Instruct"}
{"level":"info","ts":1785058936.13472,"caller":"handlers/server.go:395","msg":"EPP received request","x-request-id":"0adf27e1-cd3c-4930-96a9-e69cf40aaab1"}
{"level":"info","ts":1785058936.1394167,"caller":"handlers/server.go:395","msg":"EPP received request","x-request-id":"66484d33-9913-46be-ba39-4500c8dbd0cf"}
{"level":"info","ts":1785058936.1419575,"caller":"handlers/server.go:656","msg":"EPP sent request body response(s) to proxy","x-request-id":"dd658c87-8e21-40b4-b34f-112e78a7aa0d","modelName":"Qwen/Qwen3-VL-32B-Instruct","targetModelName":"Qwen/Qwen3-VL-32B-Instruct"}
{"level":"info","ts":1785058936.1439705,"caller":"handlers/server.go:395","msg":"EPP received request","x-request-id":"e1c7befd-40b3-48fe-8a26-0e5f4f075624"}
{"level":"info","ts":1785058936.1490347,"caller":"handlers/server.go:656","msg":"EPP sent request body response(s) to proxy","x-request-id":"2673450d-11b7-4aa5-91f8-31d2e779d1a2","modelName":"Qwen/Qwen3-VL-32B-Instruct","targetModelName":"Qwen/Qwen3-VL-32B-Instruct"}
{"level":"info","ts":1785058936.1504126,"caller":"handlers/server.go:395","msg":"EPP received request","x-request-id":"8b2998b8-de18-4340-be8b-5dfe9b6c38e3"}
{"level":"info","ts":1785058936.1518555,"caller":"handlers/server.go:656","msg":"EPP sent request body response(s) to proxy","x-request-id":"3a018181-44b4-485e-89ef-6c66bc1943ae","modelName":"Qwen/Qwen3-VL-32B-Instruct","targetModelName":"Qwen/Qwen3-VL-32B-Instruct"}
{"level":"info","ts":1785058936.154587,"caller":"handlers/server.go:656","msg":"EPP sent request body response(s) to proxy","x-request-id":"2669fa14-81a9-4525-8aea-a253a0dfbb64","modelName":"Qwen/Qwen3-VL-32B-Instruct","targetModelName":"Qwen/Qwen3-VL-32B-Instruct"}
{"level":"info","ts":1785058936.1549668,"caller":"handlers/server.go:656","msg":"EPP sent request body response(s) to proxy","x-request-id":"c302a487-2948-474c-963e-0779e42880c5","modelName":"Qwen/Qwen3-VL-32B-Instruct","targetModelName":"Qwen/Qwen3-VL-32B-Instruct"}
{"level":"info","ts":1785058936.1761122,"caller":"handlers/server.go:656","msg":"EPP sent request body response(s) to proxy","x-request-id":"2e032c67-3dd7-45ee-8c9b-f4e9727f171c","modelName":"Qwen/Qwen3-VL-32B-Instruct","targetModelName":"Qwen/Qwen3-VL-32B-Instruct"}
{"level":"info","ts":1785058936.1768112,"caller":"handlers/server.go:395","msg":"EPP received request","x-request-id":"50be4542-0685-4391-9b9c-cfd5dc720f28"}
{"level":"info","ts":1785058936.177304,"caller":"handlers/server.go:395","msg":"EPP received request","x-request-id":"2c896414-58e8-4751-9ce0-8a6908ed7e65"}
{"level":"info","ts":1785058936.182519,"caller":"handlers/server.go:656","msg":"EPP sent request body response(s) to proxy","x-request-id":"66484d33-9913-46be-ba39-4500c8dbd0cf","modelName":"Qwen/Qwen3-VL-32B-Instruct","targetModelName":"Qwen/Qwen3-VL-32B-Instruct"}
{"level":"info","ts":1785058936.183839,"caller":"handlers/server.go:395","msg":"EPP received request","x-request-id":"8a622c36-c410-401d-80c3-2d9b33535484"}
{"level":"info","ts":1785058936.1869593,"caller":"handlers/server.go:656","msg":"EPP sent request body response(s) to proxy","x-request-id":"c338625a-a6b5-4bb7-b1f2-9ac99d797f33","modelName":"Qwen/Qwen3-VL-32B-Instruct","targetModelName":"Qwen/Qwen3-VL-32B-Instruct"}
{"level":"info","ts":1785058936.1905198,"caller":"handlers/server.go:656","msg":"EPP sent request body response(s) to proxy","x-request-id":"dac67bd3-debd-485e-a248-2498c47a4563","modelName":"Qwen/Qwen3-VL-32B-Instruct","targetModelName":"Qwen/Qwen3-VL-32B-Instruct"}
{"level":"info","ts":1785058936.1921792,"caller":"handlers/server.go:656","msg":"EPP sent request body response(s) to proxy","x-request-id":"a82d9028-35e1-45de-b685-0ae26901c9c1","modelName":"Qwen/Qwen3-VL-32B-Instruct","targetModelName":"Qwen/Qwen3-VL-32B-Instruct"}
{"level":"info","ts":1785058936.1982784,"caller":"handlers/server.go:395","msg":"EPP received request","x-request-id":"349c1e86-013a-4018-b259-79af302beb60"}
{"level":"info","ts":1785058936.199125,"caller":"handlers/server.go:395","msg":"EPP received request","x-request-id":"3b710e0c-418f-4699-9ec5-58a9be679e61"}
{"level":"info","ts":1785058936.2021616,"caller":"handlers/server.go:656","msg":"EPP sent request body response(s) to proxy","x-request-id":"8b2998b8-de18-4340-be8b-5dfe9b6c38e3","modelName":"Qwen/Qwen3-VL-32B-Instruct","targetModelName":"Qwen/Qwen3-VL-32B-Instruct"}
{"level":"info","ts":1785058936.21916,"caller":"handlers/server.go:395","msg":"EPP received request","x-request-id":"c1115a69-6b95-4593-81b1-9f2c452c1054"}
{"level":"info","ts":1785058936.221137,"caller":"handlers/server.go:395","msg":"EPP received request","x-request-id":"b867232f-0245-4cc7-a5e5-5b348a0adef8"}
{"level":"info","ts":1785058936.2220743,"caller":"handlers/server.go:656","msg":"EPP sent request body response(s) to proxy","x-request-id":"50be4542-0685-4391-9b9c-cfd5dc720f28","modelName":"Qwen/Qwen3-VL-32B-Instruct","targetModelName":"Qwen/Qwen3-VL-32B-Instruct"}
{"level":"info","ts":1785058936.2268116,"caller":"handlers/server.go:395","msg":"EPP received request","x-request-id":"575ce80a-373c-419e-9a85-2339ed88e8e0"}
{"level":"info","ts":1785058936.2403193,"caller":"handlers/server.go:395","msg":"EPP received request","x-request-id":"9d2ffef5-09ec-45f4-a0bf-68ba00dd2c5f"}
{"level":"info","ts":1785058936.245291,"caller":"handlers/server.go:656","msg":"EPP sent request body response(s) to proxy","x-request-id":"7f2180e0-7f60-4d1a-a1f9-8dd98227ae44","modelName":"Qwen/Qwen3-VL-32B-Instruct","targetModelName":"Qwen/Qwen3-VL-32B-Instruct"}
{"level":"info","ts":1785058936.2471614,"caller":"handlers/server.go:395","msg":"EPP received request","x-request-id":"7d1f2e7e-7364-42bf-a5b0-7c37eebf37c9"}
{"level":"info","ts":1785058936.2530165,"caller":"handlers/server.go:395","msg":"EPP received request","x-request-id":"9a4efc25-305b-4d10-ab3e-1f40c41dac89"}
{"level":"info","ts":1785058936.2560446,"caller":"handlers/server.go:656","msg":"EPP sent request body response(s) to proxy","x-request-id":"2c896414-58e8-4751-9ce0-8a6908ed7e65","modelName":"Qwen/Qwen3-VL-32B-Instruct","targetModelName":"Qwen/Qwen3-VL-32B-Instruct"}
{"level":"info","ts":1785058936.2600858,"caller":"handlers/server.go:656","msg":"EPP sent request body response(s) to proxy","x-request-id":"0adf27e1-cd3c-4930-96a9-e69cf40aaab1","modelName":"Qwen/Qwen3-VL-32B-Instruct","targetModelName":"Qwen/Qwen3-VL-32B-Instruct"}
{"level":"info","ts":1785058936.2674406,"caller":"handlers/server.go:395","msg":"EPP received request","x-request-id":"b41a4392-081b-40b1-aa81-1b2756221cff"}
{"level":"info","ts":1785058936.2721608,"caller":"handlers/server.go:656","msg":"EPP sent request body response(s) to proxy","x-request-id":"5dfe447f-cc87-44cf-b6d4-791569157ea6","modelName":"Qwen/Qwen3-VL-32B-Instruct","targetModelName":"Qwen/Qwen3-VL-32B-Instruct"}
{"level":"info","ts":1785058936.2773383,"caller":"handlers/server.go:656","msg":"EPP sent request body response(s) to proxy","x-request-id":"b867232f-0245-4cc7-a5e5-5b348a0adef8","modelName":"Qwen/Qwen3-VL-32B-Instruct","targetModelName":"Qwen/Qwen3-VL-32B-Instruct"}
{"level":"info","ts":1785058936.2834444,"caller":"handlers/server.go:395","msg":"EPP received request","x-request-id":"ed2b1e30-4fdc-48df-be34-82c7dfb6f18e"}
{"level":"info","ts":1785058936.2863805,"caller":"handlers/server.go:656","msg":"EPP sent request body response(s) to proxy","x-request-id":"9d2ffef5-09ec-45f4-a0bf-68ba00dd2c5f","modelName":"Qwen/Qwen3-VL-32B-Instruct","targetModelName":"Qwen/Qwen3-VL-32B-Instruct"}
{"level":"info","ts":1785058936.2876256,"caller":"handlers/server.go:656","msg":"EPP sent request body response(s) to proxy","x-request-id":"3f35e833-ff78-4f47-ae41-66c469a54efa","modelName":"Qwen/Qwen3-VL-32B-Instruct","targetModelName":"Qwen/Qwen3-VL-32B-Instruct"}
{"level":"info","ts":1785058936.2881866,"caller":"handlers/server.go:395","msg":"EPP received request","x-request-id":"49a62a42-720c-42b1-9a19-cb19b9a65333"}
{"level":"info","ts":1785058936.2890644,"caller":"handlers/server.go:395","msg":"EPP received request","x-request-id":"3184f4d2-b9c1-4909-bbd0-4b910abf9a8e"}
{"level":"info","ts":1785058936.296095,"caller":"handlers/server.go:395","msg":"EPP received request","x-request-id":"d40f7a00-53ff-41e5-855e-5dc7d4037002"}
{"level":"info","ts":1785058936.300809,"caller":"handlers/server.go:656","msg":"EPP sent request body response(s) to proxy","x-request-id":"a92561aa-edd7-4884-9e90-f44d5d534f2f","modelName":"Qwen/Qwen3-VL-32B-Instruct","targetModelName":"Qwen/Qwen3-VL-32B-Instruct"}
{"level":"info","ts":1785058936.3014827,"caller":"handlers/server.go:656","msg":"EPP sent request body response(s) to proxy","x-request-id":"7d1f2e7e-7364-42bf-a5b0-7c37eebf37c9","modelName":"Qwen/Qwen3-VL-32B-Instruct","targetModelName":"Qwen/Qwen3-VL-32B-Instruct"}
{"level":"info","ts":1785058936.3053975,"caller":"handlers/server.go:656","msg":"EPP sent request body response(s) to proxy","x-request-id":"3b710e0c-418f-4699-9ec5-58a9be679e61","modelName":"Qwen/Qwen3-VL-32B-Instruct","targetModelName":"Qwen/Qwen3-VL-32B-Instruct"}
{"level":"info","ts":1785058936.3070846,"caller":"handlers/server.go:395","msg":"EPP received request","x-request-id":"ac83045a-1f93-4b9f-9203-f226e1cc1a4f"}
{"level":"info","ts":1785058936.3142521,"caller":"handlers/server.go:395","msg":"EPP received request","x-request-id":"71f82ae2-aeb0-458f-ba0a-26487d2bac2c"}
{"level":"info","ts":1785058936.343239,"caller":"handlers/server.go:395","msg":"EPP received request","x-request-id":"a77cb5d2-a0d3-495f-9f1b-a5f504cbad37"}
{"level":"info","ts":1785058936.3449397,"caller":"handlers/server.go:656","msg":"EPP sent request body response(s) to proxy","x-request-id":"e1c7befd-40b3-48fe-8a26-0e5f4f075624","modelName":"Qwen/Qwen3-VL-32B-Instruct","targetModelName":"Qwen/Qwen3-VL-32B-Instruct"}
{"level":"info","ts":1785058936.3477523,"caller":"handlers/server.go:656","msg":"EPP sent request body response(s) to proxy","x-request-id":"b41a4392-081b-40b1-aa81-1b2756221cff","modelName":"Qwen/Qwen3-VL-32B-Instruct","targetModelName":"Qwen/Qwen3-VL-32B-Instruct"}
{"level":"info","ts":1785058936.3492267,"caller":"handlers/server.go:395","msg":"EPP received request","x-request-id":"429571ab-e29e-429e-8076-ed98b768ea45"}
{"level":"info","ts":1785058936.3582563,"caller":"handlers/server.go:656","msg":"EPP sent request body response(s) to proxy","x-request-id":"ac83045a-1f93-4b9f-9203-f226e1cc1a4f","modelName":"Qwen/Qwen3-VL-32B-Instruct","targetModelName":"Qwen/Qwen3-VL-32B-Instruct"}
{"level":"info","ts":1785058936.3645716,"caller":"handlers/server.go:656","msg":"EPP sent request body response(s) to proxy","x-request-id":"8a622c36-c410-401d-80c3-2d9b33535484","modelName":"Qwen/Qwen3-VL-32B-Instruct","targetModelName":"Qwen/Qwen3-VL-32B-Instruct"}
{"level":"info","ts":1785058936.36549,"caller":"handlers/server.go:656","msg":"EPP sent request body response(s) to proxy","x-request-id":"ed2b1e30-4fdc-48df-be34-82c7dfb6f18e","modelName":"Qwen/Qwen3-VL-32B-Instruct","targetModelName":"Qwen/Qwen3-VL-32B-Instruct"}
{"level":"info","ts":1785058936.3666577,"caller":"handlers/server.go:395","msg":"EPP received request","x-request-id":"f6944713-1ee3-4ec6-b1db-301b5e4edfd5"}
{"level":"info","ts":1785058936.3685842,"caller":"handlers/server.go:395","msg":"EPP received request","x-request-id":"2ab7a2cd-8d03-4c55-890c-2dfcf4dba8f6"}
{"level":"info","ts":1785058936.3736477,"caller":"handlers/server.go:656","msg":"EPP sent request body response(s) to proxy","x-request-id":"c1115a69-6b95-4593-81b1-9f2c452c1054","modelName":"Qwen/Qwen3-VL-32B-Instruct","targetModelName":"Qwen/Qwen3-VL-32B-Instruct"}
{"level":"info","ts":1785058936.3789773,"caller":"handlers/server.go:395","msg":"EPP received request","x-request-id":"37b3fd35-14d2-4828-aec9-ea11c0c72d82"}
{"level":"info","ts":1785058936.390058,"caller":"handlers/server.go:395","msg":"EPP received request","x-request-id":"d16aa60d-f103-4ba8-88a3-0af094c5a063"}
{"level":"info","ts":1785058936.3905046,"caller":"handlers/server.go:656","msg":"EPP sent request body response(s) to proxy","x-request-id":"49a62a42-720c-42b1-9a19-cb19b9a65333","modelName":"Qwen/Qwen3-VL-32B-Instruct","targetModelName":"Qwen/Qwen3-VL-32B-Instruct"}
{"level":"info","ts":1785058936.3942351,"caller":"handlers/server.go:395","msg":"EPP received request","x-request-id":"6e8afa2f-be90-4dba-b075-8d88674cb82c"}
{"level":"info","ts":1785058936.395743,"caller":"handlers/server.go:395","msg":"EPP received request","x-request-id":"221c1263-9626-4380-943f-a5a05d50e1d9"}
{"level":"info","ts":1785058936.3961103,"caller":"handlers/server.go:656","msg":"EPP sent request body response(s) to proxy","x-request-id":"349c1e86-013a-4018-b259-79af302beb60","modelName":"Qwen/Qwen3-VL-32B-Instruct","targetModelName":"Qwen/Qwen3-VL-32B-Instruct"}
{"level":"info","ts":1785058936.406124,"caller":"handlers/server.go:656","msg":"EPP sent request body response(s) to proxy","x-request-id":"71f82ae2-aeb0-458f-ba0a-26487d2bac2c","modelName":"Qwen/Qwen3-VL-32B-Instruct","targetModelName":"Qwen/Qwen3-VL-32B-Instruct"}
{"level":"info","ts":1785058936.4150207,"caller":"handlers/server.go:395","msg":"EPP received request","x-request-id":"92150b7d-91a0-44c4-a2db-02e29646c717"}
{"level":"info","ts":1785058936.429635,"caller":"handlers/server.go:656","msg":"EPP sent request body response(s) to proxy","x-request-id":"9a4efc25-305b-4d10-ab3e-1f40c41dac89","modelName":"Qwen/Qwen3-VL-32B-Instruct","targetModelName":"Qwen/Qwen3-VL-32B-Instruct"}
{"level":"info","ts":1785058936.4335458,"caller":"handlers/server.go:395","msg":"EPP received request","x-request-id":"82e425bf-ddf1-46d1-95cc-a78f0784917e"}
{"level":"info","ts":1785058936.439876,"caller":"handlers/server.go:656","msg":"EPP sent request body response(s) to proxy","x-request-id":"575ce80a-373c-419e-9a85-2339ed88e8e0","modelName":"Qwen/Qwen3-VL-32B-Instruct","targetModelName":"Qwen/Qwen3-VL-32B-Instruct"}
{"level":"info","ts":1785058936.445702,"caller":"handlers/server.go:395","msg":"EPP received request","x-request-id":"a445d74f-96b8-4e3d-b88d-e18056c5287e"}
{"level":"info","ts":1785058936.4513361,"caller":"handlers/server.go:656","msg":"EPP sent request body response(s) to proxy","x-request-id":"429571ab-e29e-429e-8076-ed98b768ea45","modelName":"Qwen/Qwen3-VL-32B-Instruct","targetModelName":"Qwen/Qwen3-VL-32B-Instruct"}
{"level":"info","ts":1785058936.4533896,"caller":"handlers/server.go:395","msg":"EPP received request","x-request-id":"00d58f0f-a647-4424-a192-2a7627259a1e"}
{"level":"info","ts":1785058936.466229,"caller":"handlers/server.go:395","msg":"EPP received request","x-request-id":"d39d1411-12b0-4b44-9979-812298309bd4"}
{"level":"info","ts":1785058936.4717274,"caller":"handlers/server.go:656","msg":"EPP sent request body response(s) to proxy","x-request-id":"3184f4d2-b9c1-4909-bbd0-4b910abf9a8e","modelName":"Qwen/Qwen3-VL-32B-Instruct","targetModelName":"Qwen/Qwen3-VL-32B-Instruct"}
{"level":"info","ts":1785058936.477077,"caller":"handlers/server.go:395","msg":"EPP received request","x-request-id":"21523f27-d045-448b-9a91-66abeff68115"}
{"level":"info","ts":1785058936.4776316,"caller":"handlers/server.go:395","msg":"EPP received request","x-request-id":"743ed43a-7279-4f2b-91c7-818925a1afb7"}
{"level":"info","ts":1785058936.4860575,"caller":"handlers/server.go:656","msg":"EPP sent request body response(s) to proxy","x-request-id":"92150b7d-91a0-44c4-a2db-02e29646c717","modelName":"Qwen/Qwen3-VL-32B-Instruct","targetModelName":"Qwen/Qwen3-VL-32B-Instruct"}
{"level":"info","ts":1785058936.4933486,"caller":"handlers/server.go:656","msg":"EPP sent request body response(s) to proxy","x-request-id":"37b3fd35-14d2-4828-aec9-ea11c0c72d82","modelName":"Qwen/Qwen3-VL-32B-Instruct","targetModelName":"Qwen/Qwen3-VL-32B-Instruct"}
{"level":"info","ts":1785058936.4942443,"caller":"handlers/server.go:395","msg":"EPP received request","x-request-id":"1a4133a9-ba28-4fe4-b72e-464ef1850b82"}
{"level":"info","ts":1785058936.5029316,"caller":"handlers/server.go:395","msg":"EPP received request","x-request-id":"f0aea60e-a485-4500-8d6c-48dd7f348fa4"}
{"level":"info","ts":1785058936.5151842,"caller":"handlers/server.go:656","msg":"EPP sent request body response(s) to proxy","x-request-id":"a77cb5d2-a0d3-495f-9f1b-a5f504cbad37","modelName":"Qwen/Qwen3-VL-32B-Instruct","targetModelName":"Qwen/Qwen3-VL-32B-Instruct"}
{"level":"info","ts":1785058936.5212014,"caller":"handlers/server.go:395","msg":"EPP received request","x-request-id":"70f5f625-084c-4356-b295-64f2292930bf"}
{"level":"info","ts":1785058936.5380735,"caller":"handlers/server.go:395","msg":"EPP received request","x-request-id":"a5b7dc40-d2b2-4da7-91a3-aa330d3fd288"}
{"level":"info","ts":1785058936.5478537,"caller":"handlers/server.go:656","msg":"EPP sent request body response(s) to proxy","x-request-id":"21523f27-d045-448b-9a91-66abeff68115","modelName":"Qwen/Qwen3-VL-32B-Instruct","targetModelName":"Qwen/Qwen3-VL-32B-Instruct"}
{"level":"info","ts":1785058936.5484326,"caller":"handlers/server.go:395","msg":"EPP received request","x-request-id":"4b325f83-e4e0-47df-a6a1-aab07ee0cbe1"}
{"level":"info","ts":1785058936.5571165,"caller":"handlers/server.go:656","msg":"EPP sent request body response(s) to proxy","x-request-id":"743ed43a-7279-4f2b-91c7-818925a1afb7","modelName":"Qwen/Qwen3-VL-32B-Instruct","targetModelName":"Qwen/Qwen3-VL-32B-Instruct"}
{"level":"info","ts":1785058936.5611768,"caller":"handlers/server.go:395","msg":"EPP received request","x-request-id":"92bb1fb8-c05f-4bba-a1b1-44dc155343de"}
{"level":"info","ts":1785058936.5665994,"caller":"handlers/server.go:656","msg":"EPP sent request body response(s) to proxy","x-request-id":"d40f7a00-53ff-41e5-855e-5dc7d4037002","modelName":"Qwen/Qwen3-VL-32B-Instruct","targetModelName":"Qwen/Qwen3-VL-32B-Instruct"}
{"level":"info","ts":1785058936.572028,"caller":"handlers/server.go:395","msg":"EPP received request","x-request-id":"59370190-7213-4629-84ee-7bd222c3d538"}
{"level":"info","ts":1785058936.5742435,"caller":"handlers/server.go:656","msg":"EPP sent request body response(s) to proxy","x-request-id":"6e8afa2f-be90-4dba-b075-8d88674cb82c","modelName":"Qwen/Qwen3-VL-32B-Instruct","targetModelName":"Qwen/Qwen3-VL-32B-Instruct"}
{"level":"info","ts":1785058936.5809698,"caller":"handlers/server.go:395","msg":"EPP received request","x-request-id":"7ae83077-f617-4c93-a14e-05e170ce1b11"}
{"level":"info","ts":1785058936.5836196,"caller":"handlers/server.go:656","msg":"EPP sent request body response(s) to proxy","x-request-id":"00d58f0f-a647-4424-a192-2a7627259a1e","modelName":"Qwen/Qwen3-VL-32B-Instruct","targetModelName":"Qwen/Qwen3-VL-32B-Instruct"}
{"level":"info","ts":1785058936.586484,"caller":"handlers/server.go:656","msg":"EPP sent request body response(s) to proxy","x-request-id":"221c1263-9626-4380-943f-a5a05d50e1d9","modelName":"Qwen/Qwen3-VL-32B-Instruct","targetModelName":"Qwen/Qwen3-VL-32B-Instruct"}
{"level":"info","ts":1785058936.5901866,"caller":"handlers/server.go:395","msg":"EPP received request","x-request-id":"6b732cd3-adc7-40f5-ae83-2122d72b00cf"}
{"level":"info","ts":1785058936.6045008,"caller":"handlers/server.go:395","msg":"EPP received request","x-request-id":"0a77f7b5-2e28-45e9-a012-30bdf0a47ee2"}
{"level":"info","ts":1785058936.6111555,"caller":"handlers/server.go:656","msg":"EPP sent request body response(s) to proxy","x-request-id":"f6944713-1ee3-4ec6-b1db-301b5e4edfd5","modelName":"Qwen/Qwen3-VL-32B-Instruct","targetModelName":"Qwen/Qwen3-VL-32B-Instruct"}
{"level":"info","ts":1785058936.612104,"caller":"handlers/server.go:656","msg":"EPP sent request body response(s) to proxy","x-request-id":"d16aa60d-f103-4ba8-88a3-0af094c5a063","modelName":"Qwen/Qwen3-VL-32B-Instruct","targetModelName":"Qwen/Qwen3-VL-32B-Instruct"}
{"level":"info","ts":1785058936.6279304,"caller":"handlers/server.go:656","msg":"EPP sent request body response(s) to proxy","x-request-id":"2ab7a2cd-8d03-4c55-890c-2dfcf4dba8f6","modelName":"Qwen/Qwen3-VL-32B-Instruct","targetModelName":"Qwen/Qwen3-VL-32B-Instruct"}
{"level":"info","ts":1785058936.6291952,"caller":"handlers/server.go:395","msg":"EPP received request","x-request-id":"484cb760-64c4-4d95-93d6-fef94d7a1960"}
{"level":"info","ts":1785058936.6299405,"caller":"handlers/server.go:395","msg":"EPP received request","x-request-id":"034b0081-2083-4e9f-b81d-1b089f3ab712"}
{"level":"info","ts":1785058936.6364057,"caller":"handlers/server.go:395","msg":"EPP received request","x-request-id":"a547099f-3f1a-4884-acab-a7732a5d026c"}
{"level":"info","ts":1785058936.6400976,"caller":"handlers/server.go:656","msg":"EPP sent request body response(s) to proxy","x-request-id":"d39d1411-12b0-4b44-9979-812298309bd4","modelName":"Qwen/Qwen3-VL-32B-Instruct","targetModelName":"Qwen/Qwen3-VL-32B-Instruct"}
{"level":"info","ts":1785058936.6412885,"caller":"handlers/server.go:395","msg":"EPP received request","x-request-id":"150cc695-cbb7-44be-bafe-9aa9b35fc6d8"}
{"level":"info","ts":1785058936.650594,"caller":"handlers/server.go:656","msg":"EPP sent request body response(s) to proxy","x-request-id":"a445d74f-96b8-4e3d-b88d-e18056c5287e","modelName":"Qwen/Qwen3-VL-32B-Instruct","targetModelName":"Qwen/Qwen3-VL-32B-Instruct"}
{"level":"info","ts":1785058936.6527042,"caller":"handlers/server.go:395","msg":"EPP received request","x-request-id":"88a23790-4cfe-43ac-9caf-432ee3619ab7"}
{"level":"info","ts":1785058936.6617992,"caller":"handlers/server.go:395","msg":"EPP received request","x-request-id":"98b82efe-b3bc-428f-8ffb-bc65d05da8ca"}
{"level":"info","ts":1785058936.6710668,"caller":"handlers/server.go:656","msg":"EPP sent request body response(s) to proxy","x-request-id":"82e425bf-ddf1-46d1-95cc-a78f0784917e","modelName":"Qwen/Qwen3-VL-32B-Instruct","targetModelName":"Qwen/Qwen3-VL-32B-Instruct"}
{"level":"info","ts":1785058936.675779,"caller":"handlers/server.go:395","msg":"EPP received request","x-request-id":"4a4e1e3d-8fbe-4f00-8833-03a100300e50"}
{"level":"info","ts":1785058936.6762247,"caller":"handlers/server.go:395","msg":"EPP received request","x-request-id":"b89f61c2-93c6-4ab3-84e9-132b278eaaa7"}
{"level":"info","ts":1785058936.6803372,"caller":"handlers/server.go:656","msg":"EPP sent request body response(s) to proxy","x-request-id":"f0aea60e-a485-4500-8d6c-48dd7f348fa4","modelName":"Qwen/Qwen3-VL-32B-Instruct","targetModelName":"Qwen/Qwen3-VL-32B-Instruct"}
{"level":"info","ts":1785058936.6805463,"caller":"handlers/server.go:395","msg":"EPP received request","x-request-id":"2d5798a1-3838-446c-ac78-05e4252b011f"}
{"level":"info","ts":1785058936.6835792,"caller":"handlers/server.go:656","msg":"EPP sent request body response(s) to proxy","x-request-id":"1a4133a9-ba28-4fe4-b72e-464ef1850b82","modelName":"Qwen/Qwen3-VL-32B-Instruct","targetModelName":"Qwen/Qwen3-VL-32B-Instruct"}
{"level":"info","ts":1785058936.684227,"caller":"handlers/server.go:656","msg":"EPP sent request body response(s) to proxy","x-request-id":"a5b7dc40-d2b2-4da7-91a3-aa330d3fd288","modelName":"Qwen/Qwen3-VL-32B-Instruct","targetModelName":"Qwen/Qwen3-VL-32B-Instruct"}
{"level":"info","ts":1785058936.6854851,"caller":"handlers/server.go:395","msg":"EPP received request","x-request-id":"fd09b930-2da0-4bca-beaa-dcd146e8ce5e"}
{"level":"info","ts":1785058936.6946151,"caller":"handlers/server.go:395","msg":"EPP received request","x-request-id":"0d267585-e339-42cf-a8d2-13fa07ae5de3"}
{"level":"info","ts":1785058936.7010713,"caller":"handlers/server.go:395","msg":"EPP received request","x-request-id":"ad78fab6-a242-4627-9e1f-79e352d1940a"}
{"level":"info","ts":1785058936.710995,"caller":"handlers/server.go:395","msg":"EPP received request","x-request-id":"ba503f4c-acc2-445f-94d0-af26bda0a65b"}
{"level":"info","ts":1785058936.720507,"caller":"handlers/server.go:656","msg":"EPP sent request body response(s) to proxy","x-request-id":"b89f61c2-93c6-4ab3-84e9-132b278eaaa7","modelName":"Qwen/Qwen3-VL-32B-Instruct","targetModelName":"Qwen/Qwen3-VL-32B-Instruct"}
{"level":"info","ts":1785058936.7248638,"caller":"handlers/server.go:395","msg":"EPP received request","x-request-id":"3591034d-b337-48a7-a803-a5c0f1d4e244"}
{"level":"info","ts":1785058936.72626,"caller":"handlers/server.go:656","msg":"EPP sent request body response(s) to proxy","x-request-id":"88a23790-4cfe-43ac-9caf-432ee3619ab7","modelName":"Qwen/Qwen3-VL-32B-Instruct","targetModelName":"Qwen/Qwen3-VL-32B-Instruct"}
{"level":"info","ts":1785058936.7312272,"caller":"handlers/server.go:656","msg":"EPP sent request body response(s) to proxy","x-request-id":"98b82efe-b3bc-428f-8ffb-bc65d05da8ca","modelName":"Qwen/Qwen3-VL-32B-Instruct","targetModelName":"Qwen/Qwen3-VL-32B-Instruct"}
{"level":"info","ts":1785058936.7325788,"caller":"handlers/server.go:395","msg":"EPP received request","x-request-id":"c7a293e3-0385-464c-9dd8-4abd2344f561"}
{"level":"info","ts":1785058936.738527,"caller":"handlers/server.go:656","msg":"EPP sent request body response(s) to proxy","x-request-id":"0d267585-e339-42cf-a8d2-13fa07ae5de3","modelName":"Qwen/Qwen3-VL-32B-Instruct","targetModelName":"Qwen/Qwen3-VL-32B-Instruct"}
{"level":"info","ts":1785058936.7388878,"caller":"handlers/server.go:656","msg":"EPP sent request body response(s) to proxy","x-request-id":"0a77f7b5-2e28-45e9-a012-30bdf0a47ee2","modelName":"Qwen/Qwen3-VL-32B-Instruct","targetModelName":"Qwen/Qwen3-VL-32B-Instruct"}
{"level":"info","ts":1785058936.745454,"caller":"handlers/server.go:656","msg":"EPP sent request body response(s) to proxy","x-request-id":"6b732cd3-adc7-40f5-ae83-2122d72b00cf","modelName":"Qwen/Qwen3-VL-32B-Instruct","targetModelName":"Qwen/Qwen3-VL-32B-Instruct"}
{"level":"info","ts":1785058936.7494907,"caller":"handlers/server.go:656","msg":"EPP sent request body response(s) to proxy","x-request-id":"484cb760-64c4-4d95-93d6-fef94d7a1960","modelName":"Qwen/Qwen3-VL-32B-Instruct","targetModelName":"Qwen/Qwen3-VL-32B-Instruct"}
{"level":"info","ts":1785058936.7527285,"caller":"handlers/server.go:395","msg":"EPP received request","x-request-id":"208c0c52-2687-44d1-a784-a8ac134a934c"}
{"level":"info","ts":1785058936.7566648,"caller":"handlers/server.go:656","msg":"EPP sent request body response(s) to proxy","x-request-id":"7ae83077-f617-4c93-a14e-05e170ce1b11","modelName":"Qwen/Qwen3-VL-32B-Instruct","targetModelName":"Qwen/Qwen3-VL-32B-Instruct"}
{"level":"info","ts":1785058936.7576625,"caller":"handlers/server.go:656","msg":"EPP sent request body response(s) to proxy","x-request-id":"4a4e1e3d-8fbe-4f00-8833-03a100300e50","modelName":"Qwen/Qwen3-VL-32B-Instruct","targetModelName":"Qwen/Qwen3-VL-32B-Instruct"}
{"level":"info","ts":1785058936.7599585,"caller":"handlers/server.go:656","msg":"EPP sent request body response(s) to proxy","x-request-id":"59370190-7213-4629-84ee-7bd222c3d538","modelName":"Qwen/Qwen3-VL-32B-Instruct","targetModelName":"Qwen/Qwen3-VL-32B-Instruct"}
{"level":"info","ts":1785058936.7605608,"caller":"handlers/server.go:656","msg":"EPP sent request body response(s) to proxy","x-request-id":"034b0081-2083-4e9f-b81d-1b089f3ab712","modelName":"Qwen/Qwen3-VL-32B-Instruct","targetModelName":"Qwen/Qwen3-VL-32B-Instruct"}
{"level":"info","ts":1785058936.7607543,"caller":"handlers/server.go:656","msg":"EPP sent request body response(s) to proxy","x-request-id":"70f5f625-084c-4356-b295-64f2292930bf","modelName":"Qwen/Qwen3-VL-32B-Instruct","targetModelName":"Qwen/Qwen3-VL-32B-Instruct"}
{"level":"info","ts":1785058936.761599,"caller":"handlers/server.go:656","msg":"EPP sent request body response(s) to proxy","x-request-id":"ad78fab6-a242-4627-9e1f-79e352d1940a","modelName":"Qwen/Qwen3-VL-32B-Instruct","targetModelName":"Qwen/Qwen3-VL-32B-Instruct"}
{"level":"info","ts":1785058936.767869,"caller":"handlers/server.go:395","msg":"EPP received request","x-request-id":"17181d11-8880-4f78-83ff-d32288f56498"}
{"level":"info","ts":1785058936.7733212,"caller":"handlers/server.go:395","msg":"EPP received request","x-request-id":"75886278-f6fc-462d-a316-513c8f4e3a59"}
{"level":"info","ts":1785058936.7790427,"caller":"handlers/server.go:395","msg":"EPP received request","x-request-id":"42303585-dccc-4e28-b1d3-302b131b7181"}
{"level":"info","ts":1785058936.7853017,"caller":"handlers/server.go:656","msg":"EPP sent request body response(s) to proxy","x-request-id":"4b325f83-e4e0-47df-a6a1-aab07ee0cbe1","modelName":"Qwen/Qwen3-VL-32B-Instruct","targetModelName":"Qwen/Qwen3-VL-32B-Instruct"}
{"level":"info","ts":1785058936.7853749,"caller":"handlers/server.go:395","msg":"EPP received request","x-request-id":"16b843f3-8fd1-4433-8cc5-24b1fa8c4a8e"}
{"level":"info","ts":1785058936.7868836,"caller":"handlers/server.go:395","msg":"EPP received request","x-request-id":"e703662b-2ec8-49c3-9b9e-52dda232990c"}
{"level":"info","ts":1785058936.8003883,"caller":"handlers/server.go:395","msg":"EPP received request","x-request-id":"db53aece-de02-40c0-9435-a9aa8660ae47"}
{"level":"info","ts":1785058936.8050375,"caller":"handlers/server.go:656","msg":"EPP sent request body response(s) to proxy","x-request-id":"2d5798a1-3838-446c-ac78-05e4252b011f","modelName":"Qwen/Qwen3-VL-32B-Instruct","targetModelName":"Qwen/Qwen3-VL-32B-Instruct"}
{"level":"info","ts":1785058936.8074124,"caller":"handlers/server.go:656","msg":"EPP sent request body response(s) to proxy","x-request-id":"ba503f4c-acc2-445f-94d0-af26bda0a65b","modelName":"Qwen/Qwen3-VL-32B-Instruct","targetModelName":"Qwen/Qwen3-VL-32B-Instruct"}
{"level":"info","ts":1785058936.815961,"caller":"handlers/server.go:395","msg":"EPP received request","x-request-id":"2d1f293c-7ef0-49d6-a8b1-53c2edfefaf1"}
{"level":"info","ts":1785058936.8242261,"caller":"handlers/server.go:656","msg":"EPP sent request body response(s) to proxy","x-request-id":"92bb1fb8-c05f-4bba-a1b1-44dc155343de","modelName":"Qwen/Qwen3-VL-32B-Instruct","targetModelName":"Qwen/Qwen3-VL-32B-Instruct"}
{"level":"info","ts":1785058936.8243663,"caller":"handlers/server.go:656","msg":"EPP sent request body response(s) to proxy","x-request-id":"75886278-f6fc-462d-a316-513c8f4e3a59","modelName":"Qwen/Qwen3-VL-32B-Instruct","targetModelName":"Qwen/Qwen3-VL-32B-Instruct"}
{"level":"info","ts":1785058936.830616,"caller":"handlers/server.go:656","msg":"EPP sent request body response(s) to proxy","x-request-id":"3591034d-b337-48a7-a803-a5c0f1d4e244","modelName":"Qwen/Qwen3-VL-32B-Instruct","targetModelName":"Qwen/Qwen3-VL-32B-Instruct"}
{"level":"info","ts":1785058936.8325164,"caller":"handlers/server.go:395","msg":"EPP received request","x-request-id":"941a5fc3-bb72-4f35-9edb-d6f6354cf9de"}
{"level":"info","ts":1785058936.8349962,"caller":"handlers/server.go:656","msg":"EPP sent request body response(s) to proxy","x-request-id":"a547099f-3f1a-4884-acab-a7732a5d026c","modelName":"Qwen/Qwen3-VL-32B-Instruct","targetModelName":"Qwen/Qwen3-VL-32B-Instruct"}
{"level":"info","ts":1785058936.8353772,"caller":"handlers/server.go:656","msg":"EPP sent request body response(s) to proxy","x-request-id":"150cc695-cbb7-44be-bafe-9aa9b35fc6d8","modelName":"Qwen/Qwen3-VL-32B-Instruct","targetModelName":"Qwen/Qwen3-VL-32B-Instruct"}
{"level":"info","ts":1785058936.8414872,"caller":"handlers/server.go:656","msg":"EPP sent request body response(s) to proxy","x-request-id":"e703662b-2ec8-49c3-9b9e-52dda232990c","modelName":"Qwen/Qwen3-VL-32B-Instruct","targetModelName":"Qwen/Qwen3-VL-32B-Instruct"}
{"level":"info","ts":1785058936.8468695,"caller":"handlers/server.go:395","msg":"EPP received request","x-request-id":"5eb1ca3f-7b7c-4d7e-90dd-4cdee379f685"}
{"level":"info","ts":1785058936.850592,"caller":"handlers/server.go:656","msg":"EPP sent request body response(s) to proxy","x-request-id":"17181d11-8880-4f78-83ff-d32288f56498","modelName":"Qwen/Qwen3-VL-32B-Instruct","targetModelName":"Qwen/Qwen3-VL-32B-Instruct"}
{"level":"info","ts":1785058936.8527849,"caller":"handlers/server.go:395","msg":"EPP received request","x-request-id":"900f1886-6084-49a5-a155-9fbf78c311e4"}
{"level":"info","ts":1785058936.8658652,"caller":"handlers/server.go:656","msg":"EPP sent request body response(s) to proxy","x-request-id":"fd09b930-2da0-4bca-beaa-dcd146e8ce5e","modelName":"Qwen/Qwen3-VL-32B-Instruct","targetModelName":"Qwen/Qwen3-VL-32B-Instruct"}
{"level":"info","ts":1785058936.8663518,"caller":"handlers/server.go:656","msg":"EPP sent request body response(s) to proxy","x-request-id":"2d1f293c-7ef0-49d6-a8b1-53c2edfefaf1","modelName":"Qwen/Qwen3-VL-32B-Instruct","targetModelName":"Qwen/Qwen3-VL-32B-Instruct"}
{"level":"info","ts":1785058936.8673525,"caller":"handlers/server.go:656","msg":"EPP sent request body response(s) to proxy","x-request-id":"c7a293e3-0385-464c-9dd8-4abd2344f561","modelName":"Qwen/Qwen3-VL-32B-Instruct","targetModelName":"Qwen/Qwen3-VL-32B-Instruct"}
{"level":"info","ts":1785058936.8715672,"caller":"handlers/server.go:395","msg":"EPP received request","x-request-id":"a193e319-4b8c-4178-a0cc-d295ecaf2c55"}
{"level":"info","ts":1785058936.8827953,"caller":"handlers/server.go:395","msg":"EPP received request","x-request-id":"1151674d-55d6-4b7e-a59b-9eda2e90412b"}
{"level":"info","ts":1785058936.8839395,"caller":"handlers/server.go:395","msg":"EPP received request","x-request-id":"6e91a03e-b0f3-47e0-ae4a-b5c98c529a06"}
{"level":"info","ts":1785058936.887062,"caller":"handlers/server.go:656","msg":"EPP sent request body response(s) to proxy","x-request-id":"db53aece-de02-40c0-9435-a9aa8660ae47","modelName":"Qwen/Qwen3-VL-32B-Instruct","targetModelName":"Qwen/Qwen3-VL-32B-Instruct"}
{"level":"info","ts":1785058936.8956332,"caller":"handlers/server.go:395","msg":"EPP received request","x-request-id":"a69ac2a8-ddae-4d3c-8d6a-11246e307120"}
{"level":"info","ts":1785058936.8965168,"caller":"handlers/server.go:395","msg":"EPP received request","x-request-id":"84642c8c-a792-446c-8959-8d91ba51d9bc"}
{"level":"info","ts":1785058936.901181,"caller":"handlers/server.go:395","msg":"EPP received request","x-request-id":"a49b91a0-e3e1-418c-9ed7-5d7c0a8d7f90"}
{"level":"info","ts":1785058936.9175627,"caller":"handlers/server.go:656","msg":"EPP sent request body response(s) to proxy","x-request-id":"208c0c52-2687-44d1-a784-a8ac134a934c","modelName":"Qwen/Qwen3-VL-32B-Instruct","targetModelName":"Qwen/Qwen3-VL-32B-Instruct"}
{"level":"info","ts":1785058936.9252477,"caller":"handlers/server.go:395","msg":"EPP received request","x-request-id":"e24fd2d3-8884-41f6-98a3-b733a9d5bd52"}
{"level":"info","ts":1785058936.929209,"caller":"handlers/server.go:656","msg":"EPP sent request body response(s) to proxy","x-request-id":"42303585-dccc-4e28-b1d3-302b131b7181","modelName":"Qwen/Qwen3-VL-32B-Instruct","targetModelName":"Qwen/Qwen3-VL-32B-Instruct"}
{"level":"info","ts":1785058936.9307008,"caller":"handlers/server.go:656","msg":"EPP sent request body response(s) to proxy","x-request-id":"6e91a03e-b0f3-47e0-ae4a-b5c98c529a06","modelName":"Qwen/Qwen3-VL-32B-Instruct","targetModelName":"Qwen/Qwen3-VL-32B-Instruct"}
{"level":"info","ts":1785058936.9319787,"caller":"handlers/server.go:656","msg":"EPP sent request body response(s) to proxy","x-request-id":"1151674d-55d6-4b7e-a59b-9eda2e90412b","modelName":"Qwen/Qwen3-VL-32B-Instruct","targetModelName":"Qwen/Qwen3-VL-32B-Instruct"}
{"level":"info","ts":1785058936.9365468,"caller":"handlers/server.go:395","msg":"EPP received request","x-request-id":"521b9970-1ef3-4c23-9f0b-a8ae666b2a3d"}
{"level":"info","ts":1785058936.9410417,"caller":"handlers/server.go:656","msg":"EPP sent request body response(s) to proxy","x-request-id":"16b843f3-8fd1-4433-8cc5-24b1fa8c4a8e","modelName":"Qwen/Qwen3-VL-32B-Instruct","targetModelName":"Qwen/Qwen3-VL-32B-Instruct"}
{"level":"info","ts":1785058936.953853,"caller":"handlers/server.go:395","msg":"EPP received request","x-request-id":"de116c70-e87a-4485-9eed-dbfccd0d703f"}
{"level":"info","ts":1785058936.9689755,"caller":"handlers/server.go:395","msg":"EPP received request","x-request-id":"f96ec0fd-d05a-456c-aa35-03fc99ed1a24"}
{"level":"info","ts":1785058936.9690247,"caller":"handlers/server.go:395","msg":"EPP received request","x-request-id":"dffc15be-262d-458d-829e-e2513711953c"}
{"level":"info","ts":1785058936.9747558,"caller":"handlers/server.go:656","msg":"EPP sent request body response(s) to proxy","x-request-id":"521b9970-1ef3-4c23-9f0b-a8ae666b2a3d","modelName":"Qwen/Qwen3-VL-32B-Instruct","targetModelName":"Qwen/Qwen3-VL-32B-Instruct"}
{"level":"info","ts":1785058936.9802566,"caller":"handlers/server.go:395","msg":"EPP received request","x-request-id":"0aae1893-524c-4006-b395-b759b4f6da57"}
{"level":"info","ts":1785058936.984714,"caller":"handlers/server.go:395","msg":"EPP received request","x-request-id":"04cbeddb-b483-4e55-b3b2-f1374b56f7fa"}
{"level":"info","ts":1785058936.9875395,"caller":"handlers/server.go:656","msg":"EPP sent request body response(s) to proxy","x-request-id":"941a5fc3-bb72-4f35-9edb-d6f6354cf9de","modelName":"Qwen/Qwen3-VL-32B-Instruct","targetModelName":"Qwen/Qwen3-VL-32B-Instruct"}
{"level":"info","ts":1785058936.995813,"caller":"handlers/server.go:656","msg":"EPP sent request body response(s) to proxy","x-request-id":"a193e319-4b8c-4178-a0cc-d295ecaf2c55","modelName":"Qwen/Qwen3-VL-32B-Instruct","targetModelName":"Qwen/Qwen3-VL-32B-Instruct"}
{"level":"info","ts":1785058936.9959044,"caller":"handlers/server.go:395","msg":"EPP received request","x-request-id":"f27bed14-e549-465f-ae5f-0104e39a62e5"}
{"level":"info","ts":1785058936.9972959,"caller":"handlers/server.go:395","msg":"EPP received request","x-request-id":"6a3f251d-d140-490f-aae8-e204305bd852"}
{"level":"info","ts":1785058936.9979856,"caller":"handlers/server.go:395","msg":"EPP received request","x-request-id":"db649208-0d7d-4f3d-838e-a817704e716e"}
{"level":"info","ts":1785058937.0159435,"caller":"handlers/server.go:656","msg":"EPP sent request body response(s) to proxy","x-request-id":"a69ac2a8-ddae-4d3c-8d6a-11246e307120","modelName":"Qwen/Qwen3-VL-32B-Instruct","targetModelName":"Qwen/Qwen3-VL-32B-Instruct"}
{"level":"info","ts":1785058937.016659,"caller":"handlers/server.go:656","msg":"EPP sent request body response(s) to proxy","x-request-id":"dffc15be-262d-458d-829e-e2513711953c","modelName":"Qwen/Qwen3-VL-32B-Instruct","targetModelName":"Qwen/Qwen3-VL-32B-Instruct"}
{"level":"info","ts":1785058937.0195832,"caller":"handlers/server.go:656","msg":"EPP sent request body response(s) to proxy","x-request-id":"84642c8c-a792-446c-8959-8d91ba51d9bc","modelName":"Qwen/Qwen3-VL-32B-Instruct","targetModelName":"Qwen/Qwen3-VL-32B-Instruct"}
{"level":"info","ts":1785058937.0357814,"caller":"handlers/server.go:656","msg":"EPP sent request body response(s) to proxy","x-request-id":"5eb1ca3f-7b7c-4d7e-90dd-4cdee379f685","modelName":"Qwen/Qwen3-VL-32B-Instruct","targetModelName":"Qwen/Qwen3-VL-32B-Instruct"}
{"level":"info","ts":1785058937.0390098,"caller":"handlers/server.go:656","msg":"EPP sent request body response(s) to proxy","x-request-id":"6a3f251d-d140-490f-aae8-e204305bd852","modelName":"Qwen/Qwen3-VL-32B-Instruct","targetModelName":"Qwen/Qwen3-VL-32B-Instruct"}
{"level":"info","ts":1785058937.0402849,"caller":"handlers/server.go:656","msg":"EPP sent request body response(s) to proxy","x-request-id":"a49b91a0-e3e1-418c-9ed7-5d7c0a8d7f90","modelName":"Qwen/Qwen3-VL-32B-Instruct","targetModelName":"Qwen/Qwen3-VL-32B-Instruct"}
{"level":"info","ts":1785058937.051368,"caller":"handlers/server.go:656","msg":"EPP sent request body response(s) to proxy","x-request-id":"900f1886-6084-49a5-a155-9fbf78c311e4","modelName":"Qwen/Qwen3-VL-32B-Instruct","targetModelName":"Qwen/Qwen3-VL-32B-Instruct"}
{"level":"info","ts":1785058937.0902083,"caller":"handlers/server.go:656","msg":"EPP sent request body response(s) to proxy","x-request-id":"f96ec0fd-d05a-456c-aa35-03fc99ed1a24","modelName":"Qwen/Qwen3-VL-32B-Instruct","targetModelName":"Qwen/Qwen3-VL-32B-Instruct"}
{"level":"info","ts":1785058937.0934067,"caller":"handlers/server.go:656","msg":"EPP sent request body response(s) to proxy","x-request-id":"e24fd2d3-8884-41f6-98a3-b733a9d5bd52","modelName":"Qwen/Qwen3-VL-32B-Instruct","targetModelName":"Qwen/Qwen3-VL-32B-Instruct"}
{"level":"info","ts":1785058937.1072,"caller":"handlers/server.go:656","msg":"EPP sent request body response(s) to proxy","x-request-id":"f27bed14-e549-465f-ae5f-0104e39a62e5","modelName":"Qwen/Qwen3-VL-32B-Instruct","targetModelName":"Qwen/Qwen3-VL-32B-Instruct"}
{"level":"info","ts":1785058937.1075351,"caller":"handlers/server.go:656","msg":"EPP sent request body response(s) to proxy","x-request-id":"db649208-0d7d-4f3d-838e-a817704e716e","modelName":"Qwen/Qwen3-VL-32B-Instruct","targetModelName":"Qwen/Qwen3-VL-32B-Instruct"}
{"level":"info","ts":1785058937.120096,"caller":"handlers/server.go:656","msg":"EPP sent request body response(s) to proxy","x-request-id":"de116c70-e87a-4485-9eed-dbfccd0d703f","modelName":"Qwen/Qwen3-VL-32B-Instruct","targetModelName":"Qwen/Qwen3-VL-32B-Instruct"}
{"level":"info","ts":1785058937.131608,"caller":"handlers/server.go:656","msg":"EPP sent request body response(s) to proxy","x-request-id":"0aae1893-524c-4006-b395-b759b4f6da57","modelName":"Qwen/Qwen3-VL-32B-Instruct","targetModelName":"Qwen/Qwen3-VL-32B-Instruct"}
{"level":"info","ts":1785058937.1375377,"caller":"handlers/server.go:656","msg":"EPP sent request body response(s) to proxy","x-request-id":"04cbeddb-b483-4e55-b3b2-f1374b56f7fa","modelName":"Qwen/Qwen3-VL-32B-Instruct","targetModelName":"Qwen/Qwen3-VL-32B-Instruct"}
{"level":"info","ts":1785058960.3607402,"caller":"handlers/server.go:685","msg":"EPP sent response body back to proxy","x-request-id":"c7681a1a-37d3-4951-9945-3eee47c64752"}
{"level":"info","ts":1785058961.5682487,"caller":"handlers/server.go:685","msg":"EPP sent response body back to proxy","x-request-id":"5efd0ab1-32f5-45f1-966a-d17e76282ad7"}
{"level":"info","ts":1785058962.8041608,"caller":"handlers/server.go:685","msg":"EPP sent response body back to proxy","x-request-id":"7ab4fe20-def8-44de-b718-6cd7c0423664"}
{"level":"info","ts":1785058962.9383867,"caller":"handlers/server.go:685","msg":"EPP sent response body back to proxy","x-request-id":"bf393789-b89c-4d97-ae5f-41cf89d4f93f"}
{"level":"info","ts":1785058963.1594021,"caller":"handlers/server.go:685","msg":"EPP sent response body back to proxy","x-request-id":"ebead86e-d0f7-4bc3-a88d-e9a296bcf830"}
{"level":"info","ts":1785058963.57978,"caller":"handlers/server.go:685","msg":"EPP sent response body back to proxy","x-request-id":"275b1118-aa5b-43c7-9c9c-d24ec2dc9861"}
{"level":"info","ts":1785058963.7346044,"caller":"handlers/server.go:685","msg":"EPP sent response body back to proxy","x-request-id":"142ab7b3-2360-4fe3-9686-a61c13b62565"}
{"level":"info","ts":1785058964.0719638,"caller":"handlers/server.go:685","msg":"EPP sent response body back to proxy","x-request-id":"83f206e0-ff8a-46cb-8c4c-0fd481e66260"}
{"level":"info","ts":1785058964.0916195,"caller":"handlers/server.go:685","msg":"EPP sent response body back to proxy","x-request-id":"ef874cde-96fe-414c-b896-99e0019b4e9d"}
{"level":"info","ts":1785058964.275864,"caller":"handlers/server.go:685","msg":"EPP sent response body back to proxy","x-request-id":"7c416b62-1869-4037-8b28-697186349c64"}
{"level":"info","ts":1785058964.7719836,"caller":"handlers/server.go:685","msg":"EPP sent response body back to proxy","x-request-id":"881901cd-8be4-480f-ab2b-ac2cd948d703"}
{"level":"info","ts":1785058964.917757,"caller":"handlers/server.go:685","msg":"EPP sent response body back to proxy","x-request-id":"55f45465-9019-4c33-b093-74a812de3056"}
{"level":"info","ts":1785058965.23625,"caller":"handlers/server.go:685","msg":"EPP sent response body back to proxy","x-request-id":"601f9433-23ae-4c75-8b2c-671d739adcc1"}
{"level":"info","ts":1785058966.262677,"caller":"handlers/server.go:685","msg":"EPP sent response body back to proxy","x-request-id":"a33fee73-955f-451b-add1-8726970fb7c7"}
{"level":"info","ts":1785058966.7712622,"caller":"handlers/server.go:685","msg":"EPP sent response body back to proxy","x-request-id":"bb618e88-38ae-406a-acbc-60cb27c65c73"}
{"level":"info","ts":1785058966.9563205,"caller":"handlers/server.go:685","msg":"EPP sent response body back to proxy","x-request-id":"a856c547-1d2e-49f1-a3d7-fdb88f019433"}
{"level":"info","ts":1785058967.1148365,"caller":"handlers/server.go:685","msg":"EPP sent response body back to proxy","x-request-id":"2dab0c23-959c-42c6-aa7f-2cfaf2aa1fef"}
{"level":"info","ts":1785058967.214058,"caller":"handlers/server.go:685","msg":"EPP sent response body back to proxy","x-request-id":"dbbaf1b0-ee95-47d3-b388-11253a96c7d3"}
{"level":"info","ts":1785058967.2216785,"caller":"handlers/server.go:685","msg":"EPP sent response body back to proxy","x-request-id":"d967a695-dffd-476e-a084-0422b32c77ce"}
{"level":"info","ts":1785058968.066545,"caller":"handlers/server.go:685","msg":"EPP sent response body back to proxy","x-request-id":"68365c84-e74a-4a77-b0e2-144e0ac4dd8a"}
{"level":"info","ts":1785058968.334884,"caller":"handlers/server.go:685","msg":"EPP sent response body back to proxy","x-request-id":"dfaa3ab7-e31f-4be6-8d4c-9f0a9fdf4a8e"}
{"level":"info","ts":1785058968.4101837,"caller":"handlers/server.go:685","msg":"EPP sent response body back to proxy","x-request-id":"61780ee3-7b39-4a2e-a4a6-3bfecec30b6c"}
{"level":"info","ts":1785058970.003938,"caller":"handlers/server.go:685","msg":"EPP sent response body back to proxy","x-request-id":"1483f12c-6454-42aa-8972-d05343824357"}
{"level":"info","ts":1785058972.869505,"caller":"handlers/server.go:685","msg":"EPP sent response body back to proxy","x-request-id":"343f2e78-e61d-4b82-a405-d56333dd77ae"}
{"level":"info","ts":1785058980.6445136,"caller":"datastore/datastore.go:374","msg":"Pod already exists","controller":"pod","controllerGroup":"","controllerKind":"Pod","Pod":{"name":"pd-disaggregation-nvidia-gpu-vllm-decode-85bf598f64-kqv2n","namespace":"dpikus-pd-sglang-bench"},"namespace":"dpikus-pd-sglang-bench","name":"pd-disaggregation-nvidia-gpu-vllm-decode-85bf598f64-kqv2n","reconcileID":"ce96ed94-6caf-4054-9d01-400000f2aa5f","name":"pd-disaggregation-nvidia-gpu-vllm-decode-85bf598f64-kqv2n"}
{"level":"info","ts":1785058985.8153136,"caller":"handlers/server.go:685","msg":"EPP sent response body back to proxy","x-request-id":"b1e76a29-c249-45af-8356-85143a243cc0"}
{"level":"info","ts":1785058987.0663579,"caller":"handlers/server.go:685","msg":"EPP sent response body back to proxy","x-request-id":"09d52938-1fc0-4aaf-81b7-eb82738fa474"}
{"level":"info","ts":1785058988.382806,"caller":"handlers/server.go:685","msg":"EPP sent response body back to proxy","x-request-id":"f6ece1e3-9486-41fc-98cf-a4dc9b88cc73"}
{"level":"info","ts":1785058988.6200385,"caller":"handlers/server.go:685","msg":"EPP sent response body back to proxy","x-request-id":"886a1a7b-66dc-4ff6-8b94-3a7f7b8f33c7"}
{"level":"info","ts":1785058988.8688996,"caller":"handlers/server.go:685","msg":"EPP sent response body back to proxy","x-request-id":"5a1eeb19-4154-46aa-a67d-f9bceeecef64"}
{"level":"info","ts":1785058989.4522545,"caller":"handlers/server.go:685","msg":"EPP sent response body back to proxy","x-request-id":"852d89dc-27f1-4790-824a-d3d4207df1ad"}
{"level":"info","ts":1785058990.2638807,"caller":"handlers/server.go:685","msg":"EPP sent response body back to proxy","x-request-id":"9e8d0c64-9462-444a-9f22-b813bf5bef6a"}
{"level":"info","ts":1785058991.036358,"caller":"handlers/server.go:685","msg":"EPP sent response body back to proxy","x-request-id":"74edfb3f-1dc8-4401-873c-319227528dfc"}
{"level":"info","ts":1785058991.6257243,"caller":"handlers/server.go:685","msg":"EPP sent response body back to proxy","x-request-id":"49128dc0-0175-4b5d-93b8-3debb266cb1c"}
{"level":"info","ts":1785058991.9435666,"caller":"handlers/server.go:685","msg":"EPP sent response body back to proxy","x-request-id":"9edfd98c-78c8-4750-973c-129603473cec"}
{"level":"info","ts":1785058991.966285,"caller":"handlers/server.go:685","msg":"EPP sent response body back to proxy","x-request-id":"791c4a05-c051-4c8a-83f6-3738d944f048"}
{"level":"info","ts":1785058992.1179564,"caller":"handlers/server.go:685","msg":"EPP sent response body back to proxy","x-request-id":"95371e4d-5ece-4f8d-af36-e0f5de603457"}
{"level":"info","ts":1785058992.1821437,"caller":"handlers/server.go:685","msg":"EPP sent response body back to proxy","x-request-id":"638b8f67-ef8d-4a26-a74b-67f1bf4331e0"}
{"level":"info","ts":1785058992.8501744,"caller":"handlers/server.go:685","msg":"EPP sent response body back to proxy","x-request-id":"ceb0b90d-1d6e-419a-a099-ca3b0c4434c9"}
{"level":"info","ts":1785058992.9284616,"caller":"handlers/server.go:685","msg":"EPP sent response body back to proxy","x-request-id":"bc112fea-f02a-49f2-acc8-bdb470c8a2db"}
{"level":"info","ts":1785058994.0939686,"caller":"handlers/server.go:685","msg":"EPP sent response body back to proxy","x-request-id":"bce3e316-d23f-48bc-bf30-f5f24d243fa1"}
{"level":"info","ts":1785058994.3036594,"caller":"handlers/server.go:685","msg":"EPP sent response body back to proxy","x-request-id":"2acffcbc-a570-44e5-8e4a-3420b2b6cbdd"}
{"level":"info","ts":1785058994.8563006,"caller":"handlers/server.go:685","msg":"EPP sent response body back to proxy","x-request-id":"f8173153-c8b1-4232-be9f-819f7d92e77d"}
{"level":"info","ts":1785058995.1346707,"caller":"handlers/server.go:685","msg":"EPP sent response body back to proxy","x-request-id":"3d60a105-b1c1-4cbe-8068-ca97caaed383"}
{"level":"info","ts":1785058995.273212,"caller":"handlers/server.go:685","msg":"EPP sent response body back to proxy","x-request-id":"81f5b1b2-4cf8-4fe2-af84-1aa6f0d5f106"}
{"level":"info","ts":1785058995.5206935,"caller":"handlers/server.go:685","msg":"EPP sent response body back to proxy","x-request-id":"b5207bae-85a5-4cb0-9a24-e983a217b16e"}
{"level":"info","ts":1785058996.0871766,"caller":"handlers/server.go:685","msg":"EPP sent response body back to proxy","x-request-id":"8c069a16-e181-490f-aa93-a8e7232a4746"}
{"level":"info","ts":1785058997.0233066,"caller":"handlers/server.go:685","msg":"EPP sent response body back to proxy","x-request-id":"997e81d7-82bf-4ce3-aeeb-9a761641b293"}
{"level":"info","ts":1785059000.7808816,"caller":"handlers/server.go:685","msg":"EPP sent response body back to proxy","x-request-id":"fb44fe37-2317-4a27-923d-dc558a46f848"}
{"level":"info","ts":1785059010.2600653,"caller":"datastore/datastore.go:374","msg":"Pod already exists","controller":"pod","controllerGroup":"","controllerKind":"Pod","Pod":{"name":"pd-disaggregation-nvidia-gpu-vllm-decode-slow-fb857c8f5-dl4cg","namespace":"dpikus-pd-sglang-bench"},"namespace":"dpikus-pd-sglang-bench","name":"pd-disaggregation-nvidia-gpu-vllm-decode-slow-fb857c8f5-dl4cg","reconcileID":"d40aa9d1-a380-48b4-a864-81a27f518592","name":"pd-disaggregation-nvidia-gpu-vllm-decode-slow-fb857c8f5-dl4cg"}
{"level":"info","ts":1785059011.264403,"caller":"handlers/server.go:685","msg":"EPP sent response body back to proxy","x-request-id":"77d1c322-ae6d-4ad2-aa20-8772115275ff"}
{"level":"info","ts":1785059012.4037435,"caller":"handlers/server.go:685","msg":"EPP sent response body back to proxy","x-request-id":"3c989e18-2bd7-4615-844f-1ba33891a0df"}
{"level":"info","ts":1785059013.5604475,"caller":"datastore/datastore.go:374","msg":"Pod already exists","controller":"pod","controllerGroup":"","controllerKind":"Pod","Pod":{"name":"pd-disaggregation-nvidia-gpu-vllm-decode-slow-fb857c8f5-srdjk","namespace":"dpikus-pd-sglang-bench"},"namespace":"dpikus-pd-sglang-bench","name":"pd-disaggregation-nvidia-gpu-vllm-decode-slow-fb857c8f5-srdjk","reconcileID":"7fddc7ce-f7ec-493a-9168-c88fb7bb3a2d","name":"pd-disaggregation-nvidia-gpu-vllm-decode-slow-fb857c8f5-srdjk"}
{"level":"info","ts":1785059013.6085436,"caller":"handlers/server.go:685","msg":"EPP sent response body back to proxy","x-request-id":"7e7666b9-0283-4fcd-a48f-9bfa6e46a90e"}
{"level":"info","ts":1785059013.762268,"caller":"handlers/server.go:685","msg":"EPP sent response body back to proxy","x-request-id":"d0003f96-e95a-4103-9074-7d494cfef7a5"}
{"level":"info","ts":1785059014.067546,"caller":"handlers/server.go:685","msg":"EPP sent response body back to proxy","x-request-id":"b60d8585-63a7-4d1b-859f-9c38b422dde6"}
{"level":"info","ts":1785059014.7121224,"caller":"handlers/server.go:685","msg":"EPP sent response body back to proxy","x-request-id":"159c0710-8cdd-417c-bb37-f43a9ed88e31"}
{"level":"info","ts":1785059016.6546628,"caller":"handlers/server.go:685","msg":"EPP sent response body back to proxy","x-request-id":"c58729ee-48bc-4139-958d-b4287d94eb1f"}
{"level":"info","ts":1785059016.81848,"caller":"handlers/server.go:685","msg":"EPP sent response body back to proxy","x-request-id":"50b9c1aa-02b7-4f1f-be11-eb4134594d56"}
{"level":"info","ts":1785059017.1363802,"caller":"handlers/server.go:685","msg":"EPP sent response body back to proxy","x-request-id":"5dccafd2-b811-48ee-a0e8-691f048ecfaf"}
{"level":"info","ts":1785059017.5658855,"caller":"handlers/server.go:685","msg":"EPP sent response body back to proxy","x-request-id":"e5b31dc5-3be2-40dd-8afc-dc76bc56265b"}
{"level":"info","ts":1785059018.5935483,"caller":"handlers/server.go:685","msg":"EPP sent response body back to proxy","x-request-id":"87933985-6c69-4059-a307-6ba2574571ab"}
{"level":"info","ts":1785059020.6177704,"caller":"handlers/server.go:685","msg":"EPP sent response body back to proxy","x-request-id":"7cbdb080-58f4-43e3-ad65-3a4d3b92ddc7"}
{"level":"info","ts":1785059020.9882607,"caller":"handlers/server.go:685","msg":"EPP sent response body back to proxy","x-request-id":"f3102e3e-3746-40a3-968e-b722359981c4"}
{"level":"info","ts":1785059021.0189629,"caller":"handlers/server.go:685","msg":"EPP sent response body back to proxy","x-request-id":"a51a8331-b099-4b7c-9982-f987d8c4e531"}
{"level":"info","ts":1785059021.2179615,"caller":"handlers/server.go:685","msg":"EPP sent response body back to proxy","x-request-id":"621e482c-0bd1-4eaf-b900-2ca66bea7302"}
{"level":"info","ts":1785059021.7031279,"caller":"handlers/server.go:685","msg":"EPP sent response body back to proxy","x-request-id":"66a997c3-9e5a-4cda-938b-f314e67c361e"}
{"level":"info","ts":1785059021.7761173,"caller":"handlers/server.go:685","msg":"EPP sent response body back to proxy","x-request-id":"9a1d34c3-1fb6-44c9-ad6d-00a73595268c"}
{"level":"info","ts":1785059022.1994438,"caller":"handlers/server.go:685","msg":"EPP sent response body back to proxy","x-request-id":"c72541db-fcca-4c22-8cd7-d63b8e096645"}
{"level":"info","ts":1785059022.2923539,"caller":"handlers/server.go:685","msg":"EPP sent response body back to proxy","x-request-id":"6f35fac1-7885-41de-89a3-1d30a8338e20"}
{"level":"info","ts":1785059023.6114576,"caller":"handlers/server.go:685","msg":"EPP sent response body back to proxy","x-request-id":"425c602f-ecfe-4e54-be1d-f14f71e4134c"}
{"level":"info","ts":1785059023.8923898,"caller":"handlers/server.go:685","msg":"EPP sent response body back to proxy","x-request-id":"0629c2ee-8a5c-41ab-b921-cf790a9fefd1"}
{"level":"info","ts":1785059024.1823645,"caller":"handlers/server.go:685","msg":"EPP sent response body back to proxy","x-request-id":"0f44a648-d9ec-4585-abc0-b1260d16396e"}
{"level":"info","ts":1785059024.960781,"caller":"handlers/server.go:685","msg":"EPP sent response body back to proxy","x-request-id":"9736338b-8807-40fe-a64b-1f682560342c"}
{"level":"info","ts":1785059029.58024,"caller":"handlers/server.go:685","msg":"EPP sent response body back to proxy","x-request-id":"4f75fdc1-af7f-441c-8456-a65387d2f3d8"}
{"level":"info","ts":1785059036.1664677,"caller":"handlers/server.go:685","msg":"EPP sent response body back to proxy","x-request-id":"be6ae669-1a72-4d2b-9b92-f9a95e7a8d1f"}
{"level":"info","ts":1785059036.2543273,"caller":"handlers/server.go:685","msg":"EPP sent response body back to proxy","x-request-id":"a51193f9-bbaf-45d5-bd91-813a9fa0ad47"}
{"level":"info","ts":1785059038.4455078,"caller":"handlers/server.go:685","msg":"EPP sent response body back to proxy","x-request-id":"0af5c24c-5a10-48e9-8565-82d025bc5f02"}
{"level":"info","ts":1785059038.5283618,"caller":"handlers/server.go:685","msg":"EPP sent response body back to proxy","x-request-id":"a745040a-2da6-4072-a9a5-29ed1521f44e"}
{"level":"info","ts":1785059038.6881905,"caller":"handlers/server.go:685","msg":"EPP sent response body back to proxy","x-request-id":"616b3640-01d6-4cea-b96f-80f12373918f"}
{"level":"info","ts":1785059039.1152148,"caller":"handlers/server.go:685","msg":"EPP sent response body back to proxy","x-request-id":"6a3af5e6-23d3-46e9-a76b-80ef1c1d2d9f"}
{"level":"info","ts":1785059040.6788359,"caller":"handlers/server.go:685","msg":"EPP sent response body back to proxy","x-request-id":"f8c0e7eb-0d6d-47ad-b7bb-16b4f0af94e5"}
{"level":"info","ts":1785059040.993691,"caller":"handlers/server.go:685","msg":"EPP sent response body back to proxy","x-request-id":"07fe1b76-5f0f-4939-8ce0-60bee1f56536"}
{"level":"info","ts":1785059043.4877245,"caller":"handlers/server.go:685","msg":"EPP sent response body back to proxy","x-request-id":"76962ef5-59a3-45cf-8aed-51d3aff16f11"}
{"level":"info","ts":1785059044.273566,"caller":"handlers/server.go:685","msg":"EPP sent response body back to proxy","x-request-id":"49b2b6f0-434a-451d-9018-dd17b983cad5"}
{"level":"info","ts":1785059045.3482888,"caller":"handlers/server.go:685","msg":"EPP sent response body back to proxy","x-request-id":"dfd60f24-2018-49ad-b97f-58d09fa8c72c"}
{"level":"info","ts":1785059047.2709072,"caller":"handlers/server.go:685","msg":"EPP sent response body back to proxy","x-request-id":"c63b70b6-e793-4e6a-b033-be4578ecbb67"}
{"level":"info","ts":1785059047.475377,"caller":"handlers/server.go:685","msg":"EPP sent response body back to proxy","x-request-id":"2a81c35d-a568-4c32-8321-a734f15d4210"}
{"level":"info","ts":1785059048.0820515,"caller":"handlers/server.go:685","msg":"EPP sent response body back to proxy","x-request-id":"f42aaf55-a036-4fd6-bc3d-1a046c8ac68e"}
{"level":"info","ts":1785059048.3510387,"caller":"handlers/server.go:685","msg":"EPP sent response body back to proxy","x-request-id":"18847115-e3f8-44ab-897a-980fc1516e89"}
{"level":"info","ts":1785059048.4216855,"caller":"handlers/server.go:685","msg":"EPP sent response body back to proxy","x-request-id":"1d0a7d54-668f-419c-b419-b1c94d4e8aa2"}
{"level":"info","ts":1785059048.5081792,"caller":"handlers/server.go:685","msg":"EPP sent response body back to proxy","x-request-id":"c302a487-2948-474c-963e-0779e42880c5"}
{"level":"info","ts":1785059048.766982,"caller":"datastore/datastore.go:374","msg":"Pod already exists","controller":"pod","controllerGroup":"","controllerKind":"Pod","Pod":{"name":"pd-disaggregation-nvidia-gpu-vllm-prefill-85f6865487-lmc6w","namespace":"dpikus-pd-sglang-bench"},"namespace":"dpikus-pd-sglang-bench","name":"pd-disaggregation-nvidia-gpu-vllm-prefill-85f6865487-lmc6w","reconcileID":"1e18ff85-8f8b-4e4f-bec9-88ee04775f56","name":"pd-disaggregation-nvidia-gpu-vllm-prefill-85f6865487-lmc6w"}
{"level":"info","ts":1785059049.0182617,"caller":"handlers/server.go:685","msg":"EPP sent response body back to proxy","x-request-id":"72b833c4-4020-4486-82f1-81b5b238e0da"}
{"level":"info","ts":1785059049.2445302,"caller":"handlers/server.go:685","msg":"EPP sent response body back to proxy","x-request-id":"73b70e07-cc77-4051-a009-2b497331c5c0"}
{"level":"info","ts":1785059049.9053376,"caller":"handlers/server.go:685","msg":"EPP sent response body back to proxy","x-request-id":"68643acf-c8c4-4773-88c1-feefdb9c9e0b"}
{"level":"info","ts":1785059051.129194,"caller":"handlers/server.go:685","msg":"EPP sent response body back to proxy","x-request-id":"90ee4533-8aed-43e6-a604-7caeb6b7200e"}
{"level":"info","ts":1785059051.2277808,"caller":"handlers/server.go:685","msg":"EPP sent response body back to proxy","x-request-id":"50be4542-0685-4391-9b9c-cfd5dc720f28"}
{"level":"info","ts":1785059052.1690922,"caller":"handlers/server.go:685","msg":"EPP sent response body back to proxy","x-request-id":"009508da-efdb-4223-8435-f556defebea9"}
{"level":"info","ts":1785059054.6436863,"caller":"datastore/datastore.go:374","msg":"Pod already exists","controller":"pod","controllerGroup":"","controllerKind":"Pod","Pod":{"name":"pd-disaggregation-nvidia-gpu-vllm-decode-85bf598f64-kqv2n","namespace":"dpikus-pd-sglang-bench"},"namespace":"dpikus-pd-sglang-bench","name":"pd-disaggregation-nvidia-gpu-vllm-decode-85bf598f64-kqv2n","reconcileID":"c90e9168-0fbd-47ab-9491-17569804f262","name":"pd-disaggregation-nvidia-gpu-vllm-decode-85bf598f64-kqv2n"}
{"level":"info","ts":1785059056.7989028,"caller":"handlers/server.go:685","msg":"EPP sent response body back to proxy","x-request-id":"9d2ffef5-09ec-45f4-a0bf-68ba00dd2c5f"}
{"level":"info","ts":1785059060.6209936,"caller":"handlers/server.go:685","msg":"EPP sent response body back to proxy","x-request-id":"5cc84ec9-ce4c-4cdb-9e58-c7961269e217"}
{"level":"info","ts":1785059061.751814,"caller":"handlers/server.go:685","msg":"EPP sent response body back to proxy","x-request-id":"a2bc3a88-6422-4019-8d30-217e6f29d0ec"}
{"level":"info","ts":1785059063.0434654,"caller":"handlers/server.go:685","msg":"EPP sent response body back to proxy","x-request-id":"629023f8-13dd-4dcc-95c9-9183022337b3"}
{"level":"info","ts":1785059064.223355,"caller":"handlers/server.go:685","msg":"EPP sent response body back to proxy","x-request-id":"0dad50ab-4773-47f1-954d-8748975e2722"}
{"level":"info","ts":1785059064.4281309,"caller":"handlers/server.go:685","msg":"EPP sent response body back to proxy","x-request-id":"2405480c-af2a-48f5-92b9-64b2e8127873"}
{"level":"info","ts":1785059064.7231758,"caller":"handlers/server.go:685","msg":"EPP sent response body back to proxy","x-request-id":"2c698717-73db-463c-b21a-ce0cfe1220c3"}
{"level":"info","ts":1785059065.2154503,"caller":"handlers/server.go:685","msg":"EPP sent response body back to proxy","x-request-id":"9baa94ea-e634-4df8-a7dd-987e849bba82"}
{"level":"info","ts":1785059065.5834475,"caller":"handlers/server.go:685","msg":"EPP sent response body back to proxy","x-request-id":"eaa3a061-34c4-45d7-b7fb-7bd6ac289154"}
{"level":"info","ts":1785059069.3745131,"caller":"handlers/server.go:685","msg":"EPP sent response body back to proxy","x-request-id":"d5c6af9a-690f-4dc3-ac5e-7958c55c6bfb"}
{"level":"info","ts":1785059070.1311567,"caller":"handlers/server.go:685","msg":"EPP sent response body back to proxy","x-request-id":"267754f0-bdbb-475c-a003-ee8f7b504433"}
{"level":"info","ts":1785059071.1739576,"caller":"handlers/server.go:685","msg":"EPP sent response body back to proxy","x-request-id":"8b2998b8-de18-4340-be8b-5dfe9b6c38e3"}
{"level":"info","ts":1785059073.2945955,"caller":"handlers/server.go:685","msg":"EPP sent response body back to proxy","x-request-id":"ac83045a-1f93-4b9f-9203-f226e1cc1a4f"}
{"level":"info","ts":1785059073.659293,"caller":"handlers/server.go:685","msg":"EPP sent response body back to proxy","x-request-id":"66484d33-9913-46be-ba39-4500c8dbd0cf"}
{"level":"info","ts":1785059074.8781383,"caller":"handlers/server.go:685","msg":"EPP sent response body back to proxy","x-request-id":"b41a4392-081b-40b1-aa81-1b2756221cff"}
{"level":"info","ts":1785059074.9829762,"caller":"handlers/server.go:685","msg":"EPP sent response body back to proxy","x-request-id":"61a3bdae-42ba-483b-92f7-7d270a494f9b"}
{"level":"info","ts":1785059075.39844,"caller":"handlers/server.go:685","msg":"EPP sent response body back to proxy","x-request-id":"ee343e08-fbd5-45ff-846b-d0ea9eb51399"}
{"level":"info","ts":1785059075.4793072,"caller":"handlers/server.go:685","msg":"EPP sent response body back to proxy","x-request-id":"5c011dea-2095-45b4-8122-d2a51e039b85"}
{"level":"info","ts":1785059075.559472,"caller":"datastore/datastore.go:374","msg":"Pod already exists","controller":"pod","controllerGroup":"","controllerKind":"Pod","Pod":{"name":"pd-disaggregation-nvidia-gpu-vllm-decode-slow-fb857c8f5-srdjk","namespace":"dpikus-pd-sglang-bench"},"namespace":"dpikus-pd-sglang-bench","name":"pd-disaggregation-nvidia-gpu-vllm-decode-slow-fb857c8f5-srdjk","reconcileID":"5dcabb8f-9a6d-4f8c-bfac-d170d05fc56e","name":"pd-disaggregation-nvidia-gpu-vllm-decode-slow-fb857c8f5-srdjk"}
{"level":"info","ts":1785059075.9898877,"caller":"handlers/server.go:685","msg":"EPP sent response body back to proxy","x-request-id":"cd161131-0a98-4dac-a6d6-462f16753c70"}
{"level":"info","ts":1785059076.2574914,"caller":"handlers/server.go:685","msg":"EPP sent response body back to proxy","x-request-id":"743ed43a-7279-4f2b-91c7-818925a1afb7"}
{"level":"info","ts":1785059076.4823403,"caller":"handlers/server.go:685","msg":"EPP sent response body back to proxy","x-request-id":"65819181-c2f3-429c-8f1a-a44f90fc05dd"}
{"level":"info","ts":1785059078.0788732,"caller":"handlers/server.go:685","msg":"EPP sent response body back to proxy","x-request-id":"db53aece-de02-40c0-9435-a9aa8660ae47"}
{"level":"info","ts":1785059078.1866453,"caller":"handlers/server.go:685","msg":"EPP sent response body back to proxy","x-request-id":"a77cb5d2-a0d3-495f-9f1b-a5f504cbad37"}
{"level":"info","ts":1785059079.0995173,"caller":"handlers/server.go:685","msg":"EPP sent response body back to proxy","x-request-id":"3b710e0c-418f-4699-9ec5-58a9be679e61"}
{"level":"info","ts":1785059083.5717893,"caller":"handlers/server.go:685","msg":"EPP sent response body back to proxy","x-request-id":"04cc27ef-c837-435a-8f68-e6e6f4e9b635"}
{"level":"info","ts":1785059085.9812853,"caller":"handlers/server.go:685","msg":"EPP sent response body back to proxy","x-request-id":"da5f5ee7-8681-4933-8902-ecda7dbf4590"}
{"level":"info","ts":1785059086.5574431,"caller":"handlers/server.go:685","msg":"EPP sent response body back to proxy","x-request-id":"1d6fa87b-53f8-40ac-96b0-ac8c28d3c079"}
{"level":"info","ts":1785059088.2489498,"caller":"handlers/server.go:685","msg":"EPP sent response body back to proxy","x-request-id":"4180beab-fab8-43b9-824e-434d7a5dd020"}
{"level":"info","ts":1785059088.8210723,"caller":"handlers/server.go:685","msg":"EPP sent response body back to proxy","x-request-id":"d7c2c182-e285-452f-a891-35c34459624a"}
{"level":"info","ts":1785059089.1083345,"caller":"handlers/server.go:685","msg":"EPP sent response body back to proxy","x-request-id":"25942319-b9b3-490a-b0b6-7bddd2fa716a"}
{"level":"info","ts":1785059089.548762,"caller":"handlers/server.go:685","msg":"EPP sent response body back to proxy","x-request-id":"39b9476a-56fc-4ea6-b53b-c33877cc5993"}
{"level":"info","ts":1785059090.3429098,"caller":"handlers/server.go:685","msg":"EPP sent response body back to proxy","x-request-id":"0e8a8262-7741-40e9-b19b-6633158db4c5"}
{"level":"info","ts":1785059090.7153802,"caller":"handlers/server.go:685","msg":"EPP sent response body back to proxy","x-request-id":"f184ca7c-770c-4fbd-90dd-41224855bd81"}
{"level":"info","ts":1785059092.258557,"caller":"datastore/datastore.go:374","msg":"Pod already exists","controller":"pod","controllerGroup":"","controllerKind":"Pod","Pod":{"name":"pd-disaggregation-nvidia-gpu-vllm-decode-slow-fb857c8f5-dl4cg","namespace":"dpikus-pd-sglang-bench"},"namespace":"dpikus-pd-sglang-bench","name":"pd-disaggregation-nvidia-gpu-vllm-decode-slow-fb857c8f5-dl4cg","reconcileID":"4e2ed4b7-5e38-4dd4-993a-8717b1ee4470","name":"pd-disaggregation-nvidia-gpu-vllm-decode-slow-fb857c8f5-dl4cg"}
{"level":"info","ts":1785059097.6488833,"caller":"handlers/server.go:685","msg":"EPP sent response body back to proxy","x-request-id":"92150b7d-91a0-44c4-a2db-02e29646c717"}
{"level":"info","ts":1785059098.5939326,"caller":"handlers/server.go:685","msg":"EPP sent response body back to proxy","x-request-id":"53dc4afb-8b3c-473d-aa15-55936789ce38"}
{"level":"info","ts":1785059099.8982668,"caller":"handlers/server.go:685","msg":"EPP sent response body back to proxy","x-request-id":"3ec16622-48dc-482e-958a-0f805748243a"}
{"level":"info","ts":1785059101.9197109,"caller":"handlers/server.go:685","msg":"EPP sent response body back to proxy","x-request-id":"53cdac67-4f2d-4288-8dff-d3ad38b553c9"}
{"level":"info","ts":1785059102.2086742,"caller":"handlers/server.go:685","msg":"EPP sent response body back to proxy","x-request-id":"b89f61c2-93c6-4ab3-84e9-132b278eaaa7"}
{"level":"info","ts":1785059102.2407017,"caller":"handlers/server.go:685","msg":"EPP sent response body back to proxy","x-request-id":"48b52b23-9656-4db1-8ca2-fea8c70e61e9"}
{"level":"info","ts":1785059102.2939215,"caller":"handlers/server.go:685","msg":"EPP sent response body back to proxy","x-request-id":"ed2b1e30-4fdc-48df-be34-82c7dfb6f18e"}
{"level":"info","ts":1785059102.9292092,"caller":"handlers/server.go:685","msg":"EPP sent response body back to proxy","x-request-id":"1697fbbc-a52f-49bd-b110-6fe9e5f9a749"}
{"level":"info","ts":1785059103.1589212,"caller":"handlers/server.go:685","msg":"EPP sent response body back to proxy","x-request-id":"ad78fab6-a242-4627-9e1f-79e352d1940a"}
{"level":"info","ts":1785059103.3728962,"caller":"handlers/server.go:685","msg":"EPP sent response body back to proxy","x-request-id":"6a3f251d-d140-490f-aae8-e204305bd852"}
{"level":"info","ts":1785059103.6818597,"caller":"handlers/server.go:685","msg":"EPP sent response body back to proxy","x-request-id":"6e8afa2f-be90-4dba-b075-8d88674cb82c"}
{"level":"info","ts":1785059105.0424929,"caller":"handlers/server.go:685","msg":"EPP sent response body back to proxy","x-request-id":"00d58f0f-a647-4424-a192-2a7627259a1e"}
{"level":"info","ts":1785059105.2940986,"caller":"handlers/server.go:685","msg":"EPP sent response body back to proxy","x-request-id":"8a622c36-c410-401d-80c3-2d9b33535484"}
{"level":"info","ts":1785059105.3418744,"caller":"handlers/server.go:685","msg":"EPP sent response body back to proxy","x-request-id":"b08647c1-0b53-40cd-bf73-cc04c8353c05"}
{"level":"info","ts":1785059106.2589085,"caller":"handlers/server.go:685","msg":"EPP sent response body back to proxy","x-request-id":"6e91a03e-b0f3-47e0-ae4a-b5c98c529a06"}
{"level":"info","ts":1785059110.263884,"caller":"handlers/server.go:685","msg":"EPP sent response body back to proxy","x-request-id":"c6713f9e-123b-4d53-bcb4-f30f72655514"}
{"level":"info","ts":1785059111.1552827,"caller":"handlers/server.go:685","msg":"EPP sent response body back to proxy","x-request-id":"9a4efc25-305b-4d10-ab3e-1f40c41dac89"}
{"level":"info","ts":1785059111.7445695,"caller":"handlers/server.go:685","msg":"EPP sent response body back to proxy","x-request-id":"737e1b41-5f21-4239-9589-80ecae73bde3"}
{"level":"info","ts":1785059112.624026,"caller":"handlers/server.go:685","msg":"EPP sent response body back to proxy","x-request-id":"6a2b1220-c0ae-4d36-87ff-bec892824bcc"}
{"level":"info","ts":1785059114.2441015,"caller":"handlers/server.go:685","msg":"EPP sent response body back to proxy","x-request-id":"88e36875-d6b1-4856-a348-f46862899c31"}
{"level":"info","ts":1785059114.5796683,"caller":"handlers/server.go:685","msg":"EPP sent response body back to proxy","x-request-id":"bd00ca18-7d08-4685-9f2a-90e84e5427c8"}
{"level":"info","ts":1785059114.756931,"caller":"handlers/server.go:685","msg":"EPP sent response body back to proxy","x-request-id":"d20e6a5c-c685-98eb-b70b-31786f0d8d83"}
{"level":"info","ts":1785059114.8792686,"caller":"handlers/server.go:685","msg":"EPP sent response body back to proxy","x-request-id":"d2566201-e8a7-487c-a2bc-dac3d20cc10c"}
{"level":"info","ts":1785059115.079684,"caller":"handlers/server.go:685","msg":"EPP sent response body back to proxy","x-request-id":"d8f10f58-e299-4bf6-9168-a10cabaa818b"}
{"level":"info","ts":1785059125.8424215,"caller":"handlers/server.go:685","msg":"EPP sent response body back to proxy","x-request-id":"f0aea60e-a485-4500-8d6c-48dd7f348fa4"}
{"level":"info","ts":1785059126.8109221,"caller":"handlers/server.go:685","msg":"EPP sent response body back to proxy","x-request-id":"349c1e86-013a-4018-b259-79af302beb60"}
{"level":"info","ts":1785059128.0956118,"caller":"handlers/server.go:685","msg":"EPP sent response body back to proxy","x-request-id":"034b0081-2083-4e9f-b81d-1b089f3ab712"}
{"level":"info","ts":1785059129.6465049,"caller":"handlers/server.go:685","msg":"EPP sent response body back to proxy","x-request-id":"521b9970-1ef3-4c23-9f0b-a8ae666b2a3d"}
{"level":"info","ts":1785059129.9827368,"caller":"handlers/server.go:685","msg":"EPP sent response body back to proxy","x-request-id":"37a9f593-298a-406e-b68a-e8ff3d459a1a"}
{"level":"info","ts":1785059130.1399198,"caller":"handlers/server.go:685","msg":"EPP sent response body back to proxy","x-request-id":"6b732cd3-adc7-40f5-ae83-2122d72b00cf"}
{"level":"info","ts":1785059130.460584,"caller":"handlers/server.go:685","msg":"EPP sent response body back to proxy","x-request-id":"2d5798a1-3838-446c-ac78-05e4252b011f"}
{"level":"info","ts":1785059130.6822724,"caller":"handlers/server.go:685","msg":"EPP sent response body back to proxy","x-request-id":"dac67bd3-debd-485e-a248-2498c47a4563"}
{"level":"info","ts":1785059131.0053988,"caller":"handlers/server.go:685","msg":"EPP sent response body back to proxy","x-request-id":"0a77f7b5-2e28-45e9-a012-30bdf0a47ee2"}
{"level":"info","ts":1785059131.640407,"caller":"handlers/server.go:685","msg":"EPP sent response body back to proxy","x-request-id":"d40f7a00-53ff-41e5-855e-5dc7d4037002"}
{"level":"info","ts":1785059131.8832283,"caller":"handlers/server.go:685","msg":"EPP sent response body back to proxy","x-request-id":"575ce80a-373c-419e-9a85-2339ed88e8e0"}
{"level":"info","ts":1785059133.1667948,"caller":"handlers/server.go:685","msg":"EPP sent response body back to proxy","x-request-id":"14519eab-a299-403e-a641-154b4181b83d"}
{"level":"info","ts":1785059133.3928618,"caller":"handlers/server.go:685","msg":"EPP sent response body back to proxy","x-request-id":"ba503f4c-acc2-445f-94d0-af26bda0a65b"}
{"level":"info","ts":1785059133.4806914,"caller":"handlers/server.go:685","msg":"EPP sent response body back to proxy","x-request-id":"f6944713-1ee3-4ec6-b1db-301b5e4edfd5"}
{"level":"info","ts":1785059134.4369483,"caller":"handlers/server.go:685","msg":"EPP sent response body back to proxy","x-request-id":"3a018181-44b4-485e-89ef-6c66bc1943ae"}
{"level":"info","ts":1785059134.9771788,"caller":"handlers/server.go:685","msg":"EPP sent response body back to proxy","x-request-id":"6bfa89db-defe-4aa7-852f-d55b5ba11092"}
{"level":"info","ts":1785059137.2308416,"caller":"handlers/server.go:685","msg":"EPP sent response body back to proxy","x-request-id":"92f3d1b4-a3b2-4382-bda1-f0a8e65f7bbd"}
{"level":"info","ts":1785059137.4083617,"caller":"handlers/server.go:685","msg":"EPP sent response body back to proxy","x-request-id":"ef1aa22d-a096-983e-acfa-0eae75cc9ea7"}
{"level":"info","ts":1785059139.1900988,"caller":"handlers/server.go:685","msg":"EPP sent response body back to proxy","x-request-id":"3591034d-b337-48a7-a803-a5c0f1d4e244"}
{"level":"info","ts":1785059139.2322764,"caller":"handlers/server.go:685","msg":"EPP sent response body back to proxy","x-request-id":"7bac9551-481d-499f-b105-a922774e6928"}
{"level":"info","ts":1785059139.6099288,"caller":"handlers/server.go:685","msg":"EPP sent response body back to proxy","x-request-id":"fc37f73f-3040-4dda-9c42-12cf8b34b9b2"}
{"level":"info","ts":1785059139.9594154,"caller":"handlers/server.go:685","msg":"EPP sent response body back to proxy","x-request-id":"cca65eb8-fe6d-483c-b163-c6fa0204b412"}
{"level":"info","ts":1785059140.2088513,"caller":"handlers/server.go:685","msg":"EPP sent response body back to proxy","x-request-id":"d6066b03-95e8-456f-b515-8294d7dc8cad"}
{"level":"info","ts":1785059140.4672658,"caller":"handlers/server.go:685","msg":"EPP sent response body back to proxy","x-request-id":"a62214a3-a82d-42cf-abab-74ee380ba65a"}
{"level":"info","ts":1785059140.5434608,"caller":"datastore/datastore.go:374","msg":"Pod already exists","controller":"pod","controllerGroup":"","controllerKind":"Pod","Pod":{"name":"pd-disaggregation-nvidia-gpu-vllm-decode-85bf598f64-v5xlx","namespace":"dpikus-pd-sglang-bench"},"namespace":"dpikus-pd-sglang-bench","name":"pd-disaggregation-nvidia-gpu-vllm-decode-85bf598f64-v5xlx","reconcileID":"b60ae367-6438-4ab4-a2c3-00c595fea9a3","name":"pd-disaggregation-nvidia-gpu-vllm-decode-85bf598f64-v5xlx"}
{"level":"info","ts":1785059153.9655216,"caller":"handlers/server.go:685","msg":"EPP sent response body back to proxy","x-request-id":"a49b91a0-e3e1-418c-9ed7-5d7c0a8d7f90"}
{"level":"info","ts":1785059154.782683,"caller":"handlers/server.go:685","msg":"EPP sent response body back to proxy","x-request-id":"150cc695-cbb7-44be-bafe-9aa9b35fc6d8"}
{"level":"info","ts":1785059155.791208,"caller":"handlers/server.go:685","msg":"EPP sent response body back to proxy","x-request-id":"db649208-0d7d-4f3d-838e-a817704e716e"}
{"level":"info","ts":1785059157.5485628,"caller":"handlers/server.go:685","msg":"EPP sent response body back to proxy","x-request-id":"0c4dee6a-5f43-4577-a801-16fc0415b16d"}
{"level":"info","ts":1785059157.5988033,"caller":"handlers/server.go:685","msg":"EPP sent response body back to proxy","x-request-id":"3184f4d2-b9c1-4909-bbd0-4b910abf9a8e"}
{"level":"info","ts":1785059157.6254337,"caller":"handlers/server.go:685","msg":"EPP sent response body back to proxy","x-request-id":"f96ec0fd-d05a-456c-aa35-03fc99ed1a24"}
{"level":"info","ts":1785059157.8100967,"caller":"handlers/server.go:685","msg":"EPP sent response body back to proxy","x-request-id":"a547099f-3f1a-4884-acab-a7732a5d026c"}
{"level":"info","ts":1785059158.0177119,"caller":"handlers/server.go:685","msg":"EPP sent response body back to proxy","x-request-id":"5dfe447f-cc87-44cf-b6d4-791569157ea6"}
{"level":"info","ts":1785059158.0639186,"caller":"handlers/server.go:685","msg":"EPP sent response body back to proxy","x-request-id":"59370190-7213-4629-84ee-7bd222c3d538"}
{"level":"info","ts":1785059158.7077315,"caller":"handlers/server.go:685","msg":"EPP sent response body back to proxy","x-request-id":"04cbeddb-b483-4e55-b3b2-f1374b56f7fa"}
{"level":"info","ts":1785059158.7787943,"caller":"handlers/server.go:685","msg":"EPP sent response body back to proxy","x-request-id":"70f5f625-084c-4356-b295-64f2292930bf"}
{"level":"info","ts":1785059159.3815389,"caller":"handlers/server.go:685","msg":"EPP sent response body back to proxy","x-request-id":"7d1f2e7e-7364-42bf-a5b0-7c37eebf37c9"}
{"level":"info","ts":1785059159.7061658,"caller":"handlers/server.go:685","msg":"EPP sent response body back to proxy","x-request-id":"2ab7a2cd-8d03-4c55-890c-2dfcf4dba8f6"}
{"level":"info","ts":1785059159.7257051,"caller":"handlers/server.go:685","msg":"EPP sent response body back to proxy","x-request-id":"fd09b930-2da0-4bca-beaa-dcd146e8ce5e"}
{"level":"info","ts":1785059159.9492996,"caller":"handlers/server.go:685","msg":"EPP sent response body back to proxy","x-request-id":"900f1886-6084-49a5-a155-9fbf78c311e4"}
{"level":"info","ts":1785059161.639882,"caller":"handlers/server.go:685","msg":"EPP sent response body back to proxy","x-request-id":"b867232f-0245-4cc7-a5e5-5b348a0adef8"}
{"level":"info","ts":1785059162.720099,"caller":"handlers/server.go:685","msg":"EPP sent response body back to proxy","x-request-id":"b45c23f3-18b8-4fdb-b0bd-735ef678708e"}
{"level":"info","ts":1785059163.7913377,"caller":"handlers/server.go:685","msg":"EPP sent response body back to proxy","x-request-id":"e51a3af9-7855-4247-ba10-c2c3a5dc1717"}
{"level":"info","ts":1785059164.3417869,"caller":"handlers/server.go:685","msg":"EPP sent response body back to proxy","x-request-id":"aed445f7-cf6c-4b72-9a95-61e2f58cc2b2"}
{"level":"info","ts":1785059164.9889243,"caller":"handlers/server.go:685","msg":"EPP sent response body back to proxy","x-request-id":"62b91f95-fa1e-4637-9d39-3d2c63078e2a"}
{"level":"info","ts":1785059165.181115,"caller":"handlers/server.go:685","msg":"EPP sent response body back to proxy","x-request-id":"21523f27-d045-448b-9a91-66abeff68115"}
{"level":"info","ts":1785059165.4922743,"caller":"handlers/server.go:685","msg":"EPP sent response body back to proxy","x-request-id":"a82d9028-35e1-45de-b685-0ae26901c9c1"}
{"level":"info","ts":1785059182.2590492,"caller":"datastore/datastore.go:374","msg":"Pod already exists","controller":"pod","controllerGroup":"","controllerKind":"Pod","Pod":{"name":"pd-disaggregation-nvidia-gpu-vllm-decode-slow-fb857c8f5-dl4cg","namespace":"dpikus-pd-sglang-bench"},"namespace":"dpikus-pd-sglang-bench","name":"pd-disaggregation-nvidia-gpu-vllm-decode-slow-fb857c8f5-dl4cg","reconcileID":"967026c2-62b5-4433-9580-88ada37d35b9","name":"pd-disaggregation-nvidia-gpu-vllm-decode-slow-fb857c8f5-dl4cg"}
{"level":"info","ts":1785059184.027591,"caller":"handlers/server.go:685","msg":"EPP sent response body back to proxy","x-request-id":"71f82ae2-aeb0-458f-ba0a-26487d2bac2c"}
{"level":"info","ts":1785059186.3655267,"caller":"handlers/server.go:685","msg":"EPP sent response body back to proxy","x-request-id":"1a5b3740-c1ab-4c4a-8167-f5ce0d6c7085"}
{"level":"info","ts":1785059187.5112958,"caller":"handlers/server.go:685","msg":"EPP sent response body back to proxy","x-request-id":"98b82efe-b3bc-428f-8ffb-bc65d05da8ca"}
{"level":"info","ts":1785059188.4858558,"caller":"handlers/server.go:685","msg":"EPP sent response body back to proxy","x-request-id":"f2ae503d-c6ef-9f01-93dd-74854ad24cc6"}
{"level":"info","ts":1785059188.8387864,"caller":"handlers/server.go:685","msg":"EPP sent response body back to proxy","x-request-id":"88a23790-4cfe-43ac-9caf-432ee3619ab7"}
{"level":"info","ts":1785059189.0040386,"caller":"datastore/datastore.go:374","msg":"Pod already exists","controller":"pod","controllerGroup":"","controllerKind":"Pod","Pod":{"name":"pd-disaggregation-nvidia-gpu-vllm-prefill-85f6865487-752w9","namespace":"dpikus-pd-sglang-bench"},"namespace":"dpikus-pd-sglang-bench","name":"pd-disaggregation-nvidia-gpu-vllm-prefill-85f6865487-752w9","reconcileID":"11166a46-0fa7-4fdd-9354-74e6745099eb","name":"pd-disaggregation-nvidia-gpu-vllm-prefill-85f6865487-752w9"}
{"level":"info","ts":1785059189.9249458,"caller":"handlers/server.go:685","msg":"EPP sent response body back to proxy","x-request-id":"49a62a42-720c-42b1-9a19-cb19b9a65333"}
{"level":"info","ts":1785059190.1035264,"caller":"handlers/server.go:685","msg":"EPP sent response body back to proxy","x-request-id":"37b3fd35-14d2-4828-aec9-ea11c0c72d82"}
{"level":"info","ts":1785059190.458333,"caller":"handlers/server.go:685","msg":"EPP sent response body back to proxy","x-request-id":"b3a7a9d8-9e32-47bc-91eb-8c0061a4361f"}
{"level":"info","ts":1785059193.7682195,"caller":"datastore/datastore.go:374","msg":"Pod already exists","controller":"pod","controllerGroup":"","controllerKind":"Pod","Pod":{"name":"pd-disaggregation-nvidia-gpu-vllm-prefill-85f6865487-lmc6w","namespace":"dpikus-pd-sglang-bench"},"namespace":"dpikus-pd-sglang-bench","name":"pd-disaggregation-nvidia-gpu-vllm-prefill-85f6865487-lmc6w","reconcileID":"53b14b24-8db4-4b44-8ee5-05a69611de5c","name":"pd-disaggregation-nvidia-gpu-vllm-prefill-85f6865487-lmc6w"}
{"level":"info","ts":1785059208.5014167,"caller":"handlers/server.go:685","msg":"EPP sent response body back to proxy","x-request-id":"2c896414-58e8-4751-9ce0-8a6908ed7e65"}
{"level":"info","ts":1785059210.882712,"caller":"handlers/server.go:685","msg":"EPP sent response body back to proxy","x-request-id":"dd658c87-8e21-40b4-b34f-112e78a7aa0d"}
{"level":"info","ts":1785059211.5430362,"caller":"datastore/datastore.go:374","msg":"Pod already exists","controller":"pod","controllerGroup":"","controllerKind":"Pod","Pod":{"name":"pd-disaggregation-nvidia-gpu-vllm-decode-85bf598f64-v5xlx","namespace":"dpikus-pd-sglang-bench"},"namespace":"dpikus-pd-sglang-bench","name":"pd-disaggregation-nvidia-gpu-vllm-decode-85bf598f64-v5xlx","reconcileID":"7f5f0c26-bd2f-4319-8a88-f1e3d03d2fd6","name":"pd-disaggregation-nvidia-gpu-vllm-decode-85bf598f64-v5xlx"}
{"level":"info","ts":1785059213.0187733,"caller":"handlers/server.go:685","msg":"EPP sent response body back to proxy","x-request-id":"429571ab-e29e-429e-8076-ed98b768ea45"}
{"level":"info","ts":1785059213.0667121,"caller":"handlers/server.go:685","msg":"EPP sent response body back to proxy","x-request-id":"0d267585-e339-42cf-a8d2-13fa07ae5de3"}
{"level":"info","ts":1785059213.3391101,"caller":"handlers/server.go:685","msg":"EPP sent response body back to proxy","x-request-id":"c338625a-a6b5-4bb7-b1f2-9ac99d797f33"}
{"level":"info","ts":1785059215.6603734,"caller":"handlers/server.go:685","msg":"EPP sent response body back to proxy","x-request-id":"2e032c67-3dd7-45ee-8c9b-f4e9727f171c"}
{"level":"info","ts":1785059215.881607,"caller":"handlers/server.go:685","msg":"EPP sent response body back to proxy","x-request-id":"0adf27e1-cd3c-4930-96a9-e69cf40aaab1"}
{"level":"info","ts":1785059216.1234515,"caller":"handlers/server.go:685","msg":"EPP sent response body back to proxy","x-request-id":"8d664e32-5073-425f-a856-02d31a4022cb"}
{"level":"info","ts":1785059220.4331527,"caller":"datastore/datastore.go:374","msg":"Pod already exists","controller":"pod","controllerGroup":"","controllerKind":"Pod","Pod":{"name":"pd-disaggregation-nvidia-gpu-vllm-prefill-85f6865487-txl66","namespace":"dpikus-pd-sglang-bench"},"namespace":"dpikus-pd-sglang-bench","name":"pd-disaggregation-nvidia-gpu-vllm-prefill-85f6865487-txl66","reconcileID":"a1565c5f-728a-40be-a9f5-1a8e2dadef61","name":"pd-disaggregation-nvidia-gpu-vllm-prefill-85f6865487-txl66"}
{"level":"info","ts":1785059227.6434393,"caller":"datastore/datastore.go:374","msg":"Pod already exists","controller":"pod","controllerGroup":"","controllerKind":"Pod","Pod":{"name":"pd-disaggregation-nvidia-gpu-vllm-decode-85bf598f64-kqv2n","namespace":"dpikus-pd-sglang-bench"},"namespace":"dpikus-pd-sglang-bench","name":"pd-disaggregation-nvidia-gpu-vllm-decode-85bf598f64-kqv2n","reconcileID":"1964208b-dcac-4a3a-a2eb-a34109489a23","name":"pd-disaggregation-nvidia-gpu-vllm-decode-85bf598f64-kqv2n"}
{"level":"info","ts":1785059233.2581801,"caller":"handlers/server.go:685","msg":"EPP sent response body back to proxy","x-request-id":"7f2180e0-7f60-4d1a-a1f9-8dd98227ae44"}
{"level":"info","ts":1785059235.5043173,"caller":"handlers/server.go:685","msg":"EPP sent response body back to proxy","x-request-id":"c1115a69-6b95-4593-81b1-9f2c452c1054"}
{"level":"info","ts":1785059237.8015852,"caller":"handlers/server.go:685","msg":"EPP sent response body back to proxy","x-request-id":"75886278-f6fc-462d-a316-513c8f4e3a59"}
{"level":"info","ts":1785059238.2089489,"caller":"handlers/server.go:685","msg":"EPP sent response body back to proxy","x-request-id":"75076344-2d3e-4018-8b4b-6317df2d4ed4"}
{"level":"info","ts":1785059238.292324,"caller":"handlers/server.go:685","msg":"EPP sent response body back to proxy","x-request-id":"2673450d-11b7-4aa5-91f8-31d2e779d1a2"}
{"level":"info","ts":1785059240.6487153,"caller":"handlers/server.go:685","msg":"EPP sent response body back to proxy","x-request-id":"2669fa14-81a9-4525-8aea-a253a0dfbb64"}
{"level":"info","ts":1785059240.746828,"caller":"handlers/server.go:685","msg":"EPP sent response body back to proxy","x-request-id":"e703662b-2ec8-49c3-9b9e-52dda232990c"}
{"level":"info","ts":1785059240.9904892,"caller":"handlers/server.go:685","msg":"EPP sent response body back to proxy","x-request-id":"1151674d-55d6-4b7e-a59b-9eda2e90412b"}
{"level":"info","ts":1785059254.2593172,"caller":"datastore/datastore.go:374","msg":"Pod already exists","controller":"pod","controllerGroup":"","controllerKind":"Pod","Pod":{"name":"pd-disaggregation-nvidia-gpu-vllm-decode-slow-fb857c8f5-dl4cg","namespace":"dpikus-pd-sglang-bench"},"namespace":"dpikus-pd-sglang-bench","name":"pd-disaggregation-nvidia-gpu-vllm-decode-slow-fb857c8f5-dl4cg","reconcileID":"a4f78a19-a748-439a-be48-174bf60123cf","name":"pd-disaggregation-nvidia-gpu-vllm-decode-slow-fb857c8f5-dl4cg"}
{"level":"info","ts":1785059258.3248618,"caller":"handlers/server.go:685","msg":"EPP sent response body back to proxy","x-request-id":"2d1f293c-7ef0-49d6-a8b1-53c2edfefaf1"}
{"level":"info","ts":1785059260.7543693,"caller":"handlers/server.go:685","msg":"EPP sent response body back to proxy","x-request-id":"3af5df95-539e-45ad-8ac8-e57e3e85c063"}
{"level":"info","ts":1785059263.0303144,"caller":"handlers/server.go:685","msg":"EPP sent response body back to proxy","x-request-id":"c7891862-673a-418a-b153-d9e8a16d468e"}
{"level":"info","ts":1785059263.1126075,"caller":"handlers/server.go:685","msg":"EPP sent response body back to proxy","x-request-id":"221c1263-9626-4380-943f-a5a05d50e1d9"}
{"level":"info","ts":1785059263.46156,"caller":"handlers/server.go:685","msg":"EPP sent response body back to proxy","x-request-id":"17181d11-8880-4f78-83ff-d32288f56498"}
{"level":"info","ts":1785059265.0039954,"caller":"datastore/datastore.go:374","msg":"Pod already exists","controller":"pod","controllerGroup":"","controllerKind":"Pod","Pod":{"name":"pd-disaggregation-nvidia-gpu-vllm-prefill-85f6865487-752w9","namespace":"dpikus-pd-sglang-bench"},"namespace":"dpikus-pd-sglang-bench","name":"pd-disaggregation-nvidia-gpu-vllm-prefill-85f6865487-752w9","reconcileID":"4d1bf130-c3c7-4f22-a450-13c084257572","name":"pd-disaggregation-nvidia-gpu-vllm-prefill-85f6865487-752w9"}
{"level":"info","ts":1785059265.5595338,"caller":"handlers/server.go:685","msg":"EPP sent response body back to proxy","x-request-id":"4a4e1e3d-8fbe-4f00-8833-03a100300e50"}
{"level":"info","ts":1785059265.7079651,"caller":"handlers/server.go:685","msg":"EPP sent response body back to proxy","x-request-id":"dffc15be-262d-458d-829e-e2513711953c"}
{"level":"info","ts":1785059266.167466,"caller":"handlers/server.go:685","msg":"EPP sent response body back to proxy","x-request-id":"a92561aa-edd7-4884-9e90-f44d5d534f2f"}
{"level":"info","ts":1785059283.7976277,"caller":"handlers/server.go:685","msg":"EPP sent response body back to proxy","x-request-id":"d39d1411-12b0-4b44-9979-812298309bd4"}
{"level":"info","ts":1785059286.3226688,"caller":"handlers/server.go:685","msg":"EPP sent response body back to proxy","x-request-id":"a445d74f-96b8-4e3d-b88d-e18056c5287e"}
{"level":"info","ts":1785059288.5557535,"caller":"handlers/server.go:685","msg":"EPP sent response body back to proxy","x-request-id":"4b325f83-e4e0-47df-a6a1-aab07ee0cbe1"}
{"level":"info","ts":1785059288.9521346,"caller":"handlers/server.go:685","msg":"EPP sent response body back to proxy","x-request-id":"7ae83077-f617-4c93-a14e-05e170ce1b11"}
{"level":"info","ts":1785059289.0390103,"caller":"handlers/server.go:685","msg":"EPP sent response body back to proxy","x-request-id":"a5b7dc40-d2b2-4da7-91a3-aa330d3fd288"}
{"level":"info","ts":1785059291.6195273,"caller":"handlers/server.go:685","msg":"EPP sent response body back to proxy","x-request-id":"484cb760-64c4-4d95-93d6-fef94d7a1960"}
{"level":"info","ts":1785059291.837752,"caller":"handlers/server.go:685","msg":"EPP sent response body back to proxy","x-request-id":"6c6d876b-3f6a-4d6b-8140-7f7e01fa8a13"}
{"level":"info","ts":1785059292.1999002,"caller":"handlers/server.go:685","msg":"EPP sent response body back to proxy","x-request-id":"3f35e833-ff78-4f47-ae41-66c469a54efa"}
{"level":"info","ts":1785059294.643949,"caller":"datastore/datastore.go:374","msg":"Pod already exists","controller":"pod","controllerGroup":"","controllerKind":"Pod","Pod":{"name":"pd-disaggregation-nvidia-gpu-vllm-decode-85bf598f64-kqv2n","namespace":"dpikus-pd-sglang-bench"},"namespace":"dpikus-pd-sglang-bench","name":"pd-disaggregation-nvidia-gpu-vllm-decode-85bf598f64-kqv2n","reconcileID":"a3ef568c-86b4-41a8-838e-6145df492fce","name":"pd-disaggregation-nvidia-gpu-vllm-decode-85bf598f64-kqv2n"}
{"level":"info","ts":1785059309.3376138,"caller":"handlers/server.go:685","msg":"EPP sent response body back to proxy","x-request-id":"1a4133a9-ba28-4fe4-b72e-464ef1850b82"}
{"level":"info","ts":1785059311.8559456,"caller":"handlers/server.go:685","msg":"EPP sent response body back to proxy","x-request-id":"84642c8c-a792-446c-8959-8d91ba51d9bc"}
{"level":"info","ts":1785059314.1045668,"caller":"handlers/server.go:685","msg":"EPP sent response body back to proxy","x-request-id":"a193e319-4b8c-4178-a0cc-d295ecaf2c55"}
{"level":"info","ts":1785059314.5565898,"caller":"handlers/server.go:685","msg":"EPP sent response body back to proxy","x-request-id":"82e425bf-ddf1-46d1-95cc-a78f0784917e"}
{"level":"info","ts":1785059314.7148128,"caller":"handlers/server.go:685","msg":"EPP sent response body back to proxy","x-request-id":"e1c7befd-40b3-48fe-8a26-0e5f4f075624"}
{"level":"info","ts":1785059317.2422955,"caller":"handlers/server.go:685","msg":"EPP sent response body back to proxy","x-request-id":"d16aa60d-f103-4ba8-88a3-0af094c5a063"}
{"level":"info","ts":1785059317.4680374,"caller":"handlers/server.go:685","msg":"EPP sent response body back to proxy","x-request-id":"c7a293e3-0385-464c-9dd8-4abd2344f561"}
{"level":"info","ts":1785059317.9341145,"caller":"handlers/server.go:685","msg":"EPP sent response body back to proxy","x-request-id":"a69ac2a8-ddae-4d3c-8d6a-11246e307120"}
{"level":"info","ts":1785059334.8709152,"caller":"handlers/server.go:685","msg":"EPP sent response body back to proxy","x-request-id":"42303585-dccc-4e28-b1d3-302b131b7181"}
{"level":"info","ts":1785059337.4517045,"caller":"handlers/server.go:685","msg":"EPP sent response body back to proxy","x-request-id":"f27bed14-e549-465f-ae5f-0104e39a62e5"}
{"level":"info","ts":1785059339.5353775,"caller":"handlers/server.go:685","msg":"EPP sent response body back to proxy","x-request-id":"16b843f3-8fd1-4433-8cc5-24b1fa8c4a8e"}
{"level":"info","ts":1785059339.7868361,"caller":"handlers/server.go:685","msg":"EPP sent response body back to proxy","x-request-id":"0aae1893-524c-4006-b395-b759b4f6da57"}
{"level":"info","ts":1785059340.7794547,"caller":"handlers/server.go:685","msg":"EPP sent response body back to proxy","x-request-id":"92bb1fb8-c05f-4bba-a1b1-44dc155343de"}
{"level":"info","ts":1785059343.3815963,"caller":"handlers/server.go:685","msg":"EPP sent response body back to proxy","x-request-id":"de116c70-e87a-4485-9eed-dbfccd0d703f"}
{"level":"info","ts":1785059343.4065173,"caller":"handlers/server.go:685","msg":"EPP sent response body back to proxy","x-request-id":"e24fd2d3-8884-41f6-98a3-b733a9d5bd52"}
{"level":"info","ts":1785059343.6208684,"caller":"handlers/server.go:685","msg":"EPP sent response body back to proxy","x-request-id":"941a5fc3-bb72-4f35-9edb-d6f6354cf9de"}
{"level":"info","ts":1785059358.5329585,"caller":"handlers/server.go:685","msg":"EPP sent response body back to proxy","x-request-id":"5eb1ca3f-7b7c-4d7e-90dd-4cdee379f685"}
{"level":"info","ts":1785059364.454463,"caller":"handlers/server.go:685","msg":"EPP sent response body back to proxy","x-request-id":"208c0c52-2687-44d1-a784-a8ac134a934c"}
{"level":"info","ts":1785059364.459001,"caller":"handlers/server.go:395","msg":"EPP received request","x-request-id":"f763a52c-457d-4014-800f-dcaa1cefeed0"}
{"level":"info","ts":1785059364.4607594,"caller":"handlers/server.go:685","msg":"EPP sent response body back to proxy","x-request-id":"f763a52c-457d-4014-800f-dcaa1cefeed0"}
{"level":"info","ts":1785059365.1405535,"caller":"handlers/server.go:395","msg":"EPP received request","x-request-id":"e1e90628-f991-4824-941b-f500ec89fbad"}
{"level":"info","ts":1785059365.1424012,"caller":"handlers/server.go:685","msg":"EPP sent response body back to proxy","x-request-id":"e1e90628-f991-4824-941b-f500ec89fbad"}
{"level":"info","ts":1785059393.43305,"caller":"datastore/datastore.go:374","msg":"Pod already exists","controller":"pod","controllerGroup":"","controllerKind":"Pod","Pod":{"name":"pd-disaggregation-nvidia-gpu-vllm-prefill-85f6865487-txl66","namespace":"dpikus-pd-sglang-bench"},"namespace":"dpikus-pd-sglang-bench","name":"pd-disaggregation-nvidia-gpu-vllm-prefill-85f6865487-txl66","reconcileID":"947c09b0-cc44-4c8b-9c0e-00d66f183a94","name":"pd-disaggregation-nvidia-gpu-vllm-prefill-85f6865487-txl66"}
{"level":"info","ts":1785059417.258113,"caller":"datastore/datastore.go:374","msg":"Pod already exists","controller":"pod","controllerGroup":"","controllerKind":"Pod","Pod":{"name":"pd-disaggregation-nvidia-gpu-vllm-decode-slow-fb857c8f5-dl4cg","namespace":"dpikus-pd-sglang-bench"},"namespace":"dpikus-pd-sglang-bench","name":"pd-disaggregation-nvidia-gpu-vllm-decode-slow-fb857c8f5-dl4cg","reconcileID":"b693a659-fe97-4b9d-9e32-f3636f9e9626","name":"pd-disaggregation-nvidia-gpu-vllm-decode-slow-fb857c8f5-dl4cg"}
{"level":"info","ts":1785059443.0040681,"caller":"datastore/datastore.go:374","msg":"Pod already exists","controller":"pod","controllerGroup":"","controllerKind":"Pod","Pod":{"name":"pd-disaggregation-nvidia-gpu-vllm-prefill-85f6865487-752w9","namespace":"dpikus-pd-sglang-bench"},"namespace":"dpikus-pd-sglang-bench","name":"pd-disaggregation-nvidia-gpu-vllm-prefill-85f6865487-752w9","reconcileID":"8edf3f4c-0ab7-4290-bdd8-f48fdb6bd966","name":"pd-disaggregation-nvidia-gpu-vllm-prefill-85f6865487-752w9"}
{"level":"info","ts":1785059468.432779,"caller":"datastore/datastore.go:374","msg":"Pod already exists","controller":"pod","controllerGroup":"","controllerKind":"Pod","Pod":{"name":"pd-disaggregation-nvidia-gpu-vllm-prefill-85f6865487-txl66","namespace":"dpikus-pd-sglang-bench"},"namespace":"dpikus-pd-sglang-bench","name":"pd-disaggregation-nvidia-gpu-vllm-prefill-85f6865487-txl66","reconcileID":"f4235b62-f14e-4ff0-b259-7cef63ee89a4","name":"pd-disaggregation-nvidia-gpu-vllm-prefill-85f6865487-txl66"}
{"level":"info","ts":1785059507.257986,"caller":"datastore/datastore.go:374","msg":"Pod already exists","controller":"pod","controllerGroup":"","controllerKind":"Pod","Pod":{"name":"pd-disaggregation-nvidia-gpu-vllm-decode-slow-fb857c8f5-dl4cg","namespace":"dpikus-pd-sglang-bench"},"namespace":"dpikus-pd-sglang-bench","name":"pd-disaggregation-nvidia-gpu-vllm-decode-slow-fb857c8f5-dl4cg","reconcileID":"b6cfd373-ef53-4887-b445-5945bd769966","name":"pd-disaggregation-nvidia-gpu-vllm-decode-slow-fb857c8f5-dl4cg"}
{"level":"info","ts":1785059533.5599601,"caller":"datastore/datastore.go:374","msg":"Pod already exists","controller":"pod","controllerGroup":"","controllerKind":"Pod","Pod":{"name":"pd-disaggregation-nvidia-gpu-vllm-decode-slow-fb857c8f5-srdjk","namespace":"dpikus-pd-sglang-bench"},"namespace":"dpikus-pd-sglang-bench","name":"pd-disaggregation-nvidia-gpu-vllm-decode-slow-fb857c8f5-srdjk","reconcileID":"3112e5be-a2ef-4cc1-b4cb-6ad33abc1ee6","name":"pd-disaggregation-nvidia-gpu-vllm-decode-slow-fb857c8f5-srdjk"}
{"level":"info","ts":1785059542.543944,"caller":"datastore/datastore.go:374","msg":"Pod already exists","controller":"pod","controllerGroup":"","controllerKind":"Pod","Pod":{"name":"pd-disaggregation-nvidia-gpu-vllm-decode-85bf598f64-v5xlx","namespace":"dpikus-pd-sglang-bench"},"namespace":"dpikus-pd-sglang-bench","name":"pd-disaggregation-nvidia-gpu-vllm-decode-85bf598f64-v5xlx","reconcileID":"8d8681ad-5132-47d5-815c-bcc90f1d6fbe","name":"pd-disaggregation-nvidia-gpu-vllm-decode-85bf598f64-v5xlx"}
{"level":"info","ts":1785059545.4318974,"caller":"datastore/datastore.go:374","msg":"Pod already exists","controller":"pod","controllerGroup":"","controllerKind":"Pod","Pod":{"name":"pd-disaggregation-nvidia-gpu-vllm-prefill-85f6865487-txl66","namespace":"dpikus-pd-sglang-bench"},"namespace":"dpikus-pd-sglang-bench","name":"pd-disaggregation-nvidia-gpu-vllm-prefill-85f6865487-txl66","reconcileID":"d16b246b-2145-4f28-99b1-21f09a12c80d","name":"pd-disaggregation-nvidia-gpu-vllm-prefill-85f6865487-txl66"}
