{"level":"info","ts":1785054879.4551132,"logger":"handler","caller":"server/handlers.go:101","msg":"received request","x-request-id":"a2e3802e-12e2-45ba-942c-3dbedf54a267","path":"/v1/chat/completions","model":"Qwen/Qwen3-VL-32B-Instruct","stream":true}
{"level":"info","ts":1785054879.4671159,"logger":"handler.prefill","caller":"steps/prefill.go:98","msg":"sending request","x-request-id":"a2e3802e-12e2-45ba-942c-3dbedf54a267","path":"/v1/chat/completions"}
{"level":"info","ts":1785054882.3459373,"logger":"handler.prefill","caller":"steps/prefill.go:126","msg":"complete","x-request-id":"a2e3802e-12e2-45ba-942c-3dbedf54a267"}
{"level":"info","ts":1785054882.3459914,"logger":"handler.decode","caller":"steps/decode.go:72","msg":"sending request","x-request-id":"a2e3802e-12e2-45ba-942c-3dbedf54a267","path":"/v1/chat/completions","stream":true}
{"level":"info","ts":1785054885.1806622,"logger":"handler","caller":"pipeline/pipeline.go:82","msg":"pipeline step timings","x-request-id":"a2e3802e-12e2-45ba-942c-3dbedf54a267","parse":"34.231681ms","prefill":"2.890829721s","decode":"2.834675225s"}
{"level":"info","ts":1785054886.2799692,"logger":"handler","caller":"server/handlers.go:101","msg":"received request","x-request-id":"f8f15bde-090b-4bbe-adba-3c656fa1f9b6","path":"/v1/chat/completions","model":"Qwen/Qwen3-VL-32B-Instruct","stream":true}
{"level":"info","ts":1785054886.2919314,"logger":"handler","caller":"server/handlers.go:101","msg":"received request","x-request-id":"a6e9779c-7118-440c-9a6f-3d6831004c7f","path":"/v1/chat/completions","model":"Qwen/Qwen3-VL-32B-Instruct","stream":true}
{"level":"info","ts":1785054886.294312,"logger":"handler","caller":"server/handlers.go:101","msg":"received request","x-request-id":"8c581476-d9aa-48f2-8068-29bdccd08b5d","path":"/v1/chat/completions","model":"Qwen/Qwen3-VL-32B-Instruct","stream":true}
{"level":"info","ts":1785054886.30823,"logger":"handler.prefill","caller":"steps/prefill.go:98","msg":"sending request","x-request-id":"8c581476-d9aa-48f2-8068-29bdccd08b5d","path":"/v1/chat/completions"}
{"level":"info","ts":1785054886.3082852,"logger":"handler.prefill","caller":"steps/prefill.go:98","msg":"sending request","x-request-id":"f8f15bde-090b-4bbe-adba-3c656fa1f9b6","path":"/v1/chat/completions"}
{"level":"info","ts":1785054886.308711,"logger":"handler","caller":"server/handlers.go:101","msg":"received request","x-request-id":"e4f5a730-0876-4445-9f91-ff844e5642c8","path":"/v1/chat/completions","model":"Qwen/Qwen3-VL-32B-Instruct","stream":true}
{"level":"info","ts":1785054886.3126354,"logger":"handler.prefill","caller":"steps/prefill.go:98","msg":"sending request","x-request-id":"e4f5a730-0876-4445-9f91-ff844e5642c8","path":"/v1/chat/completions"}
{"level":"info","ts":1785054886.3239381,"logger":"handler","caller":"server/handlers.go:101","msg":"received request","x-request-id":"9af25d56-4df0-4c22-888e-24808ae86280","path":"/v1/chat/completions","model":"Qwen/Qwen3-VL-32B-Instruct","stream":true}
{"level":"info","ts":1785054886.334342,"logger":"handler","caller":"server/handlers.go:101","msg":"received request","x-request-id":"e2ed1a7d-43ad-479c-ac33-c6ce4c4746df","path":"/v1/chat/completions","model":"Qwen/Qwen3-VL-32B-Instruct","stream":true}
{"level":"info","ts":1785054886.3351111,"logger":"handler","caller":"server/handlers.go:101","msg":"received request","x-request-id":"ea314c43-772f-4425-8959-b6839236ef59","path":"/v1/chat/completions","model":"Qwen/Qwen3-VL-32B-Instruct","stream":true}
{"level":"info","ts":1785054886.3358696,"logger":"handler.prefill","caller":"steps/prefill.go:98","msg":"sending request","x-request-id":"9af25d56-4df0-4c22-888e-24808ae86280","path":"/v1/chat/completions"}
{"level":"info","ts":1785054886.3422265,"logger":"handler.prefill","caller":"steps/prefill.go:98","msg":"sending request","x-request-id":"e2ed1a7d-43ad-479c-ac33-c6ce4c4746df","path":"/v1/chat/completions"}
{"level":"info","ts":1785054886.3435524,"logger":"handler.prefill","caller":"steps/prefill.go:98","msg":"sending request","x-request-id":"a6e9779c-7118-440c-9a6f-3d6831004c7f","path":"/v1/chat/completions"}
{"level":"info","ts":1785054886.3445146,"logger":"handler.prefill","caller":"steps/prefill.go:98","msg":"sending request","x-request-id":"ea314c43-772f-4425-8959-b6839236ef59","path":"/v1/chat/completions"}
{"level":"info","ts":1785054886.3483381,"logger":"handler","caller":"server/handlers.go:101","msg":"received request","x-request-id":"15e7f88b-02fb-4cc0-ac95-b152435d1a4c","path":"/v1/chat/completions","model":"Qwen/Qwen3-VL-32B-Instruct","stream":true}
{"level":"info","ts":1785054886.3571029,"logger":"handler.prefill","caller":"steps/prefill.go:98","msg":"sending request","x-request-id":"15e7f88b-02fb-4cc0-ac95-b152435d1a4c","path":"/v1/chat/completions"}
{"level":"info","ts":1785054887.6581795,"logger":"handler.prefill","caller":"steps/prefill.go:126","msg":"complete","x-request-id":"8c581476-d9aa-48f2-8068-29bdccd08b5d"}
{"level":"info","ts":1785054887.658227,"logger":"handler.decode","caller":"steps/decode.go:72","msg":"sending request","x-request-id":"8c581476-d9aa-48f2-8068-29bdccd08b5d","path":"/v1/chat/completions","stream":true}
{"level":"info","ts":1785054888.152014,"logger":"handler.prefill","caller":"steps/prefill.go:126","msg":"complete","x-request-id":"e4f5a730-0876-4445-9f91-ff844e5642c8"}
{"level":"info","ts":1785054888.1520615,"logger":"handler.decode","caller":"steps/decode.go:72","msg":"sending request","x-request-id":"e4f5a730-0876-4445-9f91-ff844e5642c8","path":"/v1/chat/completions","stream":true}
{"level":"info","ts":1785054888.2933533,"logger":"handler.prefill","caller":"steps/prefill.go:126","msg":"complete","x-request-id":"ea314c43-772f-4425-8959-b6839236ef59"}
{"level":"info","ts":1785054888.2933984,"logger":"handler.decode","caller":"steps/decode.go:72","msg":"sending request","x-request-id":"ea314c43-772f-4425-8959-b6839236ef59","path":"/v1/chat/completions","stream":true}
{"level":"info","ts":1785054888.695351,"logger":"handler.prefill","caller":"steps/prefill.go:126","msg":"complete","x-request-id":"e2ed1a7d-43ad-479c-ac33-c6ce4c4746df"}
{"level":"info","ts":1785054888.695402,"logger":"handler.decode","caller":"steps/decode.go:72","msg":"sending request","x-request-id":"e2ed1a7d-43ad-479c-ac33-c6ce4c4746df","path":"/v1/chat/completions","stream":true}
{"level":"info","ts":1785054889.3197236,"logger":"handler.prefill","caller":"steps/prefill.go:126","msg":"complete","x-request-id":"15e7f88b-02fb-4cc0-ac95-b152435d1a4c"}
{"level":"info","ts":1785054889.3197703,"logger":"handler.decode","caller":"steps/decode.go:72","msg":"sending request","x-request-id":"15e7f88b-02fb-4cc0-ac95-b152435d1a4c","path":"/v1/chat/completions","stream":true}
{"level":"info","ts":1785054889.4043593,"logger":"handler.prefill","caller":"steps/prefill.go:126","msg":"complete","x-request-id":"9af25d56-4df0-4c22-888e-24808ae86280"}
{"level":"info","ts":1785054889.4044049,"logger":"handler.decode","caller":"steps/decode.go:72","msg":"sending request","x-request-id":"9af25d56-4df0-4c22-888e-24808ae86280","path":"/v1/chat/completions","stream":true}
{"level":"info","ts":1785054890.279096,"logger":"handler.prefill","caller":"steps/prefill.go:126","msg":"complete","x-request-id":"f8f15bde-090b-4bbe-adba-3c656fa1f9b6"}
{"level":"info","ts":1785054890.2791383,"logger":"handler.decode","caller":"steps/decode.go:72","msg":"sending request","x-request-id":"f8f15bde-090b-4bbe-adba-3c656fa1f9b6","path":"/v1/chat/completions","stream":true}
{"level":"info","ts":1785054890.4855597,"logger":"handler.prefill","caller":"steps/prefill.go:126","msg":"complete","x-request-id":"a6e9779c-7118-440c-9a6f-3d6831004c7f"}
{"level":"info","ts":1785054890.4855943,"logger":"handler.decode","caller":"steps/decode.go:72","msg":"sending request","x-request-id":"a6e9779c-7118-440c-9a6f-3d6831004c7f","path":"/v1/chat/completions","stream":true}
{"level":"info","ts":1785054913.5033314,"logger":"handler","caller":"pipeline/pipeline.go:82","msg":"pipeline step timings","x-request-id":"e2ed1a7d-43ad-479c-ac33-c6ce4c4746df","parse":"35.36731ms","prefill":"2.361019299s","decode":"24.807932691s"}
{"level":"info","ts":1785054914.3356373,"logger":"handler","caller":"pipeline/pipeline.go:82","msg":"pipeline step timings","x-request-id":"e4f5a730-0876-4445-9f91-ff844e5642c8","parse":"24.911152ms","prefill":"1.843329137s","decode":"26.183567057s"}
{"level":"info","ts":1785054914.4232273,"logger":"handler","caller":"pipeline/pipeline.go:82","msg":"pipeline step timings","x-request-id":"ea314c43-772f-4425-8959-b6839236ef59","parse":"50.899293ms","prefill":"1.95825505s","decode":"26.129832466s"}
{"level":"info","ts":1785054914.4315937,"logger":"handler","caller":"pipeline/pipeline.go:82","msg":"pipeline step timings","x-request-id":"8c581476-d9aa-48f2-8068-29bdccd08b5d","parse":"35.33422ms","prefill":"1.363869962s","decode":"26.773372455s"}
{"level":"info","ts":1785054915.6043773,"logger":"handler","caller":"pipeline/pipeline.go:82","msg":"pipeline step timings","x-request-id":"f8f15bde-090b-4bbe-adba-3c656fa1f9b6","parse":"46.812847ms","prefill":"3.999124573s","decode":"25.325241947s"}
{"level":"info","ts":1785054915.9224117,"logger":"handler","caller":"pipeline/pipeline.go:82","msg":"pipeline step timings","x-request-id":"15e7f88b-02fb-4cc0-ac95-b152435d1a4c","parse":"74.36857ms","prefill":"2.971400795s","decode":"26.60264492s"}
{"level":"info","ts":1785054916.1252365,"logger":"handler","caller":"pipeline/pipeline.go:82","msg":"pipeline step timings","x-request-id":"9af25d56-4df0-4c22-888e-24808ae86280","parse":"62.582287ms","prefill":"3.080424023s","decode":"26.720841319s"}
{"level":"info","ts":1785054916.3954048,"logger":"handler","caller":"pipeline/pipeline.go:82","msg":"pipeline step timings","x-request-id":"a6e9779c-7118-440c-9a6f-3d6831004c7f","parse":"58.353763ms","prefill":"4.193626391s","decode":"25.909811322s"}
{"level":"info","ts":1785054992.4025602,"logger":"handler","caller":"server/handlers.go:101","msg":"received request","x-request-id":"935d1892-40e2-4270-ad31-77895351bc0c","path":"/v1/chat/completions","model":"Qwen/Qwen3-VL-32B-Instruct","stream":true}
{"level":"info","ts":1785054992.4087124,"logger":"handler.prefill","caller":"steps/prefill.go:98","msg":"sending request","x-request-id":"935d1892-40e2-4270-ad31-77895351bc0c","path":"/v1/chat/completions"}
{"level":"info","ts":1785054993.955703,"logger":"handler.prefill","caller":"steps/prefill.go:126","msg":"complete","x-request-id":"935d1892-40e2-4270-ad31-77895351bc0c"}
{"level":"info","ts":1785054993.955748,"logger":"handler.decode","caller":"steps/decode.go:72","msg":"sending request","x-request-id":"935d1892-40e2-4270-ad31-77895351bc0c","path":"/v1/chat/completions","stream":true}
{"level":"info","ts":1785054995.463089,"logger":"handler","caller":"pipeline/pipeline.go:82","msg":"pipeline step timings","x-request-id":"935d1892-40e2-4270-ad31-77895351bc0c","parse":"31.873397ms","prefill":"1.553144243s","decode":"1.507342821s"}
{"level":"info","ts":1785054996.56577,"logger":"handler","caller":"server/handlers.go:101","msg":"received request","x-request-id":"38c70d11-c27e-4ca9-8438-3dabdc4a08e6","path":"/v1/chat/completions","model":"Qwen/Qwen3-VL-32B-Instruct","stream":true}
{"level":"info","ts":1785054996.5702732,"logger":"handler.prefill","caller":"steps/prefill.go:98","msg":"sending request","x-request-id":"38c70d11-c27e-4ca9-8438-3dabdc4a08e6","path":"/v1/chat/completions"}
{"level":"info","ts":1785054996.5709956,"logger":"handler","caller":"server/handlers.go:101","msg":"received request","x-request-id":"0a74fd08-8fcc-4a51-b86b-667dd2b70104","path":"/v1/chat/completions","model":"Qwen/Qwen3-VL-32B-Instruct","stream":true}
{"level":"info","ts":1785054996.5735145,"logger":"handler","caller":"server/handlers.go:101","msg":"received request","x-request-id":"e14d8b6b-9a7e-4c29-ac2d-1eadaecdd6c4","path":"/v1/chat/completions","model":"Qwen/Qwen3-VL-32B-Instruct","stream":true}
{"level":"info","ts":1785054996.575222,"logger":"handler.prefill","caller":"steps/prefill.go:98","msg":"sending request","x-request-id":"0a74fd08-8fcc-4a51-b86b-667dd2b70104","path":"/v1/chat/completions"}
{"level":"info","ts":1785054996.5815015,"logger":"handler.prefill","caller":"steps/prefill.go:98","msg":"sending request","x-request-id":"e14d8b6b-9a7e-4c29-ac2d-1eadaecdd6c4","path":"/v1/chat/completions"}
{"level":"info","ts":1785054996.5921884,"logger":"handler","caller":"server/handlers.go:101","msg":"received request","x-request-id":"65c1bb25-dcee-4ca3-9581-c45f8ad5767b","path":"/v1/chat/completions","model":"Qwen/Qwen3-VL-32B-Instruct","stream":true}
{"level":"info","ts":1785054996.5944326,"logger":"handler.prefill","caller":"steps/prefill.go:98","msg":"sending request","x-request-id":"65c1bb25-dcee-4ca3-9581-c45f8ad5767b","path":"/v1/chat/completions"}
{"level":"info","ts":1785054996.6033244,"logger":"handler","caller":"server/handlers.go:101","msg":"received request","x-request-id":"a2605073-5a90-42c1-a3d5-30812e503071","path":"/v1/chat/completions","model":"Qwen/Qwen3-VL-32B-Instruct","stream":true}
{"level":"info","ts":1785054996.60718,"logger":"handler","caller":"server/handlers.go:101","msg":"received request","x-request-id":"2b0ec3d6-cc07-4898-934f-ce4e7f295cec","path":"/v1/chat/completions","model":"Qwen/Qwen3-VL-32B-Instruct","stream":true}
{"level":"info","ts":1785054996.6087425,"logger":"handler","caller":"server/handlers.go:101","msg":"received request","x-request-id":"54e226a2-c80b-4e45-b375-07c251ce377d","path":"/v1/chat/completions","model":"Qwen/Qwen3-VL-32B-Instruct","stream":true}
{"level":"info","ts":1785054996.6088097,"logger":"handler.prefill","caller":"steps/prefill.go:98","msg":"sending request","x-request-id":"a2605073-5a90-42c1-a3d5-30812e503071","path":"/v1/chat/completions"}
{"level":"info","ts":1785054996.6134768,"logger":"handler.prefill","caller":"steps/prefill.go:98","msg":"sending request","x-request-id":"54e226a2-c80b-4e45-b375-07c251ce377d","path":"/v1/chat/completions"}
{"level":"info","ts":1785054996.6152043,"logger":"handler.prefill","caller":"steps/prefill.go:98","msg":"sending request","x-request-id":"2b0ec3d6-cc07-4898-934f-ce4e7f295cec","path":"/v1/chat/completions"}
{"level":"info","ts":1785054996.6179156,"logger":"handler","caller":"server/handlers.go:101","msg":"received request","x-request-id":"6d861aff-ed3d-4b0a-8f15-cd28ed1b1b46","path":"/v1/chat/completions","model":"Qwen/Qwen3-VL-32B-Instruct","stream":true}
{"level":"info","ts":1785054996.6220293,"logger":"handler.prefill","caller":"steps/prefill.go:98","msg":"sending request","x-request-id":"6d861aff-ed3d-4b0a-8f15-cd28ed1b1b46","path":"/v1/chat/completions"}
{"level":"info","ts":1785054996.6450346,"logger":"handler","caller":"server/handlers.go:101","msg":"received request","x-request-id":"e630824b-40e1-4761-849b-191f9990e87c","path":"/v1/chat/completions","model":"Qwen/Qwen3-VL-32B-Instruct","stream":true}
{"level":"info","ts":1785054996.6483657,"logger":"handler.prefill","caller":"steps/prefill.go:98","msg":"sending request","x-request-id":"e630824b-40e1-4761-849b-191f9990e87c","path":"/v1/chat/completions"}
{"level":"info","ts":1785054996.6653829,"logger":"handler","caller":"server/handlers.go:101","msg":"received request","x-request-id":"f5297262-343c-4b31-9b43-ac50402d7857","path":"/v1/chat/completions","model":"Qwen/Qwen3-VL-32B-Instruct","stream":true}
{"level":"info","ts":1785054996.6709473,"logger":"handler","caller":"server/handlers.go:101","msg":"received request","x-request-id":"5e661762-22b6-4bef-8009-6c68c1ac3689","path":"/v1/chat/completions","model":"Qwen/Qwen3-VL-32B-Instruct","stream":true}
{"level":"info","ts":1785054996.6709712,"logger":"handler.prefill","caller":"steps/prefill.go:98","msg":"sending request","x-request-id":"f5297262-343c-4b31-9b43-ac50402d7857","path":"/v1/chat/completions"}
{"level":"info","ts":1785054996.672929,"logger":"handler","caller":"server/handlers.go:101","msg":"received request","x-request-id":"904bbe7c-332f-4be3-86b7-c7ed58799233","path":"/v1/chat/completions","model":"Qwen/Qwen3-VL-32B-Instruct","stream":true}
{"level":"info","ts":1785054996.6733308,"logger":"handler.prefill","caller":"steps/prefill.go:98","msg":"sending request","x-request-id":"5e661762-22b6-4bef-8009-6c68c1ac3689","path":"/v1/chat/completions"}
{"level":"info","ts":1785054996.6735358,"logger":"handler","caller":"server/handlers.go:101","msg":"received request","x-request-id":"6e745720-a964-4850-9fd0-9480c95038c6","path":"/v1/chat/completions","model":"Qwen/Qwen3-VL-32B-Instruct","stream":true}
{"level":"info","ts":1785054996.6769457,"logger":"handler.prefill","caller":"steps/prefill.go:98","msg":"sending request","x-request-id":"6e745720-a964-4850-9fd0-9480c95038c6","path":"/v1/chat/completions"}
{"level":"info","ts":1785054996.6782377,"logger":"handler.prefill","caller":"steps/prefill.go:98","msg":"sending request","x-request-id":"904bbe7c-332f-4be3-86b7-c7ed58799233","path":"/v1/chat/completions"}
{"level":"info","ts":1785054996.6938643,"logger":"handler","caller":"server/handlers.go:101","msg":"received request","x-request-id":"58e1c02a-14b5-4731-bd4a-9399b706c655","path":"/v1/chat/completions","model":"Qwen/Qwen3-VL-32B-Instruct","stream":true}
{"level":"info","ts":1785054996.6963031,"logger":"handler.prefill","caller":"steps/prefill.go:98","msg":"sending request","x-request-id":"58e1c02a-14b5-4731-bd4a-9399b706c655","path":"/v1/chat/completions"}
{"level":"info","ts":1785054996.7048686,"logger":"handler","caller":"server/handlers.go:101","msg":"received request","x-request-id":"6b34b1a0-9647-4a4b-9a19-444706062bdc","path":"/v1/chat/completions","model":"Qwen/Qwen3-VL-32B-Instruct","stream":true}
{"level":"info","ts":1785054996.7114048,"logger":"handler.prefill","caller":"steps/prefill.go:98","msg":"sending request","x-request-id":"6b34b1a0-9647-4a4b-9a19-444706062bdc","path":"/v1/chat/completions"}
{"level":"info","ts":1785054996.719122,"logger":"handler","caller":"server/handlers.go:101","msg":"received request","x-request-id":"efae2319-f9d6-4061-a27e-2cfe1f90b732","path":"/v1/chat/completions","model":"Qwen/Qwen3-VL-32B-Instruct","stream":true}
{"level":"info","ts":1785054996.7384772,"logger":"handler.prefill","caller":"steps/prefill.go:98","msg":"sending request","x-request-id":"efae2319-f9d6-4061-a27e-2cfe1f90b732","path":"/v1/chat/completions"}
{"level":"info","ts":1785054997.4853654,"logger":"handler.prefill","caller":"steps/prefill.go:126","msg":"complete","x-request-id":"65c1bb25-dcee-4ca3-9581-c45f8ad5767b"}
{"level":"info","ts":1785054997.4854114,"logger":"handler.decode","caller":"steps/decode.go:72","msg":"sending request","x-request-id":"65c1bb25-dcee-4ca3-9581-c45f8ad5767b","path":"/v1/chat/completions","stream":true}
{"level":"info","ts":1785054997.8836575,"logger":"handler.prefill","caller":"steps/prefill.go:126","msg":"complete","x-request-id":"5e661762-22b6-4bef-8009-6c68c1ac3689"}
{"level":"info","ts":1785054997.8836894,"logger":"handler.decode","caller":"steps/decode.go:72","msg":"sending request","x-request-id":"5e661762-22b6-4bef-8009-6c68c1ac3689","path":"/v1/chat/completions","stream":true}
{"level":"info","ts":1785054997.9297755,"logger":"handler.prefill","caller":"steps/prefill.go:126","msg":"complete","x-request-id":"0a74fd08-8fcc-4a51-b86b-667dd2b70104"}
{"level":"info","ts":1785054997.9297974,"logger":"handler.decode","caller":"steps/decode.go:72","msg":"sending request","x-request-id":"0a74fd08-8fcc-4a51-b86b-667dd2b70104","path":"/v1/chat/completions","stream":true}
{"level":"info","ts":1785054998.2590744,"logger":"handler.prefill","caller":"steps/prefill.go:126","msg":"complete","x-request-id":"58e1c02a-14b5-4731-bd4a-9399b706c655"}
{"level":"info","ts":1785054998.2590973,"logger":"handler.decode","caller":"steps/decode.go:72","msg":"sending request","x-request-id":"58e1c02a-14b5-4731-bd4a-9399b706c655","path":"/v1/chat/completions","stream":true}
{"level":"info","ts":1785054998.4628599,"logger":"handler.prefill","caller":"steps/prefill.go:126","msg":"complete","x-request-id":"38c70d11-c27e-4ca9-8438-3dabdc4a08e6"}
{"level":"info","ts":1785054998.4628813,"logger":"handler.decode","caller":"steps/decode.go:72","msg":"sending request","x-request-id":"38c70d11-c27e-4ca9-8438-3dabdc4a08e6","path":"/v1/chat/completions","stream":true}
{"level":"info","ts":1785054998.5572636,"logger":"handler.prefill","caller":"steps/prefill.go:126","msg":"complete","x-request-id":"6d861aff-ed3d-4b0a-8f15-cd28ed1b1b46"}
{"level":"info","ts":1785054998.5572836,"logger":"handler.decode","caller":"steps/decode.go:72","msg":"sending request","x-request-id":"6d861aff-ed3d-4b0a-8f15-cd28ed1b1b46","path":"/v1/chat/completions","stream":true}
{"level":"info","ts":1785054999.0111678,"logger":"handler.prefill","caller":"steps/prefill.go:126","msg":"complete","x-request-id":"54e226a2-c80b-4e45-b375-07c251ce377d"}
{"level":"info","ts":1785054999.0111861,"logger":"handler.decode","caller":"steps/decode.go:72","msg":"sending request","x-request-id":"54e226a2-c80b-4e45-b375-07c251ce377d","path":"/v1/chat/completions","stream":true}
{"level":"info","ts":1785054999.440976,"logger":"handler.prefill","caller":"steps/prefill.go:126","msg":"complete","x-request-id":"a2605073-5a90-42c1-a3d5-30812e503071"}
{"level":"info","ts":1785054999.4409997,"logger":"handler.decode","caller":"steps/decode.go:72","msg":"sending request","x-request-id":"a2605073-5a90-42c1-a3d5-30812e503071","path":"/v1/chat/completions","stream":true}
{"level":"info","ts":1785054999.6275253,"logger":"handler.prefill","caller":"steps/prefill.go:126","msg":"complete","x-request-id":"e14d8b6b-9a7e-4c29-ac2d-1eadaecdd6c4"}
{"level":"info","ts":1785054999.6275485,"logger":"handler.decode","caller":"steps/decode.go:72","msg":"sending request","x-request-id":"e14d8b6b-9a7e-4c29-ac2d-1eadaecdd6c4","path":"/v1/chat/completions","stream":true}
{"level":"info","ts":1785054999.9529507,"logger":"handler.prefill","caller":"steps/prefill.go:126","msg":"complete","x-request-id":"e630824b-40e1-4761-849b-191f9990e87c"}
{"level":"info","ts":1785054999.9529762,"logger":"handler.decode","caller":"steps/decode.go:72","msg":"sending request","x-request-id":"e630824b-40e1-4761-849b-191f9990e87c","path":"/v1/chat/completions","stream":true}
{"level":"info","ts":1785055000.134154,"logger":"handler.prefill","caller":"steps/prefill.go:126","msg":"complete","x-request-id":"6b34b1a0-9647-4a4b-9a19-444706062bdc"}
{"level":"info","ts":1785055000.134177,"logger":"handler.decode","caller":"steps/decode.go:72","msg":"sending request","x-request-id":"6b34b1a0-9647-4a4b-9a19-444706062bdc","path":"/v1/chat/completions","stream":true}
{"level":"info","ts":1785055000.2842953,"logger":"handler.prefill","caller":"steps/prefill.go:126","msg":"complete","x-request-id":"6e745720-a964-4850-9fd0-9480c95038c6"}
{"level":"info","ts":1785055000.2843444,"logger":"handler.decode","caller":"steps/decode.go:72","msg":"sending request","x-request-id":"6e745720-a964-4850-9fd0-9480c95038c6","path":"/v1/chat/completions","stream":true}
{"level":"info","ts":1785055000.5480232,"logger":"handler.prefill","caller":"steps/prefill.go:126","msg":"complete","x-request-id":"2b0ec3d6-cc07-4898-934f-ce4e7f295cec"}
{"level":"info","ts":1785055000.5480676,"logger":"handler.decode","caller":"steps/decode.go:72","msg":"sending request","x-request-id":"2b0ec3d6-cc07-4898-934f-ce4e7f295cec","path":"/v1/chat/completions","stream":true}
{"level":"info","ts":1785055000.934512,"logger":"handler.prefill","caller":"steps/prefill.go:126","msg":"complete","x-request-id":"904bbe7c-332f-4be3-86b7-c7ed58799233"}
{"level":"info","ts":1785055000.9345546,"logger":"handler.decode","caller":"steps/decode.go:72","msg":"sending request","x-request-id":"904bbe7c-332f-4be3-86b7-c7ed58799233","path":"/v1/chat/completions","stream":true}
{"level":"info","ts":1785055001.389823,"logger":"handler.prefill","caller":"steps/prefill.go:126","msg":"complete","x-request-id":"f5297262-343c-4b31-9b43-ac50402d7857"}
{"level":"info","ts":1785055001.3898664,"logger":"handler.decode","caller":"steps/decode.go:72","msg":"sending request","x-request-id":"f5297262-343c-4b31-9b43-ac50402d7857","path":"/v1/chat/completions","stream":true}
{"level":"info","ts":1785055002.2462025,"logger":"handler.prefill","caller":"steps/prefill.go:126","msg":"complete","x-request-id":"efae2319-f9d6-4061-a27e-2cfe1f90b732"}
{"level":"info","ts":1785055002.2462459,"logger":"handler.decode","caller":"steps/decode.go:72","msg":"sending request","x-request-id":"efae2319-f9d6-4061-a27e-2cfe1f90b732","path":"/v1/chat/completions","stream":true}
{"level":"info","ts":1785055023.0745454,"logger":"handler","caller":"pipeline/pipeline.go:82","msg":"pipeline step timings","x-request-id":"65c1bb25-dcee-4ca3-9581-c45f8ad5767b","parse":"30.68413ms","prefill":"893.183882ms","decode":"25.589137913s"}
{"level":"info","ts":1785055023.9048257,"logger":"handler","caller":"pipeline/pipeline.go:82","msg":"pipeline step timings","x-request-id":"5e661762-22b6-4bef-8009-6c68c1ac3689","parse":"16.558967ms","prefill":"1.212704442s","decode":"26.021137286s"}
{"level":"info","ts":1785055024.2291772,"logger":"handler","caller":"pipeline/pipeline.go:82","msg":"pipeline step timings","x-request-id":"0a74fd08-8fcc-4a51-b86b-667dd2b70104","parse":"33.262772ms","prefill":"1.358758376s","decode":"26.299380727s"}
{"level":"info","ts":1785055024.4221172,"logger":"handler","caller":"pipeline/pipeline.go:82","msg":"pipeline step timings","x-request-id":"6d861aff-ed3d-4b0a-8f15-cd28ed1b1b46","parse":"33.592789ms","prefill":"1.939346476s","decode":"25.86483557s"}
{"level":"info","ts":1785055024.5490167,"logger":"handler","caller":"pipeline/pipeline.go:82","msg":"pipeline step timings","x-request-id":"58e1c02a-14b5-4731-bd4a-9399b706c655","parse":"22.480574ms","prefill":"1.565209397s","decode":"26.289922066s"}
{"level":"info","ts":1785055025.185175,"logger":"handler","caller":"pipeline/pipeline.go:82","msg":"pipeline step timings","x-request-id":"38c70d11-c27e-4ca9-8438-3dabdc4a08e6","parse":"55.034605ms","prefill":"1.897066738s","decode":"26.722295755s"}
{"level":"info","ts":1785055025.437406,"logger":"handler","caller":"pipeline/pipeline.go:82","msg":"pipeline step timings","x-request-id":"54e226a2-c80b-4e45-b375-07c251ce377d","parse":"31.938236ms","prefill":"2.402422074s","decode":"26.426222262s"}
{"level":"info","ts":1785055025.494717,"logger":"handler","caller":"pipeline/pipeline.go:82","msg":"pipeline step timings","x-request-id":"e630824b-40e1-4761-849b-191f9990e87c","parse":"33.629268ms","prefill":"3.307901728s","decode":"25.541744497s"}
{"level":"info","ts":1785055025.9285097,"logger":"handler","caller":"pipeline/pipeline.go:82","msg":"pipeline step timings","x-request-id":"6e745720-a964-4850-9fd0-9480c95038c6","parse":"28.211495ms","prefill":"3.610784561s","decode":"25.644169437s"}
{"level":"info","ts":1785055026.2438266,"logger":"handler","caller":"pipeline/pipeline.go:82","msg":"pipeline step timings","x-request-id":"a2605073-5a90-42c1-a3d5-30812e503071","parse":"56.380931ms","prefill":"2.837652054s","decode":"26.802829014s"}
{"level":"info","ts":1785055026.3705184,"logger":"handler","caller":"pipeline/pipeline.go:82","msg":"pipeline step timings","x-request-id":"6b34b1a0-9647-4a4b-9a19-444706062bdc","parse":"48.033197ms","prefill":"3.429279799s","decode":"26.236346916s"}
{"level":"info","ts":1785055026.449323,"logger":"handler","caller":"pipeline/pipeline.go:82","msg":"pipeline step timings","x-request-id":"904bbe7c-332f-4be3-86b7-c7ed58799233","parse":"47.528854ms","prefill":"4.261578218s","decode":"25.51477363s"}
{"level":"info","ts":1785055026.493495,"logger":"handler","caller":"pipeline/pipeline.go:82","msg":"pipeline step timings","x-request-id":"e14d8b6b-9a7e-4c29-ac2d-1eadaecdd6c4","parse":"61.777224ms","prefill":"3.054002813s","decode":"26.865946934s"}
{"level":"info","ts":1785055026.7055655,"logger":"handler","caller":"pipeline/pipeline.go:82","msg":"pipeline step timings","x-request-id":"2b0ec3d6-cc07-4898-934f-ce4e7f295cec","parse":"57.896675ms","prefill":"3.940850401s","decode":"26.157501251s"}
{"level":"info","ts":1785055027.3300226,"logger":"handler","caller":"pipeline/pipeline.go:82","msg":"pipeline step timings","x-request-id":"f5297262-343c-4b31-9b43-ac50402d7857","parse":"54.078654ms","prefill":"4.724435079s","decode":"25.940156963s"}
{"level":"info","ts":1785055028.3518078,"logger":"handler","caller":"pipeline/pipeline.go:82","msg":"pipeline step timings","x-request-id":"efae2319-f9d6-4061-a27e-2cfe1f90b732","parse":"72.76595ms","prefill":"5.527060378s","decode":"26.105567943s"}
{"level":"info","ts":1785055112.0230987,"logger":"handler","caller":"server/handlers.go:101","msg":"received request","x-request-id":"b285437d-414f-4b40-9912-75c038c7b20a","path":"/v1/chat/completions","model":"Qwen/Qwen3-VL-32B-Instruct","stream":true}
{"level":"info","ts":1785055112.029721,"logger":"handler.prefill","caller":"steps/prefill.go:98","msg":"sending request","x-request-id":"b285437d-414f-4b40-9912-75c038c7b20a","path":"/v1/chat/completions"}
{"level":"info","ts":1785055113.5060515,"logger":"handler.prefill","caller":"steps/prefill.go:126","msg":"complete","x-request-id":"b285437d-414f-4b40-9912-75c038c7b20a"}
{"level":"info","ts":1785055113.5061,"logger":"handler.decode","caller":"steps/decode.go:72","msg":"sending request","x-request-id":"b285437d-414f-4b40-9912-75c038c7b20a","path":"/v1/chat/completions","stream":true}
{"level":"info","ts":1785055114.770172,"logger":"handler","caller":"pipeline/pipeline.go:82","msg":"pipeline step timings","x-request-id":"b285437d-414f-4b40-9912-75c038c7b20a","parse":"32.393792ms","prefill":"1.482955517s","decode":"1.264076124s"}
{"level":"info","ts":1785055115.866783,"logger":"handler","caller":"server/handlers.go:101","msg":"received request","x-request-id":"a5bc1016-3f71-41e4-9d42-42bf73df87da","path":"/v1/chat/completions","model":"Qwen/Qwen3-VL-32B-Instruct","stream":true}
{"level":"info","ts":1785055115.8733125,"logger":"handler.prefill","caller":"steps/prefill.go:98","msg":"sending request","x-request-id":"a5bc1016-3f71-41e4-9d42-42bf73df87da","path":"/v1/chat/completions"}
{"level":"info","ts":1785055115.880862,"logger":"handler","caller":"server/handlers.go:101","msg":"received request","x-request-id":"218b63d9-6434-4983-8fed-67c12fbc63d0","path":"/v1/chat/completions","model":"Qwen/Qwen3-VL-32B-Instruct","stream":true}
{"level":"info","ts":1785055115.8832214,"logger":"handler","caller":"server/handlers.go:101","msg":"received request","x-request-id":"c590c765-75c1-4044-a114-bbec28935af1","path":"/v1/chat/completions","model":"Qwen/Qwen3-VL-32B-Instruct","stream":true}
{"level":"info","ts":1785055115.8854868,"logger":"handler.prefill","caller":"steps/prefill.go:98","msg":"sending request","x-request-id":"218b63d9-6434-4983-8fed-67c12fbc63d0","path":"/v1/chat/completions"}
{"level":"info","ts":1785055115.8908088,"logger":"handler.prefill","caller":"steps/prefill.go:98","msg":"sending request","x-request-id":"c590c765-75c1-4044-a114-bbec28935af1","path":"/v1/chat/completions"}
{"level":"info","ts":1785055115.9026976,"logger":"handler","caller":"server/handlers.go:101","msg":"received request","x-request-id":"fd554f0c-f4de-4aff-9b92-077e268fad64","path":"/v1/chat/completions","model":"Qwen/Qwen3-VL-32B-Instruct","stream":true}
{"level":"info","ts":1785055115.905803,"logger":"handler.prefill","caller":"steps/prefill.go:98","msg":"sending request","x-request-id":"fd554f0c-f4de-4aff-9b92-077e268fad64","path":"/v1/chat/completions"}
{"level":"info","ts":1785055115.9084942,"logger":"handler","caller":"server/handlers.go:101","msg":"received request","x-request-id":"47dca134-e4bc-4e25-8082-ec470cba3b18","path":"/v1/chat/completions","model":"Qwen/Qwen3-VL-32B-Instruct","stream":true}
{"level":"info","ts":1785055115.9140427,"logger":"handler.prefill","caller":"steps/prefill.go:98","msg":"sending request","x-request-id":"47dca134-e4bc-4e25-8082-ec470cba3b18","path":"/v1/chat/completions"}
{"level":"info","ts":1785055115.914661,"logger":"handler","caller":"server/handlers.go:101","msg":"received request","x-request-id":"1554f61c-597f-4209-a891-bbb9ffb4ede6","path":"/v1/chat/completions","model":"Qwen/Qwen3-VL-32B-Instruct","stream":true}
{"level":"info","ts":1785055115.9208121,"logger":"handler","caller":"server/handlers.go:101","msg":"received request","x-request-id":"c2d9abe8-7ecf-4b82-b209-94a798966d70","path":"/v1/chat/completions","model":"Qwen/Qwen3-VL-32B-Instruct","stream":true}
{"level":"info","ts":1785055115.9214873,"logger":"handler.prefill","caller":"steps/prefill.go:98","msg":"sending request","x-request-id":"1554f61c-597f-4209-a891-bbb9ffb4ede6","path":"/v1/chat/completions"}
{"level":"info","ts":1785055115.9247968,"logger":"handler.prefill","caller":"steps/prefill.go:98","msg":"sending request","x-request-id":"c2d9abe8-7ecf-4b82-b209-94a798966d70","path":"/v1/chat/completions"}
{"level":"info","ts":1785055115.9282029,"logger":"handler","caller":"server/handlers.go:101","msg":"received request","x-request-id":"f687f3d2-cb9f-4801-9fd3-246da1e03953","path":"/v1/chat/completions","model":"Qwen/Qwen3-VL-32B-Instruct","stream":true}
{"level":"info","ts":1785055115.9315193,"logger":"handler.prefill","caller":"steps/prefill.go:98","msg":"sending request","x-request-id":"f687f3d2-cb9f-4801-9fd3-246da1e03953","path":"/v1/chat/completions"}
{"level":"info","ts":1785055115.9399636,"logger":"handler","caller":"server/handlers.go:101","msg":"received request","x-request-id":"86492ee6-ef43-41c5-ab81-89c82ff94e8c","path":"/v1/chat/completions","model":"Qwen/Qwen3-VL-32B-Instruct","stream":true}
{"level":"info","ts":1785055115.9433272,"logger":"handler.prefill","caller":"steps/prefill.go:98","msg":"sending request","x-request-id":"86492ee6-ef43-41c5-ab81-89c82ff94e8c","path":"/v1/chat/completions"}
{"level":"info","ts":1785055115.9754708,"logger":"handler","caller":"server/handlers.go:101","msg":"received request","x-request-id":"4f7fbd06-9655-46fd-80fe-171a900d1a25","path":"/v1/chat/completions","model":"Qwen/Qwen3-VL-32B-Instruct","stream":true}
{"level":"info","ts":1785055115.9766805,"logger":"handler","caller":"server/handlers.go:101","msg":"received request","x-request-id":"720199ec-ed18-4e93-9a98-46c0c1e97a1d","path":"/v1/chat/completions","model":"Qwen/Qwen3-VL-32B-Instruct","stream":true}
{"level":"info","ts":1785055115.9822671,"logger":"handler.prefill","caller":"steps/prefill.go:98","msg":"sending request","x-request-id":"720199ec-ed18-4e93-9a98-46c0c1e97a1d","path":"/v1/chat/completions"}
{"level":"info","ts":1785055115.9822648,"logger":"handler","caller":"server/handlers.go:101","msg":"received request","x-request-id":"df36e8b4-6016-480f-9efa-5d1c81067387","path":"/v1/chat/completions","model":"Qwen/Qwen3-VL-32B-Instruct","stream":true}
{"level":"info","ts":1785055115.9835558,"logger":"handler.prefill","caller":"steps/prefill.go:98","msg":"sending request","x-request-id":"4f7fbd06-9655-46fd-80fe-171a900d1a25","path":"/v1/chat/completions"}
{"level":"info","ts":1785055115.987415,"logger":"handler.prefill","caller":"steps/prefill.go:98","msg":"sending request","x-request-id":"df36e8b4-6016-480f-9efa-5d1c81067387","path":"/v1/chat/completions"}
{"level":"info","ts":1785055115.999998,"logger":"handler","caller":"server/handlers.go:101","msg":"received request","x-request-id":"72aa68a3-509a-4774-a6e1-03088e13399b","path":"/v1/chat/completions","model":"Qwen/Qwen3-VL-32B-Instruct","stream":true}
{"level":"info","ts":1785055116.0031607,"logger":"handler.prefill","caller":"steps/prefill.go:98","msg":"sending request","x-request-id":"72aa68a3-509a-4774-a6e1-03088e13399b","path":"/v1/chat/completions"}
{"level":"info","ts":1785055116.0284781,"logger":"handler","caller":"server/handlers.go:101","msg":"received request","x-request-id":"e86f90f7-58da-4bea-8778-4a8035811070","path":"/v1/chat/completions","model":"Qwen/Qwen3-VL-32B-Instruct","stream":true}
{"level":"info","ts":1785055116.0303113,"logger":"handler","caller":"server/handlers.go:101","msg":"received request","x-request-id":"efd613b2-2aa1-4564-a81b-321d148b9fef","path":"/v1/chat/completions","model":"Qwen/Qwen3-VL-32B-Instruct","stream":true}
{"level":"info","ts":1785055116.0315475,"logger":"handler.prefill","caller":"steps/prefill.go:98","msg":"sending request","x-request-id":"e86f90f7-58da-4bea-8778-4a8035811070","path":"/v1/chat/completions"}
{"level":"info","ts":1785055116.0420244,"logger":"handler.prefill","caller":"steps/prefill.go:98","msg":"sending request","x-request-id":"efd613b2-2aa1-4564-a81b-321d148b9fef","path":"/v1/chat/completions"}
{"level":"info","ts":1785055116.0471973,"logger":"handler","caller":"server/handlers.go:101","msg":"received request","x-request-id":"9b2fba88-014c-441b-9209-f8c563929cf6","path":"/v1/chat/completions","model":"Qwen/Qwen3-VL-32B-Instruct","stream":true}
{"level":"info","ts":1785055116.052775,"logger":"handler.prefill","caller":"steps/prefill.go:98","msg":"sending request","x-request-id":"9b2fba88-014c-441b-9209-f8c563929cf6","path":"/v1/chat/completions"}
{"level":"info","ts":1785055116.0575738,"logger":"handler","caller":"server/handlers.go:101","msg":"received request","x-request-id":"afb190cd-2a9c-4760-81a1-dbaca01cd5ba","path":"/v1/chat/completions","model":"Qwen/Qwen3-VL-32B-Instruct","stream":true}
{"level":"info","ts":1785055116.0598283,"logger":"handler.prefill","caller":"steps/prefill.go:98","msg":"sending request","x-request-id":"afb190cd-2a9c-4760-81a1-dbaca01cd5ba","path":"/v1/chat/completions"}
{"level":"info","ts":1785055116.061686,"logger":"handler","caller":"server/handlers.go:101","msg":"received request","x-request-id":"e5e08c98-e67f-4270-83bc-dce6a4dd5618","path":"/v1/chat/completions","model":"Qwen/Qwen3-VL-32B-Instruct","stream":true}
{"level":"info","ts":1785055116.0678742,"logger":"handler.prefill","caller":"steps/prefill.go:98","msg":"sending request","x-request-id":"e5e08c98-e67f-4270-83bc-dce6a4dd5618","path":"/v1/chat/completions"}
{"level":"info","ts":1785055116.0758812,"logger":"handler","caller":"server/handlers.go:101","msg":"received request","x-request-id":"6656c71a-bcf8-4cce-9488-7118ac8dfc47","path":"/v1/chat/completions","model":"Qwen/Qwen3-VL-32B-Instruct","stream":true}
{"level":"info","ts":1785055116.0765111,"logger":"handler","caller":"server/handlers.go:101","msg":"received request","x-request-id":"850a9c29-4864-44d3-a79a-b190232ff588","path":"/v1/chat/completions","model":"Qwen/Qwen3-VL-32B-Instruct","stream":true}
{"level":"info","ts":1785055116.0788496,"logger":"handler.prefill","caller":"steps/prefill.go:98","msg":"sending request","x-request-id":"6656c71a-bcf8-4cce-9488-7118ac8dfc47","path":"/v1/chat/completions"}
{"level":"info","ts":1785055116.0823548,"logger":"handler.prefill","caller":"steps/prefill.go:98","msg":"sending request","x-request-id":"850a9c29-4864-44d3-a79a-b190232ff588","path":"/v1/chat/completions"}
{"level":"info","ts":1785055116.0920367,"logger":"handler","caller":"server/handlers.go:101","msg":"received request","x-request-id":"9e3cd49e-98fb-431a-b4ff-e0322d1cdc22","path":"/v1/chat/completions","model":"Qwen/Qwen3-VL-32B-Instruct","stream":true}
{"level":"info","ts":1785055116.0967262,"logger":"handler.prefill","caller":"steps/prefill.go:98","msg":"sending request","x-request-id":"9e3cd49e-98fb-431a-b4ff-e0322d1cdc22","path":"/v1/chat/completions"}
{"level":"info","ts":1785055116.0980973,"logger":"handler","caller":"server/handlers.go:101","msg":"received request","x-request-id":"80720056-3cb6-4eee-a23a-c1d6b71e93c1","path":"/v1/chat/completions","model":"Qwen/Qwen3-VL-32B-Instruct","stream":true}
{"level":"info","ts":1785055116.0993805,"logger":"handler.prefill","caller":"steps/prefill.go:98","msg":"sending request","x-request-id":"80720056-3cb6-4eee-a23a-c1d6b71e93c1","path":"/v1/chat/completions"}
{"level":"info","ts":1785055116.1061504,"logger":"handler","caller":"server/handlers.go:101","msg":"received request","x-request-id":"ddae3509-3b95-4413-8929-67e2c0667817","path":"/v1/chat/completions","model":"Qwen/Qwen3-VL-32B-Instruct","stream":true}
{"level":"info","ts":1785055116.107645,"logger":"handler.prefill","caller":"steps/prefill.go:98","msg":"sending request","x-request-id":"ddae3509-3b95-4413-8929-67e2c0667817","path":"/v1/chat/completions"}
{"level":"info","ts":1785055116.1122038,"logger":"handler","caller":"server/handlers.go:101","msg":"received request","x-request-id":"2689e7d3-09cf-4303-b531-3c64bfb7a21b","path":"/v1/chat/completions","model":"Qwen/Qwen3-VL-32B-Instruct","stream":true}
{"level":"info","ts":1785055116.1174676,"logger":"handler.prefill","caller":"steps/prefill.go:98","msg":"sending request","x-request-id":"2689e7d3-09cf-4303-b531-3c64bfb7a21b","path":"/v1/chat/completions"}
{"level":"info","ts":1785055116.118101,"logger":"handler","caller":"server/handlers.go:101","msg":"received request","x-request-id":"b9b90d9a-5507-46de-935f-af656077f147","path":"/v1/chat/completions","model":"Qwen/Qwen3-VL-32B-Instruct","stream":true}
{"level":"info","ts":1785055116.1248553,"logger":"handler.prefill","caller":"steps/prefill.go:98","msg":"sending request","x-request-id":"b9b90d9a-5507-46de-935f-af656077f147","path":"/v1/chat/completions"}
{"level":"info","ts":1785055116.1446571,"logger":"handler","caller":"server/handlers.go:101","msg":"received request","x-request-id":"e806668c-9b77-470e-baa1-64bb08c09dd4","path":"/v1/chat/completions","model":"Qwen/Qwen3-VL-32B-Instruct","stream":true}
{"level":"info","ts":1785055116.1482332,"logger":"handler.prefill","caller":"steps/prefill.go:98","msg":"sending request","x-request-id":"e806668c-9b77-470e-baa1-64bb08c09dd4","path":"/v1/chat/completions"}
{"level":"info","ts":1785055116.1523137,"logger":"handler","caller":"server/handlers.go:101","msg":"received request","x-request-id":"a8bcfebc-a6d4-48d5-8882-414a853e3092","path":"/v1/chat/completions","model":"Qwen/Qwen3-VL-32B-Instruct","stream":true}
{"level":"info","ts":1785055116.152343,"logger":"handler","caller":"server/handlers.go:101","msg":"received request","x-request-id":"5a9e07ab-9fee-4b7c-a087-1e39d069610b","path":"/v1/chat/completions","model":"Qwen/Qwen3-VL-32B-Instruct","stream":true}
{"level":"info","ts":1785055116.154727,"logger":"handler.prefill","caller":"steps/prefill.go:98","msg":"sending request","x-request-id":"5a9e07ab-9fee-4b7c-a087-1e39d069610b","path":"/v1/chat/completions"}
{"level":"info","ts":1785055116.155868,"logger":"handler.prefill","caller":"steps/prefill.go:98","msg":"sending request","x-request-id":"a8bcfebc-a6d4-48d5-8882-414a853e3092","path":"/v1/chat/completions"}
{"level":"info","ts":1785055116.1818953,"logger":"handler","caller":"server/handlers.go:101","msg":"received request","x-request-id":"f33e86f9-7bca-4a56-80aa-7a015dc56715","path":"/v1/chat/completions","model":"Qwen/Qwen3-VL-32B-Instruct","stream":true}
{"level":"info","ts":1785055116.1879332,"logger":"handler.prefill","caller":"steps/prefill.go:98","msg":"sending request","x-request-id":"f33e86f9-7bca-4a56-80aa-7a015dc56715","path":"/v1/chat/completions"}
{"level":"info","ts":1785055116.1895363,"logger":"handler","caller":"server/handlers.go:101","msg":"received request","x-request-id":"a53917e0-0ca7-476f-bcf7-f9991c57e7e1","path":"/v1/chat/completions","model":"Qwen/Qwen3-VL-32B-Instruct","stream":true}
{"level":"info","ts":1785055116.1943185,"logger":"handler.prefill","caller":"steps/prefill.go:98","msg":"sending request","x-request-id":"a53917e0-0ca7-476f-bcf7-f9991c57e7e1","path":"/v1/chat/completions"}
{"level":"info","ts":1785055116.1965806,"logger":"handler","caller":"server/handlers.go:101","msg":"received request","x-request-id":"3705ca16-96fa-4c2a-b89d-0255ccb03144","path":"/v1/chat/completions","model":"Qwen/Qwen3-VL-32B-Instruct","stream":true}
{"level":"info","ts":1785055116.196955,"logger":"handler","caller":"server/handlers.go:101","msg":"received request","x-request-id":"3adcb18a-58db-43a9-9374-7f3242f14d52","path":"/v1/chat/completions","model":"Qwen/Qwen3-VL-32B-Instruct","stream":true}
{"level":"info","ts":1785055116.1999793,"logger":"handler.prefill","caller":"steps/prefill.go:98","msg":"sending request","x-request-id":"3705ca16-96fa-4c2a-b89d-0255ccb03144","path":"/v1/chat/completions"}
{"level":"info","ts":1785055116.2017732,"logger":"handler.prefill","caller":"steps/prefill.go:98","msg":"sending request","x-request-id":"3adcb18a-58db-43a9-9374-7f3242f14d52","path":"/v1/chat/completions"}
{"level":"info","ts":1785055116.791718,"logger":"handler.prefill","caller":"steps/prefill.go:126","msg":"complete","x-request-id":"fd554f0c-f4de-4aff-9b92-077e268fad64"}
{"level":"info","ts":1785055116.7917633,"logger":"handler.decode","caller":"steps/decode.go:72","msg":"sending request","x-request-id":"fd554f0c-f4de-4aff-9b92-077e268fad64","path":"/v1/chat/completions","stream":true}
{"level":"info","ts":1785055117.4185703,"logger":"handler.prefill","caller":"steps/prefill.go:126","msg":"complete","x-request-id":"218b63d9-6434-4983-8fed-67c12fbc63d0"}
{"level":"info","ts":1785055117.4186122,"logger":"handler.decode","caller":"steps/decode.go:72","msg":"sending request","x-request-id":"218b63d9-6434-4983-8fed-67c12fbc63d0","path":"/v1/chat/completions","stream":true}
{"level":"info","ts":1785055117.679001,"logger":"handler.prefill","caller":"steps/prefill.go:126","msg":"complete","x-request-id":"86492ee6-ef43-41c5-ab81-89c82ff94e8c"}
{"level":"info","ts":1785055117.6790435,"logger":"handler.decode","caller":"steps/decode.go:72","msg":"sending request","x-request-id":"86492ee6-ef43-41c5-ab81-89c82ff94e8c","path":"/v1/chat/completions","stream":true}
{"level":"info","ts":1785055117.6817522,"logger":"handler.prefill","caller":"steps/prefill.go:126","msg":"complete","x-request-id":"a5bc1016-3f71-41e4-9d42-42bf73df87da"}
{"level":"info","ts":1785055117.6817734,"logger":"handler.decode","caller":"steps/decode.go:72","msg":"sending request","x-request-id":"a5bc1016-3f71-41e4-9d42-42bf73df87da","path":"/v1/chat/completions","stream":true}
{"level":"info","ts":1785055118.014378,"logger":"handler.prefill","caller":"steps/prefill.go:126","msg":"complete","x-request-id":"f687f3d2-cb9f-4801-9fd3-246da1e03953"}
{"level":"info","ts":1785055118.014413,"logger":"handler.decode","caller":"steps/decode.go:72","msg":"sending request","x-request-id":"f687f3d2-cb9f-4801-9fd3-246da1e03953","path":"/v1/chat/completions","stream":true}
{"level":"info","ts":1785055118.3569412,"logger":"handler.prefill","caller":"steps/prefill.go:126","msg":"complete","x-request-id":"c2d9abe8-7ecf-4b82-b209-94a798966d70"}
{"level":"info","ts":1785055118.3569736,"logger":"handler.decode","caller":"steps/decode.go:72","msg":"sending request","x-request-id":"c2d9abe8-7ecf-4b82-b209-94a798966d70","path":"/v1/chat/completions","stream":true}
{"level":"info","ts":1785055118.603468,"logger":"handler.prefill","caller":"steps/prefill.go:126","msg":"complete","x-request-id":"df36e8b4-6016-480f-9efa-5d1c81067387"}
{"level":"info","ts":1785055118.603501,"logger":"handler.decode","caller":"steps/decode.go:72","msg":"sending request","x-request-id":"df36e8b4-6016-480f-9efa-5d1c81067387","path":"/v1/chat/completions","stream":true}
{"level":"info","ts":1785055118.7296546,"logger":"handler.prefill","caller":"steps/prefill.go:126","msg":"complete","x-request-id":"72aa68a3-509a-4774-a6e1-03088e13399b"}
{"level":"info","ts":1785055118.7296746,"logger":"handler.decode","caller":"steps/decode.go:72","msg":"sending request","x-request-id":"72aa68a3-509a-4774-a6e1-03088e13399b","path":"/v1/chat/completions","stream":true}
{"level":"info","ts":1785055118.7298703,"logger":"handler.prefill","caller":"steps/prefill.go:126","msg":"complete","x-request-id":"afb190cd-2a9c-4760-81a1-dbaca01cd5ba"}
{"level":"info","ts":1785055118.729921,"logger":"handler.decode","caller":"steps/decode.go:72","msg":"sending request","x-request-id":"afb190cd-2a9c-4760-81a1-dbaca01cd5ba","path":"/v1/chat/completions","stream":true}
{"level":"info","ts":1785055118.8847222,"logger":"handler.prefill","caller":"steps/prefill.go:126","msg":"complete","x-request-id":"47dca134-e4bc-4e25-8082-ec470cba3b18"}
{"level":"info","ts":1785055118.8847518,"logger":"handler.decode","caller":"steps/decode.go:72","msg":"sending request","x-request-id":"47dca134-e4bc-4e25-8082-ec470cba3b18","path":"/v1/chat/completions","stream":true}
{"level":"info","ts":1785055119.2952635,"logger":"handler.prefill","caller":"steps/prefill.go:126","msg":"complete","x-request-id":"ddae3509-3b95-4413-8929-67e2c0667817"}
{"level":"info","ts":1785055119.2952988,"logger":"handler.decode","caller":"steps/decode.go:72","msg":"sending request","x-request-id":"ddae3509-3b95-4413-8929-67e2c0667817","path":"/v1/chat/completions","stream":true}
{"level":"info","ts":1785055119.5799894,"logger":"handler.prefill","caller":"steps/prefill.go:126","msg":"complete","x-request-id":"e86f90f7-58da-4bea-8778-4a8035811070"}
{"level":"info","ts":1785055119.5800345,"logger":"handler.decode","caller":"steps/decode.go:72","msg":"sending request","x-request-id":"e86f90f7-58da-4bea-8778-4a8035811070","path":"/v1/chat/completions","stream":true}
{"level":"info","ts":1785055119.5799997,"logger":"handler.prefill","caller":"steps/prefill.go:126","msg":"complete","x-request-id":"80720056-3cb6-4eee-a23a-c1d6b71e93c1"}
{"level":"info","ts":1785055119.5800967,"logger":"handler.decode","caller":"steps/decode.go:72","msg":"sending request","x-request-id":"80720056-3cb6-4eee-a23a-c1d6b71e93c1","path":"/v1/chat/completions","stream":true}
{"level":"info","ts":1785055119.734687,"logger":"handler.prefill","caller":"steps/prefill.go:126","msg":"complete","x-request-id":"c590c765-75c1-4044-a114-bbec28935af1"}
{"level":"info","ts":1785055119.7347302,"logger":"handler.decode","caller":"steps/decode.go:72","msg":"sending request","x-request-id":"c590c765-75c1-4044-a114-bbec28935af1","path":"/v1/chat/completions","stream":true}
{"level":"info","ts":1785055119.7926404,"logger":"handler.prefill","caller":"steps/prefill.go:126","msg":"complete","x-request-id":"6656c71a-bcf8-4cce-9488-7118ac8dfc47"}
{"level":"info","ts":1785055119.7926655,"logger":"handler.decode","caller":"steps/decode.go:72","msg":"sending request","x-request-id":"6656c71a-bcf8-4cce-9488-7118ac8dfc47","path":"/v1/chat/completions","stream":true}
{"level":"info","ts":1785055119.930799,"logger":"handler.prefill","caller":"steps/prefill.go:126","msg":"complete","x-request-id":"720199ec-ed18-4e93-9a98-46c0c1e97a1d"}
{"level":"info","ts":1785055119.9308224,"logger":"handler.decode","caller":"steps/decode.go:72","msg":"sending request","x-request-id":"720199ec-ed18-4e93-9a98-46c0c1e97a1d","path":"/v1/chat/completions","stream":true}
{"level":"info","ts":1785055120.156668,"logger":"handler.prefill","caller":"steps/prefill.go:126","msg":"complete","x-request-id":"9b2fba88-014c-441b-9209-f8c563929cf6"}
{"level":"info","ts":1785055120.156709,"logger":"handler.decode","caller":"steps/decode.go:72","msg":"sending request","x-request-id":"9b2fba88-014c-441b-9209-f8c563929cf6","path":"/v1/chat/completions","stream":true}
{"level":"info","ts":1785055120.946061,"logger":"handler.prefill","caller":"steps/prefill.go:126","msg":"complete","x-request-id":"e5e08c98-e67f-4270-83bc-dce6a4dd5618"}
{"level":"info","ts":1785055120.9460914,"logger":"handler.decode","caller":"steps/decode.go:72","msg":"sending request","x-request-id":"e5e08c98-e67f-4270-83bc-dce6a4dd5618","path":"/v1/chat/completions","stream":true}
{"level":"info","ts":1785055120.9461358,"logger":"handler.prefill","caller":"steps/prefill.go:126","msg":"complete","x-request-id":"e806668c-9b77-470e-baa1-64bb08c09dd4"}
{"level":"info","ts":1785055120.9461825,"logger":"handler.decode","caller":"steps/decode.go:72","msg":"sending request","x-request-id":"e806668c-9b77-470e-baa1-64bb08c09dd4","path":"/v1/chat/completions","stream":true}
{"level":"info","ts":1785055121.025635,"logger":"handler.prefill","caller":"steps/prefill.go:126","msg":"complete","x-request-id":"1554f61c-597f-4209-a891-bbb9ffb4ede6"}
{"level":"info","ts":1785055121.0256758,"logger":"handler.decode","caller":"steps/decode.go:72","msg":"sending request","x-request-id":"1554f61c-597f-4209-a891-bbb9ffb4ede6","path":"/v1/chat/completions","stream":true}
{"level":"info","ts":1785055121.0258687,"logger":"handler.prefill","caller":"steps/prefill.go:126","msg":"complete","x-request-id":"5a9e07ab-9fee-4b7c-a087-1e39d069610b"}
{"level":"info","ts":1785055121.0259058,"logger":"handler.decode","caller":"steps/decode.go:72","msg":"sending request","x-request-id":"5a9e07ab-9fee-4b7c-a087-1e39d069610b","path":"/v1/chat/completions","stream":true}
{"level":"info","ts":1785055121.2393322,"logger":"handler.prefill","caller":"steps/prefill.go:126","msg":"complete","x-request-id":"9e3cd49e-98fb-431a-b4ff-e0322d1cdc22"}
{"level":"info","ts":1785055121.2393756,"logger":"handler.decode","caller":"steps/decode.go:72","msg":"sending request","x-request-id":"9e3cd49e-98fb-431a-b4ff-e0322d1cdc22","path":"/v1/chat/completions","stream":true}
{"level":"info","ts":1785055121.2393322,"logger":"handler.prefill","caller":"steps/prefill.go:126","msg":"complete","x-request-id":"3705ca16-96fa-4c2a-b89d-0255ccb03144"}
{"level":"info","ts":1785055121.2394347,"logger":"handler.decode","caller":"steps/decode.go:72","msg":"sending request","x-request-id":"3705ca16-96fa-4c2a-b89d-0255ccb03144","path":"/v1/chat/completions","stream":true}
{"level":"info","ts":1785055122.131792,"logger":"handler.prefill","caller":"steps/prefill.go:126","msg":"complete","x-request-id":"2689e7d3-09cf-4303-b531-3c64bfb7a21b"}
{"level":"info","ts":1785055122.1318328,"logger":"handler.decode","caller":"steps/decode.go:72","msg":"sending request","x-request-id":"2689e7d3-09cf-4303-b531-3c64bfb7a21b","path":"/v1/chat/completions","stream":true}
{"level":"info","ts":1785055122.1843655,"logger":"handler.prefill","caller":"steps/prefill.go:126","msg":"complete","x-request-id":"4f7fbd06-9655-46fd-80fe-171a900d1a25"}
{"level":"info","ts":1785055122.184386,"logger":"handler.decode","caller":"steps/decode.go:72","msg":"sending request","x-request-id":"4f7fbd06-9655-46fd-80fe-171a900d1a25","path":"/v1/chat/completions","stream":true}
{"level":"info","ts":1785055122.2251146,"logger":"handler.prefill","caller":"steps/prefill.go:126","msg":"complete","x-request-id":"850a9c29-4864-44d3-a79a-b190232ff588"}
{"level":"info","ts":1785055122.22513,"logger":"handler.decode","caller":"steps/decode.go:72","msg":"sending request","x-request-id":"850a9c29-4864-44d3-a79a-b190232ff588","path":"/v1/chat/completions","stream":true}
{"level":"info","ts":1785055122.7311952,"logger":"handler.prefill","caller":"steps/prefill.go:126","msg":"complete","x-request-id":"a53917e0-0ca7-476f-bcf7-f9991c57e7e1"}
{"level":"info","ts":1785055122.7312374,"logger":"handler.decode","caller":"steps/decode.go:72","msg":"sending request","x-request-id":"a53917e0-0ca7-476f-bcf7-f9991c57e7e1","path":"/v1/chat/completions","stream":true}
{"level":"info","ts":1785055122.7656891,"logger":"handler.prefill","caller":"steps/prefill.go:126","msg":"complete","x-request-id":"a8bcfebc-a6d4-48d5-8882-414a853e3092"}
{"level":"info","ts":1785055122.7657108,"logger":"handler.decode","caller":"steps/decode.go:72","msg":"sending request","x-request-id":"a8bcfebc-a6d4-48d5-8882-414a853e3092","path":"/v1/chat/completions","stream":true}
{"level":"info","ts":1785055122.9791417,"logger":"handler.prefill","caller":"steps/prefill.go:126","msg":"complete","x-request-id":"b9b90d9a-5507-46de-935f-af656077f147"}
{"level":"info","ts":1785055122.9791825,"logger":"handler.decode","caller":"steps/decode.go:72","msg":"sending request","x-request-id":"b9b90d9a-5507-46de-935f-af656077f147","path":"/v1/chat/completions","stream":true}
{"level":"info","ts":1785055123.3600044,"logger":"handler.prefill","caller":"steps/prefill.go:126","msg":"complete","x-request-id":"efd613b2-2aa1-4564-a81b-321d148b9fef"}
{"level":"info","ts":1785055123.3600607,"logger":"handler.decode","caller":"steps/decode.go:72","msg":"sending request","x-request-id":"efd613b2-2aa1-4564-a81b-321d148b9fef","path":"/v1/chat/completions","stream":true}
{"level":"info","ts":1785055123.9592662,"logger":"handler.prefill","caller":"steps/prefill.go:126","msg":"complete","x-request-id":"f33e86f9-7bca-4a56-80aa-7a015dc56715"}
{"level":"info","ts":1785055123.9593017,"logger":"handler.decode","caller":"steps/decode.go:72","msg":"sending request","x-request-id":"f33e86f9-7bca-4a56-80aa-7a015dc56715","path":"/v1/chat/completions","stream":true}
{"level":"info","ts":1785055124.2187285,"logger":"handler.prefill","caller":"steps/prefill.go:126","msg":"complete","x-request-id":"3adcb18a-58db-43a9-9374-7f3242f14d52"}
{"level":"info","ts":1785055124.2187736,"logger":"handler.decode","caller":"steps/decode.go:72","msg":"sending request","x-request-id":"3adcb18a-58db-43a9-9374-7f3242f14d52","path":"/v1/chat/completions","stream":true}
{"level":"info","ts":1785055142.0042756,"logger":"handler","caller":"pipeline/pipeline.go:82","msg":"pipeline step timings","x-request-id":"fd554f0c-f4de-4aff-9b92-077e268fad64","parse":"32.306832ms","prefill":"889.012796ms","decode":"25.21251623s"}
{"level":"info","ts":1785055142.8341007,"logger":"handler","caller":"pipeline/pipeline.go:82","msg":"pipeline step timings","x-request-id":"a5bc1016-3f71-41e4-9d42-42bf73df87da","parse":"48.457963ms","prefill":"1.814953676s","decode":"25.152329741s"}
{"level":"info","ts":1785055143.9945464,"logger":"handler","caller":"pipeline/pipeline.go:82","msg":"pipeline step timings","x-request-id":"afb190cd-2a9c-4760-81a1-dbaca01cd5ba","parse":"25.669812ms","prefill":"2.672293713s","decode":"25.264633506s"}
{"level":"info","ts":1785055144.0773392,"logger":"handler","caller":"pipeline/pipeline.go:82","msg":"pipeline step timings","x-request-id":"c2d9abe8-7ecf-4b82-b209-94a798966d70","parse":"33.847506ms","prefill":"2.436130512s","decode":"25.720372563s"}
{"level":"info","ts":1785055144.2783105,"logger":"handler","caller":"pipeline/pipeline.go:82","msg":"pipeline step timings","x-request-id":"72aa68a3-509a-4774-a6e1-03088e13399b","parse":"31.49881ms","prefill":"2.729653573s","decode":"25.548638651s"}
{"level":"info","ts":1785055144.5564501,"logger":"handler","caller":"pipeline/pipeline.go:82","msg":"pipeline step timings","x-request-id":"ddae3509-3b95-4413-8929-67e2c0667817","parse":"9.076505ms","prefill":"3.18911081s","decode":"25.261156343s"}
{"level":"info","ts":1785055145.766842,"logger":"handler","caller":"pipeline/pipeline.go:82","msg":"pipeline step timings","x-request-id":"c590c765-75c1-4044-a114-bbec28935af1","parse":"45.817471ms","prefill":"3.851482115s","decode":"26.032114292s"}
{"level":"info","ts":1785055145.795933,"logger":"handler","caller":"pipeline/pipeline.go:82","msg":"pipeline step timings","x-request-id":"720199ec-ed18-4e93-9a98-46c0c1e97a1d","parse":"34.792226ms","prefill":"3.954103632s","decode":"25.865114611s"}
{"level":"info","ts":1785055146.1674883,"logger":"handler","caller":"pipeline/pipeline.go:82","msg":"pipeline step timings","x-request-id":"218b63d9-6434-4983-8fed-67c12fbc63d0","parse":"35.294001ms","prefill":"1.537703505s","decode":"28.748881315s"}
{"level":"info","ts":1785055146.85145,"logger":"handler","caller":"pipeline/pipeline.go:82","msg":"pipeline step timings","x-request-id":"86492ee6-ef43-41c5-ab81-89c82ff94e8c","parse":"22.878051ms","prefill":"1.739039929s","decode":"29.172408946s"}
{"level":"info","ts":1785055147.32664,"logger":"handler","caller":"pipeline/pipeline.go:82","msg":"pipeline step timings","x-request-id":"f687f3d2-cb9f-4801-9fd3-246da1e03953","parse":"31.56287ms","prefill":"2.08617866s","decode":"29.312228145s"}
{"level":"info","ts":1785055147.8043354,"logger":"handler","caller":"pipeline/pipeline.go:82","msg":"pipeline step timings","x-request-id":"df36e8b4-6016-480f-9efa-5d1c81067387","parse":"32.930376ms","prefill":"2.621145618s","decode":"29.200838638s"}
{"level":"info","ts":1785055148.4810092,"logger":"handler","caller":"pipeline/pipeline.go:82","msg":"pipeline step timings","x-request-id":"47dca134-e4bc-4e25-8082-ec470cba3b18","parse":"63.000661ms","prefill":"2.976226355s","decode":"29.596253258s"}
{"level":"info","ts":1785055148.5574474,"logger":"handler","caller":"pipeline/pipeline.go:82","msg":"pipeline step timings","x-request-id":"6656c71a-bcf8-4cce-9488-7118ac8dfc47","parse":"17.369048ms","prefill":"3.716743984s","decode":"28.764784584s"}
{"level":"info","ts":1785055148.7994368,"logger":"handler","caller":"pipeline/pipeline.go:82","msg":"pipeline step timings","x-request-id":"80720056-3cb6-4eee-a23a-c1d6b71e93c1","parse":"15.393049ms","prefill":"3.481951549s","decode":"29.219343701s"}
{"level":"info","ts":1785055149.1951914,"logger":"handler","caller":"pipeline/pipeline.go:82","msg":"pipeline step timings","x-request-id":"e86f90f7-58da-4bea-8778-4a8035811070","parse":"25.145437ms","prefill":"3.551507661s","decode":"29.615162191s"}
{"level":"info","ts":1785055149.7908506,"logger":"handler","caller":"pipeline/pipeline.go:82","msg":"pipeline step timings","x-request-id":"5a9e07ab-9fee-4b7c-a087-1e39d069610b","parse":"26.654381ms","prefill":"4.873518981s","decode":"28.764946979s"}
{"level":"info","ts":1785055150.2624443,"logger":"handler","caller":"pipeline/pipeline.go:82","msg":"pipeline step timings","x-request-id":"9e3cd49e-98fb-431a-b4ff-e0322d1cdc22","parse":"48.079317ms","prefill":"5.147291138s","decode":"29.023071174s"}
{"level":"info","ts":1785055151.026015,"logger":"handler","caller":"pipeline/pipeline.go:82","msg":"pipeline step timings","x-request-id":"e806668c-9b77-470e-baa1-64bb08c09dd4","parse":"47.381494ms","prefill":"4.801470694s","decode":"30.079837058s"}
{"level":"info","ts":1785055151.2794313,"logger":"handler","caller":"pipeline/pipeline.go:82","msg":"pipeline step timings","x-request-id":"4f7fbd06-9655-46fd-80fe-171a900d1a25","parse":"51.979157ms","prefill":"6.20888001s","decode":"29.095049385s"}
{"level":"info","ts":1785055151.557369,"logger":"handler","caller":"pipeline/pipeline.go:82","msg":"pipeline step timings","x-request-id":"850a9c29-4864-44d3-a79a-b190232ff588","parse":"52.766729ms","prefill":"6.148586886s","decode":"29.332240606s"}
{"level":"info","ts":1785055151.6344407,"logger":"handler","caller":"pipeline/pipeline.go:82","msg":"pipeline step timings","x-request-id":"1554f61c-597f-4209-a891-bbb9ffb4ede6","parse":"57.235782ms","prefill":"5.110982088s","decode":"30.608769191s"}
{"level":"info","ts":1785055151.8509026,"logger":"handler","caller":"pipeline/pipeline.go:82","msg":"pipeline step timings","x-request-id":"2689e7d3-09cf-4303-b531-3c64bfb7a21b","parse":"41.709944ms","prefill":"6.019599109s","decode":"29.719075255s"}
{"level":"info","ts":1785055152.7267597,"logger":"handler","caller":"pipeline/pipeline.go:82","msg":"pipeline step timings","x-request-id":"b9b90d9a-5507-46de-935f-af656077f147","parse":"49.708551ms","prefill":"6.861055995s","decode":"29.74757949s"}
{"level":"info","ts":1785055166.3106034,"logger":"handler","caller":"pipeline/pipeline.go:82","msg":"pipeline step timings","x-request-id":"e5e08c98-e67f-4270-83bc-dce6a4dd5618","parse":"52.703509ms","prefill":"4.884353337s","decode":"45.364513081s"}
{"level":"info","ts":1785055166.4539974,"logger":"handler","caller":"pipeline/pipeline.go:82","msg":"pipeline step timings","x-request-id":"9b2fba88-014c-441b-9209-f8c563929cf6","parse":"62.776734ms","prefill":"4.109467699s","decode":"46.297290904s"}
{"level":"info","ts":1785055167.9845483,"logger":"handler","caller":"pipeline/pipeline.go:82","msg":"pipeline step timings","x-request-id":"3705ca16-96fa-4c2a-b89d-0255ccb03144","parse":"41.366047ms","prefill":"5.042819961s","decode":"46.745114163s"}
{"level":"info","ts":1785055170.6216855,"logger":"handler","caller":"pipeline/pipeline.go:82","msg":"pipeline step timings","x-request-id":"a53917e0-0ca7-476f-bcf7-f9991c57e7e1","parse":"52.969376ms","prefill":"6.541667528s","decode":"47.890451834s"}
{"level":"info","ts":1785055171.7630363,"logger":"handler","caller":"pipeline/pipeline.go:82","msg":"pipeline step timings","x-request-id":"a8bcfebc-a6d4-48d5-8882-414a853e3092","parse":"39.430808ms","prefill":"6.613363549s","decode":"48.997325302s"}
{"level":"info","ts":1785055172.457575,"logger":"handler","caller":"pipeline/pipeline.go:82","msg":"pipeline step timings","x-request-id":"efd613b2-2aa1-4564-a81b-321d148b9fef","parse":"68.819451ms","prefill":"7.329680231s","decode":"49.097520776s"}
{"level":"info","ts":1785055172.5622694,"logger":"handler","caller":"pipeline/pipeline.go:82","msg":"pipeline step timings","x-request-id":"f33e86f9-7bca-4a56-80aa-7a015dc56715","parse":"30.534771ms","prefill":"7.77736115s","decode":"48.602966196s"}
{"level":"info","ts":1785055173.6378486,"logger":"handler","caller":"pipeline/pipeline.go:82","msg":"pipeline step timings","x-request-id":"3adcb18a-58db-43a9-9374-7f3242f14d52","parse":"41.878422ms","prefill":"8.021793352s","decode":"49.419081065s"}
{"level":"info","ts":1785055272.2025418,"logger":"handler","caller":"server/handlers.go:101","msg":"received request","x-request-id":"ce668ed2-d7f6-4970-bfeb-65de1ae15a33","path":"/v1/chat/completions","model":"Qwen/Qwen3-VL-32B-Instruct","stream":true}
{"level":"info","ts":1785055272.2070363,"logger":"handler.prefill","caller":"steps/prefill.go:98","msg":"sending request","x-request-id":"ce668ed2-d7f6-4970-bfeb-65de1ae15a33","path":"/v1/chat/completions"}
{"level":"info","ts":1785055273.8038836,"logger":"handler.prefill","caller":"steps/prefill.go:126","msg":"complete","x-request-id":"ce668ed2-d7f6-4970-bfeb-65de1ae15a33"}
{"level":"info","ts":1785055273.803932,"logger":"handler.decode","caller":"steps/decode.go:72","msg":"sending request","x-request-id":"ce668ed2-d7f6-4970-bfeb-65de1ae15a33","path":"/v1/chat/completions","stream":true}
{"level":"info","ts":1785055275.1069524,"logger":"handler","caller":"pipeline/pipeline.go:82","msg":"pipeline step timings","x-request-id":"ce668ed2-d7f6-4970-bfeb-65de1ae15a33","parse":"31.095829ms","prefill":"1.60134418s","decode":"1.303023381s"}
{"level":"info","ts":1785055276.2022061,"logger":"handler","caller":"server/handlers.go:101","msg":"received request","x-request-id":"f607e983-137f-4b48-9102-52e9c48acff9","path":"/v1/chat/completions","model":"Qwen/Qwen3-VL-32B-Instruct","stream":true}
{"level":"info","ts":1785055276.210342,"logger":"handler.prefill","caller":"steps/prefill.go:98","msg":"sending request","x-request-id":"f607e983-137f-4b48-9102-52e9c48acff9","path":"/v1/chat/completions"}
{"level":"info","ts":1785055276.2123961,"logger":"handler","caller":"server/handlers.go:101","msg":"received request","x-request-id":"dbf3aa28-0a25-45b9-bc4a-4fc7796aafa3","path":"/v1/chat/completions","model":"Qwen/Qwen3-VL-32B-Instruct","stream":true}
{"level":"info","ts":1785055276.2131083,"logger":"handler","caller":"server/handlers.go:101","msg":"received request","x-request-id":"7f65c19e-1bbb-4745-8087-6de58b55b6fd","path":"/v1/chat/completions","model":"Qwen/Qwen3-VL-32B-Instruct","stream":true}
{"level":"info","ts":1785055276.219782,"logger":"handler.prefill","caller":"steps/prefill.go:98","msg":"sending request","x-request-id":"7f65c19e-1bbb-4745-8087-6de58b55b6fd","path":"/v1/chat/completions"}
{"level":"info","ts":1785055276.2240508,"logger":"handler.prefill","caller":"steps/prefill.go:98","msg":"sending request","x-request-id":"dbf3aa28-0a25-45b9-bc4a-4fc7796aafa3","path":"/v1/chat/completions"}
{"level":"info","ts":1785055276.2424858,"logger":"handler","caller":"server/handlers.go:101","msg":"received request","x-request-id":"1a927b36-c4c1-4f5b-9e6a-2c1ad8c8dea2","path":"/v1/chat/completions","model":"Qwen/Qwen3-VL-32B-Instruct","stream":true}
{"level":"info","ts":1785055276.2449737,"logger":"handler.prefill","caller":"steps/prefill.go:98","msg":"sending request","x-request-id":"1a927b36-c4c1-4f5b-9e6a-2c1ad8c8dea2","path":"/v1/chat/completions"}
{"level":"info","ts":1785055276.2477913,"logger":"handler","caller":"server/handlers.go:101","msg":"received request","x-request-id":"fa858116-0c7d-4afe-94b1-455e05bcdb5f","path":"/v1/chat/completions","model":"Qwen/Qwen3-VL-32B-Instruct","stream":true}
{"level":"info","ts":1785055276.2513223,"logger":"handler","caller":"server/handlers.go:101","msg":"received request","x-request-id":"abab7e67-6ebe-4bc9-bdf8-f1d4710ffedb","path":"/v1/chat/completions","model":"Qwen/Qwen3-VL-32B-Instruct","stream":true}
{"level":"info","ts":1785055276.2587087,"logger":"handler.prefill","caller":"steps/prefill.go:98","msg":"sending request","x-request-id":"fa858116-0c7d-4afe-94b1-455e05bcdb5f","path":"/v1/chat/completions"}
{"level":"info","ts":1785055276.2617087,"logger":"handler.prefill","caller":"steps/prefill.go:98","msg":"sending request","x-request-id":"abab7e67-6ebe-4bc9-bdf8-f1d4710ffedb","path":"/v1/chat/completions"}
{"level":"info","ts":1785055276.2704473,"logger":"handler","caller":"server/handlers.go:101","msg":"received request","x-request-id":"15731f04-a47d-4b4f-bea4-fa0902992492","path":"/v1/chat/completions","model":"Qwen/Qwen3-VL-32B-Instruct","stream":true}
{"level":"info","ts":1785055276.2739103,"logger":"handler","caller":"server/handlers.go:101","msg":"received request","x-request-id":"e1371c08-2570-4c66-8574-ab1d496aae77","path":"/v1/chat/completions","model":"Qwen/Qwen3-VL-32B-Instruct","stream":true}
{"level":"info","ts":1785055276.2752955,"logger":"handler.prefill","caller":"steps/prefill.go:98","msg":"sending request","x-request-id":"15731f04-a47d-4b4f-bea4-fa0902992492","path":"/v1/chat/completions"}
{"level":"info","ts":1785055276.2810452,"logger":"handler.prefill","caller":"steps/prefill.go:98","msg":"sending request","x-request-id":"e1371c08-2570-4c66-8574-ab1d496aae77","path":"/v1/chat/completions"}
{"level":"info","ts":1785055276.2932625,"logger":"handler","caller":"server/handlers.go:101","msg":"received request","x-request-id":"467a8fb5-15cf-47ed-86db-937cc81d5e4e","path":"/v1/chat/completions","model":"Qwen/Qwen3-VL-32B-Instruct","stream":true}
{"level":"info","ts":1785055276.296561,"logger":"handler.prefill","caller":"steps/prefill.go:98","msg":"sending request","x-request-id":"467a8fb5-15cf-47ed-86db-937cc81d5e4e","path":"/v1/chat/completions"}
{"level":"info","ts":1785055276.3084123,"logger":"handler","caller":"server/handlers.go:101","msg":"received request","x-request-id":"4694f6fa-b680-40c0-96ea-ac5d4368fe97","path":"/v1/chat/completions","model":"Qwen/Qwen3-VL-32B-Instruct","stream":true}
{"level":"info","ts":1785055276.316951,"logger":"handler","caller":"server/handlers.go:101","msg":"received request","x-request-id":"01335b4c-93b5-4cf7-9e5f-04d544074a5c","path":"/v1/chat/completions","model":"Qwen/Qwen3-VL-32B-Instruct","stream":true}
{"level":"info","ts":1785055276.32896,"logger":"handler.prefill","caller":"steps/prefill.go:98","msg":"sending request","x-request-id":"4694f6fa-b680-40c0-96ea-ac5d4368fe97","path":"/v1/chat/completions"}
{"level":"info","ts":1785055276.3300989,"logger":"handler.prefill","caller":"steps/prefill.go:98","msg":"sending request","x-request-id":"01335b4c-93b5-4cf7-9e5f-04d544074a5c","path":"/v1/chat/completions"}
{"level":"info","ts":1785055276.3315356,"logger":"handler","caller":"server/handlers.go:101","msg":"received request","x-request-id":"75507a5c-dac8-4642-b127-51c3324b85ce","path":"/v1/chat/completions","model":"Qwen/Qwen3-VL-32B-Instruct","stream":true}
{"level":"info","ts":1785055276.335987,"logger":"handler.prefill","caller":"steps/prefill.go:98","msg":"sending request","x-request-id":"75507a5c-dac8-4642-b127-51c3324b85ce","path":"/v1/chat/completions"}
{"level":"info","ts":1785055276.3508058,"logger":"handler","caller":"server/handlers.go:101","msg":"received request","x-request-id":"c0cf84df-9b2a-4bb5-a853-7d56cb2b69db","path":"/v1/chat/completions","model":"Qwen/Qwen3-VL-32B-Instruct","stream":true}
{"level":"info","ts":1785055276.3532171,"logger":"handler.prefill","caller":"steps/prefill.go:98","msg":"sending request","x-request-id":"c0cf84df-9b2a-4bb5-a853-7d56cb2b69db","path":"/v1/chat/completions"}
{"level":"info","ts":1785055276.3559299,"logger":"handler","caller":"server/handlers.go:101","msg":"received request","x-request-id":"8864371e-f720-45a1-b9f3-0b7de44f5083","path":"/v1/chat/completions","model":"Qwen/Qwen3-VL-32B-Instruct","stream":true}
{"level":"info","ts":1785055276.3582768,"logger":"handler.prefill","caller":"steps/prefill.go:98","msg":"sending request","x-request-id":"8864371e-f720-45a1-b9f3-0b7de44f5083","path":"/v1/chat/completions"}
{"level":"info","ts":1785055276.3627486,"logger":"handler","caller":"server/handlers.go:101","msg":"received request","x-request-id":"b1bb82ae-cdac-42b6-ac97-fe390720bb94","path":"/v1/chat/completions","model":"Qwen/Qwen3-VL-32B-Instruct","stream":true}
{"level":"info","ts":1785055276.3673623,"logger":"handler","caller":"server/handlers.go:101","msg":"received request","x-request-id":"be2e32df-209f-48bb-a9eb-85cdb8255278","path":"/v1/chat/completions","model":"Qwen/Qwen3-VL-32B-Instruct","stream":true}
{"level":"info","ts":1785055276.3713126,"logger":"handler.prefill","caller":"steps/prefill.go:98","msg":"sending request","x-request-id":"b1bb82ae-cdac-42b6-ac97-fe390720bb94","path":"/v1/chat/completions"}
{"level":"info","ts":1785055276.3772292,"logger":"handler.prefill","caller":"steps/prefill.go:98","msg":"sending request","x-request-id":"be2e32df-209f-48bb-a9eb-85cdb8255278","path":"/v1/chat/completions"}
{"level":"info","ts":1785055276.3871782,"logger":"handler","caller":"server/handlers.go:101","msg":"received request","x-request-id":"efc04adc-45ce-455f-a8ae-6372626a3301","path":"/v1/chat/completions","model":"Qwen/Qwen3-VL-32B-Instruct","stream":true}
{"level":"info","ts":1785055276.3879778,"logger":"handler","caller":"server/handlers.go:101","msg":"received request","x-request-id":"3dce248d-8ab8-43aa-b317-69ab8238265d","path":"/v1/chat/completions","model":"Qwen/Qwen3-VL-32B-Instruct","stream":true}
{"level":"info","ts":1785055276.389136,"logger":"handler.prefill","caller":"steps/prefill.go:98","msg":"sending request","x-request-id":"efc04adc-45ce-455f-a8ae-6372626a3301","path":"/v1/chat/completions"}
{"level":"info","ts":1785055276.3960238,"logger":"handler.prefill","caller":"steps/prefill.go:98","msg":"sending request","x-request-id":"3dce248d-8ab8-43aa-b317-69ab8238265d","path":"/v1/chat/completions"}
{"level":"info","ts":1785055276.4163227,"logger":"handler","caller":"server/handlers.go:101","msg":"received request","x-request-id":"9b8db341-590f-4f75-ad61-de14779cd8cc","path":"/v1/chat/completions","model":"Qwen/Qwen3-VL-32B-Instruct","stream":true}
{"level":"info","ts":1785055276.41863,"logger":"handler","caller":"server/handlers.go:101","msg":"received request","x-request-id":"1000c396-e716-45a5-9a97-606e0c86780b","path":"/v1/chat/completions","model":"Qwen/Qwen3-VL-32B-Instruct","stream":true}
{"level":"info","ts":1785055276.4198792,"logger":"handler.prefill","caller":"steps/prefill.go:98","msg":"sending request","x-request-id":"9b8db341-590f-4f75-ad61-de14779cd8cc","path":"/v1/chat/completions"}
{"level":"info","ts":1785055276.4266286,"logger":"handler","caller":"server/handlers.go:101","msg":"received request","x-request-id":"088f3d9b-0b6d-4bae-8ce6-abf7a882d492","path":"/v1/chat/completions","model":"Qwen/Qwen3-VL-32B-Instruct","stream":true}
{"level":"info","ts":1785055276.431926,"logger":"handler.prefill","caller":"steps/prefill.go:98","msg":"sending request","x-request-id":"1000c396-e716-45a5-9a97-606e0c86780b","path":"/v1/chat/completions"}
{"level":"info","ts":1785055276.434428,"logger":"handler.prefill","caller":"steps/prefill.go:98","msg":"sending request","x-request-id":"088f3d9b-0b6d-4bae-8ce6-abf7a882d492","path":"/v1/chat/completions"}
{"level":"info","ts":1785055276.4399915,"logger":"handler","caller":"server/handlers.go:101","msg":"received request","x-request-id":"941e7306-2833-4216-a5fb-9b4f553bd0c8","path":"/v1/chat/completions","model":"Qwen/Qwen3-VL-32B-Instruct","stream":true}
{"level":"info","ts":1785055276.4411664,"logger":"handler.prefill","caller":"steps/prefill.go:98","msg":"sending request","x-request-id":"941e7306-2833-4216-a5fb-9b4f553bd0c8","path":"/v1/chat/completions"}
{"level":"info","ts":1785055276.4424474,"logger":"handler","caller":"server/handlers.go:101","msg":"received request","x-request-id":"a9621062-f145-47c7-baa6-7cb368b075ec","path":"/v1/chat/completions","model":"Qwen/Qwen3-VL-32B-Instruct","stream":true}
{"level":"info","ts":1785055276.4427397,"logger":"handler","caller":"server/handlers.go:101","msg":"received request","x-request-id":"9d5d6bef-0e7a-4910-8a60-f4904f406a3a","path":"/v1/chat/completions","model":"Qwen/Qwen3-VL-32B-Instruct","stream":true}
{"level":"info","ts":1785055276.444057,"logger":"handler.prefill","caller":"steps/prefill.go:98","msg":"sending request","x-request-id":"9d5d6bef-0e7a-4910-8a60-f4904f406a3a","path":"/v1/chat/completions"}
{"level":"info","ts":1785055276.4526606,"logger":"handler","caller":"server/handlers.go:101","msg":"received request","x-request-id":"896bd5ee-1f66-43f1-91ce-7dd860519e09","path":"/v1/chat/completions","model":"Qwen/Qwen3-VL-32B-Instruct","stream":true}
{"level":"info","ts":1785055276.4581285,"logger":"handler.prefill","caller":"steps/prefill.go:98","msg":"sending request","x-request-id":"a9621062-f145-47c7-baa6-7cb368b075ec","path":"/v1/chat/completions"}
{"level":"info","ts":1785055276.4645364,"logger":"handler.prefill","caller":"steps/prefill.go:98","msg":"sending request","x-request-id":"896bd5ee-1f66-43f1-91ce-7dd860519e09","path":"/v1/chat/completions"}
{"level":"info","ts":1785055276.4823067,"logger":"handler","caller":"server/handlers.go:101","msg":"received request","x-request-id":"44114f2a-6342-4a81-8cd5-282af5d9deca","path":"/v1/chat/completions","model":"Qwen/Qwen3-VL-32B-Instruct","stream":true}
{"level":"info","ts":1785055276.482855,"logger":"handler","caller":"server/handlers.go:101","msg":"received request","x-request-id":"0f7d2d81-de2d-4f5d-a056-6c74d4355270","path":"/v1/chat/completions","model":"Qwen/Qwen3-VL-32B-Instruct","stream":true}
{"level":"info","ts":1785055276.4831731,"logger":"handler","caller":"server/handlers.go:101","msg":"received request","x-request-id":"8fa81779-e881-4c39-bcb3-179b6073b125","path":"/v1/chat/completions","model":"Qwen/Qwen3-VL-32B-Instruct","stream":true}
{"level":"info","ts":1785055276.486382,"logger":"handler.prefill","caller":"steps/prefill.go:98","msg":"sending request","x-request-id":"8fa81779-e881-4c39-bcb3-179b6073b125","path":"/v1/chat/completions"}
{"level":"info","ts":1785055276.4877841,"logger":"handler.prefill","caller":"steps/prefill.go:98","msg":"sending request","x-request-id":"0f7d2d81-de2d-4f5d-a056-6c74d4355270","path":"/v1/chat/completions"}
{"level":"info","ts":1785055276.4905093,"logger":"handler.prefill","caller":"steps/prefill.go:98","msg":"sending request","x-request-id":"44114f2a-6342-4a81-8cd5-282af5d9deca","path":"/v1/chat/completions"}
{"level":"info","ts":1785055276.529283,"logger":"handler","caller":"server/handlers.go:101","msg":"received request","x-request-id":"d383f801-296e-44c5-a22b-edb79898104f","path":"/v1/chat/completions","model":"Qwen/Qwen3-VL-32B-Instruct","stream":true}
{"level":"info","ts":1785055276.53175,"logger":"handler","caller":"server/handlers.go:101","msg":"received request","x-request-id":"cf786845-2ca1-4d89-b968-58612567cb39","path":"/v1/chat/completions","model":"Qwen/Qwen3-VL-32B-Instruct","stream":true}
{"level":"info","ts":1785055276.5365918,"logger":"handler.prefill","caller":"steps/prefill.go:98","msg":"sending request","x-request-id":"d383f801-296e-44c5-a22b-edb79898104f","path":"/v1/chat/completions"}
{"level":"info","ts":1785055276.5370996,"logger":"handler","caller":"server/handlers.go:101","msg":"received request","x-request-id":"c4375031-72cf-4266-806c-d93d9ee02693","path":"/v1/chat/completions","model":"Qwen/Qwen3-VL-32B-Instruct","stream":true}
{"level":"info","ts":1785055276.5387418,"logger":"handler.prefill","caller":"steps/prefill.go:98","msg":"sending request","x-request-id":"cf786845-2ca1-4d89-b968-58612567cb39","path":"/v1/chat/completions"}
{"level":"info","ts":1785055276.542442,"logger":"handler.prefill","caller":"steps/prefill.go:98","msg":"sending request","x-request-id":"c4375031-72cf-4266-806c-d93d9ee02693","path":"/v1/chat/completions"}
{"level":"info","ts":1785055276.5634773,"logger":"handler","caller":"server/handlers.go:101","msg":"received request","x-request-id":"a6f1c10a-e772-4cd8-8707-2ea229317456","path":"/v1/chat/completions","model":"Qwen/Qwen3-VL-32B-Instruct","stream":true}
{"level":"info","ts":1785055276.564525,"logger":"handler","caller":"server/handlers.go:101","msg":"received request","x-request-id":"0b66d58b-d79a-47c5-9c15-0da8ce984deb","path":"/v1/chat/completions","model":"Qwen/Qwen3-VL-32B-Instruct","stream":true}
{"level":"info","ts":1785055276.5655677,"logger":"handler.prefill","caller":"steps/prefill.go:98","msg":"sending request","x-request-id":"a6f1c10a-e772-4cd8-8707-2ea229317456","path":"/v1/chat/completions"}
{"level":"info","ts":1785055276.5714257,"logger":"handler.prefill","caller":"steps/prefill.go:98","msg":"sending request","x-request-id":"0b66d58b-d79a-47c5-9c15-0da8ce984deb","path":"/v1/chat/completions"}
{"level":"info","ts":1785055276.574528,"logger":"handler","caller":"server/handlers.go:101","msg":"received request","x-request-id":"0c9252e3-8684-473f-a6b2-f088f645e00a","path":"/v1/chat/completions","model":"Qwen/Qwen3-VL-32B-Instruct","stream":true}
{"level":"info","ts":1785055276.5812974,"logger":"handler.prefill","caller":"steps/prefill.go:98","msg":"sending request","x-request-id":"0c9252e3-8684-473f-a6b2-f088f645e00a","path":"/v1/chat/completions"}
{"level":"info","ts":1785055276.585382,"logger":"handler","caller":"server/handlers.go:101","msg":"received request","x-request-id":"62541a27-5180-43fb-a62f-bdf03188ba34","path":"/v1/chat/completions","model":"Qwen/Qwen3-VL-32B-Instruct","stream":true}
{"level":"info","ts":1785055276.59135,"logger":"handler.prefill","caller":"steps/prefill.go:98","msg":"sending request","x-request-id":"62541a27-5180-43fb-a62f-bdf03188ba34","path":"/v1/chat/completions"}
{"level":"info","ts":1785055276.6074474,"logger":"handler","caller":"server/handlers.go:101","msg":"received request","x-request-id":"3c78ac0a-2c5f-4ca3-9383-c4248f257d5d","path":"/v1/chat/completions","model":"Qwen/Qwen3-VL-32B-Instruct","stream":true}
{"level":"info","ts":1785055276.608732,"logger":"handler.prefill","caller":"steps/prefill.go:98","msg":"sending request","x-request-id":"3c78ac0a-2c5f-4ca3-9383-c4248f257d5d","path":"/v1/chat/completions"}
{"level":"info","ts":1785055276.6136408,"logger":"handler","caller":"server/handlers.go:101","msg":"received request","x-request-id":"f11d75c8-a089-46dc-8d73-20a56ac23b88","path":"/v1/chat/completions","model":"Qwen/Qwen3-VL-32B-Instruct","stream":true}
{"level":"info","ts":1785055276.6168427,"logger":"handler","caller":"server/handlers.go:101","msg":"received request","x-request-id":"4e20caeb-4749-4771-b991-421c2a025f83","path":"/v1/chat/completions","model":"Qwen/Qwen3-VL-32B-Instruct","stream":true}
{"level":"info","ts":1785055276.6204176,"logger":"handler.prefill","caller":"steps/prefill.go:98","msg":"sending request","x-request-id":"f11d75c8-a089-46dc-8d73-20a56ac23b88","path":"/v1/chat/completions"}
{"level":"info","ts":1785055276.625526,"logger":"handler","caller":"server/handlers.go:101","msg":"received request","x-request-id":"70c9a8c2-e1f5-42e3-a855-4917b84db3fa","path":"/v1/chat/completions","model":"Qwen/Qwen3-VL-32B-Instruct","stream":true}
{"level":"info","ts":1785055276.6290271,"logger":"handler.prefill","caller":"steps/prefill.go:98","msg":"sending request","x-request-id":"70c9a8c2-e1f5-42e3-a855-4917b84db3fa","path":"/v1/chat/completions"}
{"level":"info","ts":1785055276.6321442,"logger":"handler.prefill","caller":"steps/prefill.go:98","msg":"sending request","x-request-id":"4e20caeb-4749-4771-b991-421c2a025f83","path":"/v1/chat/completions"}
{"level":"info","ts":1785055276.6362417,"logger":"handler","caller":"server/handlers.go:101","msg":"received request","x-request-id":"093e3960-0bc8-41f7-9220-59bebaac12d7","path":"/v1/chat/completions","model":"Qwen/Qwen3-VL-32B-Instruct","stream":true}
{"level":"info","ts":1785055276.6384296,"logger":"handler","caller":"server/handlers.go:101","msg":"received request","x-request-id":"6913d059-b6ab-4605-9f7e-0023f5e3e138","path":"/v1/chat/completions","model":"Qwen/Qwen3-VL-32B-Instruct","stream":true}
{"level":"info","ts":1785055276.6396956,"logger":"handler.prefill","caller":"steps/prefill.go:98","msg":"sending request","x-request-id":"6913d059-b6ab-4605-9f7e-0023f5e3e138","path":"/v1/chat/completions"}
{"level":"info","ts":1785055276.6509652,"logger":"handler","caller":"server/handlers.go:101","msg":"received request","x-request-id":"9e1d9632-9789-47ae-b7e7-4181766c339a","path":"/v1/chat/completions","model":"Qwen/Qwen3-VL-32B-Instruct","stream":true}
{"level":"info","ts":1785055276.6515188,"logger":"handler.prefill","caller":"steps/prefill.go:98","msg":"sending request","x-request-id":"093e3960-0bc8-41f7-9220-59bebaac12d7","path":"/v1/chat/completions"}
{"level":"info","ts":1785055276.6528435,"logger":"handler","caller":"server/handlers.go:101","msg":"received request","x-request-id":"b967e962-43f8-40d7-a552-80f0e034135f","path":"/v1/chat/completions","model":"Qwen/Qwen3-VL-32B-Instruct","stream":true}
{"level":"info","ts":1785055276.6544287,"logger":"handler.prefill","caller":"steps/prefill.go:98","msg":"sending request","x-request-id":"9e1d9632-9789-47ae-b7e7-4181766c339a","path":"/v1/chat/completions"}
{"level":"info","ts":1785055276.659477,"logger":"handler.prefill","caller":"steps/prefill.go:98","msg":"sending request","x-request-id":"b967e962-43f8-40d7-a552-80f0e034135f","path":"/v1/chat/completions"}
{"level":"info","ts":1785055276.665283,"logger":"handler","caller":"server/handlers.go:101","msg":"received request","x-request-id":"92b557a9-0796-4e85-9375-4f0ff169cf3e","path":"/v1/chat/completions","model":"Qwen/Qwen3-VL-32B-Instruct","stream":true}
{"level":"info","ts":1785055276.666912,"logger":"handler.prefill","caller":"steps/prefill.go:98","msg":"sending request","x-request-id":"92b557a9-0796-4e85-9375-4f0ff169cf3e","path":"/v1/chat/completions"}
{"level":"info","ts":1785055276.6683404,"logger":"handler","caller":"server/handlers.go:101","msg":"received request","x-request-id":"10005a80-9e0b-4071-a80f-8644f6314e54","path":"/v1/chat/completions","model":"Qwen/Qwen3-VL-32B-Instruct","stream":true}
{"level":"info","ts":1785055276.6714368,"logger":"handler.prefill","caller":"steps/prefill.go:98","msg":"sending request","x-request-id":"10005a80-9e0b-4071-a80f-8644f6314e54","path":"/v1/chat/completions"}
{"level":"info","ts":1785055276.676864,"logger":"handler","caller":"server/handlers.go:101","msg":"received request","x-request-id":"e1808003-6104-471d-995e-945b14b2da3b","path":"/v1/chat/completions","model":"Qwen/Qwen3-VL-32B-Instruct","stream":true}
{"level":"info","ts":1785055276.680833,"logger":"handler","caller":"server/handlers.go:101","msg":"received request","x-request-id":"28ba27f8-4c65-4a56-9a01-f64a1f12ae05","path":"/v1/chat/completions","model":"Qwen/Qwen3-VL-32B-Instruct","stream":true}
{"level":"info","ts":1785055276.683673,"logger":"handler.prefill","caller":"steps/prefill.go:98","msg":"sending request","x-request-id":"e1808003-6104-471d-995e-945b14b2da3b","path":"/v1/chat/completions"}
{"level":"info","ts":1785055276.6840725,"logger":"handler.prefill","caller":"steps/prefill.go:98","msg":"sending request","x-request-id":"28ba27f8-4c65-4a56-9a01-f64a1f12ae05","path":"/v1/chat/completions"}
{"level":"info","ts":1785055276.714405,"logger":"handler","caller":"server/handlers.go:101","msg":"received request","x-request-id":"c77d7a08-c40d-4947-a972-6f01bb22b35e","path":"/v1/chat/completions","model":"Qwen/Qwen3-VL-32B-Instruct","stream":true}
{"level":"info","ts":1785055276.7175803,"logger":"handler.prefill","caller":"steps/prefill.go:98","msg":"sending request","x-request-id":"c77d7a08-c40d-4947-a972-6f01bb22b35e","path":"/v1/chat/completions"}
{"level":"info","ts":1785055276.7358243,"logger":"handler","caller":"server/handlers.go:101","msg":"received request","x-request-id":"82f128bf-a4d9-4fa0-bd67-83ff86ef79bd","path":"/v1/chat/completions","model":"Qwen/Qwen3-VL-32B-Instruct","stream":true}
{"level":"info","ts":1785055276.7443085,"logger":"handler.prefill","caller":"steps/prefill.go:98","msg":"sending request","x-request-id":"82f128bf-a4d9-4fa0-bd67-83ff86ef79bd","path":"/v1/chat/completions"}
{"level":"info","ts":1785055276.7479465,"logger":"handler","caller":"server/handlers.go:101","msg":"received request","x-request-id":"f2fc3497-a3b2-4e82-9607-960f0a99d6f3","path":"/v1/chat/completions","model":"Qwen/Qwen3-VL-32B-Instruct","stream":true}
{"level":"info","ts":1785055276.7542024,"logger":"handler.prefill","caller":"steps/prefill.go:98","msg":"sending request","x-request-id":"f2fc3497-a3b2-4e82-9607-960f0a99d6f3","path":"/v1/chat/completions"}
{"level":"info","ts":1785055276.7725947,"logger":"handler","caller":"server/handlers.go:101","msg":"received request","x-request-id":"0cc46331-2c94-493e-8e2c-57a0fbb534e1","path":"/v1/chat/completions","model":"Qwen/Qwen3-VL-32B-Instruct","stream":true}
{"level":"info","ts":1785055276.776862,"logger":"handler","caller":"server/handlers.go:101","msg":"received request","x-request-id":"e772b07a-e4e2-442e-8526-8307f2e59983","path":"/v1/chat/completions","model":"Qwen/Qwen3-VL-32B-Instruct","stream":true}
{"level":"info","ts":1785055276.779198,"logger":"handler.prefill","caller":"steps/prefill.go:98","msg":"sending request","x-request-id":"0cc46331-2c94-493e-8e2c-57a0fbb534e1","path":"/v1/chat/completions"}
{"level":"info","ts":1785055276.783791,"logger":"handler.prefill","caller":"steps/prefill.go:98","msg":"sending request","x-request-id":"e772b07a-e4e2-442e-8526-8307f2e59983","path":"/v1/chat/completions"}
{"level":"info","ts":1785055276.7903852,"logger":"handler","caller":"server/handlers.go:101","msg":"received request","x-request-id":"646a3f57-e097-4808-9071-70fbd9a9b3bb","path":"/v1/chat/completions","model":"Qwen/Qwen3-VL-32B-Instruct","stream":true}
{"level":"info","ts":1785055276.803841,"logger":"handler.prefill","caller":"steps/prefill.go:98","msg":"sending request","x-request-id":"646a3f57-e097-4808-9071-70fbd9a9b3bb","path":"/v1/chat/completions"}
{"level":"info","ts":1785055276.8088102,"logger":"handler","caller":"server/handlers.go:101","msg":"received request","x-request-id":"6ea80b6e-4154-4d21-a168-3a9a4d048ae0","path":"/v1/chat/completions","model":"Qwen/Qwen3-VL-32B-Instruct","stream":true}
{"level":"info","ts":1785055276.809111,"logger":"handler","caller":"server/handlers.go:101","msg":"received request","x-request-id":"860f4d29-ef50-4be7-a48a-bc92f92de428","path":"/v1/chat/completions","model":"Qwen/Qwen3-VL-32B-Instruct","stream":true}
{"level":"info","ts":1785055276.811487,"logger":"handler.prefill","caller":"steps/prefill.go:98","msg":"sending request","x-request-id":"860f4d29-ef50-4be7-a48a-bc92f92de428","path":"/v1/chat/completions"}
{"level":"info","ts":1785055276.8155582,"logger":"handler.prefill","caller":"steps/prefill.go:98","msg":"sending request","x-request-id":"6ea80b6e-4154-4d21-a168-3a9a4d048ae0","path":"/v1/chat/completions"}
{"level":"info","ts":1785055276.8287275,"logger":"handler","caller":"server/handlers.go:101","msg":"received request","x-request-id":"f5d827d6-329f-4143-9576-e4cd9dde29c4","path":"/v1/chat/completions","model":"Qwen/Qwen3-VL-32B-Instruct","stream":true}
{"level":"info","ts":1785055276.8302495,"logger":"handler","caller":"server/handlers.go:101","msg":"received request","x-request-id":"3f3a50aa-fb76-4d02-9237-3db1e32b6939","path":"/v1/chat/completions","model":"Qwen/Qwen3-VL-32B-Instruct","stream":true}
{"level":"info","ts":1785055276.8320558,"logger":"handler","caller":"server/handlers.go:101","msg":"received request","x-request-id":"63a11a64-9f90-4ac8-98d5-b1f7154076fa","path":"/v1/chat/completions","model":"Qwen/Qwen3-VL-32B-Instruct","stream":true}
{"level":"info","ts":1785055276.8353004,"logger":"handler.prefill","caller":"steps/prefill.go:98","msg":"sending request","x-request-id":"3f3a50aa-fb76-4d02-9237-3db1e32b6939","path":"/v1/chat/completions"}
{"level":"info","ts":1785055276.8367481,"logger":"handler.prefill","caller":"steps/prefill.go:98","msg":"sending request","x-request-id":"f5d827d6-329f-4143-9576-e4cd9dde29c4","path":"/v1/chat/completions"}
{"level":"info","ts":1785055276.8424196,"logger":"handler.prefill","caller":"steps/prefill.go:98","msg":"sending request","x-request-id":"63a11a64-9f90-4ac8-98d5-b1f7154076fa","path":"/v1/chat/completions"}
{"level":"info","ts":1785055276.8550692,"logger":"handler","caller":"server/handlers.go:101","msg":"received request","x-request-id":"0aa2895c-8f60-49b9-ada8-f1cf643d7b0b","path":"/v1/chat/completions","model":"Qwen/Qwen3-VL-32B-Instruct","stream":true}
{"level":"info","ts":1785055276.8596098,"logger":"handler.prefill","caller":"steps/prefill.go:98","msg":"sending request","x-request-id":"0aa2895c-8f60-49b9-ada8-f1cf643d7b0b","path":"/v1/chat/completions"}
{"level":"info","ts":1785055276.8608909,"logger":"handler","caller":"server/handlers.go:101","msg":"received request","x-request-id":"787866e4-0da1-4bd5-9e8a-ec0d21dcd26a","path":"/v1/chat/completions","model":"Qwen/Qwen3-VL-32B-Instruct","stream":true}
{"level":"info","ts":1785055276.8638544,"logger":"handler.prefill","caller":"steps/prefill.go:98","msg":"sending request","x-request-id":"787866e4-0da1-4bd5-9e8a-ec0d21dcd26a","path":"/v1/chat/completions"}
{"level":"info","ts":1785055276.8670685,"logger":"handler","caller":"server/handlers.go:101","msg":"received request","x-request-id":"4a3bfd77-85d2-4e56-b101-162267fa9c61","path":"/v1/chat/completions","model":"Qwen/Qwen3-VL-32B-Instruct","stream":true}
{"level":"info","ts":1785055276.8690708,"logger":"handler","caller":"server/handlers.go:101","msg":"received request","x-request-id":"52671b69-7fb4-4e52-93dc-a4ec63b0bb62","path":"/v1/chat/completions","model":"Qwen/Qwen3-VL-32B-Instruct","stream":true}
{"level":"info","ts":1785055276.872128,"logger":"handler.prefill","caller":"steps/prefill.go:98","msg":"sending request","x-request-id":"52671b69-7fb4-4e52-93dc-a4ec63b0bb62","path":"/v1/chat/completions"}
{"level":"info","ts":1785055276.8741674,"logger":"handler.prefill","caller":"steps/prefill.go:98","msg":"sending request","x-request-id":"4a3bfd77-85d2-4e56-b101-162267fa9c61","path":"/v1/chat/completions"}
{"level":"info","ts":1785055276.8957582,"logger":"handler","caller":"server/handlers.go:101","msg":"received request","x-request-id":"3ec55c4b-8e2d-42dd-97e9-9babe99d5398","path":"/v1/chat/completions","model":"Qwen/Qwen3-VL-32B-Instruct","stream":true}
{"level":"info","ts":1785055276.8994174,"logger":"handler","caller":"server/handlers.go:101","msg":"received request","x-request-id":"70971034-ed93-48dc-a4b7-52cc3fcdbd66","path":"/v1/chat/completions","model":"Qwen/Qwen3-VL-32B-Instruct","stream":true}
{"level":"info","ts":1785055276.9022765,"logger":"handler.prefill","caller":"steps/prefill.go:98","msg":"sending request","x-request-id":"3ec55c4b-8e2d-42dd-97e9-9babe99d5398","path":"/v1/chat/completions"}
{"level":"info","ts":1785055276.9059677,"logger":"handler.prefill","caller":"steps/prefill.go:98","msg":"sending request","x-request-id":"70971034-ed93-48dc-a4b7-52cc3fcdbd66","path":"/v1/chat/completions"}
{"level":"info","ts":1785055277.249158,"logger":"handler.prefill","caller":"steps/prefill.go:126","msg":"complete","x-request-id":"1a927b36-c4c1-4f5b-9e6a-2c1ad8c8dea2"}
{"level":"info","ts":1785055277.2492082,"logger":"handler.decode","caller":"steps/decode.go:72","msg":"sending request","x-request-id":"1a927b36-c4c1-4f5b-9e6a-2c1ad8c8dea2","path":"/v1/chat/completions","stream":true}
{"level":"info","ts":1785055277.7310894,"logger":"handler.prefill","caller":"steps/prefill.go:126","msg":"complete","x-request-id":"7f65c19e-1bbb-4745-8087-6de58b55b6fd"}
{"level":"info","ts":1785055277.7311332,"logger":"handler.decode","caller":"steps/decode.go:72","msg":"sending request","x-request-id":"7f65c19e-1bbb-4745-8087-6de58b55b6fd","path":"/v1/chat/completions","stream":true}
{"level":"info","ts":1785055278.1043441,"logger":"handler.prefill","caller":"steps/prefill.go:126","msg":"complete","x-request-id":"f607e983-137f-4b48-9102-52e9c48acff9"}
{"level":"info","ts":1785055278.1043735,"logger":"handler.decode","caller":"steps/decode.go:72","msg":"sending request","x-request-id":"f607e983-137f-4b48-9102-52e9c48acff9","path":"/v1/chat/completions","stream":true}
{"level":"info","ts":1785055278.2542782,"logger":"handler.prefill","caller":"steps/prefill.go:126","msg":"complete","x-request-id":"15731f04-a47d-4b4f-bea4-fa0902992492"}
{"level":"info","ts":1785055278.2542996,"logger":"handler.decode","caller":"steps/decode.go:72","msg":"sending request","x-request-id":"15731f04-a47d-4b4f-bea4-fa0902992492","path":"/v1/chat/completions","stream":true}
{"level":"info","ts":1785055278.5733795,"logger":"handler.prefill","caller":"steps/prefill.go:126","msg":"complete","x-request-id":"e1371c08-2570-4c66-8574-ab1d496aae77"}
{"level":"info","ts":1785055278.5734005,"logger":"handler.decode","caller":"steps/decode.go:72","msg":"sending request","x-request-id":"e1371c08-2570-4c66-8574-ab1d496aae77","path":"/v1/chat/completions","stream":true}
{"level":"info","ts":1785055278.638357,"logger":"handler.prefill","caller":"steps/prefill.go:126","msg":"complete","x-request-id":"c0cf84df-9b2a-4bb5-a853-7d56cb2b69db"}
{"level":"info","ts":1785055278.6383781,"logger":"handler.decode","caller":"steps/decode.go:72","msg":"sending request","x-request-id":"c0cf84df-9b2a-4bb5-a853-7d56cb2b69db","path":"/v1/chat/completions","stream":true}
{"level":"info","ts":1785055278.6385493,"logger":"handler.prefill","caller":"steps/prefill.go:126","msg":"complete","x-request-id":"efc04adc-45ce-455f-a8ae-6372626a3301"}
{"level":"info","ts":1785055278.6385965,"logger":"handler.decode","caller":"steps/decode.go:72","msg":"sending request","x-request-id":"efc04adc-45ce-455f-a8ae-6372626a3301","path":"/v1/chat/completions","stream":true}
{"level":"info","ts":1785055279.4364672,"logger":"handler.prefill","caller":"steps/prefill.go:126","msg":"complete","x-request-id":"467a8fb5-15cf-47ed-86db-937cc81d5e4e"}
{"level":"info","ts":1785055279.4364996,"logger":"handler.decode","caller":"steps/decode.go:72","msg":"sending request","x-request-id":"467a8fb5-15cf-47ed-86db-937cc81d5e4e","path":"/v1/chat/completions","stream":true}
{"level":"info","ts":1785055279.6081705,"logger":"handler.prefill","caller":"steps/prefill.go:126","msg":"complete","x-request-id":"8864371e-f720-45a1-b9f3-0b7de44f5083"}
{"level":"info","ts":1785055279.6081958,"logger":"handler.decode","caller":"steps/decode.go:72","msg":"sending request","x-request-id":"8864371e-f720-45a1-b9f3-0b7de44f5083","path":"/v1/chat/completions","stream":true}
{"level":"info","ts":1785055279.8866835,"logger":"handler.prefill","caller":"steps/prefill.go:126","msg":"complete","x-request-id":"9d5d6bef-0e7a-4910-8a60-f4904f406a3a"}
{"level":"info","ts":1785055279.8867052,"logger":"handler.decode","caller":"steps/decode.go:72","msg":"sending request","x-request-id":"9d5d6bef-0e7a-4910-8a60-f4904f406a3a","path":"/v1/chat/completions","stream":true}
{"level":"info","ts":1785055279.8867786,"logger":"handler.prefill","caller":"steps/prefill.go:126","msg":"complete","x-request-id":"abab7e67-6ebe-4bc9-bdf8-f1d4710ffedb"}
{"level":"info","ts":1785055279.8868046,"logger":"handler.decode","caller":"steps/decode.go:72","msg":"sending request","x-request-id":"abab7e67-6ebe-4bc9-bdf8-f1d4710ffedb","path":"/v1/chat/completions","stream":true}
{"level":"info","ts":1785055279.9852,"logger":"handler.prefill","caller":"steps/prefill.go:126","msg":"complete","x-request-id":"941e7306-2833-4216-a5fb-9b4f553bd0c8"}
{"level":"info","ts":1785055279.9852443,"logger":"handler.decode","caller":"steps/decode.go:72","msg":"sending request","x-request-id":"941e7306-2833-4216-a5fb-9b4f553bd0c8","path":"/v1/chat/completions","stream":true}
{"level":"info","ts":1785055279.9853086,"logger":"handler.prefill","caller":"steps/prefill.go:126","msg":"complete","x-request-id":"dbf3aa28-0a25-45b9-bc4a-4fc7796aafa3"}
{"level":"info","ts":1785055279.9853537,"logger":"handler.decode","caller":"steps/decode.go:72","msg":"sending request","x-request-id":"dbf3aa28-0a25-45b9-bc4a-4fc7796aafa3","path":"/v1/chat/completions","stream":true}
{"level":"info","ts":1785055280.2829902,"logger":"handler.prefill","caller":"steps/prefill.go:126","msg":"complete","x-request-id":"01335b4c-93b5-4cf7-9e5f-04d544074a5c"}
{"level":"info","ts":1785055280.2830687,"logger":"handler.decode","caller":"steps/decode.go:72","msg":"sending request","x-request-id":"01335b4c-93b5-4cf7-9e5f-04d544074a5c","path":"/v1/chat/completions","stream":true}
{"level":"info","ts":1785055280.4729598,"logger":"handler.prefill","caller":"steps/prefill.go:126","msg":"complete","x-request-id":"8fa81779-e881-4c39-bcb3-179b6073b125"}
{"level":"info","ts":1785055280.4730058,"logger":"handler.decode","caller":"steps/decode.go:72","msg":"sending request","x-request-id":"8fa81779-e881-4c39-bcb3-179b6073b125","path":"/v1/chat/completions","stream":true}
{"level":"info","ts":1785055280.6595635,"logger":"handler.prefill","caller":"steps/prefill.go:126","msg":"complete","x-request-id":"9b8db341-590f-4f75-ad61-de14779cd8cc"}
{"level":"info","ts":1785055280.6596074,"logger":"handler.decode","caller":"steps/decode.go:72","msg":"sending request","x-request-id":"9b8db341-590f-4f75-ad61-de14779cd8cc","path":"/v1/chat/completions","stream":true}
{"level":"info","ts":1785055280.7020814,"logger":"handler.prefill","caller":"steps/prefill.go:126","msg":"complete","x-request-id":"fa858116-0c7d-4afe-94b1-455e05bcdb5f"}
{"level":"info","ts":1785055280.7021022,"logger":"handler.decode","caller":"steps/decode.go:72","msg":"sending request","x-request-id":"fa858116-0c7d-4afe-94b1-455e05bcdb5f","path":"/v1/chat/completions","stream":true}
{"level":"info","ts":1785055280.7979646,"logger":"handler.prefill","caller":"steps/prefill.go:126","msg":"complete","x-request-id":"0f7d2d81-de2d-4f5d-a056-6c74d4355270"}
{"level":"info","ts":1785055280.7980103,"logger":"handler.decode","caller":"steps/decode.go:72","msg":"sending request","x-request-id":"0f7d2d81-de2d-4f5d-a056-6c74d4355270","path":"/v1/chat/completions","stream":true}
{"level":"info","ts":1785055281.540779,"logger":"handler.prefill","caller":"steps/prefill.go:126","msg":"complete","x-request-id":"3c78ac0a-2c5f-4ca3-9383-c4248f257d5d"}
{"level":"info","ts":1785055281.5408115,"logger":"handler.decode","caller":"steps/decode.go:72","msg":"sending request","x-request-id":"3c78ac0a-2c5f-4ca3-9383-c4248f257d5d","path":"/v1/chat/completions","stream":true}
{"level":"info","ts":1785055281.5409045,"logger":"handler.prefill","caller":"steps/prefill.go:126","msg":"complete","x-request-id":"4694f6fa-b680-40c0-96ea-ac5d4368fe97"}
{"level":"info","ts":1785055281.5409188,"logger":"handler.decode","caller":"steps/decode.go:72","msg":"sending request","x-request-id":"4694f6fa-b680-40c0-96ea-ac5d4368fe97","path":"/v1/chat/completions","stream":true}
{"level":"info","ts":1785055281.977372,"logger":"handler.prefill","caller":"steps/prefill.go:126","msg":"complete","x-request-id":"a6f1c10a-e772-4cd8-8707-2ea229317456"}
{"level":"info","ts":1785055281.9774148,"logger":"handler.decode","caller":"steps/decode.go:72","msg":"sending request","x-request-id":"a6f1c10a-e772-4cd8-8707-2ea229317456","path":"/v1/chat/completions","stream":true}
{"level":"info","ts":1785055281.9775157,"logger":"handler.prefill","caller":"steps/prefill.go:126","msg":"complete","x-request-id":"75507a5c-dac8-4642-b127-51c3324b85ce"}
{"level":"info","ts":1785055281.9775333,"logger":"handler.decode","caller":"steps/decode.go:72","msg":"sending request","x-request-id":"75507a5c-dac8-4642-b127-51c3324b85ce","path":"/v1/chat/completions","stream":true}
{"level":"info","ts":1785055282.083647,"logger":"handler.prefill","caller":"steps/prefill.go:126","msg":"complete","x-request-id":"6913d059-b6ab-4605-9f7e-0023f5e3e138"}
{"level":"info","ts":1785055282.0836754,"logger":"handler.decode","caller":"steps/decode.go:72","msg":"sending request","x-request-id":"6913d059-b6ab-4605-9f7e-0023f5e3e138","path":"/v1/chat/completions","stream":true}
{"level":"info","ts":1785055282.0836449,"logger":"handler.prefill","caller":"steps/prefill.go:126","msg":"complete","x-request-id":"be2e32df-209f-48bb-a9eb-85cdb8255278"}
{"level":"info","ts":1785055282.0837405,"logger":"handler.decode","caller":"steps/decode.go:72","msg":"sending request","x-request-id":"be2e32df-209f-48bb-a9eb-85cdb8255278","path":"/v1/chat/completions","stream":true}
{"level":"info","ts":1785055282.1520712,"logger":"handler.prefill","caller":"steps/prefill.go:126","msg":"complete","x-request-id":"44114f2a-6342-4a81-8cd5-282af5d9deca"}
{"level":"info","ts":1785055282.1521063,"logger":"handler.decode","caller":"steps/decode.go:72","msg":"sending request","x-request-id":"44114f2a-6342-4a81-8cd5-282af5d9deca","path":"/v1/chat/completions","stream":true}
{"level":"info","ts":1785055282.4772215,"logger":"handler.prefill","caller":"steps/prefill.go:126","msg":"complete","x-request-id":"3dce248d-8ab8-43aa-b317-69ab8238265d"}
{"level":"info","ts":1785055282.4772477,"logger":"handler.decode","caller":"steps/decode.go:72","msg":"sending request","x-request-id":"3dce248d-8ab8-43aa-b317-69ab8238265d","path":"/v1/chat/completions","stream":true}
{"level":"info","ts":1785055282.477261,"logger":"handler.prefill","caller":"steps/prefill.go:126","msg":"complete","x-request-id":"70c9a8c2-e1f5-42e3-a855-4917b84db3fa"}
{"level":"info","ts":1785055282.4772909,"logger":"handler.decode","caller":"steps/decode.go:72","msg":"sending request","x-request-id":"70c9a8c2-e1f5-42e3-a855-4917b84db3fa","path":"/v1/chat/completions","stream":true}
{"level":"info","ts":1785055282.6475222,"logger":"handler.prefill","caller":"steps/prefill.go:126","msg":"complete","x-request-id":"088f3d9b-0b6d-4bae-8ce6-abf7a882d492"}
{"level":"info","ts":1785055282.6475456,"logger":"handler.decode","caller":"steps/decode.go:72","msg":"sending request","x-request-id":"088f3d9b-0b6d-4bae-8ce6-abf7a882d492","path":"/v1/chat/completions","stream":true}
{"level":"info","ts":1785055282.6476493,"logger":"handler.prefill","caller":"steps/prefill.go:126","msg":"complete","x-request-id":"92b557a9-0796-4e85-9375-4f0ff169cf3e"}
{"level":"info","ts":1785055282.6476924,"logger":"handler.decode","caller":"steps/decode.go:72","msg":"sending request","x-request-id":"92b557a9-0796-4e85-9375-4f0ff169cf3e","path":"/v1/chat/completions","stream":true}
{"level":"info","ts":1785055282.7721076,"logger":"handler.prefill","caller":"steps/prefill.go:126","msg":"complete","x-request-id":"c4375031-72cf-4266-806c-d93d9ee02693"}
{"level":"info","ts":1785055282.77215,"logger":"handler.decode","caller":"steps/decode.go:72","msg":"sending request","x-request-id":"c4375031-72cf-4266-806c-d93d9ee02693","path":"/v1/chat/completions","stream":true}
{"level":"info","ts":1785055283.2372293,"logger":"handler.prefill","caller":"steps/prefill.go:126","msg":"complete","x-request-id":"28ba27f8-4c65-4a56-9a01-f64a1f12ae05"}
{"level":"info","ts":1785055283.2372727,"logger":"handler.decode","caller":"steps/decode.go:72","msg":"sending request","x-request-id":"28ba27f8-4c65-4a56-9a01-f64a1f12ae05","path":"/v1/chat/completions","stream":true}
{"level":"info","ts":1785055283.2372956,"logger":"handler.prefill","caller":"steps/prefill.go:126","msg":"complete","x-request-id":"10005a80-9e0b-4071-a80f-8644f6314e54"}
{"level":"info","ts":1785055283.2373366,"logger":"handler.decode","caller":"steps/decode.go:72","msg":"sending request","x-request-id":"10005a80-9e0b-4071-a80f-8644f6314e54","path":"/v1/chat/completions","stream":true}
{"level":"info","ts":1785055283.365975,"logger":"handler.prefill","caller":"steps/prefill.go:126","msg":"complete","x-request-id":"896bd5ee-1f66-43f1-91ce-7dd860519e09"}
{"level":"info","ts":1785055283.3660011,"logger":"handler.decode","caller":"steps/decode.go:72","msg":"sending request","x-request-id":"896bd5ee-1f66-43f1-91ce-7dd860519e09","path":"/v1/chat/completions","stream":true}
{"level":"info","ts":1785055283.5866191,"logger":"handler.prefill","caller":"steps/prefill.go:126","msg":"complete","x-request-id":"9e1d9632-9789-47ae-b7e7-4181766c339a"}
{"level":"info","ts":1785055283.586641,"logger":"handler.prefill","caller":"steps/prefill.go:126","msg":"complete","x-request-id":"b1bb82ae-cdac-42b6-ac97-fe390720bb94"}
{"level":"info","ts":1785055283.5866573,"logger":"handler.decode","caller":"steps/decode.go:72","msg":"sending request","x-request-id":"9e1d9632-9789-47ae-b7e7-4181766c339a","path":"/v1/chat/completions","stream":true}
{"level":"info","ts":1785055283.5866604,"logger":"handler.decode","caller":"steps/decode.go:72","msg":"sending request","x-request-id":"b1bb82ae-cdac-42b6-ac97-fe390720bb94","path":"/v1/chat/completions","stream":true}
{"level":"info","ts":1785055283.7714765,"logger":"handler.prefill","caller":"steps/prefill.go:126","msg":"complete","x-request-id":"62541a27-5180-43fb-a62f-bdf03188ba34"}
{"level":"info","ts":1785055283.7715206,"logger":"handler.decode","caller":"steps/decode.go:72","msg":"sending request","x-request-id":"62541a27-5180-43fb-a62f-bdf03188ba34","path":"/v1/chat/completions","stream":true}
{"level":"info","ts":1785055283.9873068,"logger":"handler.prefill","caller":"steps/prefill.go:126","msg":"complete","x-request-id":"860f4d29-ef50-4be7-a48a-bc92f92de428"}
{"level":"info","ts":1785055283.987352,"logger":"handler.decode","caller":"steps/decode.go:72","msg":"sending request","x-request-id":"860f4d29-ef50-4be7-a48a-bc92f92de428","path":"/v1/chat/completions","stream":true}
{"level":"info","ts":1785055283.9873621,"logger":"handler.prefill","caller":"steps/prefill.go:126","msg":"complete","x-request-id":"d383f801-296e-44c5-a22b-edb79898104f"}
{"level":"info","ts":1785055283.9874022,"logger":"handler.decode","caller":"steps/decode.go:72","msg":"sending request","x-request-id":"d383f801-296e-44c5-a22b-edb79898104f","path":"/v1/chat/completions","stream":true}
{"level":"info","ts":1785055284.398087,"logger":"handler.prefill","caller":"steps/prefill.go:126","msg":"complete","x-request-id":"1000c396-e716-45a5-9a97-606e0c86780b"}
{"level":"info","ts":1785055284.3981283,"logger":"handler.decode","caller":"steps/decode.go:72","msg":"sending request","x-request-id":"1000c396-e716-45a5-9a97-606e0c86780b","path":"/v1/chat/completions","stream":true}
{"level":"info","ts":1785055284.5804677,"logger":"handler.prefill","caller":"steps/prefill.go:126","msg":"complete","x-request-id":"f11d75c8-a089-46dc-8d73-20a56ac23b88"}
{"level":"info","ts":1785055284.5804908,"logger":"handler.decode","caller":"steps/decode.go:72","msg":"sending request","x-request-id":"f11d75c8-a089-46dc-8d73-20a56ac23b88","path":"/v1/chat/completions","stream":true}
{"level":"info","ts":1785055284.7755227,"logger":"handler.prefill","caller":"steps/prefill.go:126","msg":"complete","x-request-id":"cf786845-2ca1-4d89-b968-58612567cb39"}
{"level":"info","ts":1785055284.7755709,"logger":"handler.decode","caller":"steps/decode.go:72","msg":"sending request","x-request-id":"cf786845-2ca1-4d89-b968-58612567cb39","path":"/v1/chat/completions","stream":true}
{"level":"info","ts":1785055284.968329,"logger":"handler.prefill","caller":"steps/prefill.go:126","msg":"complete","x-request-id":"0aa2895c-8f60-49b9-ada8-f1cf643d7b0b"}
{"level":"info","ts":1785055284.968377,"logger":"handler.decode","caller":"steps/decode.go:72","msg":"sending request","x-request-id":"0aa2895c-8f60-49b9-ada8-f1cf643d7b0b","path":"/v1/chat/completions","stream":true}
{"level":"info","ts":1785055285.1407459,"logger":"handler.prefill","caller":"steps/prefill.go:126","msg":"complete","x-request-id":"c77d7a08-c40d-4947-a972-6f01bb22b35e"}
{"level":"info","ts":1785055285.1407754,"logger":"handler.decode","caller":"steps/decode.go:72","msg":"sending request","x-request-id":"c77d7a08-c40d-4947-a972-6f01bb22b35e","path":"/v1/chat/completions","stream":true}
{"level":"info","ts":1785055285.3774269,"logger":"handler.prefill","caller":"steps/prefill.go:126","msg":"complete","x-request-id":"a9621062-f145-47c7-baa6-7cb368b075ec"}
{"level":"info","ts":1785055285.3774514,"logger":"handler.decode","caller":"steps/decode.go:72","msg":"sending request","x-request-id":"a9621062-f145-47c7-baa6-7cb368b075ec","path":"/v1/chat/completions","stream":true}
{"level":"info","ts":1785055285.377514,"logger":"handler.prefill","caller":"steps/prefill.go:126","msg":"complete","x-request-id":"6ea80b6e-4154-4d21-a168-3a9a4d048ae0"}
{"level":"info","ts":1785055285.3775616,"logger":"handler.decode","caller":"steps/decode.go:72","msg":"sending request","x-request-id":"6ea80b6e-4154-4d21-a168-3a9a4d048ae0","path":"/v1/chat/completions","stream":true}
{"level":"info","ts":1785055285.5808728,"logger":"handler.prefill","caller":"steps/prefill.go:126","msg":"complete","x-request-id":"4e20caeb-4749-4771-b991-421c2a025f83"}
{"level":"info","ts":1785055285.5809145,"logger":"handler.decode","caller":"steps/decode.go:72","msg":"sending request","x-request-id":"4e20caeb-4749-4771-b991-421c2a025f83","path":"/v1/chat/completions","stream":true}
{"level":"info","ts":1785055285.762003,"logger":"handler.prefill","caller":"steps/prefill.go:126","msg":"complete","x-request-id":"0b66d58b-d79a-47c5-9c15-0da8ce984deb"}
{"level":"info","ts":1785055285.7620351,"logger":"handler.decode","caller":"steps/decode.go:72","msg":"sending request","x-request-id":"0b66d58b-d79a-47c5-9c15-0da8ce984deb","path":"/v1/chat/completions","stream":true}
{"level":"info","ts":1785055285.8912585,"logger":"handler.prefill","caller":"steps/prefill.go:126","msg":"complete","x-request-id":"52671b69-7fb4-4e52-93dc-a4ec63b0bb62"}
{"level":"info","ts":1785055285.8912802,"logger":"handler.decode","caller":"steps/decode.go:72","msg":"sending request","x-request-id":"52671b69-7fb4-4e52-93dc-a4ec63b0bb62","path":"/v1/chat/completions","stream":true}
{"level":"info","ts":1785055285.8912933,"logger":"handler.prefill","caller":"steps/prefill.go:126","msg":"complete","x-request-id":"787866e4-0da1-4bd5-9e8a-ec0d21dcd26a"}
{"level":"info","ts":1785055285.8913343,"logger":"handler.decode","caller":"steps/decode.go:72","msg":"sending request","x-request-id":"787866e4-0da1-4bd5-9e8a-ec0d21dcd26a","path":"/v1/chat/completions","stream":true}
{"level":"info","ts":1785055286.182052,"logger":"handler.prefill","caller":"steps/prefill.go:126","msg":"complete","x-request-id":"f2fc3497-a3b2-4e82-9607-960f0a99d6f3"}
{"level":"info","ts":1785055286.1820946,"logger":"handler.decode","caller":"steps/decode.go:72","msg":"sending request","x-request-id":"f2fc3497-a3b2-4e82-9607-960f0a99d6f3","path":"/v1/chat/completions","stream":true}
{"level":"info","ts":1785055286.3625839,"logger":"handler.prefill","caller":"steps/prefill.go:126","msg":"complete","x-request-id":"e1808003-6104-471d-995e-945b14b2da3b"}
{"level":"info","ts":1785055286.3626409,"logger":"handler.decode","caller":"steps/decode.go:72","msg":"sending request","x-request-id":"e1808003-6104-471d-995e-945b14b2da3b","path":"/v1/chat/completions","stream":true}
{"level":"info","ts":1785055286.7567303,"logger":"handler.prefill","caller":"steps/prefill.go:126","msg":"complete","x-request-id":"646a3f57-e097-4808-9071-70fbd9a9b3bb"}
{"level":"info","ts":1785055286.7567642,"logger":"handler.decode","caller":"steps/decode.go:72","msg":"sending request","x-request-id":"646a3f57-e097-4808-9071-70fbd9a9b3bb","path":"/v1/chat/completions","stream":true}
{"level":"info","ts":1785055286.968481,"logger":"handler.prefill","caller":"steps/prefill.go:126","msg":"complete","x-request-id":"3f3a50aa-fb76-4d02-9237-3db1e32b6939"}
{"level":"info","ts":1785055286.968522,"logger":"handler.decode","caller":"steps/decode.go:72","msg":"sending request","x-request-id":"3f3a50aa-fb76-4d02-9237-3db1e32b6939","path":"/v1/chat/completions","stream":true}
{"level":"info","ts":1785055287.0865123,"logger":"handler.prefill","caller":"steps/prefill.go:126","msg":"complete","x-request-id":"0c9252e3-8684-473f-a6b2-f088f645e00a"}
{"level":"info","ts":1785055287.0865552,"logger":"handler.decode","caller":"steps/decode.go:72","msg":"sending request","x-request-id":"0c9252e3-8684-473f-a6b2-f088f645e00a","path":"/v1/chat/completions","stream":true}
{"level":"info","ts":1785055287.359573,"logger":"handler.prefill","caller":"steps/prefill.go:126","msg":"complete","x-request-id":"63a11a64-9f90-4ac8-98d5-b1f7154076fa"}
{"level":"info","ts":1785055287.3596122,"logger":"handler.decode","caller":"steps/decode.go:72","msg":"sending request","x-request-id":"63a11a64-9f90-4ac8-98d5-b1f7154076fa","path":"/v1/chat/completions","stream":true}
{"level":"info","ts":1785055287.557273,"logger":"handler.prefill","caller":"steps/prefill.go:126","msg":"complete","x-request-id":"0cc46331-2c94-493e-8e2c-57a0fbb534e1"}
{"level":"info","ts":1785055287.5573168,"logger":"handler.decode","caller":"steps/decode.go:72","msg":"sending request","x-request-id":"0cc46331-2c94-493e-8e2c-57a0fbb534e1","path":"/v1/chat/completions","stream":true}
{"level":"info","ts":1785055287.683161,"logger":"handler.prefill","caller":"steps/prefill.go:126","msg":"complete","x-request-id":"b967e962-43f8-40d7-a552-80f0e034135f"}
{"level":"info","ts":1785055287.6832013,"logger":"handler.decode","caller":"steps/decode.go:72","msg":"sending request","x-request-id":"b967e962-43f8-40d7-a552-80f0e034135f","path":"/v1/chat/completions","stream":true}
{"level":"info","ts":1785055287.7971146,"logger":"handler.prefill","caller":"steps/prefill.go:126","msg":"complete","x-request-id":"3ec55c4b-8e2d-42dd-97e9-9babe99d5398"}
{"level":"info","ts":1785055287.797149,"logger":"handler.decode","caller":"steps/decode.go:72","msg":"sending request","x-request-id":"3ec55c4b-8e2d-42dd-97e9-9babe99d5398","path":"/v1/chat/completions","stream":true}
{"level":"info","ts":1785055288.1642687,"logger":"handler.prefill","caller":"steps/prefill.go:126","msg":"complete","x-request-id":"e772b07a-e4e2-442e-8526-8307f2e59983"}
{"level":"info","ts":1785055288.1643138,"logger":"handler.decode","caller":"steps/decode.go:72","msg":"sending request","x-request-id":"e772b07a-e4e2-442e-8526-8307f2e59983","path":"/v1/chat/completions","stream":true}
{"level":"info","ts":1785055288.2930307,"logger":"handler.prefill","caller":"steps/prefill.go:126","msg":"complete","x-request-id":"093e3960-0bc8-41f7-9220-59bebaac12d7"}
{"level":"info","ts":1785055288.2930756,"logger":"handler.decode","caller":"steps/decode.go:72","msg":"sending request","x-request-id":"093e3960-0bc8-41f7-9220-59bebaac12d7","path":"/v1/chat/completions","stream":true}
{"level":"info","ts":1785055288.4655037,"logger":"handler.prefill","caller":"steps/prefill.go:126","msg":"complete","x-request-id":"f5d827d6-329f-4143-9576-e4cd9dde29c4"}
{"level":"info","ts":1785055288.4655292,"logger":"handler.decode","caller":"steps/decode.go:72","msg":"sending request","x-request-id":"f5d827d6-329f-4143-9576-e4cd9dde29c4","path":"/v1/chat/completions","stream":true}
{"level":"info","ts":1785055288.876199,"logger":"handler.prefill","caller":"steps/prefill.go:126","msg":"complete","x-request-id":"4a3bfd77-85d2-4e56-b101-162267fa9c61"}
{"level":"info","ts":1785055288.8762412,"logger":"handler.decode","caller":"steps/decode.go:72","msg":"sending request","x-request-id":"4a3bfd77-85d2-4e56-b101-162267fa9c61","path":"/v1/chat/completions","stream":true}
{"level":"info","ts":1785055289.493761,"logger":"handler.prefill","caller":"steps/prefill.go:126","msg":"complete","x-request-id":"82f128bf-a4d9-4fa0-bd67-83ff86ef79bd"}
{"level":"info","ts":1785055289.4938023,"logger":"handler.decode","caller":"steps/decode.go:72","msg":"sending request","x-request-id":"82f128bf-a4d9-4fa0-bd67-83ff86ef79bd","path":"/v1/chat/completions","stream":true}
{"level":"info","ts":1785055290.0708675,"logger":"handler.prefill","caller":"steps/prefill.go:126","msg":"complete","x-request-id":"70971034-ed93-48dc-a4b7-52cc3fcdbd66"}
{"level":"info","ts":1785055290.0709116,"logger":"handler.decode","caller":"steps/decode.go:72","msg":"sending request","x-request-id":"70971034-ed93-48dc-a4b7-52cc3fcdbd66","path":"/v1/chat/completions","stream":true}
{"level":"info","ts":1785055303.017109,"logger":"handler","caller":"pipeline/pipeline.go:82","msg":"pipeline step timings","x-request-id":"1a927b36-c4c1-4f5b-9e6a-2c1ad8c8dea2","parse":"27.59952ms","prefill":"1.00667941s","decode":"25.767904059s"}
{"level":"info","ts":1785055303.631864,"logger":"handler","caller":"pipeline/pipeline.go:82","msg":"pipeline step timings","x-request-id":"15731f04-a47d-4b4f-bea4-fa0902992492","parse":"42.892052ms","prefill":"1.983822702s","decode":"25.377568258s"}
{"level":"info","ts":1785055303.7183979,"logger":"handler","caller":"pipeline/pipeline.go:82","msg":"pipeline step timings","x-request-id":"efc04adc-45ce-455f-a8ae-6372626a3301","parse":"26.086507ms","prefill":"2.251358058s","decode":"25.079808083s"}
{"level":"info","ts":1785055304.3159485,"logger":"handler","caller":"pipeline/pipeline.go:82","msg":"pipeline step timings","x-request-id":"f607e983-137f-4b48-9102-52e9c48acff9","parse":"47.731036ms","prefill":"1.902126359s","decode":"26.211576781s"}
{"level":"info","ts":1785055304.5915554,"logger":"handler","caller":"pipeline/pipeline.go:82","msg":"pipeline step timings","x-request-id":"e1371c08-2570-4c66-8574-ab1d496aae77","parse":"43.92234ms","prefill":"2.299457099s","decode":"26.018156936s"}
{"level":"info","ts":1785055304.6701398,"logger":"handler","caller":"pipeline/pipeline.go:82","msg":"pipeline step timings","x-request-id":"c0cf84df-9b2a-4bb5-a853-7d56cb2b69db","parse":"33.702649ms","prefill":"2.287535428s","decode":"26.031764488s"}
{"level":"info","ts":1785055305.250061,"logger":"handler","caller":"pipeline/pipeline.go:82","msg":"pipeline step timings","x-request-id":"9d5d6bef-0e7a-4910-8a60-f4904f406a3a","parse":"10.580647ms","prefill":"3.443941551s","decode":"25.363357942s"}
{"level":"info","ts":1785055305.2524107,"logger":"handler","caller":"pipeline/pipeline.go:82","msg":"pipeline step timings","x-request-id":"7f65c19e-1bbb-4745-8087-6de58b55b6fd","parse":"30.873212ms","prefill":"1.517997647s","decode":"27.521280005s"}
{"level":"info","ts":1785055305.9294631,"logger":"handler","caller":"pipeline/pipeline.go:82","msg":"pipeline step timings","x-request-id":"941e7306-2833-4216-a5fb-9b4f553bd0c8","parse":"18.136209ms","prefill":"3.545227295s","decode":"25.944223273s"}
{"level":"info","ts":1785055306.1694882,"logger":"handler","caller":"pipeline/pipeline.go:82","msg":"pipeline step timings","x-request-id":"dbf3aa28-0a25-45b9-bc4a-4fc7796aafa3","parse":"56.088249ms","prefill":"3.772927883s","decode":"26.184136389s"}
{"level":"info","ts":1785055306.3651817,"logger":"handler","caller":"pipeline/pipeline.go:82","msg":"pipeline step timings","x-request-id":"abab7e67-6ebe-4bc9-bdf8-f1d4710ffedb","parse":"59.854375ms","prefill":"3.635444768s","decode":"26.478387186s"}
{"level":"info","ts":1785055306.5565295,"logger":"handler","caller":"pipeline/pipeline.go:82","msg":"pipeline step timings","x-request-id":"8fa81779-e881-4c39-bcb3-179b6073b125","parse":"25.421185ms","prefill":"3.989805287s","decode":"26.083531186s"}
{"level":"info","ts":1785055306.8060057,"logger":"handler","caller":"pipeline/pipeline.go:82","msg":"pipeline step timings","x-request-id":"01335b4c-93b5-4cf7-9e5f-04d544074a5c","parse":"38.112448ms","prefill":"3.966080073s","decode":"26.522949058s"}
{"level":"info","ts":1785055307.2510688,"logger":"handler","caller":"pipeline/pipeline.go:82","msg":"pipeline step timings","x-request-id":"467a8fb5-15cf-47ed-86db-937cc81d5e4e","parse":"34.197594ms","prefill":"3.14321269s","decode":"27.814565452s"}
{"level":"info","ts":1785055307.470011,"logger":"handler","caller":"pipeline/pipeline.go:82","msg":"pipeline step timings","x-request-id":"8864371e-f720-45a1-b9f3-0b7de44f5083","parse":"17.146921ms","prefill":"3.252241585s","decode":"27.861816163s"}
{"level":"info","ts":1785055307.8785882,"logger":"handler","caller":"pipeline/pipeline.go:82","msg":"pipeline step timings","x-request-id":"3c78ac0a-2c5f-4ca3-9383-c4248f257d5d","parse":"15.048135ms","prefill":"4.933319599s","decode":"26.337777867s"}
{"level":"info","ts":1785055308.4802737,"logger":"handler","caller":"pipeline/pipeline.go:82","msg":"pipeline step timings","x-request-id":"9b8db341-590f-4f75-ad61-de14779cd8cc","parse":"22.791536ms","prefill":"4.243237127s","decode":"27.820668521s"}
{"level":"info","ts":1785055308.5909033,"logger":"handler","caller":"pipeline/pipeline.go:82","msg":"pipeline step timings","x-request-id":"a6f1c10a-e772-4cd8-8707-2ea229317456","parse":"22.854454ms","prefill":"5.413890913s","decode":"26.613492368s"}
{"level":"info","ts":1785055308.9710965,"logger":"handler","caller":"pipeline/pipeline.go:82","msg":"pipeline step timings","x-request-id":"0f7d2d81-de2d-4f5d-a056-6c74d4355270","parse":"40.990964ms","prefill":"4.315111213s","decode":"28.173089602s"}
{"level":"info","ts":1785055309.426463,"logger":"handler","caller":"pipeline/pipeline.go:82","msg":"pipeline step timings","x-request-id":"be2e32df-209f-48bb-a9eb-85cdb8255278","parse":"41.938104ms","prefill":"5.716358665s","decode":"27.342723956s"}
{"level":"info","ts":1785055309.5675335,"logger":"handler","caller":"pipeline/pipeline.go:82","msg":"pipeline step timings","x-request-id":"92b557a9-0796-4e85-9375-4f0ff169cf3e","parse":"13.460724ms","prefill":"5.982379667s","decode":"26.919844423s"}
{"level":"info","ts":1785055310.4877083,"logger":"handler","caller":"pipeline/pipeline.go:82","msg":"pipeline step timings","x-request-id":"75507a5c-dac8-4642-b127-51c3324b85ce","parse":"53.520949ms","prefill":"5.645943551s","decode":"28.510179891s"}
{"level":"info","ts":1785055310.7854984,"logger":"handler","caller":"pipeline/pipeline.go:82","msg":"pipeline step timings","x-request-id":"44114f2a-6342-4a81-8cd5-282af5d9deca","parse":"40.216483ms","prefill":"5.669764314s","decode":"28.633392712s"}
{"level":"info","ts":1785055311.2419546,"logger":"handler","caller":"pipeline/pipeline.go:82","msg":"pipeline step timings","x-request-id":"3dce248d-8ab8-43aa-b317-69ab8238265d","parse":"46.57627ms","prefill":"6.089236258s","decode":"28.764708637s"}
{"level":"info","ts":1785055329.3090699,"logger":"handler","caller":"pipeline/pipeline.go:82","msg":"pipeline step timings","x-request-id":"c77d7a08-c40d-4947-a972-6f01bb22b35e","parse":"33.60151ms","prefill":"8.426316371s","decode":"44.168297643s"}
{"level":"info","ts":1785055329.439741,"logger":"handler","caller":"pipeline/pipeline.go:82","msg":"pipeline step timings","x-request-id":"6913d059-b6ab-4605-9f7e-0023f5e3e138","parse":"8.603551ms","prefill":"5.44522487s","decode":"47.356065596s"}
{"level":"info","ts":1785055329.4954414,"logger":"handler","caller":"pipeline/pipeline.go:82","msg":"pipeline step timings","x-request-id":"fa858116-0c7d-4afe-94b1-455e05bcdb5f","parse":"54.357319ms","prefill":"4.454283428s","decode":"48.793341458s"}
{"level":"info","ts":1785055329.7919455,"logger":"handler","caller":"pipeline/pipeline.go:82","msg":"pipeline step timings","x-request-id":"4694f6fa-b680-40c0-96ea-ac5d4368fe97","parse":"39.555191ms","prefill":"5.232478409s","decode":"48.251026871s"}
{"level":"info","ts":1785055330.8055534,"logger":"handler","caller":"pipeline/pipeline.go:82","msg":"pipeline step timings","x-request-id":"9e1d9632-9789-47ae-b7e7-4181766c339a","parse":"30.035741ms","prefill":"6.935657166s","decode":"47.218896667s"}
{"level":"info","ts":1785055331.5275133,"logger":"handler","caller":"pipeline/pipeline.go:82","msg":"pipeline step timings","x-request-id":"f11d75c8-a089-46dc-8d73-20a56ac23b88","parse":"45.144467ms","prefill":"7.966809402s","decode":"46.947022421s"}
{"level":"info","ts":1785055331.610298,"logger":"handler","caller":"pipeline/pipeline.go:82","msg":"pipeline step timings","x-request-id":"70c9a8c2-e1f5-42e3-a855-4917b84db3fa","parse":"25.989918ms","prefill":"5.851714273s","decode":"49.133015818s"}
{"level":"info","ts":1785055331.7728608,"logger":"handler","caller":"pipeline/pipeline.go:82","msg":"pipeline step timings","x-request-id":"0aa2895c-8f60-49b9-ada8-f1cf643d7b0b","parse":"43.324897ms","prefill":"8.113241874s","decode":"46.804489395s"}
{"level":"info","ts":1785055331.8215182,"logger":"handler","caller":"pipeline/pipeline.go:82","msg":"pipeline step timings","x-request-id":"1000c396-e716-45a5-9a97-606e0c86780b","parse":"64.713559ms","prefill":"7.979472825s","decode":"47.423392154s"}
{"level":"info","ts":1785055333.0020938,"logger":"handler","caller":"pipeline/pipeline.go:82","msg":"pipeline step timings","x-request-id":"28ba27f8-4c65-4a56-9a01-f64a1f12ae05","parse":"26.261156ms","prefill":"6.556411457s","decode":"49.764824217s"}
{"level":"info","ts":1785055333.6467938,"logger":"handler","caller":"pipeline/pipeline.go:82","msg":"pipeline step timings","x-request-id":"6ea80b6e-4154-4d21-a168-3a9a4d048ae0","parse":"24.710563ms","prefill":"8.568703029s","decode":"48.26923895s"}
{"level":"info","ts":1785055334.809725,"logger":"handler","caller":"pipeline/pipeline.go:82","msg":"pipeline step timings","x-request-id":"088f3d9b-0b6d-4bae-8ce6-abf7a882d492","parse":"48.030933ms","prefill":"6.22089528s","decode":"52.16218092s"}
{"level":"info","ts":1785055335.176032,"logger":"handler","caller":"pipeline/pipeline.go:82","msg":"pipeline step timings","x-request-id":"c4375031-72cf-4266-806c-d93d9ee02693","parse":"37.127469ms","prefill":"6.235014916s","decode":"52.403879496s"}
{"level":"info","ts":1785055335.25387,"logger":"handler","caller":"pipeline/pipeline.go:82","msg":"pipeline step timings","x-request-id":"10005a80-9e0b-4071-a80f-8644f6314e54","parse":"38.672822ms","prefill":"6.568967221s","decode":"52.016538631s"}
{"level":"info","ts":1785055335.54549,"logger":"handler","caller":"pipeline/pipeline.go:82","msg":"pipeline step timings","x-request-id":"a9621062-f145-47c7-baa6-7cb368b075ec","parse":"45.622031ms","prefill":"8.934975169s","decode":"50.168042948s"}
{"level":"info","ts":1785055336.134954,"logger":"handler","caller":"pipeline/pipeline.go:82","msg":"pipeline step timings","x-request-id":"896bd5ee-1f66-43f1-91ce-7dd860519e09","parse":"34.967134ms","prefill":"6.913310376s","decode":"52.76895309s"}
{"level":"info","ts":1785055336.405553,"logger":"handler","caller":"pipeline/pipeline.go:82","msg":"pipeline step timings","x-request-id":"b1bb82ae-cdac-42b6-ac97-fe390720bb94","parse":"59.753606ms","prefill":"7.223882022s","decode":"52.818896671s"}
{"level":"info","ts":1785055336.410284,"logger":"handler","caller":"pipeline/pipeline.go:82","msg":"pipeline step timings","x-request-id":"4e20caeb-4749-4771-b991-421c2a025f83","parse":"50.901779ms","prefill":"8.964039571s","decode":"50.829372235s"}
{"level":"info","ts":1785055336.8623555,"logger":"handler","caller":"pipeline/pipeline.go:82","msg":"pipeline step timings","x-request-id":"0b66d58b-d79a-47c5-9c15-0da8ce984deb","parse":"52.222224ms","prefill":"9.197478483s","decode":"51.100327651s"}
{"level":"info","ts":1785055337.4572783,"logger":"handler","caller":"pipeline/pipeline.go:82","msg":"pipeline step timings","x-request-id":"787866e4-0da1-4bd5-9e8a-ec0d21dcd26a","parse":"37.188618ms","prefill":"9.030421672s","decode":"51.565947678s"}
{"level":"info","ts":1785055337.5272548,"logger":"handler","caller":"pipeline/pipeline.go:82","msg":"pipeline step timings","x-request-id":"52671b69-7fb4-4e52-93dc-a4ec63b0bb62","parse":"33.442742ms","prefill":"9.022190137s","decode":"51.635974176s"}
{"level":"info","ts":1785055337.5653198,"logger":"handler","caller":"pipeline/pipeline.go:82","msg":"pipeline step timings","x-request-id":"62541a27-5180-43fb-a62f-bdf03188ba34","parse":"44.483954ms","prefill":"7.18610333s","decode":"53.79380249s"}
{"level":"info","ts":1785055337.7033446,"logger":"handler","caller":"pipeline/pipeline.go:82","msg":"pipeline step timings","x-request-id":"860f4d29-ef50-4be7-a48a-bc92f92de428","parse":"28.988333ms","prefill":"7.178211242s","decode":"53.715995832s"}
{"level":"info","ts":1785055338.0886197,"logger":"handler","caller":"pipeline/pipeline.go:82","msg":"pipeline step timings","x-request-id":"d383f801-296e-44c5-a22b-edb79898104f","parse":"59.581098ms","prefill":"7.458066556s","decode":"54.101222752s"}
{"level":"info","ts":1785055354.9899445,"logger":"handler","caller":"pipeline/pipeline.go:82","msg":"pipeline step timings","x-request-id":"cf786845-2ca1-4d89-b968-58612567cb39","parse":"47.269562ms","prefill":"8.243763829s","decode":"1m10.214382323s"}
{"level":"info","ts":1785055355.1926825,"logger":"handler","caller":"pipeline/pipeline.go:82","msg":"pipeline step timings","x-request-id":"3f3a50aa-fb76-4d02-9237-3db1e32b6939","parse":"71.872016ms","prefill":"10.138248157s","decode":"1m8.224163246s"}
{"level":"info","ts":1785055355.2962232,"logger":"handler","caller":"pipeline/pipeline.go:82","msg":"pipeline step timings","x-request-id":"f2fc3497-a3b2-4e82-9607-960f0a99d6f3","parse":"49.670954ms","prefill":"9.434107348s","decode":"1m9.11413186s"}
{"level":"info","ts":1785055355.5602245,"logger":"handler","caller":"pipeline/pipeline.go:82","msg":"pipeline step timings","x-request-id":"82f128bf-a4d9-4fa0-bd67-83ff86ef79bd","parse":"68.657634ms","prefill":"12.757936932s","decode":"1m6.066427811s"}
{"level":"info","ts":1785055355.7874942,"logger":"handler","caller":"pipeline/pipeline.go:82","msg":"pipeline step timings","x-request-id":"e1808003-6104-471d-995e-945b14b2da3b","parse":"42.198851ms","prefill":"9.685731308s","decode":"1m9.424870925s"}
{"level":"info","ts":1785055356.5806603,"logger":"handler","caller":"pipeline/pipeline.go:82","msg":"pipeline step timings","x-request-id":"0c9252e3-8684-473f-a6b2-f088f645e00a","parse":"43.521435ms","prefill":"10.511983011s","decode":"1m9.494108491s"}
{"level":"info","ts":1785055356.956729,"logger":"handler","caller":"pipeline/pipeline.go:82","msg":"pipeline step timings","x-request-id":"70971034-ed93-48dc-a4b7-52cc3fcdbd66","parse":"63.465374ms","prefill":"13.171465124s","decode":"1m6.885820274s"}
{"level":"info","ts":1785055357.5348654,"logger":"handler","caller":"pipeline/pipeline.go:82","msg":"pipeline step timings","x-request-id":"646a3f57-e097-4808-9071-70fbd9a9b3bb","parse":"45.69203ms","prefill":"9.966348692s","decode":"1m10.778103363s"}
{"level":"info","ts":1785055357.608631,"logger":"handler","caller":"pipeline/pipeline.go:82","msg":"pipeline step timings","x-request-id":"0cc46331-2c94-493e-8e2c-57a0fbb534e1","parse":"44.596392ms","prefill":"10.784672248s","decode":"1m10.051321336s"}
{"level":"info","ts":1785055357.6175296,"logger":"handler","caller":"pipeline/pipeline.go:82","msg":"pipeline step timings","x-request-id":"63a11a64-9f90-4ac8-98d5-b1f7154076fa","parse":"52.493211ms","prefill":"10.52752741s","decode":"1m10.257920239s"}
{"level":"info","ts":1785055379.9588244,"logger":"handler","caller":"pipeline/pipeline.go:82","msg":"pipeline step timings","x-request-id":"f5d827d6-329f-4143-9576-e4cd9dde29c4","parse":"71.56323ms","prefill":"11.636769281s","decode":"1m31.493296432s"}
{"level":"info","ts":1785055380.1193638,"logger":"handler","caller":"pipeline/pipeline.go:82","msg":"pipeline step timings","x-request-id":"4a3bfd77-85d2-4e56-b101-162267fa9c61","parse":"55.095461ms","prefill":"12.00914528s","decode":"1m31.243128127s"}
{"level":"info","ts":1785055381.0803726,"logger":"handler","caller":"pipeline/pipeline.go:82","msg":"pipeline step timings","x-request-id":"b967e962-43f8-40d7-a552-80f0e034135f","parse":"43.767542ms","prefill":"11.030335177s","decode":"1m33.397174633s"}
{"level":"info","ts":1785055381.1058085,"logger":"handler","caller":"pipeline/pipeline.go:82","msg":"pipeline step timings","x-request-id":"3ec55c4b-8e2d-42dd-97e9-9babe99d5398","parse":"59.946415ms","prefill":"10.901358004s","decode":"1m33.30866384s"}
{"level":"info","ts":1785055382.2655737,"logger":"handler","caller":"pipeline/pipeline.go:82","msg":"pipeline step timings","x-request-id":"e772b07a-e4e2-442e-8526-8307f2e59983","parse":"50.655673ms","prefill":"11.387418224s","decode":"1m34.101261397s"}
{"level":"info","ts":1785055383.0578353,"logger":"handler","caller":"pipeline/pipeline.go:82","msg":"pipeline step timings","x-request-id":"093e3960-0bc8-41f7-9220-59bebaac12d7","parse":"54.703165ms","prefill":"11.656798228s","decode":"1m34.764762774s"}
{"level":"info","ts":1785055511.796795,"logger":"handler","caller":"server/handlers.go:101","msg":"received request","x-request-id":"4e9df5fa-b3d9-44d4-b02b-1d603f6f8f26","path":"/v1/chat/completions","model":"Qwen/Qwen3-VL-32B-Instruct","stream":true}
{"level":"info","ts":1785055511.8027732,"logger":"handler.prefill","caller":"steps/prefill.go:98","msg":"sending request","x-request-id":"4e9df5fa-b3d9-44d4-b02b-1d603f6f8f26","path":"/v1/chat/completions"}
{"level":"info","ts":1785055513.3318822,"logger":"handler.prefill","caller":"steps/prefill.go:126","msg":"complete","x-request-id":"4e9df5fa-b3d9-44d4-b02b-1d603f6f8f26"}
{"level":"info","ts":1785055513.3319294,"logger":"handler.decode","caller":"steps/decode.go:72","msg":"sending request","x-request-id":"4e9df5fa-b3d9-44d4-b02b-1d603f6f8f26","path":"/v1/chat/completions","stream":true}
{"level":"info","ts":1785055514.5834112,"logger":"handler","caller":"pipeline/pipeline.go:82","msg":"pipeline step timings","x-request-id":"4e9df5fa-b3d9-44d4-b02b-1d603f6f8f26","parse":"30.663556ms","prefill":"1.535089037s","decode":"1.251482216s"}
{"level":"info","ts":1785055515.683273,"logger":"handler","caller":"server/handlers.go:101","msg":"received request","x-request-id":"8096dca4-65db-45d9-b405-514406411c48","path":"/v1/chat/completions","model":"Qwen/Qwen3-VL-32B-Instruct","stream":true}
{"level":"info","ts":1785055515.6881378,"logger":"handler","caller":"server/handlers.go:101","msg":"received request","x-request-id":"2a3f2ed7-83de-42a7-a477-b1c8cc8d8cc9","path":"/v1/chat/completions","model":"Qwen/Qwen3-VL-32B-Instruct","stream":true}
{"level":"info","ts":1785055515.6898158,"logger":"handler.prefill","caller":"steps/prefill.go:98","msg":"sending request","x-request-id":"8096dca4-65db-45d9-b405-514406411c48","path":"/v1/chat/completions"}
{"level":"info","ts":1785055515.692477,"logger":"handler","caller":"server/handlers.go:101","msg":"received request","x-request-id":"250a8e81-d122-4cf6-8355-2af76f00c0e3","path":"/v1/chat/completions","model":"Qwen/Qwen3-VL-32B-Instruct","stream":true}
{"level":"info","ts":1785055515.6991868,"logger":"handler.prefill","caller":"steps/prefill.go:98","msg":"sending request","x-request-id":"250a8e81-d122-4cf6-8355-2af76f00c0e3","path":"/v1/chat/completions"}
{"level":"info","ts":1785055515.7014065,"logger":"handler.prefill","caller":"steps/prefill.go:98","msg":"sending request","x-request-id":"2a3f2ed7-83de-42a7-a477-b1c8cc8d8cc9","path":"/v1/chat/completions"}
{"level":"info","ts":1785055515.7165084,"logger":"handler","caller":"server/handlers.go:101","msg":"received request","x-request-id":"4db817df-6ac4-4ffa-9005-2048860f8f28","path":"/v1/chat/completions","model":"Qwen/Qwen3-VL-32B-Instruct","stream":true}
{"level":"info","ts":1785055515.719615,"logger":"handler.prefill","caller":"steps/prefill.go:98","msg":"sending request","x-request-id":"4db817df-6ac4-4ffa-9005-2048860f8f28","path":"/v1/chat/completions"}
{"level":"info","ts":1785055515.7218308,"logger":"handler","caller":"server/handlers.go:101","msg":"received request","x-request-id":"af7a4de5-a03c-4e1a-baf0-7a48bde9b85b","path":"/v1/chat/completions","model":"Qwen/Qwen3-VL-32B-Instruct","stream":true}
{"level":"info","ts":1785055515.7291508,"logger":"handler","caller":"server/handlers.go:101","msg":"received request","x-request-id":"cc30cc9f-65d9-4710-b4b5-cf5a9be563c4","path":"/v1/chat/completions","model":"Qwen/Qwen3-VL-32B-Instruct","stream":true}
{"level":"info","ts":1785055515.732818,"logger":"handler","caller":"server/handlers.go:101","msg":"received request","x-request-id":"515af9e5-f3ec-410f-8ecb-571c45a232b7","path":"/v1/chat/completions","model":"Qwen/Qwen3-VL-32B-Instruct","stream":true}
{"level":"info","ts":1785055515.7359204,"logger":"handler.prefill","caller":"steps/prefill.go:98","msg":"sending request","x-request-id":"af7a4de5-a03c-4e1a-baf0-7a48bde9b85b","path":"/v1/chat/completions"}
{"level":"info","ts":1785055515.7383811,"logger":"handler.prefill","caller":"steps/prefill.go:98","msg":"sending request","x-request-id":"cc30cc9f-65d9-4710-b4b5-cf5a9be563c4","path":"/v1/chat/completions"}
{"level":"info","ts":1785055515.746586,"logger":"handler","caller":"server/handlers.go:101","msg":"received request","x-request-id":"fac87d91-8830-4698-86df-a36b194977fb","path":"/v1/chat/completions","model":"Qwen/Qwen3-VL-32B-Instruct","stream":true}
{"level":"info","ts":1785055515.7480927,"logger":"handler.prefill","caller":"steps/prefill.go:98","msg":"sending request","x-request-id":"515af9e5-f3ec-410f-8ecb-571c45a232b7","path":"/v1/chat/completions"}
{"level":"info","ts":1785055515.7539217,"logger":"handler.prefill","caller":"steps/prefill.go:98","msg":"sending request","x-request-id":"fac87d91-8830-4698-86df-a36b194977fb","path":"/v1/chat/completions"}
{"level":"info","ts":1785055515.763781,"logger":"handler","caller":"server/handlers.go:101","msg":"received request","x-request-id":"7a64d605-fb50-4a2e-8fe2-003a8ac24113","path":"/v1/chat/completions","model":"Qwen/Qwen3-VL-32B-Instruct","stream":true}
{"level":"info","ts":1785055515.767128,"logger":"handler.prefill","caller":"steps/prefill.go:98","msg":"sending request","x-request-id":"7a64d605-fb50-4a2e-8fe2-003a8ac24113","path":"/v1/chat/completions"}
{"level":"info","ts":1785055515.7861693,"logger":"handler","caller":"server/handlers.go:101","msg":"received request","x-request-id":"32083ce8-8816-4e84-a5ea-882ecf48eb09","path":"/v1/chat/completions","model":"Qwen/Qwen3-VL-32B-Instruct","stream":true}
{"level":"info","ts":1785055515.7898262,"logger":"handler","caller":"server/handlers.go:101","msg":"received request","x-request-id":"f4fbe2f6-6032-4175-842f-c60cf19ca0c4","path":"/v1/chat/completions","model":"Qwen/Qwen3-VL-32B-Instruct","stream":true}
{"level":"info","ts":1785055515.7918513,"logger":"handler","caller":"server/handlers.go:101","msg":"received request","x-request-id":"8fb757cb-8c78-4678-9875-87acf3d2cdb9","path":"/v1/chat/completions","model":"Qwen/Qwen3-VL-32B-Instruct","stream":true}
{"level":"info","ts":1785055515.792263,"logger":"handler.prefill","caller":"steps/prefill.go:98","msg":"sending request","x-request-id":"32083ce8-8816-4e84-a5ea-882ecf48eb09","path":"/v1/chat/completions"}
{"level":"info","ts":1785055515.7932734,"logger":"handler.prefill","caller":"steps/prefill.go:98","msg":"sending request","x-request-id":"f4fbe2f6-6032-4175-842f-c60cf19ca0c4","path":"/v1/chat/completions"}
{"level":"info","ts":1785055515.8013327,"logger":"handler.prefill","caller":"steps/prefill.go:98","msg":"sending request","x-request-id":"8fb757cb-8c78-4678-9875-87acf3d2cdb9","path":"/v1/chat/completions"}
{"level":"info","ts":1785055515.8082244,"logger":"handler","caller":"server/handlers.go:101","msg":"received request","x-request-id":"5baf1a74-895e-40da-b23d-c8e18a78b65c","path":"/v1/chat/completions","model":"Qwen/Qwen3-VL-32B-Instruct","stream":true}
{"level":"info","ts":1785055515.8104458,"logger":"handler.prefill","caller":"steps/prefill.go:98","msg":"sending request","x-request-id":"5baf1a74-895e-40da-b23d-c8e18a78b65c","path":"/v1/chat/completions"}
{"level":"info","ts":1785055515.8114634,"logger":"handler","caller":"server/handlers.go:101","msg":"received request","x-request-id":"27a6895d-0854-4b52-a72e-e8a0be6d37e0","path":"/v1/chat/completions","model":"Qwen/Qwen3-VL-32B-Instruct","stream":true}
{"level":"info","ts":1785055515.8191783,"logger":"handler.prefill","caller":"steps/prefill.go:98","msg":"sending request","x-request-id":"27a6895d-0854-4b52-a72e-e8a0be6d37e0","path":"/v1/chat/completions"}
{"level":"info","ts":1785055515.8278928,"logger":"handler","caller":"server/handlers.go:101","msg":"received request","x-request-id":"834ffeff-2ada-46db-89ce-f23d9ff10ca5","path":"/v1/chat/completions","model":"Qwen/Qwen3-VL-32B-Instruct","stream":true}
{"level":"info","ts":1785055515.8301775,"logger":"handler.prefill","caller":"steps/prefill.go:98","msg":"sending request","x-request-id":"834ffeff-2ada-46db-89ce-f23d9ff10ca5","path":"/v1/chat/completions"}
{"level":"info","ts":1785055515.8437352,"logger":"handler","caller":"server/handlers.go:101","msg":"received request","x-request-id":"78068a96-4ebc-473d-9028-d0bcfce8876a","path":"/v1/chat/completions","model":"Qwen/Qwen3-VL-32B-Instruct","stream":true}
{"level":"info","ts":1785055515.8483696,"logger":"handler.prefill","caller":"steps/prefill.go:98","msg":"sending request","x-request-id":"78068a96-4ebc-473d-9028-d0bcfce8876a","path":"/v1/chat/completions"}
{"level":"info","ts":1785055515.8545787,"logger":"handler","caller":"server/handlers.go:101","msg":"received request","x-request-id":"c0c363f9-af86-48d7-8b48-2cd7447f5ac5","path":"/v1/chat/completions","model":"Qwen/Qwen3-VL-32B-Instruct","stream":true}
{"level":"info","ts":1785055515.8598802,"logger":"handler.prefill","caller":"steps/prefill.go:98","msg":"sending request","x-request-id":"c0c363f9-af86-48d7-8b48-2cd7447f5ac5","path":"/v1/chat/completions"}
{"level":"info","ts":1785055515.8603904,"logger":"handler","caller":"server/handlers.go:101","msg":"received request","x-request-id":"85151e43-9c9c-4d16-a1e0-51d9c9c7d2ff","path":"/v1/chat/completions","model":"Qwen/Qwen3-VL-32B-Instruct","stream":true}
{"level":"info","ts":1785055515.8616467,"logger":"handler.prefill","caller":"steps/prefill.go:98","msg":"sending request","x-request-id":"85151e43-9c9c-4d16-a1e0-51d9c9c7d2ff","path":"/v1/chat/completions"}
{"level":"info","ts":1785055515.8734279,"logger":"handler","caller":"server/handlers.go:101","msg":"received request","x-request-id":"6865578a-b0d3-4581-9e5c-276127cedb9d","path":"/v1/chat/completions","model":"Qwen/Qwen3-VL-32B-Instruct","stream":true}
{"level":"info","ts":1785055515.881259,"logger":"handler.prefill","caller":"steps/prefill.go:98","msg":"sending request","x-request-id":"6865578a-b0d3-4581-9e5c-276127cedb9d","path":"/v1/chat/completions"}
{"level":"info","ts":1785055515.8892012,"logger":"handler","caller":"server/handlers.go:101","msg":"received request","x-request-id":"4246eeb7-c1c4-4b8c-99b0-1ef5cdac8b66","path":"/v1/chat/completions","model":"Qwen/Qwen3-VL-32B-Instruct","stream":true}
{"level":"info","ts":1785055515.8933384,"logger":"handler.prefill","caller":"steps/prefill.go:98","msg":"sending request","x-request-id":"4246eeb7-c1c4-4b8c-99b0-1ef5cdac8b66","path":"/v1/chat/completions"}
{"level":"info","ts":1785055515.8992288,"logger":"handler","caller":"server/handlers.go:101","msg":"received request","x-request-id":"cba1427a-279b-4cbd-99b7-d96e41a47497","path":"/v1/chat/completions","model":"Qwen/Qwen3-VL-32B-Instruct","stream":true}
{"level":"info","ts":1785055515.9044702,"logger":"handler","caller":"server/handlers.go:101","msg":"received request","x-request-id":"44f701d2-9808-4066-9ab7-c139a37c7556","path":"/v1/chat/completions","model":"Qwen/Qwen3-VL-32B-Instruct","stream":true}
{"level":"info","ts":1785055515.9053888,"logger":"handler.prefill","caller":"steps/prefill.go:98","msg":"sending request","x-request-id":"cba1427a-279b-4cbd-99b7-d96e41a47497","path":"/v1/chat/completions"}
{"level":"info","ts":1785055515.9056764,"logger":"handler.prefill","caller":"steps/prefill.go:98","msg":"sending request","x-request-id":"44f701d2-9808-4066-9ab7-c139a37c7556","path":"/v1/chat/completions"}
{"level":"info","ts":1785055515.9171703,"logger":"handler","caller":"server/handlers.go:101","msg":"received request","x-request-id":"2bc94f55-d9e1-41c3-b394-ae39d546e690","path":"/v1/chat/completions","model":"Qwen/Qwen3-VL-32B-Instruct","stream":true}
{"level":"info","ts":1785055515.9191828,"logger":"handler","caller":"server/handlers.go:101","msg":"received request","x-request-id":"270cead9-b0d1-4866-abef-3c7b706c23f5","path":"/v1/chat/completions","model":"Qwen/Qwen3-VL-32B-Instruct","stream":true}
{"level":"info","ts":1785055515.921012,"logger":"handler","caller":"server/handlers.go:101","msg":"received request","x-request-id":"b17be9df-cf5d-434a-986a-f8ec43ca0a84","path":"/v1/chat/completions","model":"Qwen/Qwen3-VL-32B-Instruct","stream":true}
{"level":"info","ts":1785055515.921317,"logger":"handler.prefill","caller":"steps/prefill.go:98","msg":"sending request","x-request-id":"270cead9-b0d1-4866-abef-3c7b706c23f5","path":"/v1/chat/completions"}
{"level":"info","ts":1785055515.92726,"logger":"handler.prefill","caller":"steps/prefill.go:98","msg":"sending request","x-request-id":"2bc94f55-d9e1-41c3-b394-ae39d546e690","path":"/v1/chat/completions"}
{"level":"info","ts":1785055515.9275336,"logger":"handler.prefill","caller":"steps/prefill.go:98","msg":"sending request","x-request-id":"b17be9df-cf5d-434a-986a-f8ec43ca0a84","path":"/v1/chat/completions"}
{"level":"info","ts":1785055515.9423685,"logger":"handler","caller":"server/handlers.go:101","msg":"received request","x-request-id":"dac9eada-7b00-49cd-9d29-f8242d7a0e3b","path":"/v1/chat/completions","model":"Qwen/Qwen3-VL-32B-Instruct","stream":true}
{"level":"info","ts":1785055515.946453,"logger":"handler.prefill","caller":"steps/prefill.go:98","msg":"sending request","x-request-id":"dac9eada-7b00-49cd-9d29-f8242d7a0e3b","path":"/v1/chat/completions"}
{"level":"info","ts":1785055515.9577084,"logger":"handler","caller":"server/handlers.go:101","msg":"received request","x-request-id":"441af3ab-1593-470e-88e7-beed066d253e","path":"/v1/chat/completions","model":"Qwen/Qwen3-VL-32B-Instruct","stream":true}
{"level":"info","ts":1785055515.960994,"logger":"handler","caller":"server/handlers.go:101","msg":"received request","x-request-id":"ab2e3878-6fdc-46c2-9194-3ce745d17937","path":"/v1/chat/completions","model":"Qwen/Qwen3-VL-32B-Instruct","stream":true}
{"level":"info","ts":1785055515.9612331,"logger":"handler.prefill","caller":"steps/prefill.go:98","msg":"sending request","x-request-id":"441af3ab-1593-470e-88e7-beed066d253e","path":"/v1/chat/completions"}
{"level":"info","ts":1785055515.9633293,"logger":"handler.prefill","caller":"steps/prefill.go:98","msg":"sending request","x-request-id":"ab2e3878-6fdc-46c2-9194-3ce745d17937","path":"/v1/chat/completions"}
{"level":"info","ts":1785055515.993714,"logger":"handler","caller":"server/handlers.go:101","msg":"received request","x-request-id":"08446368-9437-4433-8edf-76f465abd6d5","path":"/v1/chat/completions","model":"Qwen/Qwen3-VL-32B-Instruct","stream":true}
{"level":"info","ts":1785055515.9995756,"logger":"handler.prefill","caller":"steps/prefill.go:98","msg":"sending request","x-request-id":"08446368-9437-4433-8edf-76f465abd6d5","path":"/v1/chat/completions"}
{"level":"info","ts":1785055516.0060976,"logger":"handler","caller":"server/handlers.go:101","msg":"received request","x-request-id":"ceafff15-c6d2-4366-829d-b13ed20ebf08","path":"/v1/chat/completions","model":"Qwen/Qwen3-VL-32B-Instruct","stream":true}
{"level":"info","ts":1785055516.0111501,"logger":"handler.prefill","caller":"steps/prefill.go:98","msg":"sending request","x-request-id":"ceafff15-c6d2-4366-829d-b13ed20ebf08","path":"/v1/chat/completions"}
{"level":"info","ts":1785055516.0118756,"logger":"handler","caller":"server/handlers.go:101","msg":"received request","x-request-id":"c2d3e528-72e6-4060-a641-16003162b6fc","path":"/v1/chat/completions","model":"Qwen/Qwen3-VL-32B-Instruct","stream":true}
{"level":"info","ts":1785055516.0161493,"logger":"handler.prefill","caller":"steps/prefill.go:98","msg":"sending request","x-request-id":"c2d3e528-72e6-4060-a641-16003162b6fc","path":"/v1/chat/completions"}
{"level":"info","ts":1785055516.0215516,"logger":"handler","caller":"server/handlers.go:101","msg":"received request","x-request-id":"49cece3f-d817-4e18-bcf3-b418604b9ff0","path":"/v1/chat/completions","model":"Qwen/Qwen3-VL-32B-Instruct","stream":true}
{"level":"info","ts":1785055516.0269873,"logger":"handler.prefill","caller":"steps/prefill.go:98","msg":"sending request","x-request-id":"49cece3f-d817-4e18-bcf3-b418604b9ff0","path":"/v1/chat/completions"}
{"level":"info","ts":1785055516.0279725,"logger":"handler","caller":"server/handlers.go:101","msg":"received request","x-request-id":"84820f21-e054-49eb-96bc-d3349e56515f","path":"/v1/chat/completions","model":"Qwen/Qwen3-VL-32B-Instruct","stream":true}
{"level":"info","ts":1785055516.029609,"logger":"handler.prefill","caller":"steps/prefill.go:98","msg":"sending request","x-request-id":"84820f21-e054-49eb-96bc-d3349e56515f","path":"/v1/chat/completions"}
{"level":"info","ts":1785055516.0450108,"logger":"handler","caller":"server/handlers.go:101","msg":"received request","x-request-id":"03a7953f-0365-4bdd-ad8a-d529d81cbe8e","path":"/v1/chat/completions","model":"Qwen/Qwen3-VL-32B-Instruct","stream":true}
{"level":"info","ts":1785055516.0498908,"logger":"handler.prefill","caller":"steps/prefill.go:98","msg":"sending request","x-request-id":"03a7953f-0365-4bdd-ad8a-d529d81cbe8e","path":"/v1/chat/completions"}
{"level":"info","ts":1785055516.0594146,"logger":"handler","caller":"server/handlers.go:101","msg":"received request","x-request-id":"67bf41f6-5aa1-4ec4-b258-f809487b00cc","path":"/v1/chat/completions","model":"Qwen/Qwen3-VL-32B-Instruct","stream":true}
{"level":"info","ts":1785055516.062979,"logger":"handler.prefill","caller":"steps/prefill.go:98","msg":"sending request","x-request-id":"67bf41f6-5aa1-4ec4-b258-f809487b00cc","path":"/v1/chat/completions"}
{"level":"info","ts":1785055516.0731018,"logger":"handler","caller":"server/handlers.go:101","msg":"received request","x-request-id":"c8025a99-eab3-40ee-9246-7c43832bd20d","path":"/v1/chat/completions","model":"Qwen/Qwen3-VL-32B-Instruct","stream":true}
{"level":"info","ts":1785055516.0760076,"logger":"handler","caller":"server/handlers.go:101","msg":"received request","x-request-id":"be22b698-b513-4c67-b1dc-47f19bf59643","path":"/v1/chat/completions","model":"Qwen/Qwen3-VL-32B-Instruct","stream":true}
{"level":"info","ts":1785055516.076922,"logger":"handler.prefill","caller":"steps/prefill.go:98","msg":"sending request","x-request-id":"c8025a99-eab3-40ee-9246-7c43832bd20d","path":"/v1/chat/completions"}
{"level":"info","ts":1785055516.0772035,"logger":"handler.prefill","caller":"steps/prefill.go:98","msg":"sending request","x-request-id":"be22b698-b513-4c67-b1dc-47f19bf59643","path":"/v1/chat/completions"}
{"level":"info","ts":1785055516.0801284,"logger":"handler","caller":"server/handlers.go:101","msg":"received request","x-request-id":"f7a266ad-8563-4317-962f-bc220325dbd1","path":"/v1/chat/completions","model":"Qwen/Qwen3-VL-32B-Instruct","stream":true}
{"level":"info","ts":1785055516.0870812,"logger":"handler.prefill","caller":"steps/prefill.go:98","msg":"sending request","x-request-id":"f7a266ad-8563-4317-962f-bc220325dbd1","path":"/v1/chat/completions"}
{"level":"info","ts":1785055516.100293,"logger":"handler","caller":"server/handlers.go:101","msg":"received request","x-request-id":"fd15e424-ef66-496d-a0a8-8242334ef2b3","path":"/v1/chat/completions","model":"Qwen/Qwen3-VL-32B-Instruct","stream":true}
{"level":"info","ts":1785055516.1026917,"logger":"handler.prefill","caller":"steps/prefill.go:98","msg":"sending request","x-request-id":"fd15e424-ef66-496d-a0a8-8242334ef2b3","path":"/v1/chat/completions"}
{"level":"info","ts":1785055516.1033752,"logger":"handler","caller":"server/handlers.go:101","msg":"received request","x-request-id":"fbff28e6-be2f-415d-ace2-5692ec64827e","path":"/v1/chat/completions","model":"Qwen/Qwen3-VL-32B-Instruct","stream":true}
{"level":"info","ts":1785055516.1045763,"logger":"handler.prefill","caller":"steps/prefill.go:98","msg":"sending request","x-request-id":"fbff28e6-be2f-415d-ace2-5692ec64827e","path":"/v1/chat/completions"}
{"level":"info","ts":1785055516.1049435,"logger":"handler","caller":"server/handlers.go:101","msg":"received request","x-request-id":"51f23085-19c5-4b5b-be77-3349d44fce6b","path":"/v1/chat/completions","model":"Qwen/Qwen3-VL-32B-Instruct","stream":true}
{"level":"info","ts":1785055516.1117103,"logger":"handler.prefill","caller":"steps/prefill.go:98","msg":"sending request","x-request-id":"51f23085-19c5-4b5b-be77-3349d44fce6b","path":"/v1/chat/completions"}
{"level":"info","ts":1785055516.1210604,"logger":"handler","caller":"server/handlers.go:101","msg":"received request","x-request-id":"d1f47182-5aeb-4a16-9d22-80c736a94f4d","path":"/v1/chat/completions","model":"Qwen/Qwen3-VL-32B-Instruct","stream":true}
{"level":"info","ts":1785055516.1217146,"logger":"handler","caller":"server/handlers.go:101","msg":"received request","x-request-id":"6113cc90-bcf3-41bf-8168-115fbe29e746","path":"/v1/chat/completions","model":"Qwen/Qwen3-VL-32B-Instruct","stream":true}
{"level":"info","ts":1785055516.1248598,"logger":"handler.prefill","caller":"steps/prefill.go:98","msg":"sending request","x-request-id":"6113cc90-bcf3-41bf-8168-115fbe29e746","path":"/v1/chat/completions"}
{"level":"info","ts":1785055516.127003,"logger":"handler.prefill","caller":"steps/prefill.go:98","msg":"sending request","x-request-id":"d1f47182-5aeb-4a16-9d22-80c736a94f4d","path":"/v1/chat/completions"}
{"level":"info","ts":1785055516.1338823,"logger":"handler","caller":"server/handlers.go:101","msg":"received request","x-request-id":"fbfa7621-b88d-4559-b2c4-0e4c78bb3a75","path":"/v1/chat/completions","model":"Qwen/Qwen3-VL-32B-Instruct","stream":true}
{"level":"info","ts":1785055516.1351607,"logger":"handler","caller":"server/handlers.go:101","msg":"received request","x-request-id":"1730c62d-ae19-49cf-a0d2-78f4260e5877","path":"/v1/chat/completions","model":"Qwen/Qwen3-VL-32B-Instruct","stream":true}
{"level":"info","ts":1785055516.1363745,"logger":"handler.prefill","caller":"steps/prefill.go:98","msg":"sending request","x-request-id":"1730c62d-ae19-49cf-a0d2-78f4260e5877","path":"/v1/chat/completions"}
{"level":"info","ts":1785055516.136643,"logger":"handler","caller":"server/handlers.go:101","msg":"received request","x-request-id":"8031bb3b-c588-4f1a-b4bf-7369bdaba773","path":"/v1/chat/completions","model":"Qwen/Qwen3-VL-32B-Instruct","stream":true}
{"level":"info","ts":1785055516.1388018,"logger":"handler.prefill","caller":"steps/prefill.go:98","msg":"sending request","x-request-id":"fbfa7621-b88d-4559-b2c4-0e4c78bb3a75","path":"/v1/chat/completions"}
{"level":"info","ts":1785055516.1407304,"logger":"handler.prefill","caller":"steps/prefill.go:98","msg":"sending request","x-request-id":"8031bb3b-c588-4f1a-b4bf-7369bdaba773","path":"/v1/chat/completions"}
{"level":"info","ts":1785055516.158585,"logger":"handler","caller":"server/handlers.go:101","msg":"received request","x-request-id":"962ad4aa-c958-4b66-b02f-26910c623468","path":"/v1/chat/completions","model":"Qwen/Qwen3-VL-32B-Instruct","stream":true}
{"level":"info","ts":1785055516.161018,"logger":"handler.prefill","caller":"steps/prefill.go:98","msg":"sending request","x-request-id":"962ad4aa-c958-4b66-b02f-26910c623468","path":"/v1/chat/completions"}
{"level":"info","ts":1785055516.185921,"logger":"handler","caller":"server/handlers.go:101","msg":"received request","x-request-id":"eb3f0a4a-8685-4b9f-a9ae-594d9881b31e","path":"/v1/chat/completions","model":"Qwen/Qwen3-VL-32B-Instruct","stream":true}
{"level":"info","ts":1785055516.189027,"logger":"handler.prefill","caller":"steps/prefill.go:98","msg":"sending request","x-request-id":"eb3f0a4a-8685-4b9f-a9ae-594d9881b31e","path":"/v1/chat/completions"}
{"level":"info","ts":1785055516.2107413,"logger":"handler","caller":"server/handlers.go:101","msg":"received request","x-request-id":"28ead407-9867-47a9-8498-1a1278645432","path":"/v1/chat/completions","model":"Qwen/Qwen3-VL-32B-Instruct","stream":true}
{"level":"info","ts":1785055516.212768,"logger":"handler","caller":"server/handlers.go:101","msg":"received request","x-request-id":"1d85c6ae-9c1c-40f8-93ab-57ca69ef4781","path":"/v1/chat/completions","model":"Qwen/Qwen3-VL-32B-Instruct","stream":true}
{"level":"info","ts":1785055516.2195945,"logger":"handler.prefill","caller":"steps/prefill.go:98","msg":"sending request","x-request-id":"28ead407-9867-47a9-8498-1a1278645432","path":"/v1/chat/completions"}
{"level":"info","ts":1785055516.221185,"logger":"handler.prefill","caller":"steps/prefill.go:98","msg":"sending request","x-request-id":"1d85c6ae-9c1c-40f8-93ab-57ca69ef4781","path":"/v1/chat/completions"}
{"level":"info","ts":1785055516.2381303,"logger":"handler","caller":"server/handlers.go:101","msg":"received request","x-request-id":"6d4cc143-15d5-4f62-873f-3d9bd3f0b0e4","path":"/v1/chat/completions","model":"Qwen/Qwen3-VL-32B-Instruct","stream":true}
{"level":"info","ts":1785055516.2426252,"logger":"handler","caller":"server/handlers.go:101","msg":"received request","x-request-id":"9e8666bf-6c75-4725-8188-e7e1f1e90da2","path":"/v1/chat/completions","model":"Qwen/Qwen3-VL-32B-Instruct","stream":true}
{"level":"info","ts":1785055516.2441206,"logger":"handler.prefill","caller":"steps/prefill.go:98","msg":"sending request","x-request-id":"6d4cc143-15d5-4f62-873f-3d9bd3f0b0e4","path":"/v1/chat/completions"}
{"level":"info","ts":1785055516.2487833,"logger":"handler.prefill","caller":"steps/prefill.go:98","msg":"sending request","x-request-id":"9e8666bf-6c75-4725-8188-e7e1f1e90da2","path":"/v1/chat/completions"}
{"level":"info","ts":1785055516.2571,"logger":"handler","caller":"server/handlers.go:101","msg":"received request","x-request-id":"4c2ebff1-56fe-46c0-baf2-b9897f9fed0b","path":"/v1/chat/completions","model":"Qwen/Qwen3-VL-32B-Instruct","stream":true}
{"level":"info","ts":1785055516.2574363,"logger":"handler","caller":"server/handlers.go:101","msg":"received request","x-request-id":"eb22568f-d625-4bc9-ad35-78c47880460e","path":"/v1/chat/completions","model":"Qwen/Qwen3-VL-32B-Instruct","stream":true}
{"level":"info","ts":1785055516.2589824,"logger":"handler.prefill","caller":"steps/prefill.go:98","msg":"sending request","x-request-id":"eb22568f-d625-4bc9-ad35-78c47880460e","path":"/v1/chat/completions"}
{"level":"info","ts":1785055516.259968,"logger":"handler","caller":"server/handlers.go:101","msg":"received request","x-request-id":"ba4fb42f-c455-467f-bde1-5a5ed9350964","path":"/v1/chat/completions","model":"Qwen/Qwen3-VL-32B-Instruct","stream":true}
{"level":"info","ts":1785055516.2646286,"logger":"handler.prefill","caller":"steps/prefill.go:98","msg":"sending request","x-request-id":"ba4fb42f-c455-467f-bde1-5a5ed9350964","path":"/v1/chat/completions"}
{"level":"info","ts":1785055516.2646909,"logger":"handler.prefill","caller":"steps/prefill.go:98","msg":"sending request","x-request-id":"4c2ebff1-56fe-46c0-baf2-b9897f9fed0b","path":"/v1/chat/completions"}
{"level":"info","ts":1785055516.2827322,"logger":"handler","caller":"server/handlers.go:101","msg":"received request","x-request-id":"1bbcbf6d-4dc0-44dd-a07c-df8d1c7d2af2","path":"/v1/chat/completions","model":"Qwen/Qwen3-VL-32B-Instruct","stream":true}
{"level":"info","ts":1785055516.2860818,"logger":"handler.prefill","caller":"steps/prefill.go:98","msg":"sending request","x-request-id":"1bbcbf6d-4dc0-44dd-a07c-df8d1c7d2af2","path":"/v1/chat/completions"}
{"level":"info","ts":1785055516.2884972,"logger":"handler","caller":"server/handlers.go:101","msg":"received request","x-request-id":"91cd7232-38ba-4d54-8fd4-f17579ba7368","path":"/v1/chat/completions","model":"Qwen/Qwen3-VL-32B-Instruct","stream":true}
{"level":"info","ts":1785055516.2966495,"logger":"handler.prefill","caller":"steps/prefill.go:98","msg":"sending request","x-request-id":"91cd7232-38ba-4d54-8fd4-f17579ba7368","path":"/v1/chat/completions"}
{"level":"info","ts":1785055516.298547,"logger":"handler","caller":"server/handlers.go:101","msg":"received request","x-request-id":"b84a141d-4bee-47a3-b225-ccde30ed877f","path":"/v1/chat/completions","model":"Qwen/Qwen3-VL-32B-Instruct","stream":true}
{"level":"info","ts":1785055516.3046117,"logger":"handler.prefill","caller":"steps/prefill.go:98","msg":"sending request","x-request-id":"b84a141d-4bee-47a3-b225-ccde30ed877f","path":"/v1/chat/completions"}
{"level":"info","ts":1785055516.3109918,"logger":"handler","caller":"server/handlers.go:101","msg":"received request","x-request-id":"69ab659d-94b4-405e-98d7-ab48b0b0caae","path":"/v1/chat/completions","model":"Qwen/Qwen3-VL-32B-Instruct","stream":true}
{"level":"info","ts":1785055516.3142004,"logger":"handler.prefill","caller":"steps/prefill.go:98","msg":"sending request","x-request-id":"69ab659d-94b4-405e-98d7-ab48b0b0caae","path":"/v1/chat/completions"}
{"level":"info","ts":1785055516.3179586,"logger":"handler","caller":"server/handlers.go:101","msg":"received request","x-request-id":"b64f8461-1398-44b8-b45e-14b4e8811964","path":"/v1/chat/completions","model":"Qwen/Qwen3-VL-32B-Instruct","stream":true}
{"level":"info","ts":1785055516.3212814,"logger":"handler.prefill","caller":"steps/prefill.go:98","msg":"sending request","x-request-id":"b64f8461-1398-44b8-b45e-14b4e8811964","path":"/v1/chat/completions"}
{"level":"info","ts":1785055516.3244247,"logger":"handler","caller":"server/handlers.go:101","msg":"received request","x-request-id":"f960ab9c-c006-4dd3-b2d9-07b64f480aea","path":"/v1/chat/completions","model":"Qwen/Qwen3-VL-32B-Instruct","stream":true}
{"level":"info","ts":1785055516.3305893,"logger":"handler.prefill","caller":"steps/prefill.go:98","msg":"sending request","x-request-id":"f960ab9c-c006-4dd3-b2d9-07b64f480aea","path":"/v1/chat/completions"}
{"level":"info","ts":1785055516.351025,"logger":"handler","caller":"server/handlers.go:101","msg":"received request","x-request-id":"bf29c8f6-1181-4ac4-9871-0bf39558cf11","path":"/v1/chat/completions","model":"Qwen/Qwen3-VL-32B-Instruct","stream":true}
{"level":"info","ts":1785055516.3543448,"logger":"handler.prefill","caller":"steps/prefill.go:98","msg":"sending request","x-request-id":"bf29c8f6-1181-4ac4-9871-0bf39558cf11","path":"/v1/chat/completions"}
{"level":"info","ts":1785055516.3562691,"logger":"handler","caller":"server/handlers.go:101","msg":"received request","x-request-id":"33d2f57d-a321-4d29-bd00-6968e565c68b","path":"/v1/chat/completions","model":"Qwen/Qwen3-VL-32B-Instruct","stream":true}
{"level":"info","ts":1785055516.3563461,"logger":"handler","caller":"server/handlers.go:101","msg":"received request","x-request-id":"d0ca363a-8a8c-4496-9956-0a93c1ce7f4c","path":"/v1/chat/completions","model":"Qwen/Qwen3-VL-32B-Instruct","stream":true}
{"level":"info","ts":1785055516.3605256,"logger":"handler.prefill","caller":"steps/prefill.go:98","msg":"sending request","x-request-id":"d0ca363a-8a8c-4496-9956-0a93c1ce7f4c","path":"/v1/chat/completions"}
{"level":"info","ts":1785055516.3631217,"logger":"handler.prefill","caller":"steps/prefill.go:98","msg":"sending request","x-request-id":"33d2f57d-a321-4d29-bd00-6968e565c68b","path":"/v1/chat/completions"}
{"level":"info","ts":1785055516.370192,"logger":"handler","caller":"server/handlers.go:101","msg":"received request","x-request-id":"37e97ea0-eca4-4871-857b-37397cbb8216","path":"/v1/chat/completions","model":"Qwen/Qwen3-VL-32B-Instruct","stream":true}
{"level":"info","ts":1785055516.382305,"logger":"handler.prefill","caller":"steps/prefill.go:98","msg":"sending request","x-request-id":"37e97ea0-eca4-4871-857b-37397cbb8216","path":"/v1/chat/completions"}
{"level":"info","ts":1785055516.3836498,"logger":"handler","caller":"server/handlers.go:101","msg":"received request","x-request-id":"6db7ab18-b588-4749-a939-ba4a5eebb201","path":"/v1/chat/completions","model":"Qwen/Qwen3-VL-32B-Instruct","stream":true}
{"level":"info","ts":1785055516.3859944,"logger":"handler.prefill","caller":"steps/prefill.go:98","msg":"sending request","x-request-id":"6db7ab18-b588-4749-a939-ba4a5eebb201","path":"/v1/chat/completions"}
{"level":"info","ts":1785055516.3877718,"logger":"handler","caller":"server/handlers.go:101","msg":"received request","x-request-id":"b9c4c016-9538-46e0-ac75-a2a8193b0c33","path":"/v1/chat/completions","model":"Qwen/Qwen3-VL-32B-Instruct","stream":true}
{"level":"info","ts":1785055516.3899508,"logger":"handler","caller":"server/handlers.go:101","msg":"received request","x-request-id":"3a682fa9-214f-42ba-84b7-2cb0d1822db2","path":"/v1/chat/completions","model":"Qwen/Qwen3-VL-32B-Instruct","stream":true}
{"level":"info","ts":1785055516.390676,"logger":"handler.prefill","caller":"steps/prefill.go:98","msg":"sending request","x-request-id":"b9c4c016-9538-46e0-ac75-a2a8193b0c33","path":"/v1/chat/completions"}
{"level":"info","ts":1785055516.3974261,"logger":"handler.prefill","caller":"steps/prefill.go:98","msg":"sending request","x-request-id":"3a682fa9-214f-42ba-84b7-2cb0d1822db2","path":"/v1/chat/completions"}
{"level":"info","ts":1785055516.4150674,"logger":"handler","caller":"server/handlers.go:101","msg":"received request","x-request-id":"89e14f62-9496-4e35-ba20-04044c7c29f9","path":"/v1/chat/completions","model":"Qwen/Qwen3-VL-32B-Instruct","stream":true}
{"level":"info","ts":1785055516.4156623,"logger":"handler","caller":"server/handlers.go:101","msg":"received request","x-request-id":"cc7d255a-ae07-4cdf-bde3-10bc0a2c9918","path":"/v1/chat/completions","model":"Qwen/Qwen3-VL-32B-Instruct","stream":true}
{"level":"info","ts":1785055516.4162793,"logger":"handler.prefill","caller":"steps/prefill.go:98","msg":"sending request","x-request-id":"89e14f62-9496-4e35-ba20-04044c7c29f9","path":"/v1/chat/completions"}
{"level":"info","ts":1785055516.4231339,"logger":"handler.prefill","caller":"steps/prefill.go:98","msg":"sending request","x-request-id":"cc7d255a-ae07-4cdf-bde3-10bc0a2c9918","path":"/v1/chat/completions"}
{"level":"info","ts":1785055516.4332266,"logger":"handler","caller":"server/handlers.go:101","msg":"received request","x-request-id":"5fc8addd-c052-46ec-af02-2251cc4a16f0","path":"/v1/chat/completions","model":"Qwen/Qwen3-VL-32B-Instruct","stream":true}
{"level":"info","ts":1785055516.4395723,"logger":"handler.prefill","caller":"steps/prefill.go:98","msg":"sending request","x-request-id":"5fc8addd-c052-46ec-af02-2251cc4a16f0","path":"/v1/chat/completions"}
{"level":"info","ts":1785055516.4639761,"logger":"handler","caller":"server/handlers.go:101","msg":"received request","x-request-id":"01d85314-e1d4-460c-b6de-d327ef77aaf3","path":"/v1/chat/completions","model":"Qwen/Qwen3-VL-32B-Instruct","stream":true}
{"level":"info","ts":1785055516.4660165,"logger":"handler","caller":"server/handlers.go:101","msg":"received request","x-request-id":"e3b63095-275c-4da6-ab65-98124ab91a5a","path":"/v1/chat/completions","model":"Qwen/Qwen3-VL-32B-Instruct","stream":true}
{"level":"info","ts":1785055516.4663522,"logger":"handler.prefill","caller":"steps/prefill.go:98","msg":"sending request","x-request-id":"01d85314-e1d4-460c-b6de-d327ef77aaf3","path":"/v1/chat/completions"}
{"level":"info","ts":1785055516.4747975,"logger":"handler.prefill","caller":"steps/prefill.go:98","msg":"sending request","x-request-id":"e3b63095-275c-4da6-ab65-98124ab91a5a","path":"/v1/chat/completions"}
{"level":"info","ts":1785055516.479592,"logger":"handler","caller":"server/handlers.go:101","msg":"received request","x-request-id":"cacd630b-544c-47c8-b340-2e3bd54896aa","path":"/v1/chat/completions","model":"Qwen/Qwen3-VL-32B-Instruct","stream":true}
{"level":"info","ts":1785055516.4828253,"logger":"handler","caller":"server/handlers.go:101","msg":"received request","x-request-id":"4f37ce89-1f66-4741-8c3d-471dfc195f3a","path":"/v1/chat/completions","model":"Qwen/Qwen3-VL-32B-Instruct","stream":true}
{"level":"info","ts":1785055516.4844122,"logger":"handler.prefill","caller":"steps/prefill.go:98","msg":"sending request","x-request-id":"4f37ce89-1f66-4741-8c3d-471dfc195f3a","path":"/v1/chat/completions"}
{"level":"info","ts":1785055516.4874017,"logger":"handler.prefill","caller":"steps/prefill.go:98","msg":"sending request","x-request-id":"cacd630b-544c-47c8-b340-2e3bd54896aa","path":"/v1/chat/completions"}
{"level":"info","ts":1785055516.491248,"logger":"handler","caller":"server/handlers.go:101","msg":"received request","x-request-id":"e8982255-4543-40bc-af69-c65ff1f54e9e","path":"/v1/chat/completions","model":"Qwen/Qwen3-VL-32B-Instruct","stream":true}
{"level":"info","ts":1785055516.4953997,"logger":"handler.prefill","caller":"steps/prefill.go:98","msg":"sending request","x-request-id":"e8982255-4543-40bc-af69-c65ff1f54e9e","path":"/v1/chat/completions"}
{"level":"info","ts":1785055516.5022762,"logger":"handler","caller":"server/handlers.go:101","msg":"received request","x-request-id":"8ab43a18-1d01-40b3-aa0f-757fed951c84","path":"/v1/chat/completions","model":"Qwen/Qwen3-VL-32B-Instruct","stream":true}
{"level":"info","ts":1785055516.509952,"logger":"handler.prefill","caller":"steps/prefill.go:98","msg":"sending request","x-request-id":"8ab43a18-1d01-40b3-aa0f-757fed951c84","path":"/v1/chat/completions"}
{"level":"info","ts":1785055516.5294576,"logger":"handler","caller":"server/handlers.go:101","msg":"received request","x-request-id":"b4577f38-c56f-45fe-be54-35992427f1f1","path":"/v1/chat/completions","model":"Qwen/Qwen3-VL-32B-Instruct","stream":true}
{"level":"info","ts":1785055516.5312839,"logger":"handler","caller":"server/handlers.go:101","msg":"received request","x-request-id":"8d802bf1-b731-4ca9-b073-285b5cafc242","path":"/v1/chat/completions","model":"Qwen/Qwen3-VL-32B-Instruct","stream":true}
{"level":"info","ts":1785055516.5359032,"logger":"handler.prefill","caller":"steps/prefill.go:98","msg":"sending request","x-request-id":"b4577f38-c56f-45fe-be54-35992427f1f1","path":"/v1/chat/completions"}
{"level":"info","ts":1785055516.5402646,"logger":"handler.prefill","caller":"steps/prefill.go:98","msg":"sending request","x-request-id":"8d802bf1-b731-4ca9-b073-285b5cafc242","path":"/v1/chat/completions"}
{"level":"info","ts":1785055516.5447457,"logger":"handler","caller":"server/handlers.go:101","msg":"received request","x-request-id":"9baf6360-38ca-4a4f-bee1-f1d25d5ce710","path":"/v1/chat/completions","model":"Qwen/Qwen3-VL-32B-Instruct","stream":true}
{"level":"info","ts":1785055516.546936,"logger":"handler.prefill","caller":"steps/prefill.go:98","msg":"sending request","x-request-id":"9baf6360-38ca-4a4f-bee1-f1d25d5ce710","path":"/v1/chat/completions"}
{"level":"info","ts":1785055516.557618,"logger":"handler","caller":"server/handlers.go:101","msg":"received request","x-request-id":"33275778-d12a-4ede-91e7-a53585ca6be6","path":"/v1/chat/completions","model":"Qwen/Qwen3-VL-32B-Instruct","stream":true}
{"level":"info","ts":1785055516.5624125,"logger":"handler","caller":"server/handlers.go:101","msg":"received request","x-request-id":"aec06c7c-7251-4265-8aca-95ac542af002","path":"/v1/chat/completions","model":"Qwen/Qwen3-VL-32B-Instruct","stream":true}
{"level":"info","ts":1785055516.5642502,"logger":"handler.prefill","caller":"steps/prefill.go:98","msg":"sending request","x-request-id":"aec06c7c-7251-4265-8aca-95ac542af002","path":"/v1/chat/completions"}
{"level":"info","ts":1785055516.5643857,"logger":"handler.prefill","caller":"steps/prefill.go:98","msg":"sending request","x-request-id":"33275778-d12a-4ede-91e7-a53585ca6be6","path":"/v1/chat/completions"}
{"level":"info","ts":1785055516.5764983,"logger":"handler","caller":"server/handlers.go:101","msg":"received request","x-request-id":"f42e0f29-7fd6-4551-8f57-94fc33050cb3","path":"/v1/chat/completions","model":"Qwen/Qwen3-VL-32B-Instruct","stream":true}
{"level":"info","ts":1785055516.5782206,"logger":"handler.prefill","caller":"steps/prefill.go:98","msg":"sending request","x-request-id":"f42e0f29-7fd6-4551-8f57-94fc33050cb3","path":"/v1/chat/completions"}
{"level":"info","ts":1785055516.5784988,"logger":"handler","caller":"server/handlers.go:101","msg":"received request","x-request-id":"28aa4b10-c738-4852-b13a-eeb38d5d76ee","path":"/v1/chat/completions","model":"Qwen/Qwen3-VL-32B-Instruct","stream":true}
{"level":"info","ts":1785055516.5801947,"logger":"handler.prefill","caller":"steps/prefill.go:98","msg":"sending request","x-request-id":"28aa4b10-c738-4852-b13a-eeb38d5d76ee","path":"/v1/chat/completions"}
{"level":"info","ts":1785055516.5876298,"logger":"handler","caller":"server/handlers.go:101","msg":"received request","x-request-id":"e6120616-e2bb-4e3f-89d0-ac97819e1289","path":"/v1/chat/completions","model":"Qwen/Qwen3-VL-32B-Instruct","stream":true}
{"level":"info","ts":1785055516.5899737,"logger":"handler","caller":"server/handlers.go:101","msg":"received request","x-request-id":"b2edaa03-e461-9739-b6b2-9cd48c4c4d59","path":"/v1/chat/completions","model":"Qwen/Qwen3-VL-32B-Instruct","stream":true}
{"level":"info","ts":1785055516.5915694,"logger":"handler.prefill","caller":"steps/prefill.go:98","msg":"sending request","x-request-id":"b2edaa03-e461-9739-b6b2-9cd48c4c4d59","path":"/v1/chat/completions"}
{"level":"info","ts":1785055516.592681,"logger":"handler","caller":"server/handlers.go:101","msg":"received request","x-request-id":"c7e0a3d8-d779-4a4c-80de-96241197071e","path":"/v1/chat/completions","model":"Qwen/Qwen3-VL-32B-Instruct","stream":true}
{"level":"info","ts":1785055516.5959423,"logger":"handler.prefill","caller":"steps/prefill.go:98","msg":"sending request","x-request-id":"e6120616-e2bb-4e3f-89d0-ac97819e1289","path":"/v1/chat/completions"}
{"level":"info","ts":1785055516.6019254,"logger":"handler.prefill","caller":"steps/prefill.go:98","msg":"sending request","x-request-id":"c7e0a3d8-d779-4a4c-80de-96241197071e","path":"/v1/chat/completions"}
{"level":"info","ts":1785055516.6139822,"logger":"handler","caller":"server/handlers.go:101","msg":"received request","x-request-id":"f6d869d0-5769-4dc4-8121-b38f462ccbcb","path":"/v1/chat/completions","model":"Qwen/Qwen3-VL-32B-Instruct","stream":true}
{"level":"info","ts":1785055516.6251187,"logger":"handler.prefill","caller":"steps/prefill.go:98","msg":"sending request","x-request-id":"f6d869d0-5769-4dc4-8121-b38f462ccbcb","path":"/v1/chat/completions"}
{"level":"info","ts":1785055516.6255155,"logger":"handler","caller":"server/handlers.go:101","msg":"received request","x-request-id":"b09cf570-dce5-4bb8-9bf0-7c13be8d42c9","path":"/v1/chat/completions","model":"Qwen/Qwen3-VL-32B-Instruct","stream":true}
{"level":"info","ts":1785055516.6281853,"logger":"handler","caller":"server/handlers.go:101","msg":"received request","x-request-id":"2b35c2d8-a744-4a13-b456-92d03121af7d","path":"/v1/chat/completions","model":"Qwen/Qwen3-VL-32B-Instruct","stream":true}
{"level":"info","ts":1785055516.6298048,"logger":"handler.prefill","caller":"steps/prefill.go:98","msg":"sending request","x-request-id":"2b35c2d8-a744-4a13-b456-92d03121af7d","path":"/v1/chat/completions"}
{"level":"info","ts":1785055516.63296,"logger":"handler.prefill","caller":"steps/prefill.go:98","msg":"sending request","x-request-id":"b09cf570-dce5-4bb8-9bf0-7c13be8d42c9","path":"/v1/chat/completions"}
{"level":"info","ts":1785055516.6393492,"logger":"handler","caller":"server/handlers.go:101","msg":"received request","x-request-id":"49ab0c5a-b7bf-4f37-9183-8ddad0040459","path":"/v1/chat/completions","model":"Qwen/Qwen3-VL-32B-Instruct","stream":true}
{"level":"info","ts":1785055516.6461859,"logger":"handler","caller":"server/handlers.go:101","msg":"received request","x-request-id":"3af8e5a3-3ad0-4e70-986e-2d356b0b4710","path":"/v1/chat/completions","model":"Qwen/Qwen3-VL-32B-Instruct","stream":true}
{"level":"info","ts":1785055516.6485047,"logger":"handler.prefill","caller":"steps/prefill.go:98","msg":"sending request","x-request-id":"49ab0c5a-b7bf-4f37-9183-8ddad0040459","path":"/v1/chat/completions"}
{"level":"info","ts":1785055516.6547656,"logger":"handler.prefill","caller":"steps/prefill.go:98","msg":"sending request","x-request-id":"3af8e5a3-3ad0-4e70-986e-2d356b0b4710","path":"/v1/chat/completions"}
{"level":"info","ts":1785055516.6614342,"logger":"handler","caller":"server/handlers.go:101","msg":"received request","x-request-id":"15aebb3a-4148-4797-98b8-75404a85fa96","path":"/v1/chat/completions","model":"Qwen/Qwen3-VL-32B-Instruct","stream":true}
{"level":"info","ts":1785055516.6632888,"logger":"handler.prefill","caller":"steps/prefill.go:98","msg":"sending request","x-request-id":"15aebb3a-4148-4797-98b8-75404a85fa96","path":"/v1/chat/completions"}
{"level":"info","ts":1785055516.683321,"logger":"handler","caller":"server/handlers.go:101","msg":"received request","x-request-id":"395354eb-c125-4863-82de-2ea86178821e","path":"/v1/chat/completions","model":"Qwen/Qwen3-VL-32B-Instruct","stream":true}
{"level":"info","ts":1785055516.6839917,"logger":"handler","caller":"server/handlers.go:101","msg":"received request","x-request-id":"8f2de8d0-f3be-41d2-89f6-e4b9d5c0aa2b","path":"/v1/chat/completions","model":"Qwen/Qwen3-VL-32B-Instruct","stream":true}
{"level":"info","ts":1785055516.6939354,"logger":"handler.prefill","caller":"steps/prefill.go:98","msg":"sending request","x-request-id":"8f2de8d0-f3be-41d2-89f6-e4b9d5c0aa2b","path":"/v1/chat/completions"}
{"level":"info","ts":1785055516.6943474,"logger":"handler.prefill","caller":"steps/prefill.go:98","msg":"sending request","x-request-id":"395354eb-c125-4863-82de-2ea86178821e","path":"/v1/chat/completions"}
{"level":"info","ts":1785055516.699727,"logger":"handler","caller":"server/handlers.go:101","msg":"received request","x-request-id":"698ea949-ba00-473b-a582-0a3506df8539","path":"/v1/chat/completions","model":"Qwen/Qwen3-VL-32B-Instruct","stream":true}
{"level":"info","ts":1785055516.7071831,"logger":"handler","caller":"server/handlers.go:101","msg":"received request","x-request-id":"1cdf3ab4-ceaf-4310-af4b-9df8fb53b321","path":"/v1/chat/completions","model":"Qwen/Qwen3-VL-32B-Instruct","stream":true}
{"level":"info","ts":1785055516.7084858,"logger":"handler.prefill","caller":"steps/prefill.go:98","msg":"sending request","x-request-id":"698ea949-ba00-473b-a582-0a3506df8539","path":"/v1/chat/completions"}
{"level":"info","ts":1785055516.7087872,"logger":"handler.prefill","caller":"steps/prefill.go:98","msg":"sending request","x-request-id":"1cdf3ab4-ceaf-4310-af4b-9df8fb53b321","path":"/v1/chat/completions"}
{"level":"info","ts":1785055516.7097135,"logger":"handler","caller":"server/handlers.go:101","msg":"received request","x-request-id":"2507e896-b371-4e65-b22f-4f10af05eaeb","path":"/v1/chat/completions","model":"Qwen/Qwen3-VL-32B-Instruct","stream":true}
{"level":"info","ts":1785055516.7113447,"logger":"handler.prefill","caller":"steps/prefill.go:98","msg":"sending request","x-request-id":"2507e896-b371-4e65-b22f-4f10af05eaeb","path":"/v1/chat/completions"}
{"level":"info","ts":1785055516.7175019,"logger":"handler","caller":"server/handlers.go:101","msg":"received request","x-request-id":"f6d72c23-8ef5-4934-9fb1-e3e74b3d2f65","path":"/v1/chat/completions","model":"Qwen/Qwen3-VL-32B-Instruct","stream":true}
{"level":"info","ts":1785055516.7206361,"logger":"handler","caller":"server/handlers.go:101","msg":"received request","x-request-id":"25598a01-0cba-4c11-9a33-45bcc1d65a07","path":"/v1/chat/completions","model":"Qwen/Qwen3-VL-32B-Instruct","stream":true}
{"level":"info","ts":1785055516.7241411,"logger":"handler.prefill","caller":"steps/prefill.go:98","msg":"sending request","x-request-id":"25598a01-0cba-4c11-9a33-45bcc1d65a07","path":"/v1/chat/completions"}
{"level":"info","ts":1785055516.7289698,"logger":"handler.prefill","caller":"steps/prefill.go:98","msg":"sending request","x-request-id":"f6d72c23-8ef5-4934-9fb1-e3e74b3d2f65","path":"/v1/chat/completions"}
{"level":"info","ts":1785055516.7375224,"logger":"handler","caller":"server/handlers.go:101","msg":"received request","x-request-id":"b8562c6f-b4b2-42d3-b7c3-8c6ff4d33af2","path":"/v1/chat/completions","model":"Qwen/Qwen3-VL-32B-Instruct","stream":true}
{"level":"info","ts":1785055516.7415423,"logger":"handler.prefill","caller":"steps/prefill.go:98","msg":"sending request","x-request-id":"b8562c6f-b4b2-42d3-b7c3-8c6ff4d33af2","path":"/v1/chat/completions"}
{"level":"info","ts":1785055516.7516851,"logger":"handler","caller":"server/handlers.go:101","msg":"received request","x-request-id":"c43112a3-bf66-4e4c-8a46-f950632b111b","path":"/v1/chat/completions","model":"Qwen/Qwen3-VL-32B-Instruct","stream":true}
{"level":"info","ts":1785055516.7550673,"logger":"handler","caller":"server/handlers.go:101","msg":"received request","x-request-id":"32446d0e-9632-49a4-b248-5f0389c1349c","path":"/v1/chat/completions","model":"Qwen/Qwen3-VL-32B-Instruct","stream":true}
{"level":"info","ts":1785055516.7550986,"logger":"handler.prefill","caller":"steps/prefill.go:98","msg":"sending request","x-request-id":"c43112a3-bf66-4e4c-8a46-f950632b111b","path":"/v1/chat/completions"}
{"level":"info","ts":1785055516.7580218,"logger":"handler.prefill","caller":"steps/prefill.go:98","msg":"sending request","x-request-id":"32446d0e-9632-49a4-b248-5f0389c1349c","path":"/v1/chat/completions"}
{"level":"info","ts":1785055516.7619216,"logger":"handler","caller":"server/handlers.go:101","msg":"received request","x-request-id":"ecd96c9c-874c-4b34-928e-5ed8ebd71638","path":"/v1/chat/completions","model":"Qwen/Qwen3-VL-32B-Instruct","stream":true}
{"level":"info","ts":1785055516.7708783,"logger":"handler.prefill","caller":"steps/prefill.go:98","msg":"sending request","x-request-id":"ecd96c9c-874c-4b34-928e-5ed8ebd71638","path":"/v1/chat/completions"}
{"level":"info","ts":1785055516.777909,"logger":"handler","caller":"server/handlers.go:101","msg":"received request","x-request-id":"17ff4047-e9cc-4e15-a110-bdfb77e64bcb","path":"/v1/chat/completions","model":"Qwen/Qwen3-VL-32B-Instruct","stream":true}
{"level":"info","ts":1785055516.7843847,"logger":"handler.prefill","caller":"steps/prefill.go:98","msg":"sending request","x-request-id":"17ff4047-e9cc-4e15-a110-bdfb77e64bcb","path":"/v1/chat/completions"}
{"level":"info","ts":1785055516.8000271,"logger":"handler","caller":"server/handlers.go:101","msg":"received request","x-request-id":"2bb2a590-f4fc-4b8c-beb9-e31b187e2d1c","path":"/v1/chat/completions","model":"Qwen/Qwen3-VL-32B-Instruct","stream":true}
{"level":"info","ts":1785055516.805002,"logger":"handler.prefill","caller":"steps/prefill.go:98","msg":"sending request","x-request-id":"2bb2a590-f4fc-4b8c-beb9-e31b187e2d1c","path":"/v1/chat/completions"}
{"level":"info","ts":1785055516.8128183,"logger":"handler","caller":"server/handlers.go:101","msg":"received request","x-request-id":"4d2d9d90-b2a1-4b67-83c0-1cdb90bc1a6d","path":"/v1/chat/completions","model":"Qwen/Qwen3-VL-32B-Instruct","stream":true}
{"level":"info","ts":1785055516.8189194,"logger":"handler","caller":"server/handlers.go:101","msg":"received request","x-request-id":"7d63a846-8248-4bf5-8866-dacb4a1e7a67","path":"/v1/chat/completions","model":"Qwen/Qwen3-VL-32B-Instruct","stream":true}
{"level":"info","ts":1785055516.8256605,"logger":"handler","caller":"server/handlers.go:101","msg":"received request","x-request-id":"958c1de4-ef8f-4604-9fca-ba846e90d77f","path":"/v1/chat/completions","model":"Qwen/Qwen3-VL-32B-Instruct","stream":true}
{"level":"info","ts":1785055516.8260305,"logger":"handler","caller":"server/handlers.go:101","msg":"received request","x-request-id":"9eb177d3-f758-481d-8b04-daf7e05f8dfe","path":"/v1/chat/completions","model":"Qwen/Qwen3-VL-32B-Instruct","stream":true}
{"level":"info","ts":1785055516.8273818,"logger":"handler.prefill","caller":"steps/prefill.go:98","msg":"sending request","x-request-id":"958c1de4-ef8f-4604-9fca-ba846e90d77f","path":"/v1/chat/completions"}
{"level":"info","ts":1785055516.8275077,"logger":"handler.prefill","caller":"steps/prefill.go:98","msg":"sending request","x-request-id":"4d2d9d90-b2a1-4b67-83c0-1cdb90bc1a6d","path":"/v1/chat/completions"}
{"level":"info","ts":1785055516.828502,"logger":"handler.prefill","caller":"steps/prefill.go:98","msg":"sending request","x-request-id":"7d63a846-8248-4bf5-8866-dacb4a1e7a67","path":"/v1/chat/completions"}
{"level":"info","ts":1785055516.8328867,"logger":"handler.prefill","caller":"steps/prefill.go:98","msg":"sending request","x-request-id":"9eb177d3-f758-481d-8b04-daf7e05f8dfe","path":"/v1/chat/completions"}
{"level":"info","ts":1785055516.8393915,"logger":"handler","caller":"server/handlers.go:101","msg":"received request","x-request-id":"afa07ace-c311-4562-8639-b561128905c9","path":"/v1/chat/completions","model":"Qwen/Qwen3-VL-32B-Instruct","stream":true}
{"level":"info","ts":1785055516.8471787,"logger":"handler","caller":"server/handlers.go:101","msg":"received request","x-request-id":"85d584e4-da38-4277-8cd1-605805e9735e","path":"/v1/chat/completions","model":"Qwen/Qwen3-VL-32B-Instruct","stream":true}
{"level":"info","ts":1785055516.8485088,"logger":"handler.prefill","caller":"steps/prefill.go:98","msg":"sending request","x-request-id":"afa07ace-c311-4562-8639-b561128905c9","path":"/v1/chat/completions"}
{"level":"info","ts":1785055516.848925,"logger":"handler.prefill","caller":"steps/prefill.go:98","msg":"sending request","x-request-id":"85d584e4-da38-4277-8cd1-605805e9735e","path":"/v1/chat/completions"}
{"level":"info","ts":1785055516.861492,"logger":"handler","caller":"server/handlers.go:101","msg":"received request","x-request-id":"f67a0d94-8fbe-4892-a4d8-3f3de30f2e81","path":"/v1/chat/completions","model":"Qwen/Qwen3-VL-32B-Instruct","stream":true}
{"level":"info","ts":1785055516.8645556,"logger":"handler","caller":"server/handlers.go:101","msg":"received request","x-request-id":"22a4d297-6dd7-4a32-950c-48e03e96983e","path":"/v1/chat/completions","model":"Qwen/Qwen3-VL-32B-Instruct","stream":true}
{"level":"info","ts":1785055516.866191,"logger":"handler.prefill","caller":"steps/prefill.go:98","msg":"sending request","x-request-id":"f67a0d94-8fbe-4892-a4d8-3f3de30f2e81","path":"/v1/chat/completions"}
{"level":"info","ts":1785055516.8696575,"logger":"handler.prefill","caller":"steps/prefill.go:98","msg":"sending request","x-request-id":"22a4d297-6dd7-4a32-950c-48e03e96983e","path":"/v1/chat/completions"}
{"level":"info","ts":1785055516.8812232,"logger":"handler","caller":"server/handlers.go:101","msg":"received request","x-request-id":"ecaff1d6-7236-436f-90f9-6e5eaf01264b","path":"/v1/chat/completions","model":"Qwen/Qwen3-VL-32B-Instruct","stream":true}
{"level":"info","ts":1785055516.8845232,"logger":"handler.prefill","caller":"steps/prefill.go:98","msg":"sending request","x-request-id":"ecaff1d6-7236-436f-90f9-6e5eaf01264b","path":"/v1/chat/completions"}
{"level":"info","ts":1785055516.8918328,"logger":"handler","caller":"server/handlers.go:101","msg":"received request","x-request-id":"1f1a5603-bf53-4927-bd16-499f90394787","path":"/v1/chat/completions","model":"Qwen/Qwen3-VL-32B-Instruct","stream":true}
{"level":"info","ts":1785055516.8941686,"logger":"handler","caller":"server/handlers.go:101","msg":"received request","x-request-id":"557bcb38-d5fc-46de-91dd-9979a18a9771","path":"/v1/chat/completions","model":"Qwen/Qwen3-VL-32B-Instruct","stream":true}
{"level":"info","ts":1785055516.89625,"logger":"handler.prefill","caller":"steps/prefill.go:98","msg":"sending request","x-request-id":"557bcb38-d5fc-46de-91dd-9979a18a9771","path":"/v1/chat/completions"}
{"level":"info","ts":1785055516.8967564,"logger":"handler.prefill","caller":"steps/prefill.go:98","msg":"sending request","x-request-id":"1f1a5603-bf53-4927-bd16-499f90394787","path":"/v1/chat/completions"}
{"level":"info","ts":1785055516.897199,"logger":"handler.prefill","caller":"steps/prefill.go:126","msg":"complete","x-request-id":"4db817df-6ac4-4ffa-9005-2048860f8f28"}
{"level":"info","ts":1785055516.8972158,"logger":"handler.decode","caller":"steps/decode.go:72","msg":"sending request","x-request-id":"4db817df-6ac4-4ffa-9005-2048860f8f28","path":"/v1/chat/completions","stream":true}
{"level":"info","ts":1785055516.902826,"logger":"handler","caller":"server/handlers.go:101","msg":"received request","x-request-id":"f22123f5-1329-41ae-9ee8-b68f11095180","path":"/v1/chat/completions","model":"Qwen/Qwen3-VL-32B-Instruct","stream":true}
{"level":"info","ts":1785055516.906868,"logger":"handler","caller":"server/handlers.go:101","msg":"received request","x-request-id":"b6c156dd-1f98-45bf-a6c4-f32b5cdbdd2a","path":"/v1/chat/completions","model":"Qwen/Qwen3-VL-32B-Instruct","stream":true}
{"level":"info","ts":1785055516.9187999,"logger":"handler","caller":"server/handlers.go:101","msg":"received request","x-request-id":"3a5c6496-c7f1-417e-a00b-b3636de0dc38","path":"/v1/chat/completions","model":"Qwen/Qwen3-VL-32B-Instruct","stream":true}
{"level":"info","ts":1785055516.9204798,"logger":"handler.prefill","caller":"steps/prefill.go:98","msg":"sending request","x-request-id":"f22123f5-1329-41ae-9ee8-b68f11095180","path":"/v1/chat/completions"}
{"level":"info","ts":1785055516.9210072,"logger":"handler.prefill","caller":"steps/prefill.go:98","msg":"sending request","x-request-id":"b6c156dd-1f98-45bf-a6c4-f32b5cdbdd2a","path":"/v1/chat/completions"}
{"level":"info","ts":1785055516.9254258,"logger":"handler","caller":"server/handlers.go:101","msg":"received request","x-request-id":"0e4ae35e-bd2b-46f8-a0ce-3ce294dd474e","path":"/v1/chat/completions","model":"Qwen/Qwen3-VL-32B-Instruct","stream":true}
{"level":"info","ts":1785055516.9263706,"logger":"handler.prefill","caller":"steps/prefill.go:98","msg":"sending request","x-request-id":"3a5c6496-c7f1-417e-a00b-b3636de0dc38","path":"/v1/chat/completions"}
{"level":"info","ts":1785055516.9302309,"logger":"handler.prefill","caller":"steps/prefill.go:98","msg":"sending request","x-request-id":"0e4ae35e-bd2b-46f8-a0ce-3ce294dd474e","path":"/v1/chat/completions"}
{"level":"info","ts":1785055516.9498844,"logger":"handler","caller":"server/handlers.go:101","msg":"received request","x-request-id":"28441641-48e5-456d-be0f-270ab015621f","path":"/v1/chat/completions","model":"Qwen/Qwen3-VL-32B-Instruct","stream":true}
{"level":"info","ts":1785055516.9515986,"logger":"handler","caller":"server/handlers.go:101","msg":"received request","x-request-id":"7be2f322-8cbf-4676-94e0-edaf4812d32f","path":"/v1/chat/completions","model":"Qwen/Qwen3-VL-32B-Instruct","stream":true}
{"level":"info","ts":1785055516.9529264,"logger":"handler.prefill","caller":"steps/prefill.go:98","msg":"sending request","x-request-id":"7be2f322-8cbf-4676-94e0-edaf4812d32f","path":"/v1/chat/completions"}
{"level":"info","ts":1785055516.9546328,"logger":"handler.prefill","caller":"steps/prefill.go:98","msg":"sending request","x-request-id":"28441641-48e5-456d-be0f-270ab015621f","path":"/v1/chat/completions"}
{"level":"info","ts":1785055516.9697456,"logger":"handler","caller":"server/handlers.go:101","msg":"received request","x-request-id":"6cf4b3fe-5a6c-4119-a2ce-f3fb7b427ffe","path":"/v1/chat/completions","model":"Qwen/Qwen3-VL-32B-Instruct","stream":true}
{"level":"info","ts":1785055516.9769282,"logger":"handler.prefill","caller":"steps/prefill.go:98","msg":"sending request","x-request-id":"6cf4b3fe-5a6c-4119-a2ce-f3fb7b427ffe","path":"/v1/chat/completions"}
{"level":"info","ts":1785055516.9944532,"logger":"handler","caller":"server/handlers.go:101","msg":"received request","x-request-id":"1e514e01-f93a-4215-b370-11852b71919d","path":"/v1/chat/completions","model":"Qwen/Qwen3-VL-32B-Instruct","stream":true}
{"level":"info","ts":1785055516.9955785,"logger":"handler","caller":"server/handlers.go:101","msg":"received request","x-request-id":"6c9ffe92-61ae-4aba-9594-7355d84d22e6","path":"/v1/chat/completions","model":"Qwen/Qwen3-VL-32B-Instruct","stream":true}
{"level":"info","ts":1785055516.9993172,"logger":"handler.prefill","caller":"steps/prefill.go:98","msg":"sending request","x-request-id":"1e514e01-f93a-4215-b370-11852b71919d","path":"/v1/chat/completions"}
{"level":"info","ts":1785055517.01062,"logger":"handler.prefill","caller":"steps/prefill.go:98","msg":"sending request","x-request-id":"6c9ffe92-61ae-4aba-9594-7355d84d22e6","path":"/v1/chat/completions"}
{"level":"info","ts":1785055517.0114017,"logger":"handler","caller":"server/handlers.go:101","msg":"received request","x-request-id":"4473ac41-87dd-44b6-80d7-39185f4c9211","path":"/v1/chat/completions","model":"Qwen/Qwen3-VL-32B-Instruct","stream":true}
{"level":"info","ts":1785055517.0224714,"logger":"handler.prefill","caller":"steps/prefill.go:98","msg":"sending request","x-request-id":"4473ac41-87dd-44b6-80d7-39185f4c9211","path":"/v1/chat/completions"}
{"level":"info","ts":1785055517.0355496,"logger":"handler","caller":"server/handlers.go:101","msg":"received request","x-request-id":"6ad4e4e8-1974-4d9d-ac67-6745eaa543c7","path":"/v1/chat/completions","model":"Qwen/Qwen3-VL-32B-Instruct","stream":true}
{"level":"info","ts":1785055517.0540328,"logger":"handler.prefill","caller":"steps/prefill.go:98","msg":"sending request","x-request-id":"6ad4e4e8-1974-4d9d-ac67-6745eaa543c7","path":"/v1/chat/completions"}
{"level":"info","ts":1785055517.2158942,"logger":"handler.prefill","caller":"steps/prefill.go:126","msg":"complete","x-request-id":"250a8e81-d122-4cf6-8355-2af76f00c0e3"}
{"level":"info","ts":1785055517.215947,"logger":"handler.decode","caller":"steps/decode.go:72","msg":"sending request","x-request-id":"250a8e81-d122-4cf6-8355-2af76f00c0e3","path":"/v1/chat/completions","stream":true}
{"level":"info","ts":1785055517.982271,"logger":"handler.prefill","caller":"steps/prefill.go:126","msg":"complete","x-request-id":"8096dca4-65db-45d9-b405-514406411c48"}
{"level":"info","ts":1785055517.9823155,"logger":"handler.decode","caller":"steps/decode.go:72","msg":"sending request","x-request-id":"8096dca4-65db-45d9-b405-514406411c48","path":"/v1/chat/completions","stream":true}
{"level":"info","ts":1785055518.0521247,"logger":"handler.prefill","caller":"steps/prefill.go:126","msg":"complete","x-request-id":"5baf1a74-895e-40da-b23d-c8e18a78b65c"}
{"level":"info","ts":1785055518.05215,"logger":"handler.decode","caller":"steps/decode.go:72","msg":"sending request","x-request-id":"5baf1a74-895e-40da-b23d-c8e18a78b65c","path":"/v1/chat/completions","stream":true}
{"level":"info","ts":1785055518.0813386,"logger":"handler.prefill","caller":"steps/prefill.go:126","msg":"complete","x-request-id":"85151e43-9c9c-4d16-a1e0-51d9c9c7d2ff"}
{"level":"info","ts":1785055518.0813558,"logger":"handler.decode","caller":"steps/decode.go:72","msg":"sending request","x-request-id":"85151e43-9c9c-4d16-a1e0-51d9c9c7d2ff","path":"/v1/chat/completions","stream":true}
{"level":"info","ts":1785055518.1422606,"logger":"handler.prefill","caller":"steps/prefill.go:126","msg":"complete","x-request-id":"cc30cc9f-65d9-4710-b4b5-cf5a9be563c4"}
{"level":"info","ts":1785055518.1422787,"logger":"handler.decode","caller":"steps/decode.go:72","msg":"sending request","x-request-id":"cc30cc9f-65d9-4710-b4b5-cf5a9be563c4","path":"/v1/chat/completions","stream":true}
{"level":"info","ts":1785055518.3231034,"logger":"handler.prefill","caller":"steps/prefill.go:126","msg":"complete","x-request-id":"834ffeff-2ada-46db-89ce-f23d9ff10ca5"}
{"level":"info","ts":1785055518.3231204,"logger":"handler.decode","caller":"steps/decode.go:72","msg":"sending request","x-request-id":"834ffeff-2ada-46db-89ce-f23d9ff10ca5","path":"/v1/chat/completions","stream":true}
{"level":"info","ts":1785055519.0157452,"logger":"handler.prefill","caller":"steps/prefill.go:126","msg":"complete","x-request-id":"7a64d605-fb50-4a2e-8fe2-003a8ac24113"}
{"level":"info","ts":1785055519.0157647,"logger":"handler.decode","caller":"steps/decode.go:72","msg":"sending request","x-request-id":"7a64d605-fb50-4a2e-8fe2-003a8ac24113","path":"/v1/chat/completions","stream":true}
{"level":"info","ts":1785055519.1665509,"logger":"handler.prefill","caller":"steps/prefill.go:126","msg":"complete","x-request-id":"f4fbe2f6-6032-4175-842f-c60cf19ca0c4"}
{"level":"info","ts":1785055519.166569,"logger":"handler.decode","caller":"steps/decode.go:72","msg":"sending request","x-request-id":"f4fbe2f6-6032-4175-842f-c60cf19ca0c4","path":"/v1/chat/completions","stream":true}
{"level":"info","ts":1785055519.197476,"logger":"handler.prefill","caller":"steps/prefill.go:126","msg":"complete","x-request-id":"44f701d2-9808-4066-9ab7-c139a37c7556"}
{"level":"info","ts":1785055519.197491,"logger":"handler.decode","caller":"steps/decode.go:72","msg":"sending request","x-request-id":"44f701d2-9808-4066-9ab7-c139a37c7556","path":"/v1/chat/completions","stream":true}
{"level":"info","ts":1785055519.3984299,"logger":"handler.prefill","caller":"steps/prefill.go:126","msg":"complete","x-request-id":"fac87d91-8830-4698-86df-a36b194977fb"}
{"level":"info","ts":1785055519.3984768,"logger":"handler.decode","caller":"steps/decode.go:72","msg":"sending request","x-request-id":"fac87d91-8830-4698-86df-a36b194977fb","path":"/v1/chat/completions","stream":true}
{"level":"info","ts":1785055519.5911627,"logger":"handler.prefill","caller":"steps/prefill.go:126","msg":"complete","x-request-id":"270cead9-b0d1-4866-abef-3c7b706c23f5"}
{"level":"info","ts":1785055519.5912006,"logger":"handler.decode","caller":"steps/decode.go:72","msg":"sending request","x-request-id":"270cead9-b0d1-4866-abef-3c7b706c23f5","path":"/v1/chat/completions","stream":true}
{"level":"info","ts":1785055520.2663553,"logger":"handler.prefill","caller":"steps/prefill.go:126","msg":"complete","x-request-id":"8fb757cb-8c78-4678-9875-87acf3d2cdb9"}
{"level":"info","ts":1785055520.2663906,"logger":"handler.decode","caller":"steps/decode.go:72","msg":"sending request","x-request-id":"8fb757cb-8c78-4678-9875-87acf3d2cdb9","path":"/v1/chat/completions","stream":true}
{"level":"info","ts":1785055520.6436417,"logger":"handler.prefill","caller":"steps/prefill.go:126","msg":"complete","x-request-id":"af7a4de5-a03c-4e1a-baf0-7a48bde9b85b"}
{"level":"info","ts":1785055520.643686,"logger":"handler.decode","caller":"steps/decode.go:72","msg":"sending request","x-request-id":"af7a4de5-a03c-4e1a-baf0-7a48bde9b85b","path":"/v1/chat/completions","stream":true}
{"level":"info","ts":1785055520.7123954,"logger":"handler.prefill","caller":"steps/prefill.go:126","msg":"complete","x-request-id":"2a3f2ed7-83de-42a7-a477-b1c8cc8d8cc9"}
{"level":"info","ts":1785055520.7124422,"logger":"handler.decode","caller":"steps/decode.go:72","msg":"sending request","x-request-id":"2a3f2ed7-83de-42a7-a477-b1c8cc8d8cc9","path":"/v1/chat/completions","stream":true}
{"level":"info","ts":1785055521.1747484,"logger":"handler.prefill","caller":"steps/prefill.go:126","msg":"complete","x-request-id":"515af9e5-f3ec-410f-8ecb-571c45a232b7"}
{"level":"info","ts":1785055521.174788,"logger":"handler.decode","caller":"steps/decode.go:72","msg":"sending request","x-request-id":"515af9e5-f3ec-410f-8ecb-571c45a232b7","path":"/v1/chat/completions","stream":true}
{"level":"info","ts":1785055521.2109373,"logger":"handler.prefill","caller":"steps/prefill.go:126","msg":"complete","x-request-id":"dac9eada-7b00-49cd-9d29-f8242d7a0e3b"}
{"level":"info","ts":1785055521.210985,"logger":"handler.decode","caller":"steps/decode.go:72","msg":"sending request","x-request-id":"dac9eada-7b00-49cd-9d29-f8242d7a0e3b","path":"/v1/chat/completions","stream":true}
{"level":"info","ts":1785055521.329387,"logger":"handler.prefill","caller":"steps/prefill.go:126","msg":"complete","x-request-id":"4246eeb7-c1c4-4b8c-99b0-1ef5cdac8b66"}
{"level":"info","ts":1785055521.3294077,"logger":"handler.decode","caller":"steps/decode.go:72","msg":"sending request","x-request-id":"4246eeb7-c1c4-4b8c-99b0-1ef5cdac8b66","path":"/v1/chat/completions","stream":true}
{"level":"info","ts":1785055521.3295248,"logger":"handler.prefill","caller":"steps/prefill.go:126","msg":"complete","x-request-id":"84820f21-e054-49eb-96bc-d3349e56515f"}
{"level":"info","ts":1785055521.3295705,"logger":"handler.decode","caller":"steps/decode.go:72","msg":"sending request","x-request-id":"84820f21-e054-49eb-96bc-d3349e56515f","path":"/v1/chat/completions","stream":true}
{"level":"info","ts":1785055521.6849575,"logger":"handler.prefill","caller":"steps/prefill.go:126","msg":"complete","x-request-id":"ab2e3878-6fdc-46c2-9194-3ce745d17937"}
{"level":"info","ts":1785055521.6850016,"logger":"handler.decode","caller":"steps/decode.go:72","msg":"sending request","x-request-id":"ab2e3878-6fdc-46c2-9194-3ce745d17937","path":"/v1/chat/completions","stream":true}
{"level":"info","ts":1785055521.685006,"logger":"handler.prefill","caller":"steps/prefill.go:126","msg":"complete","x-request-id":"1730c62d-ae19-49cf-a0d2-78f4260e5877"}
{"level":"info","ts":1785055521.6850243,"logger":"handler.decode","caller":"steps/decode.go:72","msg":"sending request","x-request-id":"1730c62d-ae19-49cf-a0d2-78f4260e5877","path":"/v1/chat/completions","stream":true}
{"level":"info","ts":1785055521.9555078,"logger":"handler.prefill","caller":"steps/prefill.go:126","msg":"complete","x-request-id":"78068a96-4ebc-473d-9028-d0bcfce8876a"}
{"level":"info","ts":1785055521.9555247,"logger":"handler.decode","caller":"steps/decode.go:72","msg":"sending request","x-request-id":"78068a96-4ebc-473d-9028-d0bcfce8876a","path":"/v1/chat/completions","stream":true}
{"level":"info","ts":1785055522.3087518,"logger":"handler.prefill","caller":"steps/prefill.go:126","msg":"complete","x-request-id":"c2d3e528-72e6-4060-a641-16003162b6fc"}
{"level":"info","ts":1785055522.3087883,"logger":"handler.decode","caller":"steps/decode.go:72","msg":"sending request","x-request-id":"c2d3e528-72e6-4060-a641-16003162b6fc","path":"/v1/chat/completions","stream":true}
{"level":"info","ts":1785055522.4777365,"logger":"handler.prefill","caller":"steps/prefill.go:126","msg":"complete","x-request-id":"c0c363f9-af86-48d7-8b48-2cd7447f5ac5"}
{"level":"info","ts":1785055522.4777558,"logger":"handler.decode","caller":"steps/decode.go:72","msg":"sending request","x-request-id":"c0c363f9-af86-48d7-8b48-2cd7447f5ac5","path":"/v1/chat/completions","stream":true}
{"level":"info","ts":1785055522.6406744,"logger":"handler.prefill","caller":"steps/prefill.go:126","msg":"complete","x-request-id":"67bf41f6-5aa1-4ec4-b258-f809487b00cc"}
{"level":"info","ts":1785055522.6407206,"logger":"handler.decode","caller":"steps/decode.go:72","msg":"sending request","x-request-id":"67bf41f6-5aa1-4ec4-b258-f809487b00cc","path":"/v1/chat/completions","stream":true}
{"level":"info","ts":1785055523.0777435,"logger":"handler.prefill","caller":"steps/prefill.go:126","msg":"complete","x-request-id":"cba1427a-279b-4cbd-99b7-d96e41a47497"}
{"level":"info","ts":1785055523.077783,"logger":"handler.decode","caller":"steps/decode.go:72","msg":"sending request","x-request-id":"cba1427a-279b-4cbd-99b7-d96e41a47497","path":"/v1/chat/completions","stream":true}
{"level":"info","ts":1785055523.3598466,"logger":"handler.prefill","caller":"steps/prefill.go:126","msg":"complete","x-request-id":"32083ce8-8816-4e84-a5ea-882ecf48eb09"}
{"level":"info","ts":1785055523.3598912,"logger":"handler.decode","caller":"steps/decode.go:72","msg":"sending request","x-request-id":"32083ce8-8816-4e84-a5ea-882ecf48eb09","path":"/v1/chat/completions","stream":true}
{"level":"info","ts":1785055523.4676633,"logger":"handler.prefill","caller":"steps/prefill.go:126","msg":"complete","x-request-id":"b17be9df-cf5d-434a-986a-f8ec43ca0a84"}
{"level":"info","ts":1785055523.467707,"logger":"handler.decode","caller":"steps/decode.go:72","msg":"sending request","x-request-id":"b17be9df-cf5d-434a-986a-f8ec43ca0a84","path":"/v1/chat/completions","stream":true}
{"level":"info","ts":1785055523.4677396,"logger":"handler.prefill","caller":"steps/prefill.go:126","msg":"complete","x-request-id":"fd15e424-ef66-496d-a0a8-8242334ef2b3"}
{"level":"info","ts":1785055523.4677606,"logger":"handler.decode","caller":"steps/decode.go:72","msg":"sending request","x-request-id":"fd15e424-ef66-496d-a0a8-8242334ef2b3","path":"/v1/chat/completions","stream":true}
{"level":"info","ts":1785055523.8516343,"logger":"handler.prefill","caller":"steps/prefill.go:126","msg":"complete","x-request-id":"27a6895d-0854-4b52-a72e-e8a0be6d37e0"}
{"level":"info","ts":1785055523.8516808,"logger":"handler.decode","caller":"steps/decode.go:72","msg":"sending request","x-request-id":"27a6895d-0854-4b52-a72e-e8a0be6d37e0","path":"/v1/chat/completions","stream":true}
{"level":"info","ts":1785055523.911857,"logger":"handler.prefill","caller":"steps/prefill.go:126","msg":"complete","x-request-id":"fbff28e6-be2f-415d-ace2-5692ec64827e"}
{"level":"info","ts":1785055523.911906,"logger":"handler.prefill","caller":"steps/prefill.go:126","msg":"complete","x-request-id":"be22b698-b513-4c67-b1dc-47f19bf59643"}
{"level":"info","ts":1785055523.9119143,"logger":"handler.decode","caller":"steps/decode.go:72","msg":"sending request","x-request-id":"fbff28e6-be2f-415d-ace2-5692ec64827e","path":"/v1/chat/completions","stream":true}
{"level":"info","ts":1785055523.9119291,"logger":"handler.decode","caller":"steps/decode.go:72","msg":"sending request","x-request-id":"be22b698-b513-4c67-b1dc-47f19bf59643","path":"/v1/chat/completions","stream":true}
{"level":"info","ts":1785055523.9119675,"logger":"handler.prefill","caller":"steps/prefill.go:126","msg":"complete","x-request-id":"441af3ab-1593-470e-88e7-beed066d253e"}
{"level":"info","ts":1785055523.91202,"logger":"handler.decode","caller":"steps/decode.go:72","msg":"sending request","x-request-id":"441af3ab-1593-470e-88e7-beed066d253e","path":"/v1/chat/completions","stream":true}
{"level":"info","ts":1785055524.4332695,"logger":"handler.prefill","caller":"steps/prefill.go:126","msg":"complete","x-request-id":"c8025a99-eab3-40ee-9246-7c43832bd20d"}
{"level":"info","ts":1785055524.4333158,"logger":"handler.decode","caller":"steps/decode.go:72","msg":"sending request","x-request-id":"c8025a99-eab3-40ee-9246-7c43832bd20d","path":"/v1/chat/completions","stream":true}
{"level":"info","ts":1785055524.5096252,"logger":"handler.prefill","caller":"steps/prefill.go:126","msg":"complete","x-request-id":"962ad4aa-c958-4b66-b02f-26910c623468"}
{"level":"info","ts":1785055524.5096664,"logger":"handler.decode","caller":"steps/decode.go:72","msg":"sending request","x-request-id":"962ad4aa-c958-4b66-b02f-26910c623468","path":"/v1/chat/completions","stream":true}
{"level":"info","ts":1785055524.5096266,"logger":"handler.prefill","caller":"steps/prefill.go:126","msg":"complete","x-request-id":"6113cc90-bcf3-41bf-8168-115fbe29e746"}
{"level":"info","ts":1785055524.5097227,"logger":"handler.decode","caller":"steps/decode.go:72","msg":"sending request","x-request-id":"6113cc90-bcf3-41bf-8168-115fbe29e746","path":"/v1/chat/completions","stream":true}
{"level":"info","ts":1785055524.6920877,"logger":"handler.prefill","caller":"steps/prefill.go:126","msg":"complete","x-request-id":"8031bb3b-c588-4f1a-b4bf-7369bdaba773"}
{"level":"info","ts":1785055524.692124,"logger":"handler.decode","caller":"steps/decode.go:72","msg":"sending request","x-request-id":"8031bb3b-c588-4f1a-b4bf-7369bdaba773","path":"/v1/chat/completions","stream":true}
{"level":"info","ts":1785055524.6921616,"logger":"handler.prefill","caller":"steps/prefill.go:126","msg":"complete","x-request-id":"2bc94f55-d9e1-41c3-b394-ae39d546e690"}
{"level":"info","ts":1785055524.6921885,"logger":"handler.decode","caller":"steps/decode.go:72","msg":"sending request","x-request-id":"2bc94f55-d9e1-41c3-b394-ae39d546e690","path":"/v1/chat/completions","stream":true}
{"level":"info","ts":1785055525.0466022,"logger":"handler.prefill","caller":"steps/prefill.go:126","msg":"complete","x-request-id":"eb3f0a4a-8685-4b9f-a9ae-594d9881b31e"}
{"level":"info","ts":1785055525.0466392,"logger":"handler.decode","caller":"steps/decode.go:72","msg":"sending request","x-request-id":"eb3f0a4a-8685-4b9f-a9ae-594d9881b31e","path":"/v1/chat/completions","stream":true}
{"level":"info","ts":1785055525.046636,"logger":"handler.prefill","caller":"steps/prefill.go:126","msg":"complete","x-request-id":"6865578a-b0d3-4581-9e5c-276127cedb9d"}
{"level":"info","ts":1785055525.0466633,"logger":"handler.decode","caller":"steps/decode.go:72","msg":"sending request","x-request-id":"6865578a-b0d3-4581-9e5c-276127cedb9d","path":"/v1/chat/completions","stream":true}
{"level":"info","ts":1785055525.0964434,"logger":"handler.prefill","caller":"steps/prefill.go:126","msg":"complete","x-request-id":"ceafff15-c6d2-4366-829d-b13ed20ebf08"}
{"level":"info","ts":1785055525.0964785,"logger":"handler.decode","caller":"steps/decode.go:72","msg":"sending request","x-request-id":"ceafff15-c6d2-4366-829d-b13ed20ebf08","path":"/v1/chat/completions","stream":true}
{"level":"info","ts":1785055525.2642658,"logger":"handler.prefill","caller":"steps/prefill.go:126","msg":"complete","x-request-id":"eb22568f-d625-4bc9-ad35-78c47880460e"}
{"level":"info","ts":1785055525.2643106,"logger":"handler.decode","caller":"steps/decode.go:72","msg":"sending request","x-request-id":"eb22568f-d625-4bc9-ad35-78c47880460e","path":"/v1/chat/completions","stream":true}
{"level":"info","ts":1785055525.5627646,"logger":"handler.prefill","caller":"steps/prefill.go:126","msg":"complete","x-request-id":"9baf6360-38ca-4a4f-bee1-f1d25d5ce710"}
{"level":"info","ts":1785055525.562796,"logger":"handler.decode","caller":"steps/decode.go:72","msg":"sending request","x-request-id":"9baf6360-38ca-4a4f-bee1-f1d25d5ce710","path":"/v1/chat/completions","stream":true}
{"level":"info","ts":1785055525.562821,"logger":"handler.prefill","caller":"steps/prefill.go:126","msg":"complete","x-request-id":"4f37ce89-1f66-4741-8c3d-471dfc195f3a"}
{"level":"info","ts":1785055525.5628638,"logger":"handler.decode","caller":"steps/decode.go:72","msg":"sending request","x-request-id":"4f37ce89-1f66-4741-8c3d-471dfc195f3a","path":"/v1/chat/completions","stream":true}
{"level":"info","ts":1785055525.5630949,"logger":"handler.prefill","caller":"steps/prefill.go:126","msg":"complete","x-request-id":"89e14f62-9496-4e35-ba20-04044c7c29f9"}
{"level":"info","ts":1785055525.5631146,"logger":"handler.decode","caller":"steps/decode.go:72","msg":"sending request","x-request-id":"89e14f62-9496-4e35-ba20-04044c7c29f9","path":"/v1/chat/completions","stream":true}
{"level":"info","ts":1785055525.7025466,"logger":"handler.prefill","caller":"steps/prefill.go:126","msg":"complete","x-request-id":"03a7953f-0365-4bdd-ad8a-d529d81cbe8e"}
{"level":"info","ts":1785055525.7025883,"logger":"handler.decode","caller":"steps/decode.go:72","msg":"sending request","x-request-id":"03a7953f-0365-4bdd-ad8a-d529d81cbe8e","path":"/v1/chat/completions","stream":true}
{"level":"info","ts":1785055525.8687315,"logger":"handler.prefill","caller":"steps/prefill.go:126","msg":"complete","x-request-id":"08446368-9437-4433-8edf-76f465abd6d5"}
{"level":"info","ts":1785055525.868769,"logger":"handler.decode","caller":"steps/decode.go:72","msg":"sending request","x-request-id":"08446368-9437-4433-8edf-76f465abd6d5","path":"/v1/chat/completions","stream":true}
{"level":"info","ts":1785055526.1349688,"logger":"handler.prefill","caller":"steps/prefill.go:126","msg":"complete","x-request-id":"2b35c2d8-a744-4a13-b456-92d03121af7d"}
{"level":"info","ts":1785055526.135009,"logger":"handler.decode","caller":"steps/decode.go:72","msg":"sending request","x-request-id":"2b35c2d8-a744-4a13-b456-92d03121af7d","path":"/v1/chat/completions","stream":true}
{"level":"info","ts":1785055526.1350229,"logger":"handler.prefill","caller":"steps/prefill.go:126","msg":"complete","x-request-id":"28aa4b10-c738-4852-b13a-eeb38d5d76ee"}
{"level":"info","ts":1785055526.1350749,"logger":"handler.decode","caller":"steps/decode.go:72","msg":"sending request","x-request-id":"28aa4b10-c738-4852-b13a-eeb38d5d76ee","path":"/v1/chat/completions","stream":true}
{"level":"info","ts":1785055526.135161,"logger":"handler.prefill","caller":"steps/prefill.go:126","msg":"complete","x-request-id":"bf29c8f6-1181-4ac4-9871-0bf39558cf11"}
{"level":"info","ts":1785055526.135182,"logger":"handler.decode","caller":"steps/decode.go:72","msg":"sending request","x-request-id":"bf29c8f6-1181-4ac4-9871-0bf39558cf11","path":"/v1/chat/completions","stream":true}
{"level":"info","ts":1785055526.287793,"logger":"handler.prefill","caller":"steps/prefill.go:126","msg":"complete","x-request-id":"49cece3f-d817-4e18-bcf3-b418604b9ff0"}
{"level":"info","ts":1785055526.2878213,"logger":"handler.decode","caller":"steps/decode.go:72","msg":"sending request","x-request-id":"49cece3f-d817-4e18-bcf3-b418604b9ff0","path":"/v1/chat/completions","stream":true}
{"level":"info","ts":1785055526.2879014,"logger":"handler.prefill","caller":"steps/prefill.go:126","msg":"complete","x-request-id":"1bbcbf6d-4dc0-44dd-a07c-df8d1c7d2af2"}
{"level":"info","ts":1785055526.2879393,"logger":"handler.decode","caller":"steps/decode.go:72","msg":"sending request","x-request-id":"1bbcbf6d-4dc0-44dd-a07c-df8d1c7d2af2","path":"/v1/chat/completions","stream":true}
{"level":"info","ts":1785055526.2930324,"logger":"handler.prefill","caller":"steps/prefill.go:126","msg":"complete","x-request-id":"69ab659d-94b4-405e-98d7-ab48b0b0caae"}
{"level":"info","ts":1785055526.2930574,"logger":"handler.decode","caller":"steps/decode.go:72","msg":"sending request","x-request-id":"69ab659d-94b4-405e-98d7-ab48b0b0caae","path":"/v1/chat/completions","stream":true}
{"level":"info","ts":1785055526.7093928,"logger":"handler.prefill","caller":"steps/prefill.go:126","msg":"complete","x-request-id":"ba4fb42f-c455-467f-bde1-5a5ed9350964"}
{"level":"info","ts":1785055526.7094402,"logger":"handler.decode","caller":"steps/decode.go:72","msg":"sending request","x-request-id":"ba4fb42f-c455-467f-bde1-5a5ed9350964","path":"/v1/chat/completions","stream":true}
{"level":"info","ts":1785055526.9230208,"logger":"handler.prefill","caller":"steps/prefill.go:126","msg":"complete","x-request-id":"51f23085-19c5-4b5b-be77-3349d44fce6b"}
{"level":"info","ts":1785055526.9230618,"logger":"handler.decode","caller":"steps/decode.go:72","msg":"sending request","x-request-id":"51f23085-19c5-4b5b-be77-3349d44fce6b","path":"/v1/chat/completions","stream":true}
{"level":"info","ts":1785055527.2835824,"logger":"handler.prefill","caller":"steps/prefill.go:126","msg":"complete","x-request-id":"01d85314-e1d4-460c-b6de-d327ef77aaf3"}
{"level":"info","ts":1785055527.283631,"logger":"handler.decode","caller":"steps/decode.go:72","msg":"sending request","x-request-id":"01d85314-e1d4-460c-b6de-d327ef77aaf3","path":"/v1/chat/completions","stream":true}
{"level":"info","ts":1785055527.4773715,"logger":"handler.prefill","caller":"steps/prefill.go:126","msg":"complete","x-request-id":"6db7ab18-b588-4749-a939-ba4a5eebb201"}
{"level":"info","ts":1785055527.4774134,"logger":"handler.decode","caller":"steps/decode.go:72","msg":"sending request","x-request-id":"6db7ab18-b588-4749-a939-ba4a5eebb201","path":"/v1/chat/completions","stream":true}
{"level":"info","ts":1785055527.477723,"logger":"handler.prefill","caller":"steps/prefill.go:126","msg":"complete","x-request-id":"d1f47182-5aeb-4a16-9d22-80c736a94f4d"}
{"level":"info","ts":1785055527.4777644,"logger":"handler.decode","caller":"steps/decode.go:72","msg":"sending request","x-request-id":"d1f47182-5aeb-4a16-9d22-80c736a94f4d","path":"/v1/chat/completions","stream":true}
{"level":"info","ts":1785055527.5342877,"logger":"handler.prefill","caller":"steps/prefill.go:126","msg":"complete","x-request-id":"1d85c6ae-9c1c-40f8-93ab-57ca69ef4781"}
{"level":"info","ts":1785055527.5343244,"logger":"handler.decode","caller":"steps/decode.go:72","msg":"sending request","x-request-id":"1d85c6ae-9c1c-40f8-93ab-57ca69ef4781","path":"/v1/chat/completions","stream":true}
{"level":"info","ts":1785055527.8708575,"logger":"handler.prefill","caller":"steps/prefill.go:126","msg":"complete","x-request-id":"85d584e4-da38-4277-8cd1-605805e9735e"}
{"level":"info","ts":1785055527.8708978,"logger":"handler.decode","caller":"steps/decode.go:72","msg":"sending request","x-request-id":"85d584e4-da38-4277-8cd1-605805e9735e","path":"/v1/chat/completions","stream":true}
{"level":"info","ts":1785055527.8709223,"logger":"handler.prefill","caller":"steps/prefill.go:126","msg":"complete","x-request-id":"fbfa7621-b88d-4559-b2c4-0e4c78bb3a75"}
{"level":"info","ts":1785055527.8709664,"logger":"handler.decode","caller":"steps/decode.go:72","msg":"sending request","x-request-id":"fbfa7621-b88d-4559-b2c4-0e4c78bb3a75","path":"/v1/chat/completions","stream":true}
{"level":"info","ts":1785055528.0107415,"logger":"handler.prefill","caller":"steps/prefill.go:126","msg":"complete","x-request-id":"d0ca363a-8a8c-4496-9956-0a93c1ce7f4c"}
{"level":"info","ts":1785055528.0107799,"logger":"handler.prefill","caller":"steps/prefill.go:126","msg":"complete","x-request-id":"f42e0f29-7fd6-4551-8f57-94fc33050cb3"}
{"level":"info","ts":1785055528.0107858,"logger":"handler.decode","caller":"steps/decode.go:72","msg":"sending request","x-request-id":"d0ca363a-8a8c-4496-9956-0a93c1ce7f4c","path":"/v1/chat/completions","stream":true}
{"level":"info","ts":1785055528.0108004,"logger":"handler.decode","caller":"steps/decode.go:72","msg":"sending request","x-request-id":"f42e0f29-7fd6-4551-8f57-94fc33050cb3","path":"/v1/chat/completions","stream":true}
{"level":"info","ts":1785055528.091625,"logger":"handler.prefill","caller":"steps/prefill.go:126","msg":"complete","x-request-id":"b9c4c016-9538-46e0-ac75-a2a8193b0c33"}
{"level":"info","ts":1785055528.0916493,"logger":"handler.decode","caller":"steps/decode.go:72","msg":"sending request","x-request-id":"b9c4c016-9538-46e0-ac75-a2a8193b0c33","path":"/v1/chat/completions","stream":true}
{"level":"info","ts":1785055528.0916917,"logger":"handler.prefill","caller":"steps/prefill.go:126","msg":"complete","x-request-id":"b64f8461-1398-44b8-b45e-14b4e8811964"}
{"level":"info","ts":1785055528.091712,"logger":"handler.decode","caller":"steps/decode.go:72","msg":"sending request","x-request-id":"b64f8461-1398-44b8-b45e-14b4e8811964","path":"/v1/chat/completions","stream":true}
{"level":"info","ts":1785055528.4510741,"logger":"handler.prefill","caller":"steps/prefill.go:126","msg":"complete","x-request-id":"4c2ebff1-56fe-46c0-baf2-b9897f9fed0b"}
{"level":"info","ts":1785055528.4511044,"logger":"handler.decode","caller":"steps/decode.go:72","msg":"sending request","x-request-id":"4c2ebff1-56fe-46c0-baf2-b9897f9fed0b","path":"/v1/chat/completions","stream":true}
{"level":"info","ts":1785055528.6425447,"logger":"handler.prefill","caller":"steps/prefill.go:126","msg":"complete","x-request-id":"b2edaa03-e461-9739-b6b2-9cd48c4c4d59"}
{"level":"info","ts":1785055528.6425693,"logger":"handler.decode","caller":"steps/decode.go:72","msg":"sending request","x-request-id":"b2edaa03-e461-9739-b6b2-9cd48c4c4d59","path":"/v1/chat/completions","stream":true}
{"level":"info","ts":1785055528.6427019,"logger":"handler.prefill","caller":"steps/prefill.go:126","msg":"complete","x-request-id":"f7a266ad-8563-4317-962f-bc220325dbd1"}
{"level":"info","ts":1785055528.6427472,"logger":"handler.decode","caller":"steps/decode.go:72","msg":"sending request","x-request-id":"f7a266ad-8563-4317-962f-bc220325dbd1","path":"/v1/chat/completions","stream":true}
{"level":"info","ts":1785055528.6896064,"logger":"handler.prefill","caller":"steps/prefill.go:126","msg":"complete","x-request-id":"aec06c7c-7251-4265-8aca-95ac542af002"}
{"level":"info","ts":1785055528.689632,"logger":"handler.decode","caller":"steps/decode.go:72","msg":"sending request","x-request-id":"aec06c7c-7251-4265-8aca-95ac542af002","path":"/v1/chat/completions","stream":true}
{"level":"info","ts":1785055529.0230222,"logger":"handler.prefill","caller":"steps/prefill.go:126","msg":"complete","x-request-id":"b8562c6f-b4b2-42d3-b7c3-8c6ff4d33af2"}
{"level":"info","ts":1785055529.0230622,"logger":"handler.decode","caller":"steps/decode.go:72","msg":"sending request","x-request-id":"b8562c6f-b4b2-42d3-b7c3-8c6ff4d33af2","path":"/v1/chat/completions","stream":true}
{"level":"info","ts":1785055529.0231645,"logger":"handler.prefill","caller":"steps/prefill.go:126","msg":"complete","x-request-id":"25598a01-0cba-4c11-9a33-45bcc1d65a07"}
{"level":"info","ts":1785055529.023199,"logger":"handler.decode","caller":"steps/decode.go:72","msg":"sending request","x-request-id":"25598a01-0cba-4c11-9a33-45bcc1d65a07","path":"/v1/chat/completions","stream":true}
{"level":"info","ts":1785055529.168914,"logger":"handler.prefill","caller":"steps/prefill.go:126","msg":"complete","x-request-id":"2507e896-b371-4e65-b22f-4f10af05eaeb"}
{"level":"info","ts":1785055529.1689568,"logger":"handler.decode","caller":"steps/decode.go:72","msg":"sending request","x-request-id":"2507e896-b371-4e65-b22f-4f10af05eaeb","path":"/v1/chat/completions","stream":true}
{"level":"info","ts":1785055529.1689587,"logger":"handler.prefill","caller":"steps/prefill.go:126","msg":"complete","x-request-id":"15aebb3a-4148-4797-98b8-75404a85fa96"}
{"level":"info","ts":1785055529.1689994,"logger":"handler.decode","caller":"steps/decode.go:72","msg":"sending request","x-request-id":"15aebb3a-4148-4797-98b8-75404a85fa96","path":"/v1/chat/completions","stream":true}
{"level":"info","ts":1785055529.2813709,"logger":"handler.prefill","caller":"steps/prefill.go:126","msg":"complete","x-request-id":"e8982255-4543-40bc-af69-c65ff1f54e9e"}
{"level":"info","ts":1785055529.2814162,"logger":"handler.decode","caller":"steps/decode.go:72","msg":"sending request","x-request-id":"e8982255-4543-40bc-af69-c65ff1f54e9e","path":"/v1/chat/completions","stream":true}
{"level":"info","ts":1785055529.281441,"logger":"handler.prefill","caller":"steps/prefill.go:126","msg":"complete","x-request-id":"9e8666bf-6c75-4725-8188-e7e1f1e90da2"}
{"level":"info","ts":1785055529.28146,"logger":"handler.decode","caller":"steps/decode.go:72","msg":"sending request","x-request-id":"9e8666bf-6c75-4725-8188-e7e1f1e90da2","path":"/v1/chat/completions","stream":true}
{"level":"info","ts":1785055529.282437,"logger":"handler.prefill","caller":"steps/prefill.go:126","msg":"complete","x-request-id":"1cdf3ab4-ceaf-4310-af4b-9df8fb53b321"}
{"level":"info","ts":1785055529.2824607,"logger":"handler.decode","caller":"steps/decode.go:72","msg":"sending request","x-request-id":"1cdf3ab4-ceaf-4310-af4b-9df8fb53b321","path":"/v1/chat/completions","stream":true}
{"level":"info","ts":1785055529.5981503,"logger":"handler.prefill","caller":"steps/prefill.go:126","msg":"complete","x-request-id":"49ab0c5a-b7bf-4f37-9183-8ddad0040459"}
{"level":"info","ts":1785055529.5981846,"logger":"handler.decode","caller":"steps/decode.go:72","msg":"sending request","x-request-id":"49ab0c5a-b7bf-4f37-9183-8ddad0040459","path":"/v1/chat/completions","stream":true}
{"level":"info","ts":1785055529.7708693,"logger":"handler.prefill","caller":"steps/prefill.go:126","msg":"complete","x-request-id":"6d4cc143-15d5-4f62-873f-3d9bd3f0b0e4"}
{"level":"info","ts":1785055529.7708952,"logger":"handler.prefill","caller":"steps/prefill.go:126","msg":"complete","x-request-id":"32446d0e-9632-49a4-b248-5f0389c1349c"}
{"level":"info","ts":1785055529.7709055,"logger":"handler.decode","caller":"steps/decode.go:72","msg":"sending request","x-request-id":"6d4cc143-15d5-4f62-873f-3d9bd3f0b0e4","path":"/v1/chat/completions","stream":true}
{"level":"info","ts":1785055529.7709131,"logger":"handler.decode","caller":"steps/decode.go:72","msg":"sending request","x-request-id":"32446d0e-9632-49a4-b248-5f0389c1349c","path":"/v1/chat/completions","stream":true}
{"level":"info","ts":1785055529.8959708,"logger":"handler.prefill","caller":"steps/prefill.go:126","msg":"complete","x-request-id":"f960ab9c-c006-4dd3-b2d9-07b64f480aea"}
{"level":"info","ts":1785055529.8960068,"logger":"handler.decode","caller":"steps/decode.go:72","msg":"sending request","x-request-id":"f960ab9c-c006-4dd3-b2d9-07b64f480aea","path":"/v1/chat/completions","stream":true}
{"level":"info","ts":1785055530.1835265,"logger":"handler.prefill","caller":"steps/prefill.go:126","msg":"complete","x-request-id":"3af8e5a3-3ad0-4e70-986e-2d356b0b4710"}
{"level":"info","ts":1785055530.1835523,"logger":"handler.decode","caller":"steps/decode.go:72","msg":"sending request","x-request-id":"3af8e5a3-3ad0-4e70-986e-2d356b0b4710","path":"/v1/chat/completions","stream":true}
{"level":"info","ts":1785055530.3496883,"logger":"handler.prefill","caller":"steps/prefill.go:126","msg":"complete","x-request-id":"7be2f322-8cbf-4676-94e0-edaf4812d32f"}
{"level":"info","ts":1785055530.34971,"logger":"handler.decode","caller":"steps/decode.go:72","msg":"sending request","x-request-id":"7be2f322-8cbf-4676-94e0-edaf4812d32f","path":"/v1/chat/completions","stream":true}
{"level":"info","ts":1785055530.3497002,"logger":"handler.prefill","caller":"steps/prefill.go:126","msg":"complete","x-request-id":"c43112a3-bf66-4e4c-8a46-f950632b111b"}
{"level":"info","ts":1785055530.349726,"logger":"handler.decode","caller":"steps/decode.go:72","msg":"sending request","x-request-id":"c43112a3-bf66-4e4c-8a46-f950632b111b","path":"/v1/chat/completions","stream":true}
{"level":"info","ts":1785055530.3497336,"logger":"handler.prefill","caller":"steps/prefill.go:126","msg":"complete","x-request-id":"557bcb38-d5fc-46de-91dd-9979a18a9771"}
{"level":"info","ts":1785055530.3497548,"logger":"handler.decode","caller":"steps/decode.go:72","msg":"sending request","x-request-id":"557bcb38-d5fc-46de-91dd-9979a18a9771","path":"/v1/chat/completions","stream":true}
{"level":"info","ts":1785055530.4744413,"logger":"handler.prefill","caller":"steps/prefill.go:126","msg":"complete","x-request-id":"958c1de4-ef8f-4604-9fca-ba846e90d77f"}
{"level":"info","ts":1785055530.4744697,"logger":"handler.decode","caller":"steps/decode.go:72","msg":"sending request","x-request-id":"958c1de4-ef8f-4604-9fca-ba846e90d77f","path":"/v1/chat/completions","stream":true}
{"level":"info","ts":1785055530.7683496,"logger":"handler.prefill","caller":"steps/prefill.go:126","msg":"complete","x-request-id":"28ead407-9867-47a9-8498-1a1278645432"}
{"level":"info","ts":1785055530.768393,"logger":"handler.decode","caller":"steps/decode.go:72","msg":"sending request","x-request-id":"28ead407-9867-47a9-8498-1a1278645432","path":"/v1/chat/completions","stream":true}
{"level":"info","ts":1785055531.073581,"logger":"handler.prefill","caller":"steps/prefill.go:126","msg":"complete","x-request-id":"3a682fa9-214f-42ba-84b7-2cb0d1822db2"}
{"level":"info","ts":1785055531.0736375,"logger":"handler.decode","caller":"steps/decode.go:72","msg":"sending request","x-request-id":"3a682fa9-214f-42ba-84b7-2cb0d1822db2","path":"/v1/chat/completions","stream":true}
{"level":"info","ts":1785055531.1031268,"logger":"handler.prefill","caller":"steps/prefill.go:126","msg":"complete","x-request-id":"ecaff1d6-7236-436f-90f9-6e5eaf01264b"}
{"level":"info","ts":1785055531.1031535,"logger":"handler.decode","caller":"steps/decode.go:72","msg":"sending request","x-request-id":"ecaff1d6-7236-436f-90f9-6e5eaf01264b","path":"/v1/chat/completions","stream":true}
{"level":"info","ts":1785055531.103198,"logger":"handler.prefill","caller":"steps/prefill.go:126","msg":"complete","x-request-id":"0e4ae35e-bd2b-46f8-a0ce-3ce294dd474e"}
{"level":"info","ts":1785055531.1032157,"logger":"handler.decode","caller":"steps/decode.go:72","msg":"sending request","x-request-id":"0e4ae35e-bd2b-46f8-a0ce-3ce294dd474e","path":"/v1/chat/completions","stream":true}
{"level":"info","ts":1785055531.5287008,"logger":"handler.prefill","caller":"steps/prefill.go:126","msg":"complete","x-request-id":"b84a141d-4bee-47a3-b225-ccde30ed877f"}
{"level":"info","ts":1785055531.5287235,"logger":"handler.decode","caller":"steps/decode.go:72","msg":"sending request","x-request-id":"b84a141d-4bee-47a3-b225-ccde30ed877f","path":"/v1/chat/completions","stream":true}
{"level":"info","ts":1785055531.6670237,"logger":"handler.prefill","caller":"steps/prefill.go:126","msg":"complete","x-request-id":"5fc8addd-c052-46ec-af02-2251cc4a16f0"}
{"level":"info","ts":1785055531.667052,"logger":"handler.decode","caller":"steps/decode.go:72","msg":"sending request","x-request-id":"5fc8addd-c052-46ec-af02-2251cc4a16f0","path":"/v1/chat/completions","stream":true}
{"level":"info","ts":1785055532.12418,"logger":"handler.prefill","caller":"steps/prefill.go:126","msg":"complete","x-request-id":"cc7d255a-ae07-4cdf-bde3-10bc0a2c9918"}
{"level":"info","ts":1785055532.1242237,"logger":"handler.decode","caller":"steps/decode.go:72","msg":"sending request","x-request-id":"cc7d255a-ae07-4cdf-bde3-10bc0a2c9918","path":"/v1/chat/completions","stream":true}
{"level":"info","ts":1785055532.2767162,"logger":"handler.prefill","caller":"steps/prefill.go:126","msg":"complete","x-request-id":"33275778-d12a-4ede-91e7-a53585ca6be6"}
{"level":"info","ts":1785055532.2767568,"logger":"handler.decode","caller":"steps/decode.go:72","msg":"sending request","x-request-id":"33275778-d12a-4ede-91e7-a53585ca6be6","path":"/v1/chat/completions","stream":true}
{"level":"info","ts":1785055532.3445697,"logger":"handler.prefill","caller":"steps/prefill.go:126","msg":"complete","x-request-id":"91cd7232-38ba-4d54-8fd4-f17579ba7368"}
{"level":"info","ts":1785055532.3446064,"logger":"handler.decode","caller":"steps/decode.go:72","msg":"sending request","x-request-id":"91cd7232-38ba-4d54-8fd4-f17579ba7368","path":"/v1/chat/completions","stream":true}
{"level":"info","ts":1785055532.705612,"logger":"handler.prefill","caller":"steps/prefill.go:126","msg":"complete","x-request-id":"3a5c6496-c7f1-417e-a00b-b3636de0dc38"}
{"level":"info","ts":1785055532.7056408,"logger":"handler.prefill","caller":"steps/prefill.go:126","msg":"complete","x-request-id":"33d2f57d-a321-4d29-bd00-6968e565c68b"}
{"level":"info","ts":1785055532.7056575,"logger":"handler.decode","caller":"steps/decode.go:72","msg":"sending request","x-request-id":"3a5c6496-c7f1-417e-a00b-b3636de0dc38","path":"/v1/chat/completions","stream":true}
{"level":"info","ts":1785055532.7056766,"logger":"handler.decode","caller":"steps/decode.go:72","msg":"sending request","x-request-id":"33d2f57d-a321-4d29-bd00-6968e565c68b","path":"/v1/chat/completions","stream":true}
{"level":"info","ts":1785055532.869788,"logger":"handler.prefill","caller":"steps/prefill.go:126","msg":"complete","x-request-id":"698ea949-ba00-473b-a582-0a3506df8539"}
{"level":"info","ts":1785055532.869839,"logger":"handler.decode","caller":"steps/decode.go:72","msg":"sending request","x-request-id":"698ea949-ba00-473b-a582-0a3506df8539","path":"/v1/chat/completions","stream":true}
{"level":"info","ts":1785055532.933126,"logger":"handler.prefill","caller":"steps/prefill.go:126","msg":"complete","x-request-id":"8d802bf1-b731-4ca9-b073-285b5cafc242"}
{"level":"info","ts":1785055532.9331713,"logger":"handler.decode","caller":"steps/decode.go:72","msg":"sending request","x-request-id":"8d802bf1-b731-4ca9-b073-285b5cafc242","path":"/v1/chat/completions","stream":true}
{"level":"info","ts":1785055533.286642,"logger":"handler.prefill","caller":"steps/prefill.go:126","msg":"complete","x-request-id":"8f2de8d0-f3be-41d2-89f6-e4b9d5c0aa2b"}
{"level":"info","ts":1785055533.2866828,"logger":"handler.decode","caller":"steps/decode.go:72","msg":"sending request","x-request-id":"8f2de8d0-f3be-41d2-89f6-e4b9d5c0aa2b","path":"/v1/chat/completions","stream":true}
{"level":"info","ts":1785055533.494117,"logger":"handler.prefill","caller":"steps/prefill.go:126","msg":"complete","x-request-id":"b4577f38-c56f-45fe-be54-35992427f1f1"}
{"level":"info","ts":1785055533.4941447,"logger":"handler.decode","caller":"steps/decode.go:72","msg":"sending request","x-request-id":"b4577f38-c56f-45fe-be54-35992427f1f1","path":"/v1/chat/completions","stream":true}
{"level":"info","ts":1785055533.4941697,"logger":"handler.prefill","caller":"steps/prefill.go:126","msg":"complete","x-request-id":"395354eb-c125-4863-82de-2ea86178821e"}
{"level":"info","ts":1785055533.4941895,"logger":"handler.decode","caller":"steps/decode.go:72","msg":"sending request","x-request-id":"395354eb-c125-4863-82de-2ea86178821e","path":"/v1/chat/completions","stream":true}
{"level":"info","ts":1785055533.5346658,"logger":"handler.prefill","caller":"steps/prefill.go:126","msg":"complete","x-request-id":"b09cf570-dce5-4bb8-9bf0-7c13be8d42c9"}
{"level":"info","ts":1785055533.5346904,"logger":"handler.decode","caller":"steps/decode.go:72","msg":"sending request","x-request-id":"b09cf570-dce5-4bb8-9bf0-7c13be8d42c9","path":"/v1/chat/completions","stream":true}
{"level":"info","ts":1785055533.8780332,"logger":"handler.prefill","caller":"steps/prefill.go:126","msg":"complete","x-request-id":"2bb2a590-f4fc-4b8c-beb9-e31b187e2d1c"}
{"level":"info","ts":1785055533.8780787,"logger":"handler.decode","caller":"steps/decode.go:72","msg":"sending request","x-request-id":"2bb2a590-f4fc-4b8c-beb9-e31b187e2d1c","path":"/v1/chat/completions","stream":true}
{"level":"info","ts":1785055533.8993309,"logger":"handler.prefill","caller":"steps/prefill.go:126","msg":"complete","x-request-id":"7d63a846-8248-4bf5-8866-dacb4a1e7a67"}
{"level":"info","ts":1785055533.8993733,"logger":"handler.decode","caller":"steps/decode.go:72","msg":"sending request","x-request-id":"7d63a846-8248-4bf5-8866-dacb4a1e7a67","path":"/v1/chat/completions","stream":true}
{"level":"info","ts":1785055534.1497993,"logger":"handler.prefill","caller":"steps/prefill.go:126","msg":"complete","x-request-id":"e3b63095-275c-4da6-ab65-98124ab91a5a"}
{"level":"info","ts":1785055534.1498394,"logger":"handler.decode","caller":"steps/decode.go:72","msg":"sending request","x-request-id":"e3b63095-275c-4da6-ab65-98124ab91a5a","path":"/v1/chat/completions","stream":true}
{"level":"info","ts":1785055534.469787,"logger":"handler.prefill","caller":"steps/prefill.go:126","msg":"complete","x-request-id":"37e97ea0-eca4-4871-857b-37397cbb8216"}
{"level":"info","ts":1785055534.4698324,"logger":"handler.decode","caller":"steps/decode.go:72","msg":"sending request","x-request-id":"37e97ea0-eca4-4871-857b-37397cbb8216","path":"/v1/chat/completions","stream":true}
{"level":"info","ts":1785055534.7300084,"logger":"handler.prefill","caller":"steps/prefill.go:126","msg":"complete","x-request-id":"1f1a5603-bf53-4927-bd16-499f90394787"}
{"level":"info","ts":1785055534.730034,"logger":"handler.decode","caller":"steps/decode.go:72","msg":"sending request","x-request-id":"1f1a5603-bf53-4927-bd16-499f90394787","path":"/v1/chat/completions","stream":true}
{"level":"info","ts":1785055535.0589066,"logger":"handler.prefill","caller":"steps/prefill.go:126","msg":"complete","x-request-id":"6cf4b3fe-5a6c-4119-a2ce-f3fb7b427ffe"}
{"level":"info","ts":1785055535.058933,"logger":"handler.decode","caller":"steps/decode.go:72","msg":"sending request","x-request-id":"6cf4b3fe-5a6c-4119-a2ce-f3fb7b427ffe","path":"/v1/chat/completions","stream":true}
{"level":"info","ts":1785055535.1218026,"logger":"handler.prefill","caller":"steps/prefill.go:126","msg":"complete","x-request-id":"cacd630b-544c-47c8-b340-2e3bd54896aa"}
{"level":"info","ts":1785055535.1218402,"logger":"handler.decode","caller":"steps/decode.go:72","msg":"sending request","x-request-id":"cacd630b-544c-47c8-b340-2e3bd54896aa","path":"/v1/chat/completions","stream":true}
{"level":"info","ts":1785055535.332982,"logger":"handler.prefill","caller":"steps/prefill.go:126","msg":"complete","x-request-id":"17ff4047-e9cc-4e15-a110-bdfb77e64bcb"}
{"level":"info","ts":1785055535.33303,"logger":"handler.decode","caller":"steps/decode.go:72","msg":"sending request","x-request-id":"17ff4047-e9cc-4e15-a110-bdfb77e64bcb","path":"/v1/chat/completions","stream":true}
{"level":"info","ts":1785055535.6901448,"logger":"handler.prefill","caller":"steps/prefill.go:126","msg":"complete","x-request-id":"8ab43a18-1d01-40b3-aa0f-757fed951c84"}
{"level":"info","ts":1785055535.6901903,"logger":"handler.decode","caller":"steps/decode.go:72","msg":"sending request","x-request-id":"8ab43a18-1d01-40b3-aa0f-757fed951c84","path":"/v1/chat/completions","stream":true}
{"level":"info","ts":1785055535.70571,"logger":"handler.prefill","caller":"steps/prefill.go:126","msg":"complete","x-request-id":"f67a0d94-8fbe-4892-a4d8-3f3de30f2e81"}
{"level":"info","ts":1785055535.7057247,"logger":"handler.prefill","caller":"steps/prefill.go:126","msg":"complete","x-request-id":"afa07ace-c311-4562-8639-b561128905c9"}
{"level":"info","ts":1785055535.705745,"logger":"handler.decode","caller":"steps/decode.go:72","msg":"sending request","x-request-id":"afa07ace-c311-4562-8639-b561128905c9","path":"/v1/chat/completions","stream":true}
{"level":"info","ts":1785055535.7057312,"logger":"handler.decode","caller":"steps/decode.go:72","msg":"sending request","x-request-id":"f67a0d94-8fbe-4892-a4d8-3f3de30f2e81","path":"/v1/chat/completions","stream":true}
{"level":"info","ts":1785055535.890704,"logger":"handler.prefill","caller":"steps/prefill.go:126","msg":"complete","x-request-id":"9eb177d3-f758-481d-8b04-daf7e05f8dfe"}
{"level":"info","ts":1785055535.890728,"logger":"handler.decode","caller":"steps/decode.go:72","msg":"sending request","x-request-id":"9eb177d3-f758-481d-8b04-daf7e05f8dfe","path":"/v1/chat/completions","stream":true}
{"level":"info","ts":1785055536.2758265,"logger":"handler.prefill","caller":"steps/prefill.go:126","msg":"complete","x-request-id":"ecd96c9c-874c-4b34-928e-5ed8ebd71638"}
{"level":"info","ts":1785055536.2758508,"logger":"handler.decode","caller":"steps/decode.go:72","msg":"sending request","x-request-id":"ecd96c9c-874c-4b34-928e-5ed8ebd71638","path":"/v1/chat/completions","stream":true}
{"level":"info","ts":1785055536.3124592,"logger":"handler.prefill","caller":"steps/prefill.go:126","msg":"complete","x-request-id":"22a4d297-6dd7-4a32-950c-48e03e96983e"}
{"level":"info","ts":1785055536.3125122,"logger":"handler.decode","caller":"steps/decode.go:72","msg":"sending request","x-request-id":"22a4d297-6dd7-4a32-950c-48e03e96983e","path":"/v1/chat/completions","stream":true}
{"level":"info","ts":1785055536.5182388,"logger":"handler.prefill","caller":"steps/prefill.go:126","msg":"complete","x-request-id":"f6d72c23-8ef5-4934-9fb1-e3e74b3d2f65"}
{"level":"info","ts":1785055536.5182838,"logger":"handler.decode","caller":"steps/decode.go:72","msg":"sending request","x-request-id":"f6d72c23-8ef5-4934-9fb1-e3e74b3d2f65","path":"/v1/chat/completions","stream":true}
{"level":"info","ts":1785055536.8937566,"logger":"handler.prefill","caller":"steps/prefill.go:126","msg":"complete","x-request-id":"c7e0a3d8-d779-4a4c-80de-96241197071e"}
{"level":"info","ts":1785055536.8937988,"logger":"handler.decode","caller":"steps/decode.go:72","msg":"sending request","x-request-id":"c7e0a3d8-d779-4a4c-80de-96241197071e","path":"/v1/chat/completions","stream":true}
{"level":"info","ts":1785055536.90129,"logger":"handler.prefill","caller":"steps/prefill.go:126","msg":"complete","x-request-id":"e6120616-e2bb-4e3f-89d0-ac97819e1289"}
{"level":"info","ts":1785055536.901308,"logger":"handler.decode","caller":"steps/decode.go:72","msg":"sending request","x-request-id":"e6120616-e2bb-4e3f-89d0-ac97819e1289","path":"/v1/chat/completions","stream":true}
{"level":"info","ts":1785055537.4983795,"logger":"handler.prefill","caller":"steps/prefill.go:126","msg":"complete","x-request-id":"1e514e01-f93a-4215-b370-11852b71919d"}
{"level":"info","ts":1785055537.4984195,"logger":"handler.decode","caller":"steps/decode.go:72","msg":"sending request","x-request-id":"1e514e01-f93a-4215-b370-11852b71919d","path":"/v1/chat/completions","stream":true}
{"level":"info","ts":1785055537.7094913,"logger":"handler.prefill","caller":"steps/prefill.go:126","msg":"complete","x-request-id":"f22123f5-1329-41ae-9ee8-b68f11095180"}
{"level":"info","ts":1785055537.709514,"logger":"handler.decode","caller":"steps/decode.go:72","msg":"sending request","x-request-id":"f22123f5-1329-41ae-9ee8-b68f11095180","path":"/v1/chat/completions","stream":true}
{"level":"info","ts":1785055538.1091628,"logger":"handler.prefill","caller":"steps/prefill.go:126","msg":"complete","x-request-id":"f6d869d0-5769-4dc4-8121-b38f462ccbcb"}
{"level":"info","ts":1785055538.109204,"logger":"handler.decode","caller":"steps/decode.go:72","msg":"sending request","x-request-id":"f6d869d0-5769-4dc4-8121-b38f462ccbcb","path":"/v1/chat/completions","stream":true}
{"level":"info","ts":1785055538.232902,"logger":"handler.prefill","caller":"steps/prefill.go:126","msg":"complete","x-request-id":"b6c156dd-1f98-45bf-a6c4-f32b5cdbdd2a"}
{"level":"info","ts":1785055538.232945,"logger":"handler.decode","caller":"steps/decode.go:72","msg":"sending request","x-request-id":"b6c156dd-1f98-45bf-a6c4-f32b5cdbdd2a","path":"/v1/chat/completions","stream":true}
{"level":"info","ts":1785055538.316185,"logger":"handler.prefill","caller":"steps/prefill.go:126","msg":"complete","x-request-id":"6c9ffe92-61ae-4aba-9594-7355d84d22e6"}
{"level":"info","ts":1785055538.3162317,"logger":"handler.decode","caller":"steps/decode.go:72","msg":"sending request","x-request-id":"6c9ffe92-61ae-4aba-9594-7355d84d22e6","path":"/v1/chat/completions","stream":true}
{"level":"info","ts":1785055538.6993911,"logger":"handler.prefill","caller":"steps/prefill.go:126","msg":"complete","x-request-id":"28441641-48e5-456d-be0f-270ab015621f"}
{"level":"info","ts":1785055538.6994371,"logger":"handler.decode","caller":"steps/decode.go:72","msg":"sending request","x-request-id":"28441641-48e5-456d-be0f-270ab015621f","path":"/v1/chat/completions","stream":true}
{"level":"info","ts":1785055538.7147503,"logger":"handler.prefill","caller":"steps/prefill.go:126","msg":"complete","x-request-id":"6ad4e4e8-1974-4d9d-ac67-6745eaa543c7"}
{"level":"info","ts":1785055538.7147946,"logger":"handler.decode","caller":"steps/decode.go:72","msg":"sending request","x-request-id":"6ad4e4e8-1974-4d9d-ac67-6745eaa543c7","path":"/v1/chat/completions","stream":true}
{"level":"info","ts":1785055539.3116963,"logger":"handler.prefill","caller":"steps/prefill.go:126","msg":"complete","x-request-id":"4473ac41-87dd-44b6-80d7-39185f4c9211"}
{"level":"info","ts":1785055539.3117375,"logger":"handler.decode","caller":"steps/decode.go:72","msg":"sending request","x-request-id":"4473ac41-87dd-44b6-80d7-39185f4c9211","path":"/v1/chat/completions","stream":true}
{"level":"info","ts":1785055539.7221944,"logger":"handler.prefill","caller":"steps/prefill.go:126","msg":"complete","x-request-id":"4d2d9d90-b2a1-4b67-83c0-1cdb90bc1a6d"}
{"level":"info","ts":1785055539.722241,"logger":"handler.decode","caller":"steps/decode.go:72","msg":"sending request","x-request-id":"4d2d9d90-b2a1-4b67-83c0-1cdb90bc1a6d","path":"/v1/chat/completions","stream":true}
{"level":"info","ts":1785055542.2788076,"logger":"handler","caller":"pipeline/pipeline.go:82","msg":"pipeline step timings","x-request-id":"4db817df-6ac4-4ffa-9005-2048860f8f28","parse":"22.024331ms","prefill":"1.180678512s","decode":"25.381591763s"}
{"level":"info","ts":1785055542.8026762,"logger":"handler","caller":"pipeline/pipeline.go:82","msg":"pipeline step timings","x-request-id":"250a8e81-d122-4cf6-8355-2af76f00c0e3","parse":"34.072286ms","prefill":"1.523416276s","decode":"25.586728441s"}
{"level":"info","ts":1785055543.7812777,"logger":"handler","caller":"pipeline/pipeline.go:82","msg":"pipeline step timings","x-request-id":"834ffeff-2ada-46db-89ce-f23d9ff10ca5","parse":"22.382526ms","prefill":"2.495200745s","decode":"25.458156654s"}
{"level":"info","ts":1785055544.9123182,"logger":"handler","caller":"pipeline/pipeline.go:82","msg":"pipeline step timings","x-request-id":"f4fbe2f6-6032-4175-842f-c60cf19ca0c4","parse":"34.781456ms","prefill":"3.376711692s","decode":"25.745750476s"}
{"level":"info","ts":1785055544.9207933,"logger":"handler","caller":"pipeline/pipeline.go:82","msg":"pipeline step timings","x-request-id":"5baf1a74-895e-40da-b23d-c8e18a78b65c","parse":"27.069548ms","prefill":"2.243900396s","decode":"26.868648575s"}
{"level":"info","ts":1785055544.9403772,"logger":"handler","caller":"pipeline/pipeline.go:82","msg":"pipeline step timings","x-request-id":"7a64d605-fb50-4a2e-8fe2-003a8ac24113","parse":"43.935533ms","prefill":"3.25194752s","decode":"25.924610124s"}
{"level":"info","ts":1785055545.100096,"logger":"handler","caller":"pipeline/pipeline.go:82","msg":"pipeline step timings","x-request-id":"44f701d2-9808-4066-9ab7-c139a37c7556","parse":"14.897694ms","prefill":"3.292990475s","decode":"25.902604893s"}
{"level":"info","ts":1785055545.2151685,"logger":"handler","caller":"pipeline/pipeline.go:82","msg":"pipeline step timings","x-request-id":"85151e43-9c9c-4d16-a1e0-51d9c9c7d2ff","parse":"24.073871ms","prefill":"2.220927749s","decode":"27.133815474s"}
{"level":"info","ts":1785055545.3274148,"logger":"handler","caller":"pipeline/pipeline.go:82","msg":"pipeline step timings","x-request-id":"cc30cc9f-65d9-4710-b4b5-cf5a9be563c4","parse":"36.419512ms","prefill":"2.413097215s","decode":"27.185134249s"}
{"level":"info","ts":1785055545.9918244,"logger":"handler","caller":"pipeline/pipeline.go:82","msg":"pipeline step timings","x-request-id":"8096dca4-65db-45d9-b405-514406411c48","parse":"51.118659ms","prefill":"2.298997498s","decode":"28.009513444s"}
{"level":"info","ts":1785055546.5999568,"logger":"handler","caller":"pipeline/pipeline.go:82","msg":"pipeline step timings","x-request-id":"270cead9-b0d1-4866-abef-3c7b706c23f5","parse":"13.269117ms","prefill":"3.671982033s","decode":"27.008757355s"}
{"level":"info","ts":1785055546.7523994,"logger":"handler","caller":"pipeline/pipeline.go:82","msg":"pipeline step timings","x-request-id":"af7a4de5-a03c-4e1a-baf0-7a48bde9b85b","parse":"54.192205ms","prefill":"4.921802964s","decode":"26.108714196s"}
{"level":"info","ts":1785055547.1759057,"logger":"handler","caller":"pipeline/pipeline.go:82","msg":"pipeline step timings","x-request-id":"2a3f2ed7-83de-42a7-a477-b1c8cc8d8cc9","parse":"54.136275ms","prefill":"5.024252339s","decode":"26.463468417s"}
{"level":"info","ts":1785055547.3376808,"logger":"handler","caller":"pipeline/pipeline.go:82","msg":"pipeline step timings","x-request-id":"fac87d91-8830-4698-86df-a36b194977fb","parse":"42.420015ms","prefill":"3.651849545s","decode":"27.939210483s"}
{"level":"info","ts":1785055548.0260463,"logger":"handler","caller":"pipeline/pipeline.go:82","msg":"pipeline step timings","x-request-id":"8fb757cb-8c78-4678-9875-87acf3d2cdb9","parse":"43.522559ms","prefill":"4.474485156s","decode":"27.759659734s"}
{"level":"info","ts":1785055548.9213488,"logger":"handler","caller":"pipeline/pipeline.go:82","msg":"pipeline step timings","x-request-id":"1730c62d-ae19-49cf-a0d2-78f4260e5877","parse":"12.858704ms","prefill":"5.549846954s","decode":"27.236323647s"}
{"level":"info","ts":1785055549.446954,"logger":"handler","caller":"pipeline/pipeline.go:82","msg":"pipeline step timings","x-request-id":"dac9eada-7b00-49cd-9d29-f8242d7a0e3b","parse":"36.56495ms","prefill":"5.268567519s","decode":"28.235975892s"}
{"level":"info","ts":1785055549.561432,"logger":"handler","caller":"pipeline/pipeline.go:82","msg":"pipeline step timings","x-request-id":"4246eeb7-c1c4-4b8c-99b0-1ef5cdac8b66","parse":"20.457114ms","prefill":"5.440165222s","decode":"28.232019701s"}
{"level":"info","ts":1785055549.89629,"logger":"handler","caller":"pipeline/pipeline.go:82","msg":"pipeline step timings","x-request-id":"ab2e3878-6fdc-46c2-9194-3ce745d17937","parse":"24.250688ms","prefill":"5.72398436s","decode":"28.211291131s"}
{"level":"info","ts":1785055550.0988383,"logger":"handler","caller":"pipeline/pipeline.go:82","msg":"pipeline step timings","x-request-id":"78068a96-4ebc-473d-9028-d0bcfce8876a","parse":"50.288971ms","prefill":"6.111767871s","decode":"28.143313146s"}
{"level":"info","ts":1785055550.3415263,"logger":"handler","caller":"pipeline/pipeline.go:82","msg":"pipeline step timings","x-request-id":"c2d3e528-72e6-4060-a641-16003162b6fc","parse":"33.7732ms","prefill":"6.296873269s","decode":"28.032741268s"}
{"level":"info","ts":1785055550.598935,"logger":"handler","caller":"pipeline/pipeline.go:82","msg":"pipeline step timings","x-request-id":"67bf41f6-5aa1-4ec4-b258-f809487b00cc","parse":"38.399864ms","prefill":"6.581264418s","decode":"27.958219437s"}
{"level":"info","ts":1785055551.0792937,"logger":"handler","caller":"pipeline/pipeline.go:82","msg":"pipeline step timings","x-request-id":"c0c363f9-af86-48d7-8b48-2cd7447f5ac5","parse":"43.358472ms","prefill":"6.623136541s","decode":"28.601539336s"}
{"level":"info","ts":1785055551.7390783,"logger":"handler","caller":"pipeline/pipeline.go:82","msg":"pipeline step timings","x-request-id":"cba1427a-279b-4cbd-99b7-d96e41a47497","parse":"45.094046ms","prefill":"7.178522004s","decode":"28.66129656s"}
{"level":"info","ts":1785055566.6552324,"logger":"handler","caller":"pipeline/pipeline.go:82","msg":"pipeline step timings","x-request-id":"84820f21-e054-49eb-96bc-d3349e56515f","parse":"15.601004ms","prefill":"5.301574961s","decode":"45.325664335s"}
{"level":"info","ts":1785055568.394597,"logger":"handler","caller":"pipeline/pipeline.go:82","msg":"pipeline step timings","x-request-id":"6113cc90-bcf3-41bf-8168-115fbe29e746","parse":"18.706329ms","prefill":"8.387972599s","decode":"43.884875132s"}
{"level":"info","ts":1785055568.7578273,"logger":"handler","caller":"pipeline/pipeline.go:82","msg":"pipeline step timings","x-request-id":"515af9e5-f3ec-410f-8ecb-571c45a232b7","parse":"63.930864ms","prefill":"5.441936547s","decode":"47.583043376s"}
{"level":"info","ts":1785055569.3650348,"logger":"handler","caller":"pipeline/pipeline.go:82","msg":"pipeline step timings","x-request-id":"8031bb3b-c588-4f1a-b4bf-7369bdaba773","parse":"24.655673ms","prefill":"8.555464252s","decode":"44.672912883s"}
{"level":"info","ts":1785055570.6789863,"logger":"handler","caller":"pipeline/pipeline.go:82","msg":"pipeline step timings","x-request-id":"c8025a99-eab3-40ee-9246-7c43832bd20d","parse":"30.738624ms","prefill":"8.360170842s","decode":"46.245675474s"}
{"level":"info","ts":1785055570.9584754,"logger":"handler","caller":"pipeline/pipeline.go:82","msg":"pipeline step timings","x-request-id":"962ad4aa-c958-4b66-b02f-26910c623468","parse":"30.019925ms","prefill":"8.351039674s","decode":"46.44881525s"}
{"level":"info","ts":1785055571.1373885,"logger":"handler","caller":"pipeline/pipeline.go:82","msg":"pipeline step timings","x-request-id":"eb3f0a4a-8685-4b9f-a9ae-594d9881b31e","parse":"29.423473ms","prefill":"8.86066771s","decode":"46.090751419s"}
{"level":"info","ts":1785055572.0928187,"logger":"handler","caller":"pipeline/pipeline.go:82","msg":"pipeline step timings","x-request-id":"be22b698-b513-4c67-b1dc-47f19bf59643","parse":"11.0697ms","prefill":"7.835889779s","decode":"48.180890343s"}
{"level":"info","ts":1785055572.546701,"logger":"handler","caller":"pipeline/pipeline.go:82","msg":"pipeline step timings","x-request-id":"b17be9df-cf5d-434a-986a-f8ec43ca0a84","parse":"41.103125ms","prefill":"7.54666521s","decode":"49.078997669s"}
{"level":"info","ts":1785055572.9807026,"logger":"handler","caller":"pipeline/pipeline.go:82","msg":"pipeline step timings","x-request-id":"2bc94f55-d9e1-41c3-b394-ae39d546e690","parse":"42.385576ms","prefill":"8.774985191s","decode":"48.288515464s"}
{"level":"info","ts":1785055573.6145387,"logger":"handler","caller":"pipeline/pipeline.go:82","msg":"pipeline step timings","x-request-id":"fbff28e6-be2f-415d-ace2-5692ec64827e","parse":"9.61808ms","prefill":"7.808499945s","decode":"49.702627823s"}
{"level":"info","ts":1785055574.4524,"logger":"handler","caller":"pipeline/pipeline.go:82","msg":"pipeline step timings","x-request-id":"fd15e424-ef66-496d-a0a8-8242334ef2b3","parse":"21.025895ms","prefill":"7.367426997s","decode":"50.984640157s"}
{"level":"info","ts":1785055575.0417843,"logger":"handler","caller":"pipeline/pipeline.go:82","msg":"pipeline step timings","x-request-id":"441af3ab-1593-470e-88e7-beed066d253e","parse":"36.153206ms","prefill":"7.954267004s","decode":"51.129769254s"}
{"level":"info","ts":1785055575.2341285,"logger":"handler","caller":"pipeline/pipeline.go:82","msg":"pipeline step timings","x-request-id":"32083ce8-8816-4e84-a5ea-882ecf48eb09","parse":"49.00075ms","prefill":"7.573683378s","decode":"51.874237658s"}
{"level":"info","ts":1785055576.0822055,"logger":"handler","caller":"pipeline/pipeline.go:82","msg":"pipeline step timings","x-request-id":"49cece3f-d817-4e18-bcf3-b418604b9ff0","parse":"37.788182ms","prefill":"10.266238163s","decode":"49.794384802s"}
{"level":"info","ts":1785055576.3336313,"logger":"handler","caller":"pipeline/pipeline.go:82","msg":"pipeline step timings","x-request-id":"27a6895d-0854-4b52-a72e-e8a0be6d37e0","parse":"44.054681ms","prefill":"8.040165709s","decode":"52.481956986s"}
{"level":"info","ts":1785055577.0924337,"logger":"handler","caller":"pipeline/pipeline.go:82","msg":"pipeline step timings","x-request-id":"01d85314-e1d4-460c-b6de-d327ef77aaf3","parse":"26.91843ms","prefill":"10.819603215s","decode":"49.808812768s"}
{"level":"info","ts":1785055577.3221931,"logger":"handler","caller":"pipeline/pipeline.go:82","msg":"pipeline step timings","x-request-id":"6db7ab18-b588-4749-a939-ba4a5eebb201","parse":"29.592351ms","prefill":"11.093739112s","decode":"49.84478225s"}
{"level":"info","ts":1785055577.5312817,"logger":"handler","caller":"pipeline/pipeline.go:82","msg":"pipeline step timings","x-request-id":"1d85c6ae-9c1c-40f8-93ab-57ca69ef4781","parse":"42.373036ms","prefill":"11.321522792s","decode":"49.996957531s"}
{"level":"info","ts":1785055578.336545,"logger":"handler","caller":"pipeline/pipeline.go:82","msg":"pipeline step timings","x-request-id":"4f37ce89-1f66-4741-8c3d-471dfc195f3a","parse":"18.261595ms","prefill":"9.079990892s","decode":"52.773684273s"}
{"level":"info","ts":1785055578.5196965,"logger":"handler","caller":"pipeline/pipeline.go:82","msg":"pipeline step timings","x-request-id":"ba4fb42f-c455-467f-bde1-5a5ed9350964","parse":"32.872123ms","prefill":"10.449446248s","decode":"51.810264758s"}
{"level":"info","ts":1785055578.7887902,"logger":"handler","caller":"pipeline/pipeline.go:82","msg":"pipeline step timings","x-request-id":"51f23085-19c5-4b5b-be77-3349d44fce6b","parse":"43.853665ms","prefill":"10.818079727s","decode":"51.865735569s"}
{"level":"info","ts":1785055579.8706355,"logger":"handler","caller":"pipeline/pipeline.go:82","msg":"pipeline step timings","x-request-id":"d1f47182-5aeb-4a16-9d22-80c736a94f4d","parse":"34.655448ms","prefill":"11.356675672s","decode":"52.392864268s"}
{"level":"info","ts":1785055580.4962547,"logger":"handler","caller":"pipeline/pipeline.go:82","msg":"pipeline step timings","x-request-id":"85d584e4-da38-4277-8cd1-605805e9735e","parse":"18.352434ms","prefill":"11.023678498s","decode":"52.625359789s"}
{"level":"info","ts":1785055591.222239,"logger":"handler","caller":"pipeline/pipeline.go:82","msg":"pipeline step timings","x-request-id":"08446368-9437-4433-8edf-76f465abd6d5","parse":"44.362888ms","prefill":"9.875003533s","decode":"1m5.35347007s"}
{"level":"info","ts":1785055592.825714,"logger":"handler","caller":"pipeline/pipeline.go:82","msg":"pipeline step timings","x-request-id":"2b35c2d8-a744-4a13-b456-92d03121af7d","parse":"20.579832ms","prefill":"9.506797038s","decode":"1m6.690707032s"}
{"level":"info","ts":1785055593.8391397,"logger":"handler","caller":"pipeline/pipeline.go:82","msg":"pipeline step timings","x-request-id":"28aa4b10-c738-4852-b13a-eeb38d5d76ee","parse":"13.456215ms","prefill":"9.556539387s","decode":"1m7.704073073s"}
{"level":"info","ts":1785055593.913304,"logger":"handler","caller":"pipeline/pipeline.go:82","msg":"pipeline step timings","x-request-id":"ceafff15-c6d2-4366-829d-b13ed20ebf08","parse":"40.847148ms","prefill":"9.090350072s","decode":"1m8.816831798s"}
{"level":"info","ts":1785055595.6098564,"logger":"handler","caller":"pipeline/pipeline.go:82","msg":"pipeline step timings","x-request-id":"6865578a-b0d3-4581-9e5c-276127cedb9d","parse":"45.854215ms","prefill":"9.173208641s","decode":"1m10.563189488s"}
{"level":"info","ts":1785055595.7366867,"logger":"handler","caller":"pipeline/pipeline.go:82","msg":"pipeline step timings","x-request-id":"bf29c8f6-1181-4ac4-9871-0bf39558cf11","parse":"24.17449ms","prefill":"9.784125439s","decode":"1m9.601508766s"}
{"level":"info","ts":1785055595.8368149,"logger":"handler","caller":"pipeline/pipeline.go:82","msg":"pipeline step timings","x-request-id":"eb22568f-d625-4bc9-ad35-78c47880460e","parse":"13.11085ms","prefill":"9.006849091s","decode":"1m10.572511237s"}
{"level":"info","ts":1785055597.945005,"logger":"handler","caller":"pipeline/pipeline.go:82","msg":"pipeline step timings","x-request-id":"89e14f62-9496-4e35-ba20-04044c7c29f9","parse":"12.720146ms","prefill":"9.148012046s","decode":"1m12.381889621s"}
{"level":"info","ts":1785055598.647099,"logger":"handler","caller":"pipeline/pipeline.go:82","msg":"pipeline step timings","x-request-id":"4c2ebff1-56fe-46c0-baf2-b9897f9fed0b","parse":"44.608714ms","prefill":"12.193967341s","decode":"1m10.195994922s"}
{"level":"info","ts":1785055598.9327374,"logger":"handler","caller":"pipeline/pipeline.go:82","msg":"pipeline step timings","x-request-id":"b2edaa03-e461-9739-b6b2-9cd48c4c4d59","parse":"20.124419ms","prefill":"12.05255906s","decode":"1m10.290168761s"}
{"level":"info","ts":1785055599.9991052,"logger":"handler","caller":"pipeline/pipeline.go:82","msg":"pipeline step timings","x-request-id":"aec06c7c-7251-4265-8aca-95ac542af002","parse":"15.18059ms","prefill":"12.127166579s","decode":"1m11.309481429s"}
{"level":"info","ts":1785055601.4570873,"logger":"handler","caller":"pipeline/pipeline.go:82","msg":"pipeline step timings","x-request-id":"f7a266ad-8563-4317-962f-bc220325dbd1","parse":"42.996637ms","prefill":"12.562592479s","decode":"1m12.814344042s"}
{"level":"info","ts":1785055601.9467707,"logger":"handler","caller":"pipeline/pipeline.go:82","msg":"pipeline step timings","x-request-id":"fbfa7621-b88d-4559-b2c4-0e4c78bb3a75","parse":"30.786974ms","prefill":"11.737056821s","decode":"1m14.075807597s"}
{"level":"info","ts":1785055602.382521,"logger":"handler","caller":"pipeline/pipeline.go:82","msg":"pipeline step timings","x-request-id":"25598a01-0cba-4c11-9a33-45bcc1d65a07","parse":"39.788693ms","prefill":"12.302535897s","decode":"1m13.35932264s"}
{"level":"info","ts":1785055602.7240562,"logger":"handler","caller":"pipeline/pipeline.go:82","msg":"pipeline step timings","x-request-id":"f42e0f29-7fd6-4551-8f57-94fc33050cb3","parse":"20.935517ms","prefill":"11.434263749s","decode":"1m14.713257036s"}
{"level":"info","ts":1785055603.5687985,"logger":"handler","caller":"pipeline/pipeline.go:82","msg":"pipeline step timings","x-request-id":"b8562c6f-b4b2-42d3-b7c3-8c6ff4d33af2","parse":"56.844796ms","prefill":"12.285492334s","decode":"1m14.545738384s"}
{"level":"info","ts":1785055603.8765433,"logger":"handler","caller":"pipeline/pipeline.go:82","msg":"pipeline step timings","x-request-id":"d0ca363a-8a8c-4496-9956-0a93c1ce7f4c","parse":"22.685272ms","prefill":"11.654417029s","decode":"1m15.865761425s"}
{"level":"info","ts":1785055603.9222262,"logger":"handler","caller":"pipeline/pipeline.go:82","msg":"pipeline step timings","x-request-id":"15aebb3a-4148-4797-98b8-75404a85fa96","parse":"23.661577ms","prefill":"12.507522257s","decode":"1m14.753229175s"}
{"level":"info","ts":1785055604.2384026,"logger":"handler","caller":"pipeline/pipeline.go:82","msg":"pipeline step timings","x-request-id":"2507e896-b371-4e65-b22f-4f10af05eaeb","parse":"18.335255ms","prefill":"12.459217937s","decode":"1m15.069447835s"}
{"level":"info","ts":1785055605.9315467,"logger":"handler","caller":"pipeline/pipeline.go:82","msg":"pipeline step timings","x-request-id":"b9c4c016-9538-46e0-ac75-a2a8193b0c33","parse":"23.788495ms","prefill":"11.703848012s","decode":"1m17.839897698s"}
{"level":"info","ts":1785055606.1607072,"logger":"handler","caller":"pipeline/pipeline.go:82","msg":"pipeline step timings","x-request-id":"b64f8461-1398-44b8-b45e-14b4e8811964","parse":"21.047435ms","prefill":"11.773728609s","decode":"1m18.068995522s"}
{"level":"info","ts":1785055606.5549433,"logger":"handler","caller":"pipeline/pipeline.go:82","msg":"pipeline step timings","x-request-id":"5fc8addd-c052-46ec-af02-2251cc4a16f0","parse":"45.754477ms","prefill":"15.233786044s","decode":"1m14.887892894s"}
{"level":"info","ts":1785055607.6386518,"logger":"handler","caller":"pipeline/pipeline.go:82","msg":"pipeline step timings","x-request-id":"cc7d255a-ae07-4cdf-bde3-10bc0a2c9918","parse":"46.635765ms","prefill":"15.708512225s","decode":"1m15.514431851s"}
{"level":"info","ts":1785055608.2735283,"logger":"handler","caller":"pipeline/pipeline.go:82","msg":"pipeline step timings","x-request-id":"33275778-d12a-4ede-91e7-a53585ca6be6","parse":"58.70786ms","prefill":"15.719089892s","decode":"1m15.996773526s"}
{"level":"info","ts":1785055616.2133512,"logger":"handler","caller":"pipeline/pipeline.go:82","msg":"pipeline step timings","x-request-id":"69ab659d-94b4-405e-98d7-ab48b0b0caae","parse":"31.900288ms","prefill":"9.982038822s","decode":"1m29.92029441s"}
{"level":"info","ts":1785055617.9177577,"logger":"handler","caller":"pipeline/pipeline.go:82","msg":"pipeline step timings","x-request-id":"1bbcbf6d-4dc0-44dd-a07c-df8d1c7d2af2","parse":"23.230323ms","prefill":"10.005170276s","decode":"1m31.629821098s"}
{"level":"info","ts":1785055618.7703662,"logger":"handler","caller":"pipeline/pipeline.go:82","msg":"pipeline step timings","x-request-id":"9baf6360-38ca-4a4f-bee1-f1d25d5ce710","parse":"10.742814ms","prefill":"9.01800933s","decode":"1m33.207572021s"}
{"level":"info","ts":1785055618.8974504,"logger":"handler","caller":"pipeline/pipeline.go:82","msg":"pipeline step timings","x-request-id":"49ab0c5a-b7bf-4f37-9183-8ddad0040459","parse":"36.479652ms","prefill":"12.95871991s","decode":"1m29.299266334s"}
{"level":"info","ts":1785055620.6613016,"logger":"handler","caller":"pipeline/pipeline.go:82","msg":"pipeline step timings","x-request-id":"03a7953f-0365-4bdd-ad8a-d529d81cbe8e","parse":"45.064787ms","prefill":"9.657548974s","decode":"1m34.958714859s"}
{"level":"info","ts":1785055620.6813662,"logger":"handler","caller":"pipeline/pipeline.go:82","msg":"pipeline step timings","x-request-id":"6d4cc143-15d5-4f62-873f-3d9bd3f0b0e4","parse":"41.237743ms","prefill":"13.532749932s","decode":"1m30.910459543s"}
{"level":"info","ts":1785055620.941259,"logger":"handler","caller":"pipeline/pipeline.go:82","msg":"pipeline step timings","x-request-id":"9e8666bf-6c75-4725-8188-e7e1f1e90da2","parse":"36.030208ms","prefill":"13.038790259s","decode":"1m31.659798327s"}
{"level":"info","ts":1785055622.9702904,"logger":"handler","caller":"pipeline/pipeline.go:82","msg":"pipeline step timings","x-request-id":"32446d0e-9632-49a4-b248-5f0389c1349c","parse":"30.538057ms","prefill":"13.015809952s","decode":"1m33.199374654s"}
{"level":"info","ts":1785055625.9027462,"logger":"handler","caller":"pipeline/pipeline.go:82","msg":"pipeline step timings","x-request-id":"1cdf3ab4-ceaf-4310-af4b-9df8fb53b321","parse":"12.838474ms","prefill":"12.575254485s","decode":"1m36.620286352s"}
{"level":"info","ts":1785055626.4280248,"logger":"handler","caller":"pipeline/pipeline.go:82","msg":"pipeline step timings","x-request-id":"e8982255-4543-40bc-af69-c65ff1f54e9e","parse":"27.192036ms","prefill":"12.790132443s","decode":"1m37.146611983s"}
{"level":"info","ts":1785055627.4684718,"logger":"handler","caller":"pipeline/pipeline.go:82","msg":"pipeline step timings","x-request-id":"f67a0d94-8fbe-4892-a4d8-3f3de30f2e81","parse":"55.100391ms","prefill":"18.844214039s","decode":"1m31.762740031s"}
{"level":"info","ts":1785055628.9171827,"logger":"handler","caller":"pipeline/pipeline.go:82","msg":"pipeline step timings","x-request-id":"afa07ace-c311-4562-8639-b561128905c9","parse":"48.715835ms","prefill":"18.866325189s","decode":"1m33.211437564s"}
{"level":"info","ts":1785055629.706865,"logger":"handler","caller":"pipeline/pipeline.go:82","msg":"pipeline step timings","x-request-id":"8ab43a18-1d01-40b3-aa0f-757fed951c84","parse":"52.730165ms","prefill":"19.18786756s","decode":"1m34.016677314s"}
{"level":"info","ts":1785055630.613902,"logger":"handler","caller":"pipeline/pipeline.go:82","msg":"pipeline step timings","x-request-id":"9eb177d3-f758-481d-8b04-daf7e05f8dfe","parse":"67.503441ms","prefill":"19.064630815s","decode":"1m34.723174654s"}
{"level":"info","ts":1785055630.7699084,"logger":"handler","caller":"pipeline/pipeline.go:82","msg":"pipeline step timings","x-request-id":"22a4d297-6dd7-4a32-950c-48e03e96983e","parse":"35.411417ms","prefill":"19.447918522s","decode":"1m34.457406177s"}
{"level":"info","ts":1785055630.9486902,"logger":"handler","caller":"pipeline/pipeline.go:82","msg":"pipeline step timings","x-request-id":"ecd96c9c-874c-4b34-928e-5ed8ebd71638","parse":"71.226968ms","prefill":"19.513878526s","decode":"1m34.672839763s"}
{"level":"info","ts":1785055631.1384373,"logger":"handler","caller":"pipeline/pipeline.go:82","msg":"pipeline step timings","x-request-id":"91cd7232-38ba-4d54-8fd4-f17579ba7368","parse":"63.112726ms","prefill":"16.056085218s","decode":"1m38.79382887s"}
{"level":"info","ts":1785055631.9176478,"logger":"handler","caller":"pipeline/pipeline.go:82","msg":"pipeline step timings","x-request-id":"3a5c6496-c7f1-417e-a00b-b3636de0dc38","parse":"33.965058ms","prefill":"15.786821431s","decode":"1m39.211992535s"}
{"level":"info","ts":1785055633.2142305,"logger":"handler","caller":"pipeline/pipeline.go:82","msg":"pipeline step timings","x-request-id":"33d2f57d-a321-4d29-bd00-6968e565c68b","parse":"51.303197ms","prefill":"16.349379569s","decode":"1m40.508550437s"}
{"level":"info","ts":1785055635.2285755,"logger":"handler","caller":"pipeline/pipeline.go:82","msg":"pipeline step timings","x-request-id":"698ea949-ba00-473b-a582-0a3506df8539","parse":"50.750084ms","prefill":"16.170070137s","decode":"1m42.358744989s"}
{"level":"info","ts":1785055635.3283725,"logger":"handler","caller":"pipeline/pipeline.go:82","msg":"pipeline step timings","x-request-id":"8d802bf1-b731-4ca9-b073-285b5cafc242","parse":"36.54061ms","prefill":"16.401839549s","decode":"1m42.395205306s"}
{"level":"info","ts":1785055635.5172715,"logger":"handler","caller":"pipeline/pipeline.go:82","msg":"pipeline step timings","x-request-id":"8f2de8d0-f3be-41d2-89f6-e4b9d5c0aa2b","parse":"63.759816ms","prefill":"16.602662269s","decode":"1m42.230590429s"}
{"level":"info","ts":1785055636.405312,"logger":"handler","caller":"pipeline/pipeline.go:82","msg":"pipeline step timings","x-request-id":"395354eb-c125-4863-82de-2ea86178821e","parse":"53.379016ms","prefill":"16.810820033s","decode":"1m42.911121586s"}
{"level":"info","ts":1785055636.8363833,"logger":"handler","caller":"pipeline/pipeline.go:82","msg":"pipeline step timings","x-request-id":"b4577f38-c56f-45fe-be54-35992427f1f1","parse":"44.831381ms","prefill":"16.964651434s","decode":"1m43.34223801s"}
{"level":"info","ts":1785055640.6650665,"logger":"handler","caller":"pipeline/pipeline.go:82","msg":"pipeline step timings","x-request-id":"3af8e5a3-3ad0-4e70-986e-2d356b0b4710","parse":"56.201295ms","prefill":"13.537319196s","decode":"1m50.481511789s"}
{"level":"info","ts":1785055642.2047136,"logger":"handler","caller":"pipeline/pipeline.go:82","msg":"pipeline step timings","x-request-id":"557bcb38-d5fc-46de-91dd-9979a18a9771","parse":"24.216309ms","prefill":"13.455546241s","decode":"1m51.854955533s"}
{"level":"info","ts":1785055643.370785,"logger":"handler","caller":"pipeline/pipeline.go:82","msg":"pipeline step timings","x-request-id":"7be2f322-8cbf-4676-94e0-edaf4812d32f","parse":"21.020226ms","prefill":"13.398048293s","decode":"1m53.021073446s"}
{"level":"info","ts":1785055644.1627235,"logger":"handler","caller":"pipeline/pipeline.go:82","msg":"pipeline step timings","x-request-id":"f960ab9c-c006-4dd3-b2d9-07b64f480aea","parse":"59.544067ms","prefill":"13.571558099s","decode":"1m54.266718529s"}
{"level":"info","ts":1785055645.4303355,"logger":"handler","caller":"pipeline/pipeline.go:82","msg":"pipeline step timings","x-request-id":"c43112a3-bf66-4e4c-8a46-f950632b111b","parse":"30.844963ms","prefill":"13.598012546s","decode":"1m55.080609308s"}
{"level":"info","ts":1785055646.0427787,"logger":"handler","caller":"pipeline/pipeline.go:82","msg":"pipeline step timings","x-request-id":"28ead407-9867-47a9-8498-1a1278645432","parse":"67.00068ms","prefill":"14.557619652s","decode":"1m55.274392306s"}
{"level":"info","ts":1785055646.2493143,"logger":"handler","caller":"pipeline/pipeline.go:82","msg":"pipeline step timings","x-request-id":"ecaff1d6-7236-436f-90f9-6e5eaf01264b","parse":"34.46236ms","prefill":"14.221909636s","decode":"1m55.146160401s"}
{"level":"info","ts":1785055648.3421566,"logger":"handler","caller":"pipeline/pipeline.go:82","msg":"pipeline step timings","x-request-id":"0e4ae35e-bd2b-46f8-a0ce-3ce294dd474e","parse":"55.684493ms","prefill":"14.177731516s","decode":"1m57.238940135s"}
{"level":"info","ts":1785055649.7620864,"logger":"handler","caller":"pipeline/pipeline.go:82","msg":"pipeline step timings","x-request-id":"f6d72c23-8ef5-4934-9fb1-e3e74b3d2f65","parse":"62.234498ms","prefill":"19.800752109s","decode":"1m53.24380443s"}
{"level":"info","ts":1785055656.268587,"logger":"handler","caller":"pipeline/pipeline.go:82","msg":"pipeline step timings","x-request-id":"b09cf570-dce5-4bb8-9bf0-7c13be8d42c9","parse":"45.547341ms","prefill":"16.909150568s","decode":"2m2.733896859s"}
{"level":"info","ts":1785055656.7597823,"logger":"handler","caller":"pipeline/pipeline.go:82","msg":"pipeline step timings","x-request-id":"2bb2a590-f4fc-4b8c-beb9-e31b187e2d1c","parse":"34.605378ms","prefill":"17.077999721s","decode":"2m2.881709594s"}
{"level":"info","ts":1785055657.6729367,"logger":"handler","caller":"pipeline/pipeline.go:82","msg":"pipeline step timings","x-request-id":"7d63a846-8248-4bf5-8866-dacb4a1e7a67","parse":"47.538881ms","prefill":"17.080426036s","decode":"2m3.773563994s"}
{"level":"info","ts":1785055666.1669033,"logger":"handler","caller":"pipeline/pipeline.go:82","msg":"pipeline step timings","x-request-id":"958c1de4-ef8f-4604-9fca-ba846e90d77f","parse":"20.129119ms","prefill":"13.64877606s","decode":"2m15.692434064s"}
{"level":"info","ts":1785055668.069107,"logger":"handler","caller":"pipeline/pipeline.go:82","msg":"pipeline step timings","x-request-id":"e3b63095-275c-4da6-ab65-98124ab91a5a","parse":"57.404108ms","prefill":"17.683791044s","decode":"2m13.919269965s"}
{"level":"info","ts":1785055669.3453753,"logger":"handler","caller":"pipeline/pipeline.go:82","msg":"pipeline step timings","x-request-id":"37e97ea0-eca4-4871-857b-37397cbb8216","parse":"58.394194ms","prefill":"18.099604098s","decode":"2m14.875545814s"}
{"level":"info","ts":1785055670.076792,"logger":"handler","caller":"pipeline/pipeline.go:82","msg":"pipeline step timings","x-request-id":"3a682fa9-214f-42ba-84b7-2cb0d1822db2","parse":"50.691636ms","prefill":"14.683649046s","decode":"2m19.003172411s"}
{"level":"info","ts":1785055671.3536417,"logger":"handler","caller":"pipeline/pipeline.go:82","msg":"pipeline step timings","x-request-id":"1f1a5603-bf53-4927-bd16-499f90394787","parse":"41.283682ms","prefill":"17.838172467s","decode":"2m16.623609687s"}
{"level":"info","ts":1785055672.0051234,"logger":"handler","caller":"pipeline/pipeline.go:82","msg":"pipeline step timings","x-request-id":"b84a141d-4bee-47a3-b225-ccde30ed877f","parse":"49.551392ms","prefill":"15.230152216s","decode":"2m20.476401064s"}
{"level":"info","ts":1785055672.2612233,"logger":"handler","caller":"pipeline/pipeline.go:82","msg":"pipeline step timings","x-request-id":"6cf4b3fe-5a6c-4119-a2ce-f3fb7b427ffe","parse":"51.107539ms","prefill":"18.08913145s","decode":"2m17.202290583s"}
{"level":"info","ts":1785055674.516588,"logger":"handler","caller":"pipeline/pipeline.go:82","msg":"pipeline step timings","x-request-id":"cacd630b-544c-47c8-b340-2e3bd54896aa","parse":"47.215306ms","prefill":"18.642223736s","decode":"2m19.39475061s"}
{"level":"info","ts":1785055692.7273712,"logger":"handler","caller":"pipeline/pipeline.go:82","msg":"pipeline step timings","x-request-id":"c7e0a3d8-d779-4a4c-80de-96241197071e","parse":"52.121094ms","prefill":"20.301088549s","decode":"2m35.833575193s"}
{"level":"info","ts":1785055694.3152683,"logger":"handler","caller":"pipeline/pipeline.go:82","msg":"pipeline step timings","x-request-id":"e6120616-e2bb-4e3f-89d0-ac97819e1289","parse":"70.793615ms","prefill":"20.313658937s","decode":"2m37.4139599s"}
{"level":"info","ts":1785055695.2575243,"logger":"handler","caller":"pipeline/pipeline.go:82","msg":"pipeline step timings","x-request-id":"1e514e01-f93a-4215-b370-11852b71919d","parse":"44.087121ms","prefill":"20.50392205s","decode":"2m37.759107166s"}
{"level":"info","ts":1785055696.525282,"logger":"handler","caller":"pipeline/pipeline.go:82","msg":"pipeline step timings","x-request-id":"17ff4047-e9cc-4e15-a110-bdfb77e64bcb","parse":"77.207852ms","prefill":"18.555083228s","decode":"2m41.192255843s"}
{"level":"info","ts":1785055696.9516795,"logger":"handler","caller":"pipeline/pipeline.go:82","msg":"pipeline step timings","x-request-id":"f22123f5-1329-41ae-9ee8-b68f11095180","parse":"65.231205ms","prefill":"20.806653123s","decode":"2m39.242165074s"}
{"level":"info","ts":1785055698.4442182,"logger":"handler","caller":"pipeline/pipeline.go:82","msg":"pipeline step timings","x-request-id":"f6d869d0-5769-4dc4-8121-b38f462ccbcb","parse":"65.874066ms","prefill":"21.495167357s","decode":"2m40.33501498s"}
{"level":"info","ts":1785055698.6825309,"logger":"handler","caller":"pipeline/pipeline.go:82","msg":"pipeline step timings","x-request-id":"b6c156dd-1f98-45bf-a6c4-f32b5cdbdd2a","parse":"101.44231ms","prefill":"21.326046478s","decode":"2m40.449590643s"}
{"level":"info","ts":1785055700.8546011,"logger":"handler","caller":"pipeline/pipeline.go:82","msg":"pipeline step timings","x-request-id":"6c9ffe92-61ae-4aba-9594-7355d84d22e6","parse":"95.603745ms","prefill":"21.320611906s","decode":"2m42.538375655s"}
{"level":"info","ts":1785055722.6591916,"logger":"handler","caller":"pipeline/pipeline.go:82","msg":"pipeline step timings","x-request-id":"28441641-48e5-456d-be0f-270ab015621f","parse":"52.902054ms","prefill":"21.749494912s","decode":"3m3.95975723s"}
{"level":"info","ts":1785055724.3737125,"logger":"handler","caller":"pipeline/pipeline.go:82","msg":"pipeline step timings","x-request-id":"6ad4e4e8-1974-4d9d-ac67-6745eaa543c7","parse":"84.87819ms","prefill":"21.679187231s","decode":"3m5.658922443s"}
{"level":"info","ts":1785055724.3950572,"logger":"handler","caller":"pipeline/pipeline.go:82","msg":"pipeline step timings","x-request-id":"4473ac41-87dd-44b6-80d7-39185f4c9211","parse":"60.875818ms","prefill":"22.300294641s","decode":"3m5.083322781s"}
{"level":"info","ts":1785055726.2643948,"logger":"handler","caller":"pipeline/pipeline.go:82","msg":"pipeline step timings","x-request-id":"4d2d9d90-b2a1-4b67-83c0-1cdb90bc1a6d","parse":"71.7909ms","prefill":"22.909375175s","decode":"3m6.542159009s"}
{"level":"info","ts":1785055911.6998305,"logger":"handler","caller":"server/handlers.go:101","msg":"received request","x-request-id":"2cedc6d0-97fe-4167-8bca-97607cd14553","path":"/v1/chat/completions","model":"Qwen/Qwen3-VL-32B-Instruct","stream":true}
{"level":"info","ts":1785055911.7116127,"logger":"handler.prefill","caller":"steps/prefill.go:98","msg":"sending request","x-request-id":"2cedc6d0-97fe-4167-8bca-97607cd14553","path":"/v1/chat/completions"}
{"level":"info","ts":1785055913.258571,"logger":"handler.prefill","caller":"steps/prefill.go:126","msg":"complete","x-request-id":"2cedc6d0-97fe-4167-8bca-97607cd14553"}
{"level":"info","ts":1785055913.2586195,"logger":"handler.decode","caller":"steps/decode.go:72","msg":"sending request","x-request-id":"2cedc6d0-97fe-4167-8bca-97607cd14553","path":"/v1/chat/completions","stream":true}
{"level":"info","ts":1785055914.5186563,"logger":"handler","caller":"pipeline/pipeline.go:82","msg":"pipeline step timings","x-request-id":"2cedc6d0-97fe-4167-8bca-97607cd14553","parse":"34.294681ms","prefill":"1.558735992s","decode":"1.260038016s"}
{"level":"info","ts":1785055915.614768,"logger":"handler","caller":"server/handlers.go:101","msg":"received request","x-request-id":"e16e4ba6-07bf-406f-a0fb-dbaf8027542a","path":"/v1/chat/completions","model":"Qwen/Qwen3-VL-32B-Instruct","stream":true}
{"level":"info","ts":1785055915.621769,"logger":"handler","caller":"server/handlers.go:101","msg":"received request","x-request-id":"bfe055b2-4ffa-40d2-ada0-fc92d2c22cc3","path":"/v1/chat/completions","model":"Qwen/Qwen3-VL-32B-Instruct","stream":true}
{"level":"info","ts":1785055915.6230094,"logger":"handler","caller":"server/handlers.go:101","msg":"received request","x-request-id":"78442a31-6d67-4c69-9d61-5f6e5f30b7a7","path":"/v1/chat/completions","model":"Qwen/Qwen3-VL-32B-Instruct","stream":true}
{"level":"info","ts":1785055915.626865,"logger":"handler.prefill","caller":"steps/prefill.go:98","msg":"sending request","x-request-id":"e16e4ba6-07bf-406f-a0fb-dbaf8027542a","path":"/v1/chat/completions"}
{"level":"info","ts":1785055915.6334178,"logger":"handler.prefill","caller":"steps/prefill.go:98","msg":"sending request","x-request-id":"bfe055b2-4ffa-40d2-ada0-fc92d2c22cc3","path":"/v1/chat/completions"}
{"level":"info","ts":1785055915.6474547,"logger":"handler.prefill","caller":"steps/prefill.go:98","msg":"sending request","x-request-id":"78442a31-6d67-4c69-9d61-5f6e5f30b7a7","path":"/v1/chat/completions"}
{"level":"info","ts":1785055915.650966,"logger":"handler","caller":"server/handlers.go:101","msg":"received request","x-request-id":"16cfd76b-0f1c-48c7-9640-acac612fe3c8","path":"/v1/chat/completions","model":"Qwen/Qwen3-VL-32B-Instruct","stream":true}
{"level":"info","ts":1785055915.6513479,"logger":"handler","caller":"server/handlers.go:101","msg":"received request","x-request-id":"aa01de9b-1a99-4453-aba2-d05d7210fdbe","path":"/v1/chat/completions","model":"Qwen/Qwen3-VL-32B-Instruct","stream":true}
{"level":"info","ts":1785055915.6531942,"logger":"handler.prefill","caller":"steps/prefill.go:98","msg":"sending request","x-request-id":"16cfd76b-0f1c-48c7-9640-acac612fe3c8","path":"/v1/chat/completions"}
{"level":"info","ts":1785055915.6648252,"logger":"handler.prefill","caller":"steps/prefill.go:98","msg":"sending request","x-request-id":"aa01de9b-1a99-4453-aba2-d05d7210fdbe","path":"/v1/chat/completions"}
{"level":"info","ts":1785055915.6689515,"logger":"handler","caller":"server/handlers.go:101","msg":"received request","x-request-id":"6a296d46-ab9e-4350-b8e2-55275afc8e75","path":"/v1/chat/completions","model":"Qwen/Qwen3-VL-32B-Instruct","stream":true}
{"level":"info","ts":1785055915.6730516,"logger":"handler","caller":"server/handlers.go:101","msg":"received request","x-request-id":"fdf618b5-9c9a-4481-89e8-8f97a770e9f3","path":"/v1/chat/completions","model":"Qwen/Qwen3-VL-32B-Instruct","stream":true}
{"level":"info","ts":1785055915.6836748,"logger":"handler","caller":"server/handlers.go:101","msg":"received request","x-request-id":"1507037d-f98e-4704-bd46-185606dcf102","path":"/v1/chat/completions","model":"Qwen/Qwen3-VL-32B-Instruct","stream":true}
{"level":"info","ts":1785055915.6848705,"logger":"handler.prefill","caller":"steps/prefill.go:98","msg":"sending request","x-request-id":"fdf618b5-9c9a-4481-89e8-8f97a770e9f3","path":"/v1/chat/completions"}
{"level":"info","ts":1785055915.6863842,"logger":"handler.prefill","caller":"steps/prefill.go:98","msg":"sending request","x-request-id":"6a296d46-ab9e-4350-b8e2-55275afc8e75","path":"/v1/chat/completions"}
{"level":"info","ts":1785055915.687183,"logger":"handler.prefill","caller":"steps/prefill.go:98","msg":"sending request","x-request-id":"1507037d-f98e-4704-bd46-185606dcf102","path":"/v1/chat/completions"}
{"level":"info","ts":1785055915.7030287,"logger":"handler","caller":"server/handlers.go:101","msg":"received request","x-request-id":"ce2fecef-6c14-4e79-8104-f448ec44d235","path":"/v1/chat/completions","model":"Qwen/Qwen3-VL-32B-Instruct","stream":true}
{"level":"info","ts":1785055915.7128446,"logger":"handler.prefill","caller":"steps/prefill.go:98","msg":"sending request","x-request-id":"ce2fecef-6c14-4e79-8104-f448ec44d235","path":"/v1/chat/completions"}
{"level":"info","ts":1785055915.7184374,"logger":"handler","caller":"server/handlers.go:101","msg":"received request","x-request-id":"088d7e6a-131b-49e3-9fea-94ab6b0727de","path":"/v1/chat/completions","model":"Qwen/Qwen3-VL-32B-Instruct","stream":true}
{"level":"info","ts":1785055915.721882,"logger":"handler","caller":"server/handlers.go:101","msg":"received request","x-request-id":"1a5cb83c-20d6-482d-acfb-2f1be47b95b4","path":"/v1/chat/completions","model":"Qwen/Qwen3-VL-32B-Instruct","stream":true}
{"level":"info","ts":1785055915.726399,"logger":"handler.prefill","caller":"steps/prefill.go:98","msg":"sending request","x-request-id":"088d7e6a-131b-49e3-9fea-94ab6b0727de","path":"/v1/chat/completions"}
{"level":"info","ts":1785055915.7265873,"logger":"handler.prefill","caller":"steps/prefill.go:98","msg":"sending request","x-request-id":"1a5cb83c-20d6-482d-acfb-2f1be47b95b4","path":"/v1/chat/completions"}
{"level":"info","ts":1785055915.7308083,"logger":"handler","caller":"server/handlers.go:101","msg":"received request","x-request-id":"2c873390-2f24-4f76-a26a-409b35066a20","path":"/v1/chat/completions","model":"Qwen/Qwen3-VL-32B-Instruct","stream":true}
{"level":"info","ts":1785055915.7398,"logger":"handler.prefill","caller":"steps/prefill.go:98","msg":"sending request","x-request-id":"2c873390-2f24-4f76-a26a-409b35066a20","path":"/v1/chat/completions"}
{"level":"info","ts":1785055915.7447631,"logger":"handler","caller":"server/handlers.go:101","msg":"received request","x-request-id":"c08a1bc0-b542-4c66-933a-8390d8f16744","path":"/v1/chat/completions","model":"Qwen/Qwen3-VL-32B-Instruct","stream":true}
{"level":"info","ts":1785055915.748407,"logger":"handler.prefill","caller":"steps/prefill.go:98","msg":"sending request","x-request-id":"c08a1bc0-b542-4c66-933a-8390d8f16744","path":"/v1/chat/completions"}
{"level":"info","ts":1785055915.760819,"logger":"handler","caller":"server/handlers.go:101","msg":"received request","x-request-id":"8e43f5a7-5c26-4998-9b4f-28e3a26297ed","path":"/v1/chat/completions","model":"Qwen/Qwen3-VL-32B-Instruct","stream":true}
{"level":"info","ts":1785055915.7688754,"logger":"handler","caller":"server/handlers.go:101","msg":"received request","x-request-id":"3aa1f22a-a8df-4a31-a337-9056bec9fe33","path":"/v1/chat/completions","model":"Qwen/Qwen3-VL-32B-Instruct","stream":true}
{"level":"info","ts":1785055915.7715895,"logger":"handler.prefill","caller":"steps/prefill.go:98","msg":"sending request","x-request-id":"3aa1f22a-a8df-4a31-a337-9056bec9fe33","path":"/v1/chat/completions"}
{"level":"info","ts":1785055915.774717,"logger":"handler.prefill","caller":"steps/prefill.go:98","msg":"sending request","x-request-id":"8e43f5a7-5c26-4998-9b4f-28e3a26297ed","path":"/v1/chat/completions"}
{"level":"info","ts":1785055915.7758234,"logger":"handler","caller":"server/handlers.go:101","msg":"received request","x-request-id":"725f5ebc-1838-4501-b298-0a05344a31e3","path":"/v1/chat/completions","model":"Qwen/Qwen3-VL-32B-Instruct","stream":true}
{"level":"info","ts":1785055915.783978,"logger":"handler.prefill","caller":"steps/prefill.go:98","msg":"sending request","x-request-id":"725f5ebc-1838-4501-b298-0a05344a31e3","path":"/v1/chat/completions"}
{"level":"info","ts":1785055915.7880688,"logger":"handler","caller":"server/handlers.go:101","msg":"received request","x-request-id":"17f31f01-3f0b-4ec8-8f5a-66e80fb3d2de","path":"/v1/chat/completions","model":"Qwen/Qwen3-VL-32B-Instruct","stream":true}
{"level":"info","ts":1785055915.7893124,"logger":"handler.prefill","caller":"steps/prefill.go:98","msg":"sending request","x-request-id":"17f31f01-3f0b-4ec8-8f5a-66e80fb3d2de","path":"/v1/chat/completions"}
{"level":"info","ts":1785055915.794563,"logger":"handler","caller":"server/handlers.go:101","msg":"received request","x-request-id":"8bb1773b-dc32-45b3-bfba-c547558d48d5","path":"/v1/chat/completions","model":"Qwen/Qwen3-VL-32B-Instruct","stream":true}
{"level":"info","ts":1785055915.8018975,"logger":"handler.prefill","caller":"steps/prefill.go:98","msg":"sending request","x-request-id":"8bb1773b-dc32-45b3-bfba-c547558d48d5","path":"/v1/chat/completions"}
{"level":"info","ts":1785055915.8153727,"logger":"handler","caller":"server/handlers.go:101","msg":"received request","x-request-id":"0c4cd1f8-1680-43fa-b39a-612946935aad","path":"/v1/chat/completions","model":"Qwen/Qwen3-VL-32B-Instruct","stream":true}
{"level":"info","ts":1785055915.8185763,"logger":"handler.prefill","caller":"steps/prefill.go:98","msg":"sending request","x-request-id":"0c4cd1f8-1680-43fa-b39a-612946935aad","path":"/v1/chat/completions"}
{"level":"info","ts":1785055915.8210745,"logger":"handler","caller":"server/handlers.go:101","msg":"received request","x-request-id":"f73acfbe-e244-4d18-956e-55a5f3450386","path":"/v1/chat/completions","model":"Qwen/Qwen3-VL-32B-Instruct","stream":true}
{"level":"info","ts":1785055915.8270218,"logger":"handler","caller":"server/handlers.go:101","msg":"received request","x-request-id":"6b195ed9-e266-4fc7-8fff-7a7346b62a45","path":"/v1/chat/completions","model":"Qwen/Qwen3-VL-32B-Instruct","stream":true}
{"level":"info","ts":1785055915.8306024,"logger":"handler.prefill","caller":"steps/prefill.go:98","msg":"sending request","x-request-id":"f73acfbe-e244-4d18-956e-55a5f3450386","path":"/v1/chat/completions"}
{"level":"info","ts":1785055915.8341794,"logger":"handler.prefill","caller":"steps/prefill.go:98","msg":"sending request","x-request-id":"6b195ed9-e266-4fc7-8fff-7a7346b62a45","path":"/v1/chat/completions"}
{"level":"info","ts":1785055915.8407445,"logger":"handler","caller":"server/handlers.go:101","msg":"received request","x-request-id":"273ef248-e4aa-4f8d-87f4-2435d786bc63","path":"/v1/chat/completions","model":"Qwen/Qwen3-VL-32B-Instruct","stream":true}
{"level":"info","ts":1785055915.8424819,"logger":"handler.prefill","caller":"steps/prefill.go:98","msg":"sending request","x-request-id":"273ef248-e4aa-4f8d-87f4-2435d786bc63","path":"/v1/chat/completions"}
{"level":"info","ts":1785055915.853016,"logger":"handler","caller":"server/handlers.go:101","msg":"received request","x-request-id":"5f848e8c-7f49-4f5b-89f9-85d6796608a2","path":"/v1/chat/completions","model":"Qwen/Qwen3-VL-32B-Instruct","stream":true}
{"level":"info","ts":1785055915.8544924,"logger":"handler","caller":"server/handlers.go:101","msg":"received request","x-request-id":"3b8970de-fcda-4395-bbe3-b96758b4993a","path":"/v1/chat/completions","model":"Qwen/Qwen3-VL-32B-Instruct","stream":true}
{"level":"info","ts":1785055915.8552048,"logger":"handler.prefill","caller":"steps/prefill.go:98","msg":"sending request","x-request-id":"5f848e8c-7f49-4f5b-89f9-85d6796608a2","path":"/v1/chat/completions"}
{"level":"info","ts":1785055915.8619394,"logger":"handler","caller":"server/handlers.go:101","msg":"received request","x-request-id":"5e23c324-82be-4838-9459-0c90b6f45055","path":"/v1/chat/completions","model":"Qwen/Qwen3-VL-32B-Instruct","stream":true}
{"level":"info","ts":1785055915.8693953,"logger":"handler.prefill","caller":"steps/prefill.go:98","msg":"sending request","x-request-id":"3b8970de-fcda-4395-bbe3-b96758b4993a","path":"/v1/chat/completions"}
{"level":"info","ts":1785055915.8738415,"logger":"handler.prefill","caller":"steps/prefill.go:98","msg":"sending request","x-request-id":"5e23c324-82be-4838-9459-0c90b6f45055","path":"/v1/chat/completions"}
{"level":"info","ts":1785055915.8894546,"logger":"handler","caller":"server/handlers.go:101","msg":"received request","x-request-id":"917fbfbe-cd4b-424f-a61b-3072570a9de1","path":"/v1/chat/completions","model":"Qwen/Qwen3-VL-32B-Instruct","stream":true}
{"level":"info","ts":1785055915.8910987,"logger":"handler","caller":"server/handlers.go:101","msg":"received request","x-request-id":"cf04b251-6d14-4be0-b21a-5e2fa98b15c9","path":"/v1/chat/completions","model":"Qwen/Qwen3-VL-32B-Instruct","stream":true}
{"level":"info","ts":1785055915.8961587,"logger":"handler.prefill","caller":"steps/prefill.go:98","msg":"sending request","x-request-id":"917fbfbe-cd4b-424f-a61b-3072570a9de1","path":"/v1/chat/completions"}
{"level":"info","ts":1785055915.8967638,"logger":"handler.prefill","caller":"steps/prefill.go:98","msg":"sending request","x-request-id":"cf04b251-6d14-4be0-b21a-5e2fa98b15c9","path":"/v1/chat/completions"}
{"level":"info","ts":1785055915.9142146,"logger":"handler","caller":"server/handlers.go:101","msg":"received request","x-request-id":"7a624d49-6652-43cf-a9c0-283f563e26d9","path":"/v1/chat/completions","model":"Qwen/Qwen3-VL-32B-Instruct","stream":true}
{"level":"info","ts":1785055915.918235,"logger":"handler.prefill","caller":"steps/prefill.go:98","msg":"sending request","x-request-id":"7a624d49-6652-43cf-a9c0-283f563e26d9","path":"/v1/chat/completions"}
{"level":"info","ts":1785055915.9226842,"logger":"handler","caller":"server/handlers.go:101","msg":"received request","x-request-id":"ac88d302-87ce-493a-910b-128e9c8c5a57","path":"/v1/chat/completions","model":"Qwen/Qwen3-VL-32B-Instruct","stream":true}
{"level":"info","ts":1785055915.9291108,"logger":"handler.prefill","caller":"steps/prefill.go:98","msg":"sending request","x-request-id":"ac88d302-87ce-493a-910b-128e9c8c5a57","path":"/v1/chat/completions"}
{"level":"info","ts":1785055915.9352927,"logger":"handler","caller":"server/handlers.go:101","msg":"received request","x-request-id":"6d7f6c35-f8c4-4177-8a6c-5189758b01aa","path":"/v1/chat/completions","model":"Qwen/Qwen3-VL-32B-Instruct","stream":true}
{"level":"info","ts":1785055915.9372382,"logger":"handler","caller":"server/handlers.go:101","msg":"received request","x-request-id":"b6918e6a-f989-45e0-af10-27451ebd800f","path":"/v1/chat/completions","model":"Qwen/Qwen3-VL-32B-Instruct","stream":true}
{"level":"info","ts":1785055915.9411027,"logger":"handler.prefill","caller":"steps/prefill.go:98","msg":"sending request","x-request-id":"6d7f6c35-f8c4-4177-8a6c-5189758b01aa","path":"/v1/chat/completions"}
{"level":"info","ts":1785055915.9438722,"logger":"handler.prefill","caller":"steps/prefill.go:98","msg":"sending request","x-request-id":"b6918e6a-f989-45e0-af10-27451ebd800f","path":"/v1/chat/completions"}
{"level":"info","ts":1785055915.9488468,"logger":"handler","caller":"server/handlers.go:101","msg":"received request","x-request-id":"5c9bf331-8b10-48ae-80d3-0dff3527b58c","path":"/v1/chat/completions","model":"Qwen/Qwen3-VL-32B-Instruct","stream":true}
{"level":"info","ts":1785055915.955298,"logger":"handler.prefill","caller":"steps/prefill.go:98","msg":"sending request","x-request-id":"5c9bf331-8b10-48ae-80d3-0dff3527b58c","path":"/v1/chat/completions"}
{"level":"info","ts":1785055915.9687896,"logger":"handler","caller":"server/handlers.go:101","msg":"received request","x-request-id":"a169036e-1a5f-4d60-8bc1-907fd0f60a26","path":"/v1/chat/completions","model":"Qwen/Qwen3-VL-32B-Instruct","stream":true}
{"level":"info","ts":1785055915.9707303,"logger":"handler.prefill","caller":"steps/prefill.go:98","msg":"sending request","x-request-id":"a169036e-1a5f-4d60-8bc1-907fd0f60a26","path":"/v1/chat/completions"}
{"level":"info","ts":1785055915.978363,"logger":"handler","caller":"server/handlers.go:101","msg":"received request","x-request-id":"75adc8aa-0808-47ef-926d-16af8be525a9","path":"/v1/chat/completions","model":"Qwen/Qwen3-VL-32B-Instruct","stream":true}
{"level":"info","ts":1785055915.9860702,"logger":"handler.prefill","caller":"steps/prefill.go:98","msg":"sending request","x-request-id":"75adc8aa-0808-47ef-926d-16af8be525a9","path":"/v1/chat/completions"}
{"level":"info","ts":1785055915.986403,"logger":"handler","caller":"server/handlers.go:101","msg":"received request","x-request-id":"d97f70fa-74ed-4573-9a2c-563149f8ec38","path":"/v1/chat/completions","model":"Qwen/Qwen3-VL-32B-Instruct","stream":true}
{"level":"info","ts":1785055915.991484,"logger":"handler.prefill","caller":"steps/prefill.go:98","msg":"sending request","x-request-id":"d97f70fa-74ed-4573-9a2c-563149f8ec38","path":"/v1/chat/completions"}
{"level":"info","ts":1785055916.0007415,"logger":"handler","caller":"server/handlers.go:101","msg":"received request","x-request-id":"06f8322d-412b-48b9-aa6c-7b107bad6179","path":"/v1/chat/completions","model":"Qwen/Qwen3-VL-32B-Instruct","stream":true}
{"level":"info","ts":1785055916.0027483,"logger":"handler","caller":"server/handlers.go:101","msg":"received request","x-request-id":"c301f751-e7a3-4ef4-985e-c546d6b29e78","path":"/v1/chat/completions","model":"Qwen/Qwen3-VL-32B-Instruct","stream":true}
{"level":"info","ts":1785055916.0045261,"logger":"handler.prefill","caller":"steps/prefill.go:98","msg":"sending request","x-request-id":"c301f751-e7a3-4ef4-985e-c546d6b29e78","path":"/v1/chat/completions"}
{"level":"info","ts":1785055916.0057676,"logger":"handler.prefill","caller":"steps/prefill.go:98","msg":"sending request","x-request-id":"06f8322d-412b-48b9-aa6c-7b107bad6179","path":"/v1/chat/completions"}
{"level":"info","ts":1785055916.0190518,"logger":"handler","caller":"server/handlers.go:101","msg":"received request","x-request-id":"fec2fe49-a2aa-455e-962f-5fe0bc075a98","path":"/v1/chat/completions","model":"Qwen/Qwen3-VL-32B-Instruct","stream":true}
{"level":"info","ts":1785055916.0215607,"logger":"handler","caller":"server/handlers.go:101","msg":"received request","x-request-id":"a9de2f06-2b69-4fc4-b8bd-eb5f4a8b5c06","path":"/v1/chat/completions","model":"Qwen/Qwen3-VL-32B-Instruct","stream":true}
{"level":"info","ts":1785055916.0249298,"logger":"handler.prefill","caller":"steps/prefill.go:98","msg":"sending request","x-request-id":"a9de2f06-2b69-4fc4-b8bd-eb5f4a8b5c06","path":"/v1/chat/completions"}
{"level":"info","ts":1785055916.0282204,"logger":"handler.prefill","caller":"steps/prefill.go:98","msg":"sending request","x-request-id":"fec2fe49-a2aa-455e-962f-5fe0bc075a98","path":"/v1/chat/completions"}
{"level":"info","ts":1785055916.0329916,"logger":"handler","caller":"server/handlers.go:101","msg":"received request","x-request-id":"946c682e-7310-40ae-9c12-6f52eb5fe345","path":"/v1/chat/completions","model":"Qwen/Qwen3-VL-32B-Instruct","stream":true}
{"level":"info","ts":1785055916.0343685,"logger":"handler","caller":"server/handlers.go:101","msg":"received request","x-request-id":"8a9f6c9c-45e3-42fb-8d2d-8dd8d5a7904a","path":"/v1/chat/completions","model":"Qwen/Qwen3-VL-32B-Instruct","stream":true}
{"level":"info","ts":1785055916.0346386,"logger":"handler.prefill","caller":"steps/prefill.go:98","msg":"sending request","x-request-id":"946c682e-7310-40ae-9c12-6f52eb5fe345","path":"/v1/chat/completions"}
{"level":"info","ts":1785055916.0427475,"logger":"handler.prefill","caller":"steps/prefill.go:98","msg":"sending request","x-request-id":"8a9f6c9c-45e3-42fb-8d2d-8dd8d5a7904a","path":"/v1/chat/completions"}
{"level":"info","ts":1785055916.0497751,"logger":"handler","caller":"server/handlers.go:101","msg":"received request","x-request-id":"5afd29f5-93be-4259-86bd-a472a2d97275","path":"/v1/chat/completions","model":"Qwen/Qwen3-VL-32B-Instruct","stream":true}
{"level":"info","ts":1785055916.0503564,"logger":"handler","caller":"server/handlers.go:101","msg":"received request","x-request-id":"af03d075-ff08-42fe-bccb-c366541d42c0","path":"/v1/chat/completions","model":"Qwen/Qwen3-VL-32B-Instruct","stream":true}
{"level":"info","ts":1785055916.053536,"logger":"handler.prefill","caller":"steps/prefill.go:98","msg":"sending request","x-request-id":"af03d075-ff08-42fe-bccb-c366541d42c0","path":"/v1/chat/completions"}
{"level":"info","ts":1785055916.0564423,"logger":"handler.prefill","caller":"steps/prefill.go:98","msg":"sending request","x-request-id":"5afd29f5-93be-4259-86bd-a472a2d97275","path":"/v1/chat/completions"}
{"level":"info","ts":1785055916.0649734,"logger":"handler","caller":"server/handlers.go:101","msg":"received request","x-request-id":"b47e9276-eb42-46c5-9d9d-e040e7233d05","path":"/v1/chat/completions","model":"Qwen/Qwen3-VL-32B-Instruct","stream":true}
{"level":"info","ts":1785055916.0666173,"logger":"handler.prefill","caller":"steps/prefill.go:98","msg":"sending request","x-request-id":"b47e9276-eb42-46c5-9d9d-e040e7233d05","path":"/v1/chat/completions"}
{"level":"info","ts":1785055916.0686755,"logger":"handler","caller":"server/handlers.go:101","msg":"received request","x-request-id":"06de499c-9043-440b-bfd2-6a6d2b910777","path":"/v1/chat/completions","model":"Qwen/Qwen3-VL-32B-Instruct","stream":true}
{"level":"info","ts":1785055916.0706172,"logger":"handler","caller":"server/handlers.go:101","msg":"received request","x-request-id":"79468626-6310-4271-bad0-c5dd9a8432ee","path":"/v1/chat/completions","model":"Qwen/Qwen3-VL-32B-Instruct","stream":true}
{"level":"info","ts":1785055916.0718405,"logger":"handler.prefill","caller":"steps/prefill.go:98","msg":"sending request","x-request-id":"06de499c-9043-440b-bfd2-6a6d2b910777","path":"/v1/chat/completions"}
{"level":"info","ts":1785055916.0765905,"logger":"handler.prefill","caller":"steps/prefill.go:98","msg":"sending request","x-request-id":"79468626-6310-4271-bad0-c5dd9a8432ee","path":"/v1/chat/completions"}
{"level":"info","ts":1785055916.098759,"logger":"handler","caller":"server/handlers.go:101","msg":"received request","x-request-id":"08a02583-0757-4895-9e32-ead81c1b60e2","path":"/v1/chat/completions","model":"Qwen/Qwen3-VL-32B-Instruct","stream":true}
{"level":"info","ts":1785055916.101873,"logger":"handler.prefill","caller":"steps/prefill.go:98","msg":"sending request","x-request-id":"08a02583-0757-4895-9e32-ead81c1b60e2","path":"/v1/chat/completions"}
{"level":"info","ts":1785055916.1237764,"logger":"handler","caller":"server/handlers.go:101","msg":"received request","x-request-id":"ec286c2e-ab8c-4276-a9c8-b7290074a4bc","path":"/v1/chat/completions","model":"Qwen/Qwen3-VL-32B-Instruct","stream":true}
{"level":"info","ts":1785055916.1268334,"logger":"handler.prefill","caller":"steps/prefill.go:98","msg":"sending request","x-request-id":"ec286c2e-ab8c-4276-a9c8-b7290074a4bc","path":"/v1/chat/completions"}
{"level":"info","ts":1785055916.136002,"logger":"handler","caller":"server/handlers.go:101","msg":"received request","x-request-id":"fe0d7927-c800-431d-be84-2f468abd8b59","path":"/v1/chat/completions","model":"Qwen/Qwen3-VL-32B-Instruct","stream":true}
{"level":"info","ts":1785055916.1479247,"logger":"handler.prefill","caller":"steps/prefill.go:98","msg":"sending request","x-request-id":"fe0d7927-c800-431d-be84-2f468abd8b59","path":"/v1/chat/completions"}
{"level":"info","ts":1785055916.1735408,"logger":"handler","caller":"server/handlers.go:101","msg":"received request","x-request-id":"9de550a1-8052-4bee-ab79-fdcb73c2c0ac","path":"/v1/chat/completions","model":"Qwen/Qwen3-VL-32B-Instruct","stream":true}
{"level":"info","ts":1785055916.1750042,"logger":"handler","caller":"server/handlers.go:101","msg":"received request","x-request-id":"03973a00-7ef3-4a47-a0a2-fe6e309a0091","path":"/v1/chat/completions","model":"Qwen/Qwen3-VL-32B-Instruct","stream":true}
{"level":"info","ts":1785055916.178147,"logger":"handler","caller":"server/handlers.go:101","msg":"received request","x-request-id":"619dce79-0d8f-44b6-be71-673142f753bf","path":"/v1/chat/completions","model":"Qwen/Qwen3-VL-32B-Instruct","stream":true}
{"level":"info","ts":1785055916.1838496,"logger":"handler.prefill","caller":"steps/prefill.go:98","msg":"sending request","x-request-id":"03973a00-7ef3-4a47-a0a2-fe6e309a0091","path":"/v1/chat/completions"}
{"level":"info","ts":1785055916.1855218,"logger":"handler.prefill","caller":"steps/prefill.go:98","msg":"sending request","x-request-id":"619dce79-0d8f-44b6-be71-673142f753bf","path":"/v1/chat/completions"}
{"level":"info","ts":1785055916.1861565,"logger":"handler.prefill","caller":"steps/prefill.go:98","msg":"sending request","x-request-id":"9de550a1-8052-4bee-ab79-fdcb73c2c0ac","path":"/v1/chat/completions"}
{"level":"info","ts":1785055916.1915898,"logger":"handler","caller":"server/handlers.go:101","msg":"received request","x-request-id":"519d559f-23b0-4a31-8d85-4fa0075c80ec","path":"/v1/chat/completions","model":"Qwen/Qwen3-VL-32B-Instruct","stream":true}
{"level":"info","ts":1785055916.1927345,"logger":"handler.prefill","caller":"steps/prefill.go:98","msg":"sending request","x-request-id":"519d559f-23b0-4a31-8d85-4fa0075c80ec","path":"/v1/chat/completions"}
{"level":"info","ts":1785055916.193111,"logger":"handler","caller":"server/handlers.go:101","msg":"received request","x-request-id":"2545e3e3-81dd-4d26-af4c-90def8b57ca8","path":"/v1/chat/completions","model":"Qwen/Qwen3-VL-32B-Instruct","stream":true}
{"level":"info","ts":1785055916.1991725,"logger":"handler.prefill","caller":"steps/prefill.go:98","msg":"sending request","x-request-id":"2545e3e3-81dd-4d26-af4c-90def8b57ca8","path":"/v1/chat/completions"}
{"level":"info","ts":1785055916.207973,"logger":"handler","caller":"server/handlers.go:101","msg":"received request","x-request-id":"17ce4dd4-d4c7-417e-af38-f0c4c60b5543","path":"/v1/chat/completions","model":"Qwen/Qwen3-VL-32B-Instruct","stream":true}
{"level":"info","ts":1785055916.2099733,"logger":"handler","caller":"server/handlers.go:101","msg":"received request","x-request-id":"f1c5b2ca-dbdd-4222-9b51-8bd1783d5a00","path":"/v1/chat/completions","model":"Qwen/Qwen3-VL-32B-Instruct","stream":true}
{"level":"info","ts":1785055916.211836,"logger":"handler.prefill","caller":"steps/prefill.go:98","msg":"sending request","x-request-id":"17ce4dd4-d4c7-417e-af38-f0c4c60b5543","path":"/v1/chat/completions"}
{"level":"info","ts":1785055916.2128398,"logger":"handler.prefill","caller":"steps/prefill.go:98","msg":"sending request","x-request-id":"f1c5b2ca-dbdd-4222-9b51-8bd1783d5a00","path":"/v1/chat/completions"}
{"level":"info","ts":1785055916.214851,"logger":"handler","caller":"server/handlers.go:101","msg":"received request","x-request-id":"1c01277b-1dbb-49b1-8d77-cb03c57df63c","path":"/v1/chat/completions","model":"Qwen/Qwen3-VL-32B-Instruct","stream":true}
{"level":"info","ts":1785055916.2286918,"logger":"handler.prefill","caller":"steps/prefill.go:98","msg":"sending request","x-request-id":"1c01277b-1dbb-49b1-8d77-cb03c57df63c","path":"/v1/chat/completions"}
{"level":"info","ts":1785055916.2298193,"logger":"handler","caller":"server/handlers.go:101","msg":"received request","x-request-id":"9a3beb4c-3083-46c4-ad81-e462776d8da8","path":"/v1/chat/completions","model":"Qwen/Qwen3-VL-32B-Instruct","stream":true}
{"level":"info","ts":1785055916.235811,"logger":"handler.prefill","caller":"steps/prefill.go:98","msg":"sending request","x-request-id":"9a3beb4c-3083-46c4-ad81-e462776d8da8","path":"/v1/chat/completions"}
{"level":"info","ts":1785055916.2473078,"logger":"handler","caller":"server/handlers.go:101","msg":"received request","x-request-id":"efb75546-a185-45f7-9d6d-9eca7d283c36","path":"/v1/chat/completions","model":"Qwen/Qwen3-VL-32B-Instruct","stream":true}
{"level":"info","ts":1785055916.250312,"logger":"handler.prefill","caller":"steps/prefill.go:98","msg":"sending request","x-request-id":"efb75546-a185-45f7-9d6d-9eca7d283c36","path":"/v1/chat/completions"}
{"level":"info","ts":1785055916.2548008,"logger":"handler","caller":"server/handlers.go:101","msg":"received request","x-request-id":"143e102f-6701-41b2-9057-77aef932db3d","path":"/v1/chat/completions","model":"Qwen/Qwen3-VL-32B-Instruct","stream":true}
{"level":"info","ts":1785055916.2557917,"logger":"handler","caller":"server/handlers.go:101","msg":"received request","x-request-id":"4fc6dead-8b06-4b9a-a304-1badac9b9966","path":"/v1/chat/completions","model":"Qwen/Qwen3-VL-32B-Instruct","stream":true}
{"level":"info","ts":1785055916.25856,"logger":"handler.prefill","caller":"steps/prefill.go:98","msg":"sending request","x-request-id":"143e102f-6701-41b2-9057-77aef932db3d","path":"/v1/chat/completions"}
{"level":"info","ts":1785055916.263061,"logger":"handler.prefill","caller":"steps/prefill.go:98","msg":"sending request","x-request-id":"4fc6dead-8b06-4b9a-a304-1badac9b9966","path":"/v1/chat/completions"}
{"level":"info","ts":1785055916.2844925,"logger":"handler","caller":"server/handlers.go:101","msg":"received request","x-request-id":"a6a662a3-96cf-4a56-90a1-7734c6384dbb","path":"/v1/chat/completions","model":"Qwen/Qwen3-VL-32B-Instruct","stream":true}
{"level":"info","ts":1785055916.2853906,"logger":"handler","caller":"server/handlers.go:101","msg":"received request","x-request-id":"524433e4-5404-49fd-a917-11a9cf5f868d","path":"/v1/chat/completions","model":"Qwen/Qwen3-VL-32B-Instruct","stream":true}
{"level":"info","ts":1785055916.287659,"logger":"handler.prefill","caller":"steps/prefill.go:98","msg":"sending request","x-request-id":"a6a662a3-96cf-4a56-90a1-7734c6384dbb","path":"/v1/chat/completions"}
{"level":"info","ts":1785055916.2919905,"logger":"handler.prefill","caller":"steps/prefill.go:98","msg":"sending request","x-request-id":"524433e4-5404-49fd-a917-11a9cf5f868d","path":"/v1/chat/completions"}
{"level":"info","ts":1785055916.296827,"logger":"handler","caller":"server/handlers.go:101","msg":"received request","x-request-id":"fd0cfa65-04b2-4352-8efd-9f3e30e40f8b","path":"/v1/chat/completions","model":"Qwen/Qwen3-VL-32B-Instruct","stream":true}
{"level":"info","ts":1785055916.3011267,"logger":"handler.prefill","caller":"steps/prefill.go:98","msg":"sending request","x-request-id":"fd0cfa65-04b2-4352-8efd-9f3e30e40f8b","path":"/v1/chat/completions"}
{"level":"info","ts":1785055916.306199,"logger":"handler","caller":"server/handlers.go:101","msg":"received request","x-request-id":"93215155-0e04-4ef9-8991-61dafa0ef452","path":"/v1/chat/completions","model":"Qwen/Qwen3-VL-32B-Instruct","stream":true}
{"level":"info","ts":1785055916.3117168,"logger":"handler","caller":"server/handlers.go:101","msg":"received request","x-request-id":"923e6c60-ace4-40c2-a51f-a5f8f826f6ad","path":"/v1/chat/completions","model":"Qwen/Qwen3-VL-32B-Instruct","stream":true}
{"level":"info","ts":1785055916.3146493,"logger":"handler.prefill","caller":"steps/prefill.go:98","msg":"sending request","x-request-id":"93215155-0e04-4ef9-8991-61dafa0ef452","path":"/v1/chat/completions"}
{"level":"info","ts":1785055916.3150492,"logger":"handler.prefill","caller":"steps/prefill.go:98","msg":"sending request","x-request-id":"923e6c60-ace4-40c2-a51f-a5f8f826f6ad","path":"/v1/chat/completions"}
{"level":"info","ts":1785055916.3196957,"logger":"handler","caller":"server/handlers.go:101","msg":"received request","x-request-id":"bbc67666-89df-4204-b822-0b35cd243ca8","path":"/v1/chat/completions","model":"Qwen/Qwen3-VL-32B-Instruct","stream":true}
{"level":"info","ts":1785055916.3213406,"logger":"handler","caller":"server/handlers.go:101","msg":"received request","x-request-id":"000922f9-3fe3-4caa-8ee4-f974957b43b9","path":"/v1/chat/completions","model":"Qwen/Qwen3-VL-32B-Instruct","stream":true}
{"level":"info","ts":1785055916.3233066,"logger":"handler.prefill","caller":"steps/prefill.go:98","msg":"sending request","x-request-id":"bbc67666-89df-4204-b822-0b35cd243ca8","path":"/v1/chat/completions"}
{"level":"info","ts":1785055916.3281035,"logger":"handler.prefill","caller":"steps/prefill.go:98","msg":"sending request","x-request-id":"000922f9-3fe3-4caa-8ee4-f974957b43b9","path":"/v1/chat/completions"}
{"level":"info","ts":1785055916.3482592,"logger":"handler","caller":"server/handlers.go:101","msg":"received request","x-request-id":"ee344a58-2540-47c1-8999-6768f8dc280a","path":"/v1/chat/completions","model":"Qwen/Qwen3-VL-32B-Instruct","stream":true}
{"level":"info","ts":1785055916.350452,"logger":"handler.prefill","caller":"steps/prefill.go:98","msg":"sending request","x-request-id":"ee344a58-2540-47c1-8999-6768f8dc280a","path":"/v1/chat/completions"}
{"level":"info","ts":1785055916.350642,"logger":"handler","caller":"server/handlers.go:101","msg":"received request","x-request-id":"27990412-2dee-4233-9430-48949331d718","path":"/v1/chat/completions","model":"Qwen/Qwen3-VL-32B-Instruct","stream":true}
{"level":"info","ts":1785055916.3575253,"logger":"handler.prefill","caller":"steps/prefill.go:98","msg":"sending request","x-request-id":"27990412-2dee-4233-9430-48949331d718","path":"/v1/chat/completions"}
{"level":"info","ts":1785055916.368685,"logger":"handler","caller":"server/handlers.go:101","msg":"received request","x-request-id":"2101e939-6606-4ed8-9bb2-448bb3c8f440","path":"/v1/chat/completions","model":"Qwen/Qwen3-VL-32B-Instruct","stream":true}
{"level":"info","ts":1785055916.3750873,"logger":"handler.prefill","caller":"steps/prefill.go:98","msg":"sending request","x-request-id":"2101e939-6606-4ed8-9bb2-448bb3c8f440","path":"/v1/chat/completions"}
{"level":"info","ts":1785055916.385677,"logger":"handler","caller":"server/handlers.go:101","msg":"received request","x-request-id":"1b10c702-e0cc-4516-bbfc-9450bfa468d4","path":"/v1/chat/completions","model":"Qwen/Qwen3-VL-32B-Instruct","stream":true}
{"level":"info","ts":1785055916.3891973,"logger":"handler.prefill","caller":"steps/prefill.go:98","msg":"sending request","x-request-id":"1b10c702-e0cc-4516-bbfc-9450bfa468d4","path":"/v1/chat/completions"}
{"level":"info","ts":1785055916.3975642,"logger":"handler","caller":"server/handlers.go:101","msg":"received request","x-request-id":"a763f010-1cfd-4589-8bc3-4f2bf1f316bc","path":"/v1/chat/completions","model":"Qwen/Qwen3-VL-32B-Instruct","stream":true}
{"level":"info","ts":1785055916.405356,"logger":"handler.prefill","caller":"steps/prefill.go:98","msg":"sending request","x-request-id":"a763f010-1cfd-4589-8bc3-4f2bf1f316bc","path":"/v1/chat/completions"}
{"level":"info","ts":1785055916.4090734,"logger":"handler","caller":"server/handlers.go:101","msg":"received request","x-request-id":"727012d2-4449-4f01-8e4e-912473bdae20","path":"/v1/chat/completions","model":"Qwen/Qwen3-VL-32B-Instruct","stream":true}
{"level":"info","ts":1785055916.4118037,"logger":"handler","caller":"server/handlers.go:101","msg":"received request","x-request-id":"f73cfa77-9dae-40a2-86d7-1f29193cce96","path":"/v1/chat/completions","model":"Qwen/Qwen3-VL-32B-Instruct","stream":true}
{"level":"info","ts":1785055916.415039,"logger":"handler.prefill","caller":"steps/prefill.go:98","msg":"sending request","x-request-id":"f73cfa77-9dae-40a2-86d7-1f29193cce96","path":"/v1/chat/completions"}
{"level":"info","ts":1785055916.416045,"logger":"handler","caller":"server/handlers.go:101","msg":"received request","x-request-id":"0700d9f1-06d1-4570-ac88-569ef3c7fe85","path":"/v1/chat/completions","model":"Qwen/Qwen3-VL-32B-Instruct","stream":true}
{"level":"info","ts":1785055916.4172947,"logger":"handler.prefill","caller":"steps/prefill.go:98","msg":"sending request","x-request-id":"727012d2-4449-4f01-8e4e-912473bdae20","path":"/v1/chat/completions"}
{"level":"info","ts":1785055916.41766,"logger":"handler.prefill","caller":"steps/prefill.go:98","msg":"sending request","x-request-id":"0700d9f1-06d1-4570-ac88-569ef3c7fe85","path":"/v1/chat/completions"}
{"level":"info","ts":1785055916.4249446,"logger":"handler","caller":"server/handlers.go:101","msg":"received request","x-request-id":"1f59e39a-b914-49e0-9a50-2b287e3b57e0","path":"/v1/chat/completions","model":"Qwen/Qwen3-VL-32B-Instruct","stream":true}
{"level":"info","ts":1785055916.4330416,"logger":"handler.prefill","caller":"steps/prefill.go:98","msg":"sending request","x-request-id":"1f59e39a-b914-49e0-9a50-2b287e3b57e0","path":"/v1/chat/completions"}
{"level":"info","ts":1785055916.4619126,"logger":"handler","caller":"server/handlers.go:101","msg":"received request","x-request-id":"6b830674-5737-4db4-9ad2-e2a2599a8dd5","path":"/v1/chat/completions","model":"Qwen/Qwen3-VL-32B-Instruct","stream":true}
{"level":"info","ts":1785055916.4651363,"logger":"handler","caller":"server/handlers.go:101","msg":"received request","x-request-id":"96855017-5f11-4103-b81d-96e30dba4ff1","path":"/v1/chat/completions","model":"Qwen/Qwen3-VL-32B-Instruct","stream":true}
{"level":"info","ts":1785055916.469809,"logger":"handler.prefill","caller":"steps/prefill.go:98","msg":"sending request","x-request-id":"6b830674-5737-4db4-9ad2-e2a2599a8dd5","path":"/v1/chat/completions"}
{"level":"info","ts":1785055916.4723601,"logger":"handler.prefill","caller":"steps/prefill.go:98","msg":"sending request","x-request-id":"96855017-5f11-4103-b81d-96e30dba4ff1","path":"/v1/chat/completions"}
{"level":"info","ts":1785055916.4784887,"logger":"handler","caller":"server/handlers.go:101","msg":"received request","x-request-id":"b0d5a1d6-bb9f-4836-986f-9f2e0b5b8f61","path":"/v1/chat/completions","model":"Qwen/Qwen3-VL-32B-Instruct","stream":true}
{"level":"info","ts":1785055916.4806786,"logger":"handler.prefill","caller":"steps/prefill.go:98","msg":"sending request","x-request-id":"b0d5a1d6-bb9f-4836-986f-9f2e0b5b8f61","path":"/v1/chat/completions"}
{"level":"info","ts":1785055916.4851112,"logger":"handler","caller":"server/handlers.go:101","msg":"received request","x-request-id":"814eb6bd-8f92-4af9-a3e6-c8397c0d05e6","path":"/v1/chat/completions","model":"Qwen/Qwen3-VL-32B-Instruct","stream":true}
{"level":"info","ts":1785055916.491533,"logger":"handler.prefill","caller":"steps/prefill.go:98","msg":"sending request","x-request-id":"814eb6bd-8f92-4af9-a3e6-c8397c0d05e6","path":"/v1/chat/completions"}
{"level":"info","ts":1785055916.500718,"logger":"handler","caller":"server/handlers.go:101","msg":"received request","x-request-id":"bc5634f1-1a16-4183-9da9-15c73cc55cd9","path":"/v1/chat/completions","model":"Qwen/Qwen3-VL-32B-Instruct","stream":true}
{"level":"info","ts":1785055916.5023942,"logger":"handler.prefill","caller":"steps/prefill.go:98","msg":"sending request","x-request-id":"bc5634f1-1a16-4183-9da9-15c73cc55cd9","path":"/v1/chat/completions"}
{"level":"info","ts":1785055916.5071,"logger":"handler","caller":"server/handlers.go:101","msg":"received request","x-request-id":"44b2b3d7-8b38-4bf8-91d3-0bae84493916","path":"/v1/chat/completions","model":"Qwen/Qwen3-VL-32B-Instruct","stream":true}
{"level":"info","ts":1785055916.511058,"logger":"handler","caller":"server/handlers.go:101","msg":"received request","x-request-id":"149845cb-9e13-452d-a1eb-3c78088ee1b0","path":"/v1/chat/completions","model":"Qwen/Qwen3-VL-32B-Instruct","stream":true}
{"level":"info","ts":1785055916.5127587,"logger":"handler.prefill","caller":"steps/prefill.go:98","msg":"sending request","x-request-id":"149845cb-9e13-452d-a1eb-3c78088ee1b0","path":"/v1/chat/completions"}
{"level":"info","ts":1785055916.5151825,"logger":"handler.prefill","caller":"steps/prefill.go:98","msg":"sending request","x-request-id":"44b2b3d7-8b38-4bf8-91d3-0bae84493916","path":"/v1/chat/completions"}
{"level":"info","ts":1785055916.5215383,"logger":"handler","caller":"server/handlers.go:101","msg":"received request","x-request-id":"e7788032-d3e0-4b18-bd1b-020d405de827","path":"/v1/chat/completions","model":"Qwen/Qwen3-VL-32B-Instruct","stream":true}
{"level":"info","ts":1785055916.5215828,"logger":"handler","caller":"server/handlers.go:101","msg":"received request","x-request-id":"8a352732-ccb0-4b30-b124-1c7885fadf35","path":"/v1/chat/completions","model":"Qwen/Qwen3-VL-32B-Instruct","stream":true}
{"level":"info","ts":1785055916.5231578,"logger":"handler.prefill","caller":"steps/prefill.go:98","msg":"sending request","x-request-id":"8a352732-ccb0-4b30-b124-1c7885fadf35","path":"/v1/chat/completions"}
{"level":"info","ts":1785055916.524838,"logger":"handler","caller":"server/handlers.go:101","msg":"received request","x-request-id":"55cb315f-a4f2-408c-be56-4f880d191344","path":"/v1/chat/completions","model":"Qwen/Qwen3-VL-32B-Instruct","stream":true}
{"level":"info","ts":1785055916.5270379,"logger":"handler","caller":"server/handlers.go:101","msg":"received request","x-request-id":"f342e492-fe64-4de1-8bc9-f3ed8d23e8d6","path":"/v1/chat/completions","model":"Qwen/Qwen3-VL-32B-Instruct","stream":true}
{"level":"info","ts":1785055916.5285766,"logger":"handler.prefill","caller":"steps/prefill.go:98","msg":"sending request","x-request-id":"f342e492-fe64-4de1-8bc9-f3ed8d23e8d6","path":"/v1/chat/completions"}
{"level":"info","ts":1785055916.5292857,"logger":"handler.prefill","caller":"steps/prefill.go:98","msg":"sending request","x-request-id":"e7788032-d3e0-4b18-bd1b-020d405de827","path":"/v1/chat/completions"}
{"level":"info","ts":1785055916.5337892,"logger":"handler.prefill","caller":"steps/prefill.go:98","msg":"sending request","x-request-id":"55cb315f-a4f2-408c-be56-4f880d191344","path":"/v1/chat/completions"}
{"level":"info","ts":1785055916.548575,"logger":"handler","caller":"server/handlers.go:101","msg":"received request","x-request-id":"507cc8a9-0416-468d-87a0-713a2fbda4a1","path":"/v1/chat/completions","model":"Qwen/Qwen3-VL-32B-Instruct","stream":true}
{"level":"info","ts":1785055916.5501904,"logger":"handler.prefill","caller":"steps/prefill.go:98","msg":"sending request","x-request-id":"507cc8a9-0416-468d-87a0-713a2fbda4a1","path":"/v1/chat/completions"}
{"level":"info","ts":1785055916.5558195,"logger":"handler","caller":"server/handlers.go:101","msg":"received request","x-request-id":"e1e3d699-f35e-43d5-9758-a20967f2684b","path":"/v1/chat/completions","model":"Qwen/Qwen3-VL-32B-Instruct","stream":true}
{"level":"info","ts":1785055916.5608733,"logger":"handler","caller":"server/handlers.go:101","msg":"received request","x-request-id":"9174ca41-4a09-44dd-8bc1-2e26a7d5c57c","path":"/v1/chat/completions","model":"Qwen/Qwen3-VL-32B-Instruct","stream":true}
{"level":"info","ts":1785055916.5622592,"logger":"handler.prefill","caller":"steps/prefill.go:98","msg":"sending request","x-request-id":"e1e3d699-f35e-43d5-9758-a20967f2684b","path":"/v1/chat/completions"}
{"level":"info","ts":1785055916.562794,"logger":"handler","caller":"server/handlers.go:101","msg":"received request","x-request-id":"03e39ba4-1c05-4889-8a1c-b3574c95da23","path":"/v1/chat/completions","model":"Qwen/Qwen3-VL-32B-Instruct","stream":true}
{"level":"info","ts":1785055916.565703,"logger":"handler.prefill","caller":"steps/prefill.go:98","msg":"sending request","x-request-id":"9174ca41-4a09-44dd-8bc1-2e26a7d5c57c","path":"/v1/chat/completions"}
{"level":"info","ts":1785055916.5680988,"logger":"handler.prefill","caller":"steps/prefill.go:98","msg":"sending request","x-request-id":"03e39ba4-1c05-4889-8a1c-b3574c95da23","path":"/v1/chat/completions"}
{"level":"info","ts":1785055916.5771132,"logger":"handler","caller":"server/handlers.go:101","msg":"received request","x-request-id":"7efdb90b-563e-4038-bf1c-59448016b56c","path":"/v1/chat/completions","model":"Qwen/Qwen3-VL-32B-Instruct","stream":true}
{"level":"info","ts":1785055916.5809548,"logger":"handler.prefill","caller":"steps/prefill.go:98","msg":"sending request","x-request-id":"7efdb90b-563e-4038-bf1c-59448016b56c","path":"/v1/chat/completions"}
{"level":"info","ts":1785055916.5818877,"logger":"handler","caller":"server/handlers.go:101","msg":"received request","x-request-id":"699ed700-e924-4624-9533-7af27d02025e","path":"/v1/chat/completions","model":"Qwen/Qwen3-VL-32B-Instruct","stream":true}
{"level":"info","ts":1785055916.5833142,"logger":"handler.prefill","caller":"steps/prefill.go:98","msg":"sending request","x-request-id":"699ed700-e924-4624-9533-7af27d02025e","path":"/v1/chat/completions"}
{"level":"info","ts":1785055916.5933027,"logger":"handler","caller":"server/handlers.go:101","msg":"received request","x-request-id":"db4c13b9-b2a3-4164-bc5e-68c4b62eee11","path":"/v1/chat/completions","model":"Qwen/Qwen3-VL-32B-Instruct","stream":true}
{"level":"info","ts":1785055916.5969145,"logger":"handler.prefill","caller":"steps/prefill.go:98","msg":"sending request","x-request-id":"db4c13b9-b2a3-4164-bc5e-68c4b62eee11","path":"/v1/chat/completions"}
{"level":"info","ts":1785055916.6069918,"logger":"handler","caller":"server/handlers.go:101","msg":"received request","x-request-id":"fa4f7eeb-c3c0-4056-aa2c-0a70ed87efd8","path":"/v1/chat/completions","model":"Qwen/Qwen3-VL-32B-Instruct","stream":true}
{"level":"info","ts":1785055916.611027,"logger":"handler.prefill","caller":"steps/prefill.go:98","msg":"sending request","x-request-id":"fa4f7eeb-c3c0-4056-aa2c-0a70ed87efd8","path":"/v1/chat/completions"}
{"level":"info","ts":1785055916.6186252,"logger":"handler","caller":"server/handlers.go:101","msg":"received request","x-request-id":"4a834d73-b0ec-40a4-9191-d3eccfe832f3","path":"/v1/chat/completions","model":"Qwen/Qwen3-VL-32B-Instruct","stream":true}
{"level":"info","ts":1785055916.621349,"logger":"handler.prefill","caller":"steps/prefill.go:98","msg":"sending request","x-request-id":"4a834d73-b0ec-40a4-9191-d3eccfe832f3","path":"/v1/chat/completions"}
{"level":"info","ts":1785055916.6239502,"logger":"handler","caller":"server/handlers.go:101","msg":"received request","x-request-id":"a99fd8b0-2b55-4ccd-b800-f46bc5851f4a","path":"/v1/chat/completions","model":"Qwen/Qwen3-VL-32B-Instruct","stream":true}
{"level":"info","ts":1785055916.625154,"logger":"handler.prefill","caller":"steps/prefill.go:98","msg":"sending request","x-request-id":"a99fd8b0-2b55-4ccd-b800-f46bc5851f4a","path":"/v1/chat/completions"}
{"level":"info","ts":1785055916.6304874,"logger":"handler","caller":"server/handlers.go:101","msg":"received request","x-request-id":"ac4069b3-0025-4e96-a2f9-6050795b21bf","path":"/v1/chat/completions","model":"Qwen/Qwen3-VL-32B-Instruct","stream":true}
{"level":"info","ts":1785055916.6338477,"logger":"handler.prefill","caller":"steps/prefill.go:98","msg":"sending request","x-request-id":"ac4069b3-0025-4e96-a2f9-6050795b21bf","path":"/v1/chat/completions"}
{"level":"info","ts":1785055916.6347778,"logger":"handler","caller":"server/handlers.go:101","msg":"received request","x-request-id":"de8bc5fe-1701-46b2-9b39-a64ee45335f4","path":"/v1/chat/completions","model":"Qwen/Qwen3-VL-32B-Instruct","stream":true}
{"level":"info","ts":1785055916.6359537,"logger":"handler.prefill","caller":"steps/prefill.go:98","msg":"sending request","x-request-id":"de8bc5fe-1701-46b2-9b39-a64ee45335f4","path":"/v1/chat/completions"}
{"level":"info","ts":1785055916.642874,"logger":"handler","caller":"server/handlers.go:101","msg":"received request","x-request-id":"c0c528d1-2de8-4567-9206-c9037f60ec1e","path":"/v1/chat/completions","model":"Qwen/Qwen3-VL-32B-Instruct","stream":true}
{"level":"info","ts":1785055916.650976,"logger":"handler.prefill","caller":"steps/prefill.go:98","msg":"sending request","x-request-id":"c0c528d1-2de8-4567-9206-c9037f60ec1e","path":"/v1/chat/completions"}
{"level":"info","ts":1785055916.6593385,"logger":"handler","caller":"server/handlers.go:101","msg":"received request","x-request-id":"efa5dcdb-1b11-4075-9775-73bb28b94d71","path":"/v1/chat/completions","model":"Qwen/Qwen3-VL-32B-Instruct","stream":true}
{"level":"info","ts":1785055916.66608,"logger":"handler.prefill","caller":"steps/prefill.go:98","msg":"sending request","x-request-id":"efa5dcdb-1b11-4075-9775-73bb28b94d71","path":"/v1/chat/completions"}
{"level":"info","ts":1785055916.6704552,"logger":"handler","caller":"server/handlers.go:101","msg":"received request","x-request-id":"17c6b418-a139-4ef9-b380-68bd8d5df7ab","path":"/v1/chat/completions","model":"Qwen/Qwen3-VL-32B-Instruct","stream":true}
{"level":"info","ts":1785055916.673703,"logger":"handler.prefill","caller":"steps/prefill.go:98","msg":"sending request","x-request-id":"17c6b418-a139-4ef9-b380-68bd8d5df7ab","path":"/v1/chat/completions"}
{"level":"info","ts":1785055916.6750162,"logger":"handler","caller":"server/handlers.go:101","msg":"received request","x-request-id":"5dd36fcd-fbbe-4983-b5aa-067f353837dc","path":"/v1/chat/completions","model":"Qwen/Qwen3-VL-32B-Instruct","stream":true}
{"level":"info","ts":1785055916.6763685,"logger":"handler.prefill","caller":"steps/prefill.go:98","msg":"sending request","x-request-id":"5dd36fcd-fbbe-4983-b5aa-067f353837dc","path":"/v1/chat/completions"}
{"level":"info","ts":1785055916.680453,"logger":"handler","caller":"server/handlers.go:101","msg":"received request","x-request-id":"71c5c0aa-f2b7-42e0-a1d8-3bd5e708bf31","path":"/v1/chat/completions","model":"Qwen/Qwen3-VL-32B-Instruct","stream":true}
{"level":"info","ts":1785055916.6880639,"logger":"handler.prefill","caller":"steps/prefill.go:98","msg":"sending request","x-request-id":"71c5c0aa-f2b7-42e0-a1d8-3bd5e708bf31","path":"/v1/chat/completions"}
{"level":"info","ts":1785055916.7252958,"logger":"handler","caller":"server/handlers.go:101","msg":"received request","x-request-id":"b2fb1092-0976-4dfb-9a71-0e5a18d42938","path":"/v1/chat/completions","model":"Qwen/Qwen3-VL-32B-Instruct","stream":true}
{"level":"info","ts":1785055916.7264597,"logger":"handler","caller":"server/handlers.go:101","msg":"received request","x-request-id":"493e7839-1422-4fb3-9601-8051fd0bb11f","path":"/v1/chat/completions","model":"Qwen/Qwen3-VL-32B-Instruct","stream":true}
{"level":"info","ts":1785055916.730647,"logger":"handler.prefill","caller":"steps/prefill.go:98","msg":"sending request","x-request-id":"b2fb1092-0976-4dfb-9a71-0e5a18d42938","path":"/v1/chat/completions"}
{"level":"info","ts":1785055916.7333682,"logger":"handler.prefill","caller":"steps/prefill.go:98","msg":"sending request","x-request-id":"493e7839-1422-4fb3-9601-8051fd0bb11f","path":"/v1/chat/completions"}
{"level":"info","ts":1785055916.7407162,"logger":"handler","caller":"server/handlers.go:101","msg":"received request","x-request-id":"06d3822d-755e-4413-bbb8-32ebd33168be","path":"/v1/chat/completions","model":"Qwen/Qwen3-VL-32B-Instruct","stream":true}
{"level":"info","ts":1785055916.7423813,"logger":"handler.prefill","caller":"steps/prefill.go:98","msg":"sending request","x-request-id":"06d3822d-755e-4413-bbb8-32ebd33168be","path":"/v1/chat/completions"}
{"level":"info","ts":1785055916.7486305,"logger":"handler","caller":"server/handlers.go:101","msg":"received request","x-request-id":"63f7be60-1593-4c6f-a842-a76817453643","path":"/v1/chat/completions","model":"Qwen/Qwen3-VL-32B-Instruct","stream":true}
{"level":"info","ts":1785055916.7508163,"logger":"handler","caller":"server/handlers.go:101","msg":"received request","x-request-id":"10a4bafa-c026-4282-867c-a72e74a2ec39","path":"/v1/chat/completions","model":"Qwen/Qwen3-VL-32B-Instruct","stream":true}
{"level":"info","ts":1785055916.75559,"logger":"handler.prefill","caller":"steps/prefill.go:98","msg":"sending request","x-request-id":"10a4bafa-c026-4282-867c-a72e74a2ec39","path":"/v1/chat/completions"}
{"level":"info","ts":1785055916.7577507,"logger":"handler","caller":"server/handlers.go:101","msg":"received request","x-request-id":"90576f1d-5c40-4070-b831-858d5dde4eb7","path":"/v1/chat/completions","model":"Qwen/Qwen3-VL-32B-Instruct","stream":true}
{"level":"info","ts":1785055916.761015,"logger":"handler.prefill","caller":"steps/prefill.go:98","msg":"sending request","x-request-id":"63f7be60-1593-4c6f-a842-a76817453643","path":"/v1/chat/completions"}
{"level":"info","ts":1785055916.7626557,"logger":"handler.prefill","caller":"steps/prefill.go:98","msg":"sending request","x-request-id":"90576f1d-5c40-4070-b831-858d5dde4eb7","path":"/v1/chat/completions"}
{"level":"info","ts":1785055916.7642252,"logger":"handler","caller":"server/handlers.go:101","msg":"received request","x-request-id":"4d3766e2-0e21-45c5-a11b-e211db335577","path":"/v1/chat/completions","model":"Qwen/Qwen3-VL-32B-Instruct","stream":true}
{"level":"info","ts":1785055916.769648,"logger":"handler.prefill","caller":"steps/prefill.go:98","msg":"sending request","x-request-id":"4d3766e2-0e21-45c5-a11b-e211db335577","path":"/v1/chat/completions"}
{"level":"info","ts":1785055916.772878,"logger":"handler.prefill","caller":"steps/prefill.go:126","msg":"complete","x-request-id":"16cfd76b-0f1c-48c7-9640-acac612fe3c8"}
{"level":"info","ts":1785055916.7729213,"logger":"handler.decode","caller":"steps/decode.go:72","msg":"sending request","x-request-id":"16cfd76b-0f1c-48c7-9640-acac612fe3c8","path":"/v1/chat/completions","stream":true}
{"level":"info","ts":1785055916.7801135,"logger":"handler","caller":"server/handlers.go:101","msg":"received request","x-request-id":"fed2de8b-fb80-4b5e-b52c-f33a071f5369","path":"/v1/chat/completions","model":"Qwen/Qwen3-VL-32B-Instruct","stream":true}
{"level":"info","ts":1785055916.782726,"logger":"handler.prefill","caller":"steps/prefill.go:98","msg":"sending request","x-request-id":"fed2de8b-fb80-4b5e-b52c-f33a071f5369","path":"/v1/chat/completions"}
{"level":"info","ts":1785055916.8001835,"logger":"handler","caller":"server/handlers.go:101","msg":"received request","x-request-id":"c015a7d9-2dd7-48fe-b1b9-fe2f54c36c22","path":"/v1/chat/completions","model":"Qwen/Qwen3-VL-32B-Instruct","stream":true}
{"level":"info","ts":1785055916.8029473,"logger":"handler","caller":"server/handlers.go:101","msg":"received request","x-request-id":"62323fce-aa3d-47bc-b963-9186e0f44653","path":"/v1/chat/completions","model":"Qwen/Qwen3-VL-32B-Instruct","stream":true}
{"level":"info","ts":1785055916.8037071,"logger":"handler.prefill","caller":"steps/prefill.go:98","msg":"sending request","x-request-id":"c015a7d9-2dd7-48fe-b1b9-fe2f54c36c22","path":"/v1/chat/completions"}
{"level":"info","ts":1785055916.8117177,"logger":"handler","caller":"server/handlers.go:101","msg":"received request","x-request-id":"70a7a68f-38ce-4c89-a09d-d9142e521817","path":"/v1/chat/completions","model":"Qwen/Qwen3-VL-32B-Instruct","stream":true}
{"level":"info","ts":1785055916.8123538,"logger":"handler","caller":"server/handlers.go:101","msg":"received request","x-request-id":"5ad3f41f-0986-97d0-9eea-8f314c59c9fb","path":"/v1/chat/completions","model":"Qwen/Qwen3-VL-32B-Instruct","stream":true}
{"level":"info","ts":1785055916.8143115,"logger":"handler.prefill","caller":"steps/prefill.go:98","msg":"sending request","x-request-id":"5ad3f41f-0986-97d0-9eea-8f314c59c9fb","path":"/v1/chat/completions"}
{"level":"info","ts":1785055916.8166447,"logger":"handler.prefill","caller":"steps/prefill.go:98","msg":"sending request","x-request-id":"62323fce-aa3d-47bc-b963-9186e0f44653","path":"/v1/chat/completions"}
{"level":"info","ts":1785055916.8197696,"logger":"handler.prefill","caller":"steps/prefill.go:98","msg":"sending request","x-request-id":"70a7a68f-38ce-4c89-a09d-d9142e521817","path":"/v1/chat/completions"}
{"level":"info","ts":1785055916.8222165,"logger":"handler","caller":"server/handlers.go:101","msg":"received request","x-request-id":"53be5d8a-8d15-4645-bb1b-6ac1fe79f967","path":"/v1/chat/completions","model":"Qwen/Qwen3-VL-32B-Instruct","stream":true}
{"level":"info","ts":1785055916.833157,"logger":"handler.prefill","caller":"steps/prefill.go:98","msg":"sending request","x-request-id":"53be5d8a-8d15-4645-bb1b-6ac1fe79f967","path":"/v1/chat/completions"}
{"level":"info","ts":1785055916.8419645,"logger":"handler","caller":"server/handlers.go:101","msg":"received request","x-request-id":"64f817db-2712-4426-930d-b8bde9bc1591","path":"/v1/chat/completions","model":"Qwen/Qwen3-VL-32B-Instruct","stream":true}
{"level":"info","ts":1785055916.8471544,"logger":"handler.prefill","caller":"steps/prefill.go:98","msg":"sending request","x-request-id":"64f817db-2712-4426-930d-b8bde9bc1591","path":"/v1/chat/completions"}
{"level":"info","ts":1785055916.8499897,"logger":"handler","caller":"server/handlers.go:101","msg":"received request","x-request-id":"675de616-3860-44f0-8283-c47a14220112","path":"/v1/chat/completions","model":"Qwen/Qwen3-VL-32B-Instruct","stream":true}
{"level":"info","ts":1785055916.85382,"logger":"handler.prefill","caller":"steps/prefill.go:98","msg":"sending request","x-request-id":"675de616-3860-44f0-8283-c47a14220112","path":"/v1/chat/completions"}
{"level":"info","ts":1785055916.855781,"logger":"handler","caller":"server/handlers.go:101","msg":"received request","x-request-id":"e2996beb-9c18-467b-8283-fb5063234733","path":"/v1/chat/completions","model":"Qwen/Qwen3-VL-32B-Instruct","stream":true}
{"level":"info","ts":1785055916.8591094,"logger":"handler.prefill","caller":"steps/prefill.go:98","msg":"sending request","x-request-id":"e2996beb-9c18-467b-8283-fb5063234733","path":"/v1/chat/completions"}
{"level":"info","ts":1785055916.8721495,"logger":"handler","caller":"server/handlers.go:101","msg":"received request","x-request-id":"d65dcc1f-6115-42ef-970b-9da2e668f75b","path":"/v1/chat/completions","model":"Qwen/Qwen3-VL-32B-Instruct","stream":true}
{"level":"info","ts":1785055916.878454,"logger":"handler.prefill","caller":"steps/prefill.go:98","msg":"sending request","x-request-id":"d65dcc1f-6115-42ef-970b-9da2e668f75b","path":"/v1/chat/completions"}
{"level":"info","ts":1785055916.8911836,"logger":"handler","caller":"server/handlers.go:101","msg":"received request","x-request-id":"885e9d59-cf4b-4643-ab39-991ee8b625ba","path":"/v1/chat/completions","model":"Qwen/Qwen3-VL-32B-Instruct","stream":true}
{"level":"info","ts":1785055916.8931792,"logger":"handler.prefill","caller":"steps/prefill.go:98","msg":"sending request","x-request-id":"885e9d59-cf4b-4643-ab39-991ee8b625ba","path":"/v1/chat/completions"}
{"level":"info","ts":1785055916.906836,"logger":"handler","caller":"server/handlers.go:101","msg":"received request","x-request-id":"9f5ac4dc-22ad-44de-b548-06c1fe7696eb","path":"/v1/chat/completions","model":"Qwen/Qwen3-VL-32B-Instruct","stream":true}
{"level":"info","ts":1785055916.9112277,"logger":"handler","caller":"server/handlers.go:101","msg":"received request","x-request-id":"1a9524c8-3def-493a-a8e0-e106926dd5d4","path":"/v1/chat/completions","model":"Qwen/Qwen3-VL-32B-Instruct","stream":true}
{"level":"info","ts":1785055916.9116023,"logger":"handler.prefill","caller":"steps/prefill.go:98","msg":"sending request","x-request-id":"9f5ac4dc-22ad-44de-b548-06c1fe7696eb","path":"/v1/chat/completions"}
{"level":"info","ts":1785055916.919524,"logger":"handler.prefill","caller":"steps/prefill.go:98","msg":"sending request","x-request-id":"1a9524c8-3def-493a-a8e0-e106926dd5d4","path":"/v1/chat/completions"}
{"level":"info","ts":1785055916.9682746,"logger":"handler","caller":"server/handlers.go:101","msg":"received request","x-request-id":"1ba6375c-44cb-4231-bec0-66e51a845304","path":"/v1/chat/completions","model":"Qwen/Qwen3-VL-32B-Instruct","stream":true}
{"level":"info","ts":1785055916.9691412,"logger":"handler","caller":"server/handlers.go:101","msg":"received request","x-request-id":"a4575aca-fa50-45ba-aabb-815f4a6ca773","path":"/v1/chat/completions","model":"Qwen/Qwen3-VL-32B-Instruct","stream":true}
{"level":"info","ts":1785055916.9745443,"logger":"handler","caller":"server/handlers.go:101","msg":"received request","x-request-id":"76c5bf6c-6283-4e40-abbc-9de256f26b1c","path":"/v1/chat/completions","model":"Qwen/Qwen3-VL-32B-Instruct","stream":true}
{"level":"info","ts":1785055916.9760962,"logger":"handler.prefill","caller":"steps/prefill.go:98","msg":"sending request","x-request-id":"1ba6375c-44cb-4231-bec0-66e51a845304","path":"/v1/chat/completions"}
{"level":"info","ts":1785055916.9801514,"logger":"handler.prefill","caller":"steps/prefill.go:98","msg":"sending request","x-request-id":"a4575aca-fa50-45ba-aabb-815f4a6ca773","path":"/v1/chat/completions"}
{"level":"info","ts":1785055916.9807823,"logger":"handler.prefill","caller":"steps/prefill.go:98","msg":"sending request","x-request-id":"76c5bf6c-6283-4e40-abbc-9de256f26b1c","path":"/v1/chat/completions"}
{"level":"info","ts":1785055917.0131462,"logger":"handler","caller":"server/handlers.go:101","msg":"received request","x-request-id":"fb63e05e-42c0-4b43-bff0-c5b0063c7dc8","path":"/v1/chat/completions","model":"Qwen/Qwen3-VL-32B-Instruct","stream":true}
{"level":"info","ts":1785055917.0154805,"logger":"handler","caller":"server/handlers.go:101","msg":"received request","x-request-id":"aafd163b-5699-47b8-8f71-bd5c4cd255ac","path":"/v1/chat/completions","model":"Qwen/Qwen3-VL-32B-Instruct","stream":true}
{"level":"info","ts":1785055917.0183973,"logger":"handler.prefill","caller":"steps/prefill.go:98","msg":"sending request","x-request-id":"fb63e05e-42c0-4b43-bff0-c5b0063c7dc8","path":"/v1/chat/completions"}
{"level":"info","ts":1785055917.0246375,"logger":"handler","caller":"server/handlers.go:101","msg":"received request","x-request-id":"dc0a62d0-4a87-458a-8007-ef64c742c352","path":"/v1/chat/completions","model":"Qwen/Qwen3-VL-32B-Instruct","stream":true}
{"level":"info","ts":1785055917.024876,"logger":"handler.prefill","caller":"steps/prefill.go:98","msg":"sending request","x-request-id":"aafd163b-5699-47b8-8f71-bd5c4cd255ac","path":"/v1/chat/completions"}
{"level":"info","ts":1785055917.0334964,"logger":"handler.prefill","caller":"steps/prefill.go:98","msg":"sending request","x-request-id":"dc0a62d0-4a87-458a-8007-ef64c742c352","path":"/v1/chat/completions"}
{"level":"info","ts":1785055917.0399685,"logger":"handler","caller":"server/handlers.go:101","msg":"received request","x-request-id":"931b6bb1-b4c3-4b07-8a50-a27572fb31fa","path":"/v1/chat/completions","model":"Qwen/Qwen3-VL-32B-Instruct","stream":true}
{"level":"info","ts":1785055917.0447283,"logger":"handler","caller":"server/handlers.go:101","msg":"received request","x-request-id":"2b572ba5-2844-4d8d-b75b-4fb4a7ea5223","path":"/v1/chat/completions","model":"Qwen/Qwen3-VL-32B-Instruct","stream":true}
{"level":"info","ts":1785055917.0481727,"logger":"handler.prefill","caller":"steps/prefill.go:98","msg":"sending request","x-request-id":"931b6bb1-b4c3-4b07-8a50-a27572fb31fa","path":"/v1/chat/completions"}
{"level":"info","ts":1785055917.0601735,"logger":"handler.prefill","caller":"steps/prefill.go:98","msg":"sending request","x-request-id":"2b572ba5-2844-4d8d-b75b-4fb4a7ea5223","path":"/v1/chat/completions"}
{"level":"info","ts":1785055917.0666285,"logger":"handler","caller":"server/handlers.go:101","msg":"received request","x-request-id":"bcb5a8fe-d9fe-40d6-9d9c-d984c99d4f92","path":"/v1/chat/completions","model":"Qwen/Qwen3-VL-32B-Instruct","stream":true}
{"level":"info","ts":1785055917.0737386,"logger":"handler.prefill","caller":"steps/prefill.go:98","msg":"sending request","x-request-id":"bcb5a8fe-d9fe-40d6-9d9c-d984c99d4f92","path":"/v1/chat/completions"}
{"level":"info","ts":1785055917.0791886,"logger":"handler","caller":"server/handlers.go:101","msg":"received request","x-request-id":"41900c8c-0256-4547-8e7b-22111eb0dd46","path":"/v1/chat/completions","model":"Qwen/Qwen3-VL-32B-Instruct","stream":true}
{"level":"info","ts":1785055917.0796008,"logger":"handler","caller":"server/handlers.go:101","msg":"received request","x-request-id":"572fecb7-7215-4224-8e07-d15ff82cc36e","path":"/v1/chat/completions","model":"Qwen/Qwen3-VL-32B-Instruct","stream":true}
{"level":"info","ts":1785055917.0838392,"logger":"handler","caller":"server/handlers.go:101","msg":"received request","x-request-id":"bf20de51-b89f-4c6d-95b1-6e3b92c3d2bd","path":"/v1/chat/completions","model":"Qwen/Qwen3-VL-32B-Instruct","stream":true}
{"level":"info","ts":1785055917.0845385,"logger":"handler.prefill","caller":"steps/prefill.go:98","msg":"sending request","x-request-id":"41900c8c-0256-4547-8e7b-22111eb0dd46","path":"/v1/chat/completions"}
{"level":"info","ts":1785055917.0846162,"logger":"handler.prefill","caller":"steps/prefill.go:98","msg":"sending request","x-request-id":"572fecb7-7215-4224-8e07-d15ff82cc36e","path":"/v1/chat/completions"}
{"level":"info","ts":1785055917.095474,"logger":"handler.prefill","caller":"steps/prefill.go:98","msg":"sending request","x-request-id":"bf20de51-b89f-4c6d-95b1-6e3b92c3d2bd","path":"/v1/chat/completions"}
{"level":"info","ts":1785055917.099643,"logger":"handler","caller":"server/handlers.go:101","msg":"received request","x-request-id":"782e4b0d-f100-4cb3-b63f-4b9ad18df238","path":"/v1/chat/completions","model":"Qwen/Qwen3-VL-32B-Instruct","stream":true}
{"level":"info","ts":1785055917.1060126,"logger":"handler","caller":"server/handlers.go:101","msg":"received request","x-request-id":"6918f7ec-7c09-4caa-b1fc-f49782b7d4ae","path":"/v1/chat/completions","model":"Qwen/Qwen3-VL-32B-Instruct","stream":true}
{"level":"info","ts":1785055917.1100469,"logger":"handler.prefill","caller":"steps/prefill.go:98","msg":"sending request","x-request-id":"6918f7ec-7c09-4caa-b1fc-f49782b7d4ae","path":"/v1/chat/completions"}
{"level":"info","ts":1785055917.1101265,"logger":"handler","caller":"server/handlers.go:101","msg":"received request","x-request-id":"855569c8-03a3-4002-afb8-df4aa6e9d151","path":"/v1/chat/completions","model":"Qwen/Qwen3-VL-32B-Instruct","stream":true}
{"level":"info","ts":1785055917.111855,"logger":"handler.prefill","caller":"steps/prefill.go:98","msg":"sending request","x-request-id":"855569c8-03a3-4002-afb8-df4aa6e9d151","path":"/v1/chat/completions"}
{"level":"info","ts":1785055917.1149147,"logger":"handler.prefill","caller":"steps/prefill.go:98","msg":"sending request","x-request-id":"782e4b0d-f100-4cb3-b63f-4b9ad18df238","path":"/v1/chat/completions"}
{"level":"info","ts":1785055917.136581,"logger":"handler","caller":"server/handlers.go:101","msg":"received request","x-request-id":"ff26e537-50b3-4f45-a831-daa49b68ebc5","path":"/v1/chat/completions","model":"Qwen/Qwen3-VL-32B-Instruct","stream":true}
{"level":"info","ts":1785055917.1450593,"logger":"handler.prefill","caller":"steps/prefill.go:98","msg":"sending request","x-request-id":"ff26e537-50b3-4f45-a831-daa49b68ebc5","path":"/v1/chat/completions"}
{"level":"info","ts":1785055917.154074,"logger":"handler","caller":"server/handlers.go:101","msg":"received request","x-request-id":"4cc52741-6efd-4dc4-851a-753ea9dfb526","path":"/v1/chat/completions","model":"Qwen/Qwen3-VL-32B-Instruct","stream":true}
{"level":"info","ts":1785055917.1665075,"logger":"handler.prefill","caller":"steps/prefill.go:98","msg":"sending request","x-request-id":"4cc52741-6efd-4dc4-851a-753ea9dfb526","path":"/v1/chat/completions"}
{"level":"info","ts":1785055917.1679773,"logger":"handler","caller":"server/handlers.go:101","msg":"received request","x-request-id":"cdd7970a-4bda-4998-9ae2-8d2428a527c3","path":"/v1/chat/completions","model":"Qwen/Qwen3-VL-32B-Instruct","stream":true}
{"level":"info","ts":1785055917.1803017,"logger":"handler.prefill","caller":"steps/prefill.go:98","msg":"sending request","x-request-id":"cdd7970a-4bda-4998-9ae2-8d2428a527c3","path":"/v1/chat/completions"}
{"level":"info","ts":1785055917.1849277,"logger":"handler","caller":"server/handlers.go:101","msg":"received request","x-request-id":"ddee9ed1-b499-45c3-b309-6f48aca49f92","path":"/v1/chat/completions","model":"Qwen/Qwen3-VL-32B-Instruct","stream":true}
{"level":"info","ts":1785055917.1915653,"logger":"handler.prefill","caller":"steps/prefill.go:98","msg":"sending request","x-request-id":"ddee9ed1-b499-45c3-b309-6f48aca49f92","path":"/v1/chat/completions"}
{"level":"info","ts":1785055917.192133,"logger":"handler","caller":"server/handlers.go:101","msg":"received request","x-request-id":"37d80f2c-8ddd-42c4-a0cf-9d38efd3b180","path":"/v1/chat/completions","model":"Qwen/Qwen3-VL-32B-Instruct","stream":true}
{"level":"info","ts":1785055917.194937,"logger":"handler","caller":"server/handlers.go:101","msg":"received request","x-request-id":"e88641a1-0a04-4830-896f-205a38afb9d2","path":"/v1/chat/completions","model":"Qwen/Qwen3-VL-32B-Instruct","stream":true}
{"level":"info","ts":1785055917.1966324,"logger":"handler.prefill","caller":"steps/prefill.go:98","msg":"sending request","x-request-id":"e88641a1-0a04-4830-896f-205a38afb9d2","path":"/v1/chat/completions"}
{"level":"info","ts":1785055917.2043924,"logger":"handler.prefill","caller":"steps/prefill.go:98","msg":"sending request","x-request-id":"37d80f2c-8ddd-42c4-a0cf-9d38efd3b180","path":"/v1/chat/completions"}
{"level":"info","ts":1785055917.2083788,"logger":"handler","caller":"server/handlers.go:101","msg":"received request","x-request-id":"46370fae-f41f-4aea-8ae4-43b75f620a0b","path":"/v1/chat/completions","model":"Qwen/Qwen3-VL-32B-Instruct","stream":true}
{"level":"info","ts":1785055917.2101748,"logger":"handler","caller":"server/handlers.go:101","msg":"received request","x-request-id":"706a4574-129a-4dc2-b4b1-213ce6cbc066","path":"/v1/chat/completions","model":"Qwen/Qwen3-VL-32B-Instruct","stream":true}
{"level":"info","ts":1785055917.2131393,"logger":"handler.prefill","caller":"steps/prefill.go:98","msg":"sending request","x-request-id":"706a4574-129a-4dc2-b4b1-213ce6cbc066","path":"/v1/chat/completions"}
{"level":"info","ts":1785055917.213699,"logger":"handler","caller":"server/handlers.go:101","msg":"received request","x-request-id":"e1154bcd-4cf4-4a15-bf32-007778e39663","path":"/v1/chat/completions","model":"Qwen/Qwen3-VL-32B-Instruct","stream":true}
{"level":"info","ts":1785055917.21489,"logger":"handler.prefill","caller":"steps/prefill.go:98","msg":"sending request","x-request-id":"46370fae-f41f-4aea-8ae4-43b75f620a0b","path":"/v1/chat/completions"}
{"level":"info","ts":1785055917.2253833,"logger":"handler","caller":"server/handlers.go:101","msg":"received request","x-request-id":"d1af69fc-201c-4ac4-9ac1-6cda84000efe","path":"/v1/chat/completions","model":"Qwen/Qwen3-VL-32B-Instruct","stream":true}
{"level":"info","ts":1785055917.2271445,"logger":"handler.prefill","caller":"steps/prefill.go:98","msg":"sending request","x-request-id":"d1af69fc-201c-4ac4-9ac1-6cda84000efe","path":"/v1/chat/completions"}
{"level":"info","ts":1785055917.228133,"logger":"handler.prefill","caller":"steps/prefill.go:98","msg":"sending request","x-request-id":"e1154bcd-4cf4-4a15-bf32-007778e39663","path":"/v1/chat/completions"}
{"level":"info","ts":1785055917.234883,"logger":"handler","caller":"server/handlers.go:101","msg":"received request","x-request-id":"39a401fa-6a8c-4401-bb93-78b61842a324","path":"/v1/chat/completions","model":"Qwen/Qwen3-VL-32B-Instruct","stream":true}
{"level":"info","ts":1785055917.2409172,"logger":"handler","caller":"server/handlers.go:101","msg":"received request","x-request-id":"2a898355-02b6-4cff-9a9a-f1401d3c7322","path":"/v1/chat/completions","model":"Qwen/Qwen3-VL-32B-Instruct","stream":true}
{"level":"info","ts":1785055917.2426522,"logger":"handler.prefill","caller":"steps/prefill.go:98","msg":"sending request","x-request-id":"2a898355-02b6-4cff-9a9a-f1401d3c7322","path":"/v1/chat/completions"}
{"level":"info","ts":1785055917.242721,"logger":"handler.prefill","caller":"steps/prefill.go:98","msg":"sending request","x-request-id":"39a401fa-6a8c-4401-bb93-78b61842a324","path":"/v1/chat/completions"}
{"level":"info","ts":1785055917.2451665,"logger":"handler","caller":"server/handlers.go:101","msg":"received request","x-request-id":"7ac9bfd6-9bdb-406e-a49e-27e0509c1d8b","path":"/v1/chat/completions","model":"Qwen/Qwen3-VL-32B-Instruct","stream":true}
{"level":"info","ts":1785055917.2519903,"logger":"handler.prefill","caller":"steps/prefill.go:98","msg":"sending request","x-request-id":"7ac9bfd6-9bdb-406e-a49e-27e0509c1d8b","path":"/v1/chat/completions"}
{"level":"info","ts":1785055917.2551281,"logger":"handler","caller":"server/handlers.go:101","msg":"received request","x-request-id":"f0fd9dcc-c27a-4780-9473-a86421889065","path":"/v1/chat/completions","model":"Qwen/Qwen3-VL-32B-Instruct","stream":true}
{"level":"info","ts":1785055917.2617297,"logger":"handler.prefill","caller":"steps/prefill.go:98","msg":"sending request","x-request-id":"f0fd9dcc-c27a-4780-9473-a86421889065","path":"/v1/chat/completions"}
{"level":"info","ts":1785055917.268811,"logger":"handler","caller":"server/handlers.go:101","msg":"received request","x-request-id":"447e8983-2de4-4e1a-8c13-417d4d65d874","path":"/v1/chat/completions","model":"Qwen/Qwen3-VL-32B-Instruct","stream":true}
{"level":"info","ts":1785055917.2690258,"logger":"handler","caller":"server/handlers.go:101","msg":"received request","x-request-id":"6965fee7-7d7b-40a0-87e9-9c81e494dcfd","path":"/v1/chat/completions","model":"Qwen/Qwen3-VL-32B-Instruct","stream":true}
{"level":"info","ts":1785055917.2713435,"logger":"handler","caller":"server/handlers.go:101","msg":"received request","x-request-id":"d2ce3582-284d-4476-91ee-303cbeb93374","path":"/v1/chat/completions","model":"Qwen/Qwen3-VL-32B-Instruct","stream":true}
{"level":"info","ts":1785055917.271504,"logger":"handler.prefill","caller":"steps/prefill.go:98","msg":"sending request","x-request-id":"6965fee7-7d7b-40a0-87e9-9c81e494dcfd","path":"/v1/chat/completions"}
{"level":"info","ts":1785055917.2733974,"logger":"handler.prefill","caller":"steps/prefill.go:98","msg":"sending request","x-request-id":"d2ce3582-284d-4476-91ee-303cbeb93374","path":"/v1/chat/completions"}
{"level":"info","ts":1785055917.2772813,"logger":"handler.prefill","caller":"steps/prefill.go:98","msg":"sending request","x-request-id":"447e8983-2de4-4e1a-8c13-417d4d65d874","path":"/v1/chat/completions"}
{"level":"info","ts":1785055917.280754,"logger":"handler","caller":"server/handlers.go:101","msg":"received request","x-request-id":"c034d8f7-7480-491e-9bd2-bc167f1fcce0","path":"/v1/chat/completions","model":"Qwen/Qwen3-VL-32B-Instruct","stream":true}
{"level":"info","ts":1785055917.2879298,"logger":"handler.prefill","caller":"steps/prefill.go:98","msg":"sending request","x-request-id":"c034d8f7-7480-491e-9bd2-bc167f1fcce0","path":"/v1/chat/completions"}
{"level":"info","ts":1785055917.297951,"logger":"handler","caller":"server/handlers.go:101","msg":"received request","x-request-id":"3dbc476f-4e1a-48f6-bf02-fdf9ff3a536c","path":"/v1/chat/completions","model":"Qwen/Qwen3-VL-32B-Instruct","stream":true}
{"level":"info","ts":1785055917.2999978,"logger":"handler.prefill","caller":"steps/prefill.go:98","msg":"sending request","x-request-id":"3dbc476f-4e1a-48f6-bf02-fdf9ff3a536c","path":"/v1/chat/completions"}
{"level":"info","ts":1785055917.3076787,"logger":"handler","caller":"server/handlers.go:101","msg":"received request","x-request-id":"293c43da-a62b-4a7f-802a-20f5fd345ebf","path":"/v1/chat/completions","model":"Qwen/Qwen3-VL-32B-Instruct","stream":true}
{"level":"info","ts":1785055917.308067,"logger":"handler","caller":"server/handlers.go:101","msg":"received request","x-request-id":"16375b43-f85c-4405-8c5f-0a04d45c93d0","path":"/v1/chat/completions","model":"Qwen/Qwen3-VL-32B-Instruct","stream":true}
{"level":"info","ts":1785055917.3117645,"logger":"handler","caller":"server/handlers.go:101","msg":"received request","x-request-id":"71f70452-31e3-4cdd-95fa-0f36bb9d59af","path":"/v1/chat/completions","model":"Qwen/Qwen3-VL-32B-Instruct","stream":true}
{"level":"info","ts":1785055917.3134663,"logger":"handler.prefill","caller":"steps/prefill.go:98","msg":"sending request","x-request-id":"71f70452-31e3-4cdd-95fa-0f36bb9d59af","path":"/v1/chat/completions"}
{"level":"info","ts":1785055917.3134649,"logger":"handler.prefill","caller":"steps/prefill.go:98","msg":"sending request","x-request-id":"293c43da-a62b-4a7f-802a-20f5fd345ebf","path":"/v1/chat/completions"}
{"level":"info","ts":1785055917.3162012,"logger":"handler.prefill","caller":"steps/prefill.go:98","msg":"sending request","x-request-id":"16375b43-f85c-4405-8c5f-0a04d45c93d0","path":"/v1/chat/completions"}
{"level":"info","ts":1785055917.3374095,"logger":"handler","caller":"server/handlers.go:101","msg":"received request","x-request-id":"46bbcb5e-0bae-4b6a-ba9f-932b6b5f1c05","path":"/v1/chat/completions","model":"Qwen/Qwen3-VL-32B-Instruct","stream":true}
{"level":"info","ts":1785055917.3375325,"logger":"handler","caller":"server/handlers.go:101","msg":"received request","x-request-id":"ebb4ef82-1012-4ad9-8ad8-c8ede6bba3ec","path":"/v1/chat/completions","model":"Qwen/Qwen3-VL-32B-Instruct","stream":true}
{"level":"info","ts":1785055917.3402238,"logger":"handler.prefill","caller":"steps/prefill.go:98","msg":"sending request","x-request-id":"46bbcb5e-0bae-4b6a-ba9f-932b6b5f1c05","path":"/v1/chat/completions"}
{"level":"info","ts":1785055917.3422532,"logger":"handler","caller":"server/handlers.go:101","msg":"received request","x-request-id":"c840cab4-1b35-4b80-8709-8bb83d7e5a33","path":"/v1/chat/completions","model":"Qwen/Qwen3-VL-32B-Instruct","stream":true}
{"level":"info","ts":1785055917.344055,"logger":"handler.prefill","caller":"steps/prefill.go:98","msg":"sending request","x-request-id":"ebb4ef82-1012-4ad9-8ad8-c8ede6bba3ec","path":"/v1/chat/completions"}
{"level":"info","ts":1785055917.3464348,"logger":"handler.prefill","caller":"steps/prefill.go:98","msg":"sending request","x-request-id":"c840cab4-1b35-4b80-8709-8bb83d7e5a33","path":"/v1/chat/completions"}
{"level":"info","ts":1785055917.3492713,"logger":"handler","caller":"server/handlers.go:101","msg":"received request","x-request-id":"9682f59c-f6ee-49c7-9ad8-a3323cf05179","path":"/v1/chat/completions","model":"Qwen/Qwen3-VL-32B-Instruct","stream":true}
{"level":"info","ts":1785055917.3509593,"logger":"handler.prefill","caller":"steps/prefill.go:98","msg":"sending request","x-request-id":"9682f59c-f6ee-49c7-9ad8-a3323cf05179","path":"/v1/chat/completions"}
{"level":"info","ts":1785055917.3578343,"logger":"handler","caller":"server/handlers.go:101","msg":"received request","x-request-id":"8ebc6277-ba22-480a-a947-56a796f51009","path":"/v1/chat/completions","model":"Qwen/Qwen3-VL-32B-Instruct","stream":true}
{"level":"info","ts":1785055917.3636088,"logger":"handler.prefill","caller":"steps/prefill.go:98","msg":"sending request","x-request-id":"8ebc6277-ba22-480a-a947-56a796f51009","path":"/v1/chat/completions"}
{"level":"info","ts":1785055917.3723397,"logger":"handler","caller":"server/handlers.go:101","msg":"received request","x-request-id":"ac8977de-5915-4a44-a983-c56bd5cf51a8","path":"/v1/chat/completions","model":"Qwen/Qwen3-VL-32B-Instruct","stream":true}
{"level":"info","ts":1785055917.3745277,"logger":"handler","caller":"server/handlers.go:101","msg":"received request","x-request-id":"da20f265-f798-43bd-9471-6b44518bc356","path":"/v1/chat/completions","model":"Qwen/Qwen3-VL-32B-Instruct","stream":true}
{"level":"info","ts":1785055917.3757744,"logger":"handler.prefill","caller":"steps/prefill.go:98","msg":"sending request","x-request-id":"da20f265-f798-43bd-9471-6b44518bc356","path":"/v1/chat/completions"}
{"level":"info","ts":1785055917.3763843,"logger":"handler","caller":"server/handlers.go:101","msg":"received request","x-request-id":"d87631e4-2b24-49c1-9629-c523b9f0cf3a","path":"/v1/chat/completions","model":"Qwen/Qwen3-VL-32B-Instruct","stream":true}
{"level":"info","ts":1785055917.3766687,"logger":"handler.prefill","caller":"steps/prefill.go:98","msg":"sending request","x-request-id":"ac8977de-5915-4a44-a983-c56bd5cf51a8","path":"/v1/chat/completions"}
{"level":"info","ts":1785055917.3814495,"logger":"handler.prefill","caller":"steps/prefill.go:98","msg":"sending request","x-request-id":"d87631e4-2b24-49c1-9629-c523b9f0cf3a","path":"/v1/chat/completions"}
{"level":"info","ts":1785055917.387468,"logger":"handler","caller":"server/handlers.go:101","msg":"received request","x-request-id":"2961651a-9788-4002-af72-da59d48b120c","path":"/v1/chat/completions","model":"Qwen/Qwen3-VL-32B-Instruct","stream":true}
{"level":"info","ts":1785055917.3899176,"logger":"handler","caller":"server/handlers.go:101","msg":"received request","x-request-id":"261f3f6a-dc4d-4712-87af-4f3a3179c8ab","path":"/v1/chat/completions","model":"Qwen/Qwen3-VL-32B-Instruct","stream":true}
{"level":"info","ts":1785055917.3922796,"logger":"handler.prefill","caller":"steps/prefill.go:98","msg":"sending request","x-request-id":"261f3f6a-dc4d-4712-87af-4f3a3179c8ab","path":"/v1/chat/completions"}
{"level":"info","ts":1785055917.3932693,"logger":"handler.prefill","caller":"steps/prefill.go:98","msg":"sending request","x-request-id":"2961651a-9788-4002-af72-da59d48b120c","path":"/v1/chat/completions"}
{"level":"info","ts":1785055917.4035838,"logger":"handler","caller":"server/handlers.go:101","msg":"received request","x-request-id":"2f77431a-c24d-4279-bdf6-6233dfdf2f87","path":"/v1/chat/completions","model":"Qwen/Qwen3-VL-32B-Instruct","stream":true}
{"level":"info","ts":1785055917.4060023,"logger":"handler.prefill","caller":"steps/prefill.go:98","msg":"sending request","x-request-id":"2f77431a-c24d-4279-bdf6-6233dfdf2f87","path":"/v1/chat/completions"}
{"level":"info","ts":1785055917.427712,"logger":"handler","caller":"server/handlers.go:101","msg":"received request","x-request-id":"01607edd-d921-446d-8b32-dcb2b2909ed8","path":"/v1/chat/completions","model":"Qwen/Qwen3-VL-32B-Instruct","stream":true}
{"level":"info","ts":1785055917.43015,"logger":"handler","caller":"server/handlers.go:101","msg":"received request","x-request-id":"c78637b1-92dc-4eb9-8a02-9d52400c32f6","path":"/v1/chat/completions","model":"Qwen/Qwen3-VL-32B-Instruct","stream":true}
{"level":"info","ts":1785055917.432938,"logger":"handler.prefill","caller":"steps/prefill.go:98","msg":"sending request","x-request-id":"c78637b1-92dc-4eb9-8a02-9d52400c32f6","path":"/v1/chat/completions"}
{"level":"info","ts":1785055917.4343026,"logger":"handler.prefill","caller":"steps/prefill.go:98","msg":"sending request","x-request-id":"01607edd-d921-446d-8b32-dcb2b2909ed8","path":"/v1/chat/completions"}
{"level":"info","ts":1785055917.4396732,"logger":"handler","caller":"server/handlers.go:101","msg":"received request","x-request-id":"83eb0e8d-6c7a-43fe-a761-3836321c471b","path":"/v1/chat/completions","model":"Qwen/Qwen3-VL-32B-Instruct","stream":true}
{"level":"info","ts":1785055917.440241,"logger":"handler","caller":"server/handlers.go:101","msg":"received request","x-request-id":"b087938d-9edd-43c4-9ed2-952a30671eda","path":"/v1/chat/completions","model":"Qwen/Qwen3-VL-32B-Instruct","stream":true}
{"level":"info","ts":1785055917.4427657,"logger":"handler","caller":"server/handlers.go:101","msg":"received request","x-request-id":"78157fb2-f386-4022-a36e-d4e594f5ad8c","path":"/v1/chat/completions","model":"Qwen/Qwen3-VL-32B-Instruct","stream":true}
{"level":"info","ts":1785055917.4429252,"logger":"handler","caller":"server/handlers.go:101","msg":"received request","x-request-id":"b1ffeed0-8c19-9c17-8683-4c1c76623a61","path":"/v1/chat/completions","model":"Qwen/Qwen3-VL-32B-Instruct","stream":true}
{"level":"info","ts":1785055917.4439929,"logger":"handler.prefill","caller":"steps/prefill.go:98","msg":"sending request","x-request-id":"78157fb2-f386-4022-a36e-d4e594f5ad8c","path":"/v1/chat/completions"}
{"level":"info","ts":1785055917.444629,"logger":"handler.prefill","caller":"steps/prefill.go:98","msg":"sending request","x-request-id":"b1ffeed0-8c19-9c17-8683-4c1c76623a61","path":"/v1/chat/completions"}
{"level":"info","ts":1785055917.4447873,"logger":"handler.prefill","caller":"steps/prefill.go:98","msg":"sending request","x-request-id":"83eb0e8d-6c7a-43fe-a761-3836321c471b","path":"/v1/chat/completions"}
{"level":"info","ts":1785055917.4472427,"logger":"handler.prefill","caller":"steps/prefill.go:98","msg":"sending request","x-request-id":"b087938d-9edd-43c4-9ed2-952a30671eda","path":"/v1/chat/completions"}
{"level":"info","ts":1785055917.4550686,"logger":"handler","caller":"server/handlers.go:101","msg":"received request","x-request-id":"6f4ac110-79cd-95b7-ac7c-bf24c5ec0f4d","path":"/v1/chat/completions","model":"Qwen/Qwen3-VL-32B-Instruct","stream":true}
{"level":"info","ts":1785055917.456301,"logger":"handler.prefill","caller":"steps/prefill.go:98","msg":"sending request","x-request-id":"6f4ac110-79cd-95b7-ac7c-bf24c5ec0f4d","path":"/v1/chat/completions"}
{"level":"info","ts":1785055917.4729285,"logger":"handler.prefill","caller":"steps/prefill.go:126","msg":"complete","x-request-id":"bfe055b2-4ffa-40d2-ada0-fc92d2c22cc3"}
{"level":"info","ts":1785055917.4729626,"logger":"handler.decode","caller":"steps/decode.go:72","msg":"sending request","x-request-id":"bfe055b2-4ffa-40d2-ada0-fc92d2c22cc3","path":"/v1/chat/completions","stream":true}
{"level":"info","ts":1785055917.485635,"logger":"handler","caller":"server/handlers.go:101","msg":"received request","x-request-id":"c21d93cd-ba54-4520-bbb8-3e25197aefbf","path":"/v1/chat/completions","model":"Qwen/Qwen3-VL-32B-Instruct","stream":true}
{"level":"info","ts":1785055917.486043,"logger":"handler","caller":"server/handlers.go:101","msg":"received request","x-request-id":"733cbc74-db54-4c9e-9b9a-759a323b8fef","path":"/v1/chat/completions","model":"Qwen/Qwen3-VL-32B-Instruct","stream":true}
{"level":"info","ts":1785055917.4870923,"logger":"handler","caller":"server/handlers.go:101","msg":"received request","x-request-id":"c824db47-ca8b-4c82-856e-5fa0d9201d90","path":"/v1/chat/completions","model":"Qwen/Qwen3-VL-32B-Instruct","stream":true}
{"level":"info","ts":1785055917.487321,"logger":"handler.prefill","caller":"steps/prefill.go:98","msg":"sending request","x-request-id":"c21d93cd-ba54-4520-bbb8-3e25197aefbf","path":"/v1/chat/completions"}
{"level":"info","ts":1785055917.4908414,"logger":"handler.prefill","caller":"steps/prefill.go:98","msg":"sending request","x-request-id":"733cbc74-db54-4c9e-9b9a-759a323b8fef","path":"/v1/chat/completions"}
{"level":"info","ts":1785055917.495452,"logger":"handler.prefill","caller":"steps/prefill.go:98","msg":"sending request","x-request-id":"c824db47-ca8b-4c82-856e-5fa0d9201d90","path":"/v1/chat/completions"}
{"level":"info","ts":1785055917.5057516,"logger":"handler","caller":"server/handlers.go:101","msg":"received request","x-request-id":"771f4171-c124-4414-9bd3-2c35ab2f9d04","path":"/v1/chat/completions","model":"Qwen/Qwen3-VL-32B-Instruct","stream":true}
{"level":"info","ts":1785055917.5079615,"logger":"handler","caller":"server/handlers.go:101","msg":"received request","x-request-id":"e0d02797-c12a-4d1b-841b-81accdaaa720","path":"/v1/chat/completions","model":"Qwen/Qwen3-VL-32B-Instruct","stream":true}
{"level":"info","ts":1785055917.5116956,"logger":"handler.prefill","caller":"steps/prefill.go:98","msg":"sending request","x-request-id":"e0d02797-c12a-4d1b-841b-81accdaaa720","path":"/v1/chat/completions"}
{"level":"info","ts":1785055917.5117822,"logger":"handler.prefill","caller":"steps/prefill.go:98","msg":"sending request","x-request-id":"771f4171-c124-4414-9bd3-2c35ab2f9d04","path":"/v1/chat/completions"}
{"level":"info","ts":1785055917.5252407,"logger":"handler","caller":"server/handlers.go:101","msg":"received request","x-request-id":"5b561ca8-07e5-9058-a1c7-dfd4f8fb4092","path":"/v1/chat/completions","model":"Qwen/Qwen3-VL-32B-Instruct","stream":true}
{"level":"info","ts":1785055917.5282328,"logger":"handler.prefill","caller":"steps/prefill.go:98","msg":"sending request","x-request-id":"5b561ca8-07e5-9058-a1c7-dfd4f8fb4092","path":"/v1/chat/completions"}
{"level":"info","ts":1785055917.5300097,"logger":"handler","caller":"server/handlers.go:101","msg":"received request","x-request-id":"0f42a365-7419-4d3c-9c02-475210969bb2","path":"/v1/chat/completions","model":"Qwen/Qwen3-VL-32B-Instruct","stream":true}
{"level":"info","ts":1785055917.5316098,"logger":"handler.prefill","caller":"steps/prefill.go:98","msg":"sending request","x-request-id":"0f42a365-7419-4d3c-9c02-475210969bb2","path":"/v1/chat/completions"}
{"level":"info","ts":1785055917.5376854,"logger":"handler","caller":"server/handlers.go:101","msg":"received request","x-request-id":"873ff22d-f452-47ef-ab66-e6b9d8d4b528","path":"/v1/chat/completions","model":"Qwen/Qwen3-VL-32B-Instruct","stream":true}
{"level":"info","ts":1785055917.5448432,"logger":"handler.prefill","caller":"steps/prefill.go:98","msg":"sending request","x-request-id":"873ff22d-f452-47ef-ab66-e6b9d8d4b528","path":"/v1/chat/completions"}
{"level":"info","ts":1785055917.5488734,"logger":"handler","caller":"server/handlers.go:101","msg":"received request","x-request-id":"3ab90bed-4e9b-4dfb-a353-cc53441f44c3","path":"/v1/chat/completions","model":"Qwen/Qwen3-VL-32B-Instruct","stream":true}
{"level":"info","ts":1785055917.557376,"logger":"handler.prefill","caller":"steps/prefill.go:98","msg":"sending request","x-request-id":"3ab90bed-4e9b-4dfb-a353-cc53441f44c3","path":"/v1/chat/completions"}
{"level":"info","ts":1785055917.5595632,"logger":"handler","caller":"server/handlers.go:101","msg":"received request","x-request-id":"70676f23-01db-4518-90e7-9b2eb819457b","path":"/v1/chat/completions","model":"Qwen/Qwen3-VL-32B-Instruct","stream":true}
{"level":"info","ts":1785055917.563073,"logger":"handler.prefill","caller":"steps/prefill.go:98","msg":"sending request","x-request-id":"70676f23-01db-4518-90e7-9b2eb819457b","path":"/v1/chat/completions"}
{"level":"info","ts":1785055917.5658934,"logger":"handler","caller":"server/handlers.go:101","msg":"received request","x-request-id":"3ca35ac7-ac43-4773-917c-a54ade0dbf11","path":"/v1/chat/completions","model":"Qwen/Qwen3-VL-32B-Instruct","stream":true}
{"level":"info","ts":1785055917.5697322,"logger":"handler.prefill","caller":"steps/prefill.go:126","msg":"complete","x-request-id":"17f31f01-3f0b-4ec8-8f5a-66e80fb3d2de"}
{"level":"info","ts":1785055917.5697544,"logger":"handler.decode","caller":"steps/decode.go:72","msg":"sending request","x-request-id":"17f31f01-3f0b-4ec8-8f5a-66e80fb3d2de","path":"/v1/chat/completions","stream":true}
{"level":"info","ts":1785055917.5712297,"logger":"handler.prefill","caller":"steps/prefill.go:98","msg":"sending request","x-request-id":"3ca35ac7-ac43-4773-917c-a54ade0dbf11","path":"/v1/chat/completions"}
{"level":"info","ts":1785055917.5941648,"logger":"handler","caller":"server/handlers.go:101","msg":"received request","x-request-id":"17e9b7d0-11db-432f-b8ec-ca8daca2e510","path":"/v1/chat/completions","model":"Qwen/Qwen3-VL-32B-Instruct","stream":true}
{"level":"info","ts":1785055917.5973904,"logger":"handler.prefill","caller":"steps/prefill.go:98","msg":"sending request","x-request-id":"17e9b7d0-11db-432f-b8ec-ca8daca2e510","path":"/v1/chat/completions"}
{"level":"info","ts":1785055917.6159365,"logger":"handler","caller":"server/handlers.go:101","msg":"received request","x-request-id":"766c2561-18e0-45ad-88ba-11ca82487c68","path":"/v1/chat/completions","model":"Qwen/Qwen3-VL-32B-Instruct","stream":true}
{"level":"info","ts":1785055917.6166232,"logger":"handler","caller":"server/handlers.go:101","msg":"received request","x-request-id":"cabd7401-a5ba-4c39-8389-19a6b8c692b5","path":"/v1/chat/completions","model":"Qwen/Qwen3-VL-32B-Instruct","stream":true}
{"level":"info","ts":1785055917.6206858,"logger":"handler","caller":"server/handlers.go:101","msg":"received request","x-request-id":"589e2ab1-8e79-4a8f-8194-fe936ee87e25","path":"/v1/chat/completions","model":"Qwen/Qwen3-VL-32B-Instruct","stream":true}
{"level":"info","ts":1785055917.6230276,"logger":"handler.prefill","caller":"steps/prefill.go:98","msg":"sending request","x-request-id":"cabd7401-a5ba-4c39-8389-19a6b8c692b5","path":"/v1/chat/completions"}
{"level":"info","ts":1785055917.6239445,"logger":"handler.prefill","caller":"steps/prefill.go:98","msg":"sending request","x-request-id":"766c2561-18e0-45ad-88ba-11ca82487c68","path":"/v1/chat/completions"}
{"level":"info","ts":1785055917.6271052,"logger":"handler","caller":"server/handlers.go:101","msg":"received request","x-request-id":"61e7314f-cd93-43eb-8bf0-fe9436d03107","path":"/v1/chat/completions","model":"Qwen/Qwen3-VL-32B-Instruct","stream":true}
{"level":"info","ts":1785055917.6321478,"logger":"handler.prefill","caller":"steps/prefill.go:98","msg":"sending request","x-request-id":"61e7314f-cd93-43eb-8bf0-fe9436d03107","path":"/v1/chat/completions"}
{"level":"info","ts":1785055917.6330023,"logger":"handler","caller":"server/handlers.go:101","msg":"received request","x-request-id":"183faa38-9c41-44f5-b1fc-4edfb7a46b9a","path":"/v1/chat/completions","model":"Qwen/Qwen3-VL-32B-Instruct","stream":true}
{"level":"info","ts":1785055917.6347325,"logger":"handler.prefill","caller":"steps/prefill.go:98","msg":"sending request","x-request-id":"183faa38-9c41-44f5-b1fc-4edfb7a46b9a","path":"/v1/chat/completions"}
{"level":"info","ts":1785055917.6349387,"logger":"handler.prefill","caller":"steps/prefill.go:98","msg":"sending request","x-request-id":"589e2ab1-8e79-4a8f-8194-fe936ee87e25","path":"/v1/chat/completions"}
{"level":"info","ts":1785055917.6543522,"logger":"handler","caller":"server/handlers.go:101","msg":"received request","x-request-id":"f962f616-1603-4d3b-a729-53b485cd3bf5","path":"/v1/chat/completions","model":"Qwen/Qwen3-VL-32B-Instruct","stream":true}
{"level":"info","ts":1785055917.658389,"logger":"handler","caller":"server/handlers.go:101","msg":"received request","x-request-id":"1ec77c80-b9b7-9309-b392-d64b6770c04a","path":"/v1/chat/completions","model":"Qwen/Qwen3-VL-32B-Instruct","stream":true}
{"level":"info","ts":1785055917.661007,"logger":"handler.prefill","caller":"steps/prefill.go:98","msg":"sending request","x-request-id":"f962f616-1603-4d3b-a729-53b485cd3bf5","path":"/v1/chat/completions"}
{"level":"info","ts":1785055917.6617563,"logger":"handler.prefill","caller":"steps/prefill.go:98","msg":"sending request","x-request-id":"1ec77c80-b9b7-9309-b392-d64b6770c04a","path":"/v1/chat/completions"}
{"level":"info","ts":1785055917.670386,"logger":"handler","caller":"server/handlers.go:101","msg":"received request","x-request-id":"ae8116b2-2a34-4a5a-8e27-a4829db10621","path":"/v1/chat/completions","model":"Qwen/Qwen3-VL-32B-Instruct","stream":true}
{"level":"info","ts":1785055917.6707592,"logger":"handler","caller":"server/handlers.go:101","msg":"received request","x-request-id":"d50666d3-06d6-485f-b799-beac79c75613","path":"/v1/chat/completions","model":"Qwen/Qwen3-VL-32B-Instruct","stream":true}
{"level":"info","ts":1785055917.6723406,"logger":"handler.prefill","caller":"steps/prefill.go:98","msg":"sending request","x-request-id":"d50666d3-06d6-485f-b799-beac79c75613","path":"/v1/chat/completions"}
{"level":"info","ts":1785055917.6744123,"logger":"handler","caller":"server/handlers.go:101","msg":"received request","x-request-id":"901a88e8-71ef-450b-80b1-565ae0ae246f","path":"/v1/chat/completions","model":"Qwen/Qwen3-VL-32B-Instruct","stream":true}
{"level":"info","ts":1785055917.6768095,"logger":"handler.prefill","caller":"steps/prefill.go:98","msg":"sending request","x-request-id":"ae8116b2-2a34-4a5a-8e27-a4829db10621","path":"/v1/chat/completions"}
{"level":"info","ts":1785055917.6821868,"logger":"handler.prefill","caller":"steps/prefill.go:98","msg":"sending request","x-request-id":"901a88e8-71ef-450b-80b1-565ae0ae246f","path":"/v1/chat/completions"}
{"level":"info","ts":1785055917.6857016,"logger":"handler","caller":"server/handlers.go:101","msg":"received request","x-request-id":"c873ea33-1f74-4ea9-83be-3c61565ae6a9","path":"/v1/chat/completions","model":"Qwen/Qwen3-VL-32B-Instruct","stream":true}
{"level":"info","ts":1785055917.6874192,"logger":"handler.prefill","caller":"steps/prefill.go:98","msg":"sending request","x-request-id":"c873ea33-1f74-4ea9-83be-3c61565ae6a9","path":"/v1/chat/completions"}
{"level":"info","ts":1785055917.6936474,"logger":"handler","caller":"server/handlers.go:101","msg":"received request","x-request-id":"5382a979-bc60-47aa-84fc-faeb36751974","path":"/v1/chat/completions","model":"Qwen/Qwen3-VL-32B-Instruct","stream":true}
{"level":"info","ts":1785055917.698437,"logger":"handler.prefill","caller":"steps/prefill.go:98","msg":"sending request","x-request-id":"5382a979-bc60-47aa-84fc-faeb36751974","path":"/v1/chat/completions"}
{"level":"info","ts":1785055917.7194161,"logger":"handler","caller":"server/handlers.go:101","msg":"received request","x-request-id":"2e0eefd4-338d-4566-9662-2c33b3127bb3","path":"/v1/chat/completions","model":"Qwen/Qwen3-VL-32B-Instruct","stream":true}
{"level":"info","ts":1785055917.725366,"logger":"handler","caller":"server/handlers.go:101","msg":"received request","x-request-id":"93b64fda-a268-4ae8-bffd-cc7fa4993e05","path":"/v1/chat/completions","model":"Qwen/Qwen3-VL-32B-Instruct","stream":true}
{"level":"info","ts":1785055917.7257254,"logger":"handler.prefill","caller":"steps/prefill.go:98","msg":"sending request","x-request-id":"2e0eefd4-338d-4566-9662-2c33b3127bb3","path":"/v1/chat/completions"}
{"level":"info","ts":1785055917.730073,"logger":"handler.prefill","caller":"steps/prefill.go:98","msg":"sending request","x-request-id":"93b64fda-a268-4ae8-bffd-cc7fa4993e05","path":"/v1/chat/completions"}
{"level":"info","ts":1785055917.7606256,"logger":"handler","caller":"server/handlers.go:101","msg":"received request","x-request-id":"0be3a80c-b3e1-4ad3-8c49-b42f53e8f2c3","path":"/v1/chat/completions","model":"Qwen/Qwen3-VL-32B-Instruct","stream":true}
{"level":"info","ts":1785055917.7656064,"logger":"handler","caller":"server/handlers.go:101","msg":"received request","x-request-id":"39a68521-902a-4405-9eaa-b8883638c908","path":"/v1/chat/completions","model":"Qwen/Qwen3-VL-32B-Instruct","stream":true}
{"level":"info","ts":1785055917.768462,"logger":"handler.prefill","caller":"steps/prefill.go:98","msg":"sending request","x-request-id":"0be3a80c-b3e1-4ad3-8c49-b42f53e8f2c3","path":"/v1/chat/completions"}
{"level":"info","ts":1785055917.7710693,"logger":"handler.prefill","caller":"steps/prefill.go:98","msg":"sending request","x-request-id":"39a68521-902a-4405-9eaa-b8883638c908","path":"/v1/chat/completions"}
{"level":"info","ts":1785055917.7734673,"logger":"handler","caller":"server/handlers.go:101","msg":"received request","x-request-id":"36dd6515-9d7a-4b7a-b91b-a142ad9981a9","path":"/v1/chat/completions","model":"Qwen/Qwen3-VL-32B-Instruct","stream":true}
{"level":"info","ts":1785055917.780076,"logger":"handler.prefill","caller":"steps/prefill.go:98","msg":"sending request","x-request-id":"36dd6515-9d7a-4b7a-b91b-a142ad9981a9","path":"/v1/chat/completions"}
{"level":"info","ts":1785055917.7901852,"logger":"handler","caller":"server/handlers.go:101","msg":"received request","x-request-id":"35b98fab-26af-4e51-b3da-e9ce3921e5ff","path":"/v1/chat/completions","model":"Qwen/Qwen3-VL-32B-Instruct","stream":true}
{"level":"info","ts":1785055917.7967906,"logger":"handler","caller":"server/handlers.go:101","msg":"received request","x-request-id":"1dd4035e-80fb-45b4-9e5f-c65bf0414b35","path":"/v1/chat/completions","model":"Qwen/Qwen3-VL-32B-Instruct","stream":true}
{"level":"info","ts":1785055917.7970178,"logger":"handler.prefill","caller":"steps/prefill.go:98","msg":"sending request","x-request-id":"35b98fab-26af-4e51-b3da-e9ce3921e5ff","path":"/v1/chat/completions"}
{"level":"info","ts":1785055917.8015263,"logger":"handler.prefill","caller":"steps/prefill.go:98","msg":"sending request","x-request-id":"1dd4035e-80fb-45b4-9e5f-c65bf0414b35","path":"/v1/chat/completions"}
{"level":"info","ts":1785055917.8163965,"logger":"handler","caller":"server/handlers.go:101","msg":"received request","x-request-id":"b07747f3-7532-4059-be8c-a25c5646f278","path":"/v1/chat/completions","model":"Qwen/Qwen3-VL-32B-Instruct","stream":true}
{"level":"info","ts":1785055917.8204134,"logger":"handler","caller":"server/handlers.go:101","msg":"received request","x-request-id":"66d9234f-a773-4c67-856c-1d5251cdf372","path":"/v1/chat/completions","model":"Qwen/Qwen3-VL-32B-Instruct","stream":true}
{"level":"info","ts":1785055917.821472,"logger":"handler.prefill","caller":"steps/prefill.go:98","msg":"sending request","x-request-id":"b07747f3-7532-4059-be8c-a25c5646f278","path":"/v1/chat/completions"}
{"level":"info","ts":1785055917.8240602,"logger":"handler.prefill","caller":"steps/prefill.go:98","msg":"sending request","x-request-id":"66d9234f-a773-4c67-856c-1d5251cdf372","path":"/v1/chat/completions"}
{"level":"info","ts":1785055917.8337777,"logger":"handler","caller":"server/handlers.go:101","msg":"received request","x-request-id":"c2d0cea0-dc0d-4821-9d09-31f4aa9bb693","path":"/v1/chat/completions","model":"Qwen/Qwen3-VL-32B-Instruct","stream":true}
{"level":"info","ts":1785055917.8349655,"logger":"handler","caller":"server/handlers.go:101","msg":"received request","x-request-id":"7dda47ad-badd-41df-aa94-7bbc65003b98","path":"/v1/chat/completions","model":"Qwen/Qwen3-VL-32B-Instruct","stream":true}
{"level":"info","ts":1785055917.840023,"logger":"handler.prefill","caller":"steps/prefill.go:98","msg":"sending request","x-request-id":"7dda47ad-badd-41df-aa94-7bbc65003b98","path":"/v1/chat/completions"}
{"level":"info","ts":1785055917.8452873,"logger":"handler","caller":"server/handlers.go:101","msg":"received request","x-request-id":"bfa3b7e2-5d6d-480f-8339-b6222fdd107a","path":"/v1/chat/completions","model":"Qwen/Qwen3-VL-32B-Instruct","stream":true}
{"level":"info","ts":1785055917.8457496,"logger":"handler.prefill","caller":"steps/prefill.go:98","msg":"sending request","x-request-id":"c2d0cea0-dc0d-4821-9d09-31f4aa9bb693","path":"/v1/chat/completions"}
{"level":"info","ts":1785055917.847246,"logger":"handler.prefill","caller":"steps/prefill.go:98","msg":"sending request","x-request-id":"bfa3b7e2-5d6d-480f-8339-b6222fdd107a","path":"/v1/chat/completions"}
{"level":"info","ts":1785055917.856569,"logger":"handler","caller":"server/handlers.go:101","msg":"received request","x-request-id":"6667b5fb-5250-4f21-bb07-ec5ea7d14b36","path":"/v1/chat/completions","model":"Qwen/Qwen3-VL-32B-Instruct","stream":true}
{"level":"info","ts":1785055917.8581643,"logger":"handler.prefill","caller":"steps/prefill.go:98","msg":"sending request","x-request-id":"6667b5fb-5250-4f21-bb07-ec5ea7d14b36","path":"/v1/chat/completions"}
{"level":"info","ts":1785055917.8595746,"logger":"handler","caller":"server/handlers.go:101","msg":"received request","x-request-id":"1b4b79ae-663d-4e5f-aca2-19bc5ba6b306","path":"/v1/chat/completions","model":"Qwen/Qwen3-VL-32B-Instruct","stream":true}
{"level":"info","ts":1785055917.8610828,"logger":"handler","caller":"server/handlers.go:101","msg":"received request","x-request-id":"f798b0fc-9ba6-4772-b85a-967b4c9d0002","path":"/v1/chat/completions","model":"Qwen/Qwen3-VL-32B-Instruct","stream":true}
{"level":"info","ts":1785055917.86597,"logger":"handler.prefill","caller":"steps/prefill.go:98","msg":"sending request","x-request-id":"1b4b79ae-663d-4e5f-aca2-19bc5ba6b306","path":"/v1/chat/completions"}
{"level":"info","ts":1785055917.8667302,"logger":"handler.prefill","caller":"steps/prefill.go:98","msg":"sending request","x-request-id":"f798b0fc-9ba6-4772-b85a-967b4c9d0002","path":"/v1/chat/completions"}
{"level":"info","ts":1785055917.8759756,"logger":"handler","caller":"server/handlers.go:101","msg":"received request","x-request-id":"33f96c3b-adb5-4c7f-adbf-58bb810e5496","path":"/v1/chat/completions","model":"Qwen/Qwen3-VL-32B-Instruct","stream":true}
{"level":"info","ts":1785055917.877691,"logger":"handler.prefill","caller":"steps/prefill.go:98","msg":"sending request","x-request-id":"33f96c3b-adb5-4c7f-adbf-58bb810e5496","path":"/v1/chat/completions"}
{"level":"info","ts":1785055917.8787963,"logger":"handler","caller":"server/handlers.go:101","msg":"received request","x-request-id":"4fff94dc-d5b9-47d6-970c-27670a8dd86d","path":"/v1/chat/completions","model":"Qwen/Qwen3-VL-32B-Instruct","stream":true}
{"level":"info","ts":1785055917.8798203,"logger":"handler","caller":"server/handlers.go:101","msg":"received request","x-request-id":"630378e9-5977-4ab7-80d0-236100052c62","path":"/v1/chat/completions","model":"Qwen/Qwen3-VL-32B-Instruct","stream":true}
{"level":"info","ts":1785055917.8825397,"logger":"handler.prefill","caller":"steps/prefill.go:98","msg":"sending request","x-request-id":"4fff94dc-d5b9-47d6-970c-27670a8dd86d","path":"/v1/chat/completions"}
{"level":"info","ts":1785055917.886118,"logger":"handler.prefill","caller":"steps/prefill.go:98","msg":"sending request","x-request-id":"630378e9-5977-4ab7-80d0-236100052c62","path":"/v1/chat/completions"}
{"level":"info","ts":1785055917.8881843,"logger":"handler","caller":"server/handlers.go:101","msg":"received request","x-request-id":"b860883b-50c7-4e1b-a254-7b91b74e27a3","path":"/v1/chat/completions","model":"Qwen/Qwen3-VL-32B-Instruct","stream":true}
{"level":"info","ts":1785055917.8905437,"logger":"handler.prefill","caller":"steps/prefill.go:98","msg":"sending request","x-request-id":"b860883b-50c7-4e1b-a254-7b91b74e27a3","path":"/v1/chat/completions"}
{"level":"info","ts":1785055917.8908286,"logger":"handler","caller":"server/handlers.go:101","msg":"received request","x-request-id":"9e3aa0db-f620-4563-9ab1-606bb9332391","path":"/v1/chat/completions","model":"Qwen/Qwen3-VL-32B-Instruct","stream":true}
{"level":"info","ts":1785055917.892427,"logger":"handler.prefill","caller":"steps/prefill.go:98","msg":"sending request","x-request-id":"9e3aa0db-f620-4563-9ab1-606bb9332391","path":"/v1/chat/completions"}
{"level":"info","ts":1785055917.9052224,"logger":"handler","caller":"server/handlers.go:101","msg":"received request","x-request-id":"4aa20997-3a58-476d-babd-578e21356168","path":"/v1/chat/completions","model":"Qwen/Qwen3-VL-32B-Instruct","stream":true}
{"level":"info","ts":1785055917.9120293,"logger":"handler","caller":"server/handlers.go:101","msg":"received request","x-request-id":"697f7d3a-29fa-47e9-a87f-7066b5e90066","path":"/v1/chat/completions","model":"Qwen/Qwen3-VL-32B-Instruct","stream":true}
{"level":"info","ts":1785055917.9123037,"logger":"handler.prefill","caller":"steps/prefill.go:98","msg":"sending request","x-request-id":"4aa20997-3a58-476d-babd-578e21356168","path":"/v1/chat/completions"}
{"level":"info","ts":1785055917.9134078,"logger":"handler","caller":"server/handlers.go:101","msg":"received request","x-request-id":"e3f028b2-588e-412e-9661-dc159cc4fa97","path":"/v1/chat/completions","model":"Qwen/Qwen3-VL-32B-Instruct","stream":true}
{"level":"info","ts":1785055917.9154994,"logger":"handler.prefill","caller":"steps/prefill.go:98","msg":"sending request","x-request-id":"697f7d3a-29fa-47e9-a87f-7066b5e90066","path":"/v1/chat/completions"}
{"level":"info","ts":1785055917.9186332,"logger":"handler.prefill","caller":"steps/prefill.go:98","msg":"sending request","x-request-id":"e3f028b2-588e-412e-9661-dc159cc4fa97","path":"/v1/chat/completions"}
{"level":"info","ts":1785055917.9299738,"logger":"handler","caller":"server/handlers.go:101","msg":"received request","x-request-id":"8b4dc974-39a8-4a65-9a14-ca6312951f39","path":"/v1/chat/completions","model":"Qwen/Qwen3-VL-32B-Instruct","stream":true}
{"level":"info","ts":1785055917.9358628,"logger":"handler.prefill","caller":"steps/prefill.go:98","msg":"sending request","x-request-id":"8b4dc974-39a8-4a65-9a14-ca6312951f39","path":"/v1/chat/completions"}
{"level":"info","ts":1785055917.9394135,"logger":"handler","caller":"server/handlers.go:101","msg":"received request","x-request-id":"16427287-8c8e-4453-ae6c-2a149032fec8","path":"/v1/chat/completions","model":"Qwen/Qwen3-VL-32B-Instruct","stream":true}
{"level":"info","ts":1785055917.9442437,"logger":"handler.prefill","caller":"steps/prefill.go:98","msg":"sending request","x-request-id":"16427287-8c8e-4453-ae6c-2a149032fec8","path":"/v1/chat/completions"}
{"level":"info","ts":1785055917.9525971,"logger":"handler","caller":"server/handlers.go:101","msg":"received request","x-request-id":"a88a8c49-99df-4f27-9e93-9f3c683bcd8a","path":"/v1/chat/completions","model":"Qwen/Qwen3-VL-32B-Instruct","stream":true}
{"level":"info","ts":1785055917.9545686,"logger":"handler.prefill","caller":"steps/prefill.go:98","msg":"sending request","x-request-id":"a88a8c49-99df-4f27-9e93-9f3c683bcd8a","path":"/v1/chat/completions"}
{"level":"info","ts":1785055917.962666,"logger":"handler","caller":"server/handlers.go:101","msg":"received request","x-request-id":"45b56e23-cd7a-4f75-b52c-f738eee89af6","path":"/v1/chat/completions","model":"Qwen/Qwen3-VL-32B-Instruct","stream":true}
{"level":"info","ts":1785055917.9684422,"logger":"handler.prefill","caller":"steps/prefill.go:98","msg":"sending request","x-request-id":"45b56e23-cd7a-4f75-b52c-f738eee89af6","path":"/v1/chat/completions"}
{"level":"info","ts":1785055917.981758,"logger":"handler","caller":"server/handlers.go:101","msg":"received request","x-request-id":"60cd3bbb-2bc6-4032-91bb-0e26d3d24868","path":"/v1/chat/completions","model":"Qwen/Qwen3-VL-32B-Instruct","stream":true}
{"level":"info","ts":1785055917.982389,"logger":"handler","caller":"server/handlers.go:101","msg":"received request","x-request-id":"cd15d19a-78cb-40bc-a90c-1bae83338db3","path":"/v1/chat/completions","model":"Qwen/Qwen3-VL-32B-Instruct","stream":true}
{"level":"info","ts":1785055917.9836307,"logger":"handler","caller":"server/handlers.go:101","msg":"received request","x-request-id":"b70ea602-0ae6-464f-90f2-554b4401a204","path":"/v1/chat/completions","model":"Qwen/Qwen3-VL-32B-Instruct","stream":true}
{"level":"info","ts":1785055917.9867408,"logger":"handler.prefill","caller":"steps/prefill.go:98","msg":"sending request","x-request-id":"b70ea602-0ae6-464f-90f2-554b4401a204","path":"/v1/chat/completions"}
{"level":"info","ts":1785055917.9885645,"logger":"handler.prefill","caller":"steps/prefill.go:98","msg":"sending request","x-request-id":"60cd3bbb-2bc6-4032-91bb-0e26d3d24868","path":"/v1/chat/completions"}
{"level":"info","ts":1785055917.994513,"logger":"handler.prefill","caller":"steps/prefill.go:98","msg":"sending request","x-request-id":"cd15d19a-78cb-40bc-a90c-1bae83338db3","path":"/v1/chat/completions"}
{"level":"info","ts":1785055917.996831,"logger":"handler","caller":"server/handlers.go:101","msg":"received request","x-request-id":"1755fe95-db6f-47b2-82ef-5f8ed199c420","path":"/v1/chat/completions","model":"Qwen/Qwen3-VL-32B-Instruct","stream":true}
{"level":"info","ts":1785055918.008812,"logger":"handler.prefill","caller":"steps/prefill.go:98","msg":"sending request","x-request-id":"1755fe95-db6f-47b2-82ef-5f8ed199c420","path":"/v1/chat/completions"}
{"level":"info","ts":1785055918.010825,"logger":"handler","caller":"server/handlers.go:101","msg":"received request","x-request-id":"b4d5801c-14f0-4eaf-99ef-bef8b46504cb","path":"/v1/chat/completions","model":"Qwen/Qwen3-VL-32B-Instruct","stream":true}
{"level":"info","ts":1785055918.011493,"logger":"handler","caller":"server/handlers.go:101","msg":"received request","x-request-id":"01a16e42-5c03-4524-b5f1-f997e7b2a15c","path":"/v1/chat/completions","model":"Qwen/Qwen3-VL-32B-Instruct","stream":true}
{"level":"info","ts":1785055918.0138314,"logger":"handler.prefill","caller":"steps/prefill.go:98","msg":"sending request","x-request-id":"b4d5801c-14f0-4eaf-99ef-bef8b46504cb","path":"/v1/chat/completions"}
{"level":"info","ts":1785055918.014885,"logger":"handler.prefill","caller":"steps/prefill.go:98","msg":"sending request","x-request-id":"01a16e42-5c03-4524-b5f1-f997e7b2a15c","path":"/v1/chat/completions"}
{"level":"info","ts":1785055918.0376422,"logger":"handler.prefill","caller":"steps/prefill.go:126","msg":"complete","x-request-id":"e16e4ba6-07bf-406f-a0fb-dbaf8027542a"}
{"level":"info","ts":1785055918.0376852,"logger":"handler.decode","caller":"steps/decode.go:72","msg":"sending request","x-request-id":"e16e4ba6-07bf-406f-a0fb-dbaf8027542a","path":"/v1/chat/completions","stream":true}
{"level":"info","ts":1785055918.0453417,"logger":"handler","caller":"server/handlers.go:101","msg":"received request","x-request-id":"52d99805-78b0-4b5e-9a90-745343ef99d8","path":"/v1/chat/completions","model":"Qwen/Qwen3-VL-32B-Instruct","stream":true}
{"level":"info","ts":1785055918.052173,"logger":"handler.prefill","caller":"steps/prefill.go:98","msg":"sending request","x-request-id":"52d99805-78b0-4b5e-9a90-745343ef99d8","path":"/v1/chat/completions"}
{"level":"info","ts":1785055918.0550756,"logger":"handler","caller":"server/handlers.go:101","msg":"received request","x-request-id":"14a02761-bf31-46ad-98a5-81f85a8f0cc3","path":"/v1/chat/completions","model":"Qwen/Qwen3-VL-32B-Instruct","stream":true}
{"level":"info","ts":1785055918.0574086,"logger":"handler.prefill","caller":"steps/prefill.go:98","msg":"sending request","x-request-id":"14a02761-bf31-46ad-98a5-81f85a8f0cc3","path":"/v1/chat/completions"}
{"level":"info","ts":1785055918.0654242,"logger":"handler","caller":"server/handlers.go:101","msg":"received request","x-request-id":"4bbddb9d-2757-4159-8b91-982a6af7b725","path":"/v1/chat/completions","model":"Qwen/Qwen3-VL-32B-Instruct","stream":true}
{"level":"info","ts":1785055918.0684383,"logger":"handler","caller":"server/handlers.go:101","msg":"received request","x-request-id":"862947a4-529c-4b6e-83a0-56fef42db77d","path":"/v1/chat/completions","model":"Qwen/Qwen3-VL-32B-Instruct","stream":true}
{"level":"info","ts":1785055918.0700853,"logger":"handler.prefill","caller":"steps/prefill.go:98","msg":"sending request","x-request-id":"862947a4-529c-4b6e-83a0-56fef42db77d","path":"/v1/chat/completions"}
{"level":"info","ts":1785055918.0740862,"logger":"handler","caller":"server/handlers.go:101","msg":"received request","x-request-id":"c98cd543-6225-9389-bd42-1e9b1fac4472","path":"/v1/chat/completions","model":"Qwen/Qwen3-VL-32B-Instruct","stream":true}
{"level":"info","ts":1785055918.075361,"logger":"handler.prefill","caller":"steps/prefill.go:98","msg":"sending request","x-request-id":"4bbddb9d-2757-4159-8b91-982a6af7b725","path":"/v1/chat/completions"}
{"level":"info","ts":1785055918.088754,"logger":"handler.prefill","caller":"steps/prefill.go:98","msg":"sending request","x-request-id":"c98cd543-6225-9389-bd42-1e9b1fac4472","path":"/v1/chat/completions"}
{"level":"info","ts":1785055918.0911424,"logger":"handler","caller":"server/handlers.go:101","msg":"received request","x-request-id":"7411f0b6-a04c-4d13-901a-8493f1952b0a","path":"/v1/chat/completions","model":"Qwen/Qwen3-VL-32B-Instruct","stream":true}
{"level":"info","ts":1785055918.1017973,"logger":"handler.prefill","caller":"steps/prefill.go:98","msg":"sending request","x-request-id":"7411f0b6-a04c-4d13-901a-8493f1952b0a","path":"/v1/chat/completions"}
{"level":"info","ts":1785055918.1045835,"logger":"handler","caller":"server/handlers.go:101","msg":"received request","x-request-id":"9056a95a-9026-4afe-8524-39e538e43c92","path":"/v1/chat/completions","model":"Qwen/Qwen3-VL-32B-Instruct","stream":true}
{"level":"info","ts":1785055918.1093102,"logger":"handler.prefill","caller":"steps/prefill.go:98","msg":"sending request","x-request-id":"9056a95a-9026-4afe-8524-39e538e43c92","path":"/v1/chat/completions"}
{"level":"info","ts":1785055918.1144013,"logger":"handler","caller":"server/handlers.go:101","msg":"received request","x-request-id":"dda16071-7de1-4dc6-b428-84d76826bb1f","path":"/v1/chat/completions","model":"Qwen/Qwen3-VL-32B-Instruct","stream":true}
{"level":"info","ts":1785055918.1227229,"logger":"handler","caller":"server/handlers.go:101","msg":"received request","x-request-id":"9594e08b-2b99-4f29-9fca-e8f7dd55fdd1","path":"/v1/chat/completions","model":"Qwen/Qwen3-VL-32B-Instruct","stream":true}
{"level":"info","ts":1785055918.1230872,"logger":"handler.prefill","caller":"steps/prefill.go:98","msg":"sending request","x-request-id":"dda16071-7de1-4dc6-b428-84d76826bb1f","path":"/v1/chat/completions"}
{"level":"info","ts":1785055918.125739,"logger":"handler.prefill","caller":"steps/prefill.go:98","msg":"sending request","x-request-id":"9594e08b-2b99-4f29-9fca-e8f7dd55fdd1","path":"/v1/chat/completions"}
{"level":"info","ts":1785055918.1298828,"logger":"handler","caller":"server/handlers.go:101","msg":"received request","x-request-id":"44019cee-5580-495d-b829-84c3bab6ecec","path":"/v1/chat/completions","model":"Qwen/Qwen3-VL-32B-Instruct","stream":true}
{"level":"info","ts":1785055918.1357443,"logger":"handler.prefill","caller":"steps/prefill.go:98","msg":"sending request","x-request-id":"44019cee-5580-495d-b829-84c3bab6ecec","path":"/v1/chat/completions"}
{"level":"info","ts":1785055918.1484482,"logger":"handler","caller":"server/handlers.go:101","msg":"received request","x-request-id":"ca9d25b6-11af-46c2-80de-1641047b5c17","path":"/v1/chat/completions","model":"Qwen/Qwen3-VL-32B-Instruct","stream":true}
{"level":"info","ts":1785055918.1545372,"logger":"handler","caller":"server/handlers.go:101","msg":"received request","x-request-id":"29d3b446-1ac0-43a0-8b79-e119488db20d","path":"/v1/chat/completions","model":"Qwen/Qwen3-VL-32B-Instruct","stream":true}
{"level":"info","ts":1785055918.1562486,"logger":"handler.prefill","caller":"steps/prefill.go:98","msg":"sending request","x-request-id":"29d3b446-1ac0-43a0-8b79-e119488db20d","path":"/v1/chat/completions"}
{"level":"info","ts":1785055918.156915,"logger":"handler.prefill","caller":"steps/prefill.go:98","msg":"sending request","x-request-id":"ca9d25b6-11af-46c2-80de-1641047b5c17","path":"/v1/chat/completions"}
{"level":"info","ts":1785055918.1628206,"logger":"handler","caller":"server/handlers.go:101","msg":"received request","x-request-id":"46900bc5-d84a-421b-baa9-fe34974727e1","path":"/v1/chat/completions","model":"Qwen/Qwen3-VL-32B-Instruct","stream":true}
{"level":"info","ts":1785055918.166959,"logger":"handler","caller":"server/handlers.go:101","msg":"received request","x-request-id":"3eecc0a7-1ccf-47ef-aa5a-1814cf4bd1e3","path":"/v1/chat/completions","model":"Qwen/Qwen3-VL-32B-Instruct","stream":true}
{"level":"info","ts":1785055918.1694186,"logger":"handler.prefill","caller":"steps/prefill.go:98","msg":"sending request","x-request-id":"46900bc5-d84a-421b-baa9-fe34974727e1","path":"/v1/chat/completions"}
{"level":"info","ts":1785055918.1747403,"logger":"handler.prefill","caller":"steps/prefill.go:98","msg":"sending request","x-request-id":"3eecc0a7-1ccf-47ef-aa5a-1814cf4bd1e3","path":"/v1/chat/completions"}
{"level":"info","ts":1785055918.18444,"logger":"handler","caller":"server/handlers.go:101","msg":"received request","x-request-id":"64eae515-3b6d-4e32-93b5-5bdca61454bb","path":"/v1/chat/completions","model":"Qwen/Qwen3-VL-32B-Instruct","stream":true}
{"level":"info","ts":1785055918.1865468,"logger":"handler.prefill","caller":"steps/prefill.go:98","msg":"sending request","x-request-id":"64eae515-3b6d-4e32-93b5-5bdca61454bb","path":"/v1/chat/completions"}
{"level":"info","ts":1785055918.193105,"logger":"handler","caller":"server/handlers.go:101","msg":"received request","x-request-id":"469b7efb-de2c-4988-a96c-1c66c318978b","path":"/v1/chat/completions","model":"Qwen/Qwen3-VL-32B-Instruct","stream":true}
{"level":"info","ts":1785055918.197376,"logger":"handler","caller":"server/handlers.go:101","msg":"received request","x-request-id":"01503568-e5e9-4766-81c3-37c09d75c07d","path":"/v1/chat/completions","model":"Qwen/Qwen3-VL-32B-Instruct","stream":true}
{"level":"info","ts":1785055918.1984937,"logger":"handler","caller":"server/handlers.go:101","msg":"received request","x-request-id":"57c4ef50-5fdd-4f8f-9070-8a991e1a26cc","path":"/v1/chat/completions","model":"Qwen/Qwen3-VL-32B-Instruct","stream":true}
{"level":"info","ts":1785055918.1993465,"logger":"handler.prefill","caller":"steps/prefill.go:98","msg":"sending request","x-request-id":"469b7efb-de2c-4988-a96c-1c66c318978b","path":"/v1/chat/completions"}
{"level":"info","ts":1785055918.202232,"logger":"handler.prefill","caller":"steps/prefill.go:98","msg":"sending request","x-request-id":"01503568-e5e9-4766-81c3-37c09d75c07d","path":"/v1/chat/completions"}
{"level":"info","ts":1785055918.203567,"logger":"handler.prefill","caller":"steps/prefill.go:98","msg":"sending request","x-request-id":"57c4ef50-5fdd-4f8f-9070-8a991e1a26cc","path":"/v1/chat/completions"}
{"level":"info","ts":1785055918.2092233,"logger":"handler","caller":"server/handlers.go:101","msg":"received request","x-request-id":"26764464-d648-4b04-9aaf-47f40e1d3dcd","path":"/v1/chat/completions","model":"Qwen/Qwen3-VL-32B-Instruct","stream":true}
{"level":"info","ts":1785055918.2153685,"logger":"handler.prefill","caller":"steps/prefill.go:98","msg":"sending request","x-request-id":"26764464-d648-4b04-9aaf-47f40e1d3dcd","path":"/v1/chat/completions"}
{"level":"info","ts":1785055918.3280041,"logger":"handler.prefill","caller":"steps/prefill.go:126","msg":"complete","x-request-id":"fdf618b5-9c9a-4481-89e8-8f97a770e9f3"}
{"level":"info","ts":1785055918.3280504,"logger":"handler.decode","caller":"steps/decode.go:72","msg":"sending request","x-request-id":"fdf618b5-9c9a-4481-89e8-8f97a770e9f3","path":"/v1/chat/completions","stream":true}
{"level":"info","ts":1785055918.6399975,"logger":"handler.prefill","caller":"steps/prefill.go:126","msg":"complete","x-request-id":"1507037d-f98e-4704-bd46-185606dcf102"}
{"level":"info","ts":1785055918.6400163,"logger":"handler.decode","caller":"steps/decode.go:72","msg":"sending request","x-request-id":"1507037d-f98e-4704-bd46-185606dcf102","path":"/v1/chat/completions","stream":true}
{"level":"info","ts":1785055918.7854161,"logger":"handler.prefill","caller":"steps/prefill.go:126","msg":"complete","x-request-id":"ce2fecef-6c14-4e79-8104-f448ec44d235"}
{"level":"info","ts":1785055918.785436,"logger":"handler.decode","caller":"steps/decode.go:72","msg":"sending request","x-request-id":"ce2fecef-6c14-4e79-8104-f448ec44d235","path":"/v1/chat/completions","stream":true}
{"level":"info","ts":1785055919.4649816,"logger":"handler.prefill","caller":"steps/prefill.go:126","msg":"complete","x-request-id":"c08a1bc0-b542-4c66-933a-8390d8f16744"}
{"level":"info","ts":1785055919.4650319,"logger":"handler.decode","caller":"steps/decode.go:72","msg":"sending request","x-request-id":"c08a1bc0-b542-4c66-933a-8390d8f16744","path":"/v1/chat/completions","stream":true}
{"level":"info","ts":1785055919.7507281,"logger":"handler.prefill","caller":"steps/prefill.go:126","msg":"complete","x-request-id":"78442a31-6d67-4c69-9d61-5f6e5f30b7a7"}
{"level":"info","ts":1785055919.7507508,"logger":"handler.decode","caller":"steps/decode.go:72","msg":"sending request","x-request-id":"78442a31-6d67-4c69-9d61-5f6e5f30b7a7","path":"/v1/chat/completions","stream":true}
{"level":"info","ts":1785055919.8834631,"logger":"handler.prefill","caller":"steps/prefill.go:126","msg":"complete","x-request-id":"1a5cb83c-20d6-482d-acfb-2f1be47b95b4"}
{"level":"info","ts":1785055919.88351,"logger":"handler.decode","caller":"steps/decode.go:72","msg":"sending request","x-request-id":"1a5cb83c-20d6-482d-acfb-2f1be47b95b4","path":"/v1/chat/completions","stream":true}
{"level":"info","ts":1785055920.0601094,"logger":"handler.prefill","caller":"steps/prefill.go:126","msg":"complete","x-request-id":"0c4cd1f8-1680-43fa-b39a-612946935aad"}
{"level":"info","ts":1785055920.0601478,"logger":"handler.decode","caller":"steps/decode.go:72","msg":"sending request","x-request-id":"0c4cd1f8-1680-43fa-b39a-612946935aad","path":"/v1/chat/completions","stream":true}
{"level":"info","ts":1785055920.1774004,"logger":"handler.prefill","caller":"steps/prefill.go:126","msg":"complete","x-request-id":"5f848e8c-7f49-4f5b-89f9-85d6796608a2"}
{"level":"info","ts":1785055920.1774237,"logger":"handler.decode","caller":"steps/decode.go:72","msg":"sending request","x-request-id":"5f848e8c-7f49-4f5b-89f9-85d6796608a2","path":"/v1/chat/completions","stream":true}
{"level":"info","ts":1785055920.2737682,"logger":"handler.prefill","caller":"steps/prefill.go:126","msg":"complete","x-request-id":"3aa1f22a-a8df-4a31-a337-9056bec9fe33"}
{"level":"info","ts":1785055920.2738128,"logger":"handler.decode","caller":"steps/decode.go:72","msg":"sending request","x-request-id":"3aa1f22a-a8df-4a31-a337-9056bec9fe33","path":"/v1/chat/completions","stream":true}
{"level":"info","ts":1785055920.3035657,"logger":"handler.prefill","caller":"steps/prefill.go:126","msg":"complete","x-request-id":"273ef248-e4aa-4f8d-87f4-2435d786bc63"}
{"level":"info","ts":1785055920.3036005,"logger":"handler.decode","caller":"steps/decode.go:72","msg":"sending request","x-request-id":"273ef248-e4aa-4f8d-87f4-2435d786bc63","path":"/v1/chat/completions","stream":true}
{"level":"info","ts":1785055920.8164012,"logger":"handler.prefill","caller":"steps/prefill.go:126","msg":"complete","x-request-id":"088d7e6a-131b-49e3-9fea-94ab6b0727de"}
{"level":"info","ts":1785055920.8164468,"logger":"handler.decode","caller":"steps/decode.go:72","msg":"sending request","x-request-id":"088d7e6a-131b-49e3-9fea-94ab6b0727de","path":"/v1/chat/completions","stream":true}
{"level":"info","ts":1785055921.7036932,"logger":"handler.prefill","caller":"steps/prefill.go:126","msg":"complete","x-request-id":"6a296d46-ab9e-4350-b8e2-55275afc8e75"}
{"level":"info","ts":1785055921.7037334,"logger":"handler.decode","caller":"steps/decode.go:72","msg":"sending request","x-request-id":"6a296d46-ab9e-4350-b8e2-55275afc8e75","path":"/v1/chat/completions","stream":true}
{"level":"info","ts":1785055921.9791255,"logger":"handler.prefill","caller":"steps/prefill.go:126","msg":"complete","x-request-id":"7a624d49-6652-43cf-a9c0-283f563e26d9"}
{"level":"info","ts":1785055921.9791834,"logger":"handler.decode","caller":"steps/decode.go:72","msg":"sending request","x-request-id":"7a624d49-6652-43cf-a9c0-283f563e26d9","path":"/v1/chat/completions","stream":true}
{"level":"info","ts":1785055922.175063,"logger":"handler.prefill","caller":"steps/prefill.go:126","msg":"complete","x-request-id":"a169036e-1a5f-4d60-8bc1-907fd0f60a26"}
{"level":"info","ts":1785055922.1750846,"logger":"handler.decode","caller":"steps/decode.go:72","msg":"sending request","x-request-id":"a169036e-1a5f-4d60-8bc1-907fd0f60a26","path":"/v1/chat/completions","stream":true}
{"level":"info","ts":1785055922.2088761,"logger":"handler.prefill","caller":"steps/prefill.go:126","msg":"complete","x-request-id":"2c873390-2f24-4f76-a26a-409b35066a20"}
{"level":"info","ts":1785055922.2089207,"logger":"handler.decode","caller":"steps/decode.go:72","msg":"sending request","x-request-id":"2c873390-2f24-4f76-a26a-409b35066a20","path":"/v1/chat/completions","stream":true}
{"level":"info","ts":1785055922.2916167,"logger":"handler.prefill","caller":"steps/prefill.go:126","msg":"complete","x-request-id":"aa01de9b-1a99-4453-aba2-d05d7210fdbe"}
{"level":"info","ts":1785055922.2916703,"logger":"handler.decode","caller":"steps/decode.go:72","msg":"sending request","x-request-id":"aa01de9b-1a99-4453-aba2-d05d7210fdbe","path":"/v1/chat/completions","stream":true}
{"level":"info","ts":1785055922.3140147,"logger":"handler.prefill","caller":"steps/prefill.go:126","msg":"complete","x-request-id":"c301f751-e7a3-4ef4-985e-c546d6b29e78"}
{"level":"info","ts":1785055922.31404,"logger":"handler.decode","caller":"steps/decode.go:72","msg":"sending request","x-request-id":"c301f751-e7a3-4ef4-985e-c546d6b29e78","path":"/v1/chat/completions","stream":true}
{"level":"info","ts":1785055922.7221115,"logger":"handler.prefill","caller":"steps/prefill.go:126","msg":"complete","x-request-id":"917fbfbe-cd4b-424f-a61b-3072570a9de1"}
{"level":"info","ts":1785055922.722152,"logger":"handler.decode","caller":"steps/decode.go:72","msg":"sending request","x-request-id":"917fbfbe-cd4b-424f-a61b-3072570a9de1","path":"/v1/chat/completions","stream":true}
{"level":"info","ts":1785055923.573663,"logger":"handler.prefill","caller":"steps/prefill.go:126","msg":"complete","x-request-id":"8bb1773b-dc32-45b3-bfba-c547558d48d5"}
{"level":"info","ts":1785055923.5737107,"logger":"handler.decode","caller":"steps/decode.go:72","msg":"sending request","x-request-id":"8bb1773b-dc32-45b3-bfba-c547558d48d5","path":"/v1/chat/completions","stream":true}
{"level":"info","ts":1785055923.585432,"logger":"handler.prefill","caller":"steps/prefill.go:126","msg":"complete","x-request-id":"725f5ebc-1838-4501-b298-0a05344a31e3"}
{"level":"info","ts":1785055923.5854826,"logger":"handler.decode","caller":"steps/decode.go:72","msg":"sending request","x-request-id":"725f5ebc-1838-4501-b298-0a05344a31e3","path":"/v1/chat/completions","stream":true}
{"level":"info","ts":1785055923.8319957,"logger":"handler.prefill","caller":"steps/prefill.go:126","msg":"complete","x-request-id":"8e43f5a7-5c26-4998-9b4f-28e3a26297ed"}
{"level":"info","ts":1785055923.8320363,"logger":"handler.decode","caller":"steps/decode.go:72","msg":"sending request","x-request-id":"8e43f5a7-5c26-4998-9b4f-28e3a26297ed","path":"/v1/chat/completions","stream":true}
{"level":"info","ts":1785055924.3380332,"logger":"handler.prefill","caller":"steps/prefill.go:126","msg":"complete","x-request-id":"cf04b251-6d14-4be0-b21a-5e2fa98b15c9"}
{"level":"info","ts":1785055924.338066,"logger":"handler.decode","caller":"steps/decode.go:72","msg":"sending request","x-request-id":"cf04b251-6d14-4be0-b21a-5e2fa98b15c9","path":"/v1/chat/completions","stream":true}
{"level":"info","ts":1785055924.3854325,"logger":"handler.prefill","caller":"steps/prefill.go:126","msg":"complete","x-request-id":"6b195ed9-e266-4fc7-8fff-7a7346b62a45"}
{"level":"info","ts":1785055924.3854914,"logger":"handler.decode","caller":"steps/decode.go:72","msg":"sending request","x-request-id":"6b195ed9-e266-4fc7-8fff-7a7346b62a45","path":"/v1/chat/completions","stream":true}
{"level":"info","ts":1785055924.507097,"logger":"handler.prefill","caller":"steps/prefill.go:126","msg":"complete","x-request-id":"af03d075-ff08-42fe-bccb-c366541d42c0"}
{"level":"info","ts":1785055924.5071409,"logger":"handler.decode","caller":"steps/decode.go:72","msg":"sending request","x-request-id":"af03d075-ff08-42fe-bccb-c366541d42c0","path":"/v1/chat/completions","stream":true}
{"level":"info","ts":1785055924.5761712,"logger":"handler.prefill","caller":"steps/prefill.go:126","msg":"complete","x-request-id":"a9de2f06-2b69-4fc4-b8bd-eb5f4a8b5c06"}
{"level":"info","ts":1785055924.576198,"logger":"handler.decode","caller":"steps/decode.go:72","msg":"sending request","x-request-id":"a9de2f06-2b69-4fc4-b8bd-eb5f4a8b5c06","path":"/v1/chat/completions","stream":true}
{"level":"info","ts":1785055924.9480457,"logger":"handler.prefill","caller":"steps/prefill.go:126","msg":"complete","x-request-id":"5e23c324-82be-4838-9459-0c90b6f45055"}
{"level":"info","ts":1785055924.9480908,"logger":"handler.decode","caller":"steps/decode.go:72","msg":"sending request","x-request-id":"5e23c324-82be-4838-9459-0c90b6f45055","path":"/v1/chat/completions","stream":true}
{"level":"info","ts":1785055925.0732183,"logger":"handler.prefill","caller":"steps/prefill.go:126","msg":"complete","x-request-id":"6d7f6c35-f8c4-4177-8a6c-5189758b01aa"}
{"level":"info","ts":1785055925.0732586,"logger":"handler.decode","caller":"steps/decode.go:72","msg":"sending request","x-request-id":"6d7f6c35-f8c4-4177-8a6c-5189758b01aa","path":"/v1/chat/completions","stream":true}
{"level":"info","ts":1785055925.1861527,"logger":"handler.prefill","caller":"steps/prefill.go:126","msg":"complete","x-request-id":"08a02583-0757-4895-9e32-ead81c1b60e2"}
{"level":"info","ts":1785055925.1861835,"logger":"handler.decode","caller":"steps/decode.go:72","msg":"sending request","x-request-id":"08a02583-0757-4895-9e32-ead81c1b60e2","path":"/v1/chat/completions","stream":true}
{"level":"info","ts":1785055925.383526,"logger":"handler.prefill","caller":"steps/prefill.go:126","msg":"complete","x-request-id":"d97f70fa-74ed-4573-9a2c-563149f8ec38"}
{"level":"info","ts":1785055925.3835456,"logger":"handler.decode","caller":"steps/decode.go:72","msg":"sending request","x-request-id":"d97f70fa-74ed-4573-9a2c-563149f8ec38","path":"/v1/chat/completions","stream":true}
{"level":"info","ts":1785055925.526793,"logger":"handler.prefill","caller":"steps/prefill.go:126","msg":"complete","x-request-id":"06f8322d-412b-48b9-aa6c-7b107bad6179"}
{"level":"info","ts":1785055925.5268362,"logger":"handler.decode","caller":"steps/decode.go:72","msg":"sending request","x-request-id":"06f8322d-412b-48b9-aa6c-7b107bad6179","path":"/v1/chat/completions","stream":true}
{"level":"info","ts":1785055925.598024,"logger":"handler.prefill","caller":"steps/prefill.go:126","msg":"complete","x-request-id":"946c682e-7310-40ae-9c12-6f52eb5fe345"}
{"level":"info","ts":1785055925.5980644,"logger":"handler.decode","caller":"steps/decode.go:72","msg":"sending request","x-request-id":"946c682e-7310-40ae-9c12-6f52eb5fe345","path":"/v1/chat/completions","stream":true}
{"level":"info","ts":1785055925.598146,"logger":"handler.prefill","caller":"steps/prefill.go:126","msg":"complete","x-request-id":"b47e9276-eb42-46c5-9d9d-e040e7233d05"}
{"level":"info","ts":1785055925.5981667,"logger":"handler.decode","caller":"steps/decode.go:72","msg":"sending request","x-request-id":"b47e9276-eb42-46c5-9d9d-e040e7233d05","path":"/v1/chat/completions","stream":true}
{"level":"info","ts":1785055925.598174,"logger":"handler.prefill","caller":"steps/prefill.go:126","msg":"complete","x-request-id":"06de499c-9043-440b-bfd2-6a6d2b910777"}
{"level":"info","ts":1785055925.5982208,"logger":"handler.decode","caller":"steps/decode.go:72","msg":"sending request","x-request-id":"06de499c-9043-440b-bfd2-6a6d2b910777","path":"/v1/chat/completions","stream":true}
{"level":"info","ts":1785055926.1178076,"logger":"handler.prefill","caller":"steps/prefill.go:126","msg":"complete","x-request-id":"519d559f-23b0-4a31-8d85-4fa0075c80ec"}
{"level":"info","ts":1785055926.1178515,"logger":"handler.decode","caller":"steps/decode.go:72","msg":"sending request","x-request-id":"519d559f-23b0-4a31-8d85-4fa0075c80ec","path":"/v1/chat/completions","stream":true}
{"level":"info","ts":1785055926.1628435,"logger":"handler.prefill","caller":"steps/prefill.go:126","msg":"complete","x-request-id":"f1c5b2ca-dbdd-4222-9b51-8bd1783d5a00"}
{"level":"info","ts":1785055926.1628613,"logger":"handler.decode","caller":"steps/decode.go:72","msg":"sending request","x-request-id":"f1c5b2ca-dbdd-4222-9b51-8bd1783d5a00","path":"/v1/chat/completions","stream":true}
{"level":"info","ts":1785055926.3757746,"logger":"handler.prefill","caller":"steps/prefill.go:126","msg":"complete","x-request-id":"ac88d302-87ce-493a-910b-128e9c8c5a57"}
{"level":"info","ts":1785055926.3757918,"logger":"handler.decode","caller":"steps/decode.go:72","msg":"sending request","x-request-id":"ac88d302-87ce-493a-910b-128e9c8c5a57","path":"/v1/chat/completions","stream":true}
{"level":"info","ts":1785055926.3758616,"logger":"handler.prefill","caller":"steps/prefill.go:126","msg":"complete","x-request-id":"ec286c2e-ab8c-4276-a9c8-b7290074a4bc"}
{"level":"info","ts":1785055926.3758838,"logger":"handler.decode","caller":"steps/decode.go:72","msg":"sending request","x-request-id":"ec286c2e-ab8c-4276-a9c8-b7290074a4bc","path":"/v1/chat/completions","stream":true}
{"level":"info","ts":1785055926.5454214,"logger":"handler.prefill","caller":"steps/prefill.go:126","msg":"complete","x-request-id":"5c9bf331-8b10-48ae-80d3-0dff3527b58c"}
{"level":"info","ts":1785055926.5454643,"logger":"handler.decode","caller":"steps/decode.go:72","msg":"sending request","x-request-id":"5c9bf331-8b10-48ae-80d3-0dff3527b58c","path":"/v1/chat/completions","stream":true}
{"level":"info","ts":1785055926.7216628,"logger":"handler.prefill","caller":"steps/prefill.go:126","msg":"complete","x-request-id":"3b8970de-fcda-4395-bbe3-b96758b4993a"}
{"level":"info","ts":1785055926.7217073,"logger":"handler.decode","caller":"steps/decode.go:72","msg":"sending request","x-request-id":"3b8970de-fcda-4395-bbe3-b96758b4993a","path":"/v1/chat/completions","stream":true}
{"level":"info","ts":1785055927.1748781,"logger":"handler.prefill","caller":"steps/prefill.go:126","msg":"complete","x-request-id":"f73acfbe-e244-4d18-956e-55a5f3450386"}
{"level":"info","ts":1785055927.1749241,"logger":"handler.decode","caller":"steps/decode.go:72","msg":"sending request","x-request-id":"f73acfbe-e244-4d18-956e-55a5f3450386","path":"/v1/chat/completions","stream":true}
{"level":"info","ts":1785055927.3526933,"logger":"handler.prefill","caller":"steps/prefill.go:126","msg":"complete","x-request-id":"75adc8aa-0808-47ef-926d-16af8be525a9"}
{"level":"info","ts":1785055927.3527393,"logger":"handler.decode","caller":"steps/decode.go:72","msg":"sending request","x-request-id":"75adc8aa-0808-47ef-926d-16af8be525a9","path":"/v1/chat/completions","stream":true}
{"level":"info","ts":1785055927.352778,"logger":"handler.prefill","caller":"steps/prefill.go:126","msg":"complete","x-request-id":"efb75546-a185-45f7-9d6d-9eca7d283c36"}
{"level":"info","ts":1785055927.352822,"logger":"handler.decode","caller":"steps/decode.go:72","msg":"sending request","x-request-id":"efb75546-a185-45f7-9d6d-9eca7d283c36","path":"/v1/chat/completions","stream":true}
{"level":"info","ts":1785055927.742203,"logger":"handler.prefill","caller":"steps/prefill.go:126","msg":"complete","x-request-id":"5afd29f5-93be-4259-86bd-a472a2d97275"}
{"level":"info","ts":1785055927.7422464,"logger":"handler.decode","caller":"steps/decode.go:72","msg":"sending request","x-request-id":"5afd29f5-93be-4259-86bd-a472a2d97275","path":"/v1/chat/completions","stream":true}
{"level":"info","ts":1785055927.7422721,"logger":"handler.prefill","caller":"steps/prefill.go:126","msg":"complete","x-request-id":"ee344a58-2540-47c1-8999-6768f8dc280a"}
{"level":"info","ts":1785055927.742317,"logger":"handler.decode","caller":"steps/decode.go:72","msg":"sending request","x-request-id":"ee344a58-2540-47c1-8999-6768f8dc280a","path":"/v1/chat/completions","stream":true}
{"level":"info","ts":1785055927.868559,"logger":"handler.prefill","caller":"steps/prefill.go:126","msg":"complete","x-request-id":"0700d9f1-06d1-4570-ac88-569ef3c7fe85"}
{"level":"info","ts":1785055927.8685908,"logger":"handler.decode","caller":"steps/decode.go:72","msg":"sending request","x-request-id":"0700d9f1-06d1-4570-ac88-569ef3c7fe85","path":"/v1/chat/completions","stream":true}
{"level":"info","ts":1785055927.868591,"logger":"handler.prefill","caller":"steps/prefill.go:126","msg":"complete","x-request-id":"143e102f-6701-41b2-9057-77aef932db3d"}
{"level":"info","ts":1785055927.8686388,"logger":"handler.decode","caller":"steps/decode.go:72","msg":"sending request","x-request-id":"143e102f-6701-41b2-9057-77aef932db3d","path":"/v1/chat/completions","stream":true}
{"level":"info","ts":1785055928.189202,"logger":"handler.prefill","caller":"steps/prefill.go:126","msg":"complete","x-request-id":"8a352732-ccb0-4b30-b124-1c7885fadf35"}
{"level":"info","ts":1785055928.1892462,"logger":"handler.decode","caller":"steps/decode.go:72","msg":"sending request","x-request-id":"8a352732-ccb0-4b30-b124-1c7885fadf35","path":"/v1/chat/completions","stream":true}
{"level":"info","ts":1785055928.1892538,"logger":"handler.prefill","caller":"steps/prefill.go:126","msg":"complete","x-request-id":"b6918e6a-f989-45e0-af10-27451ebd800f"}
{"level":"info","ts":1785055928.189299,"logger":"handler.decode","caller":"steps/decode.go:72","msg":"sending request","x-request-id":"b6918e6a-f989-45e0-af10-27451ebd800f","path":"/v1/chat/completions","stream":true}
{"level":"info","ts":1785055928.189346,"logger":"handler.prefill","caller":"steps/prefill.go:126","msg":"complete","x-request-id":"b0d5a1d6-bb9f-4836-986f-9f2e0b5b8f61"}
{"level":"info","ts":1785055928.1893995,"logger":"handler.decode","caller":"steps/decode.go:72","msg":"sending request","x-request-id":"b0d5a1d6-bb9f-4836-986f-9f2e0b5b8f61","path":"/v1/chat/completions","stream":true}
{"level":"info","ts":1785055928.3575761,"logger":"handler.prefill","caller":"steps/prefill.go:126","msg":"complete","x-request-id":"bc5634f1-1a16-4183-9da9-15c73cc55cd9"}
{"level":"info","ts":1785055928.3575835,"logger":"handler.prefill","caller":"steps/prefill.go:126","msg":"complete","x-request-id":"8a9f6c9c-45e3-42fb-8d2d-8dd8d5a7904a"}
{"level":"info","ts":1785055928.357627,"logger":"handler.decode","caller":"steps/decode.go:72","msg":"sending request","x-request-id":"bc5634f1-1a16-4183-9da9-15c73cc55cd9","path":"/v1/chat/completions","stream":true}
{"level":"info","ts":1785055928.3576446,"logger":"handler.decode","caller":"steps/decode.go:72","msg":"sending request","x-request-id":"8a9f6c9c-45e3-42fb-8d2d-8dd8d5a7904a","path":"/v1/chat/completions","stream":true}
{"level":"info","ts":1785055928.4576,"logger":"handler.prefill","caller":"steps/prefill.go:126","msg":"complete","x-request-id":"a6a662a3-96cf-4a56-90a1-7734c6384dbb"}
{"level":"info","ts":1785055928.4576263,"logger":"handler.decode","caller":"steps/decode.go:72","msg":"sending request","x-request-id":"a6a662a3-96cf-4a56-90a1-7734c6384dbb","path":"/v1/chat/completions","stream":true}
{"level":"info","ts":1785055928.745225,"logger":"handler.prefill","caller":"steps/prefill.go:126","msg":"complete","x-request-id":"fd0cfa65-04b2-4352-8efd-9f3e30e40f8b"}
{"level":"info","ts":1785055928.745261,"logger":"handler.decode","caller":"steps/decode.go:72","msg":"sending request","x-request-id":"fd0cfa65-04b2-4352-8efd-9f3e30e40f8b","path":"/v1/chat/completions","stream":true}
{"level":"info","ts":1785055928.9440649,"logger":"handler.prefill","caller":"steps/prefill.go:126","msg":"complete","x-request-id":"507cc8a9-0416-468d-87a0-713a2fbda4a1"}
{"level":"info","ts":1785055928.9441042,"logger":"handler.decode","caller":"steps/decode.go:72","msg":"sending request","x-request-id":"507cc8a9-0416-468d-87a0-713a2fbda4a1","path":"/v1/chat/completions","stream":true}
{"level":"info","ts":1785055929.0654886,"logger":"handler.prefill","caller":"steps/prefill.go:126","msg":"complete","x-request-id":"f342e492-fe64-4de1-8bc9-f3ed8d23e8d6"}
{"level":"info","ts":1785055929.065515,"logger":"handler.decode","caller":"steps/decode.go:72","msg":"sending request","x-request-id":"f342e492-fe64-4de1-8bc9-f3ed8d23e8d6","path":"/v1/chat/completions","stream":true}
{"level":"info","ts":1785055929.0657144,"logger":"handler.prefill","caller":"steps/prefill.go:126","msg":"complete","x-request-id":"79468626-6310-4271-bad0-c5dd9a8432ee"}
{"level":"info","ts":1785055929.0657556,"logger":"handler.decode","caller":"steps/decode.go:72","msg":"sending request","x-request-id":"79468626-6310-4271-bad0-c5dd9a8432ee","path":"/v1/chat/completions","stream":true}
{"level":"info","ts":1785055929.0758502,"logger":"handler.prefill","caller":"steps/prefill.go:126","msg":"complete","x-request-id":"f73cfa77-9dae-40a2-86d7-1f29193cce96"}
{"level":"info","ts":1785055929.0758939,"logger":"handler.decode","caller":"steps/decode.go:72","msg":"sending request","x-request-id":"f73cfa77-9dae-40a2-86d7-1f29193cce96","path":"/v1/chat/completions","stream":true}
{"level":"info","ts":1785055929.0771382,"logger":"handler.prefill","caller":"steps/prefill.go:126","msg":"complete","x-request-id":"1b10c702-e0cc-4516-bbfc-9450bfa468d4"}
{"level":"info","ts":1785055929.0771542,"logger":"handler.decode","caller":"steps/decode.go:72","msg":"sending request","x-request-id":"1b10c702-e0cc-4516-bbfc-9450bfa468d4","path":"/v1/chat/completions","stream":true}
{"level":"info","ts":1785055929.301305,"logger":"handler.prefill","caller":"steps/prefill.go:126","msg":"complete","x-request-id":"bbc67666-89df-4204-b822-0b35cd243ca8"}
{"level":"info","ts":1785055929.301321,"logger":"handler.prefill","caller":"steps/prefill.go:126","msg":"complete","x-request-id":"149845cb-9e13-452d-a1eb-3c78088ee1b0"}
{"level":"info","ts":1785055929.3013468,"logger":"handler.decode","caller":"steps/decode.go:72","msg":"sending request","x-request-id":"bbc67666-89df-4204-b822-0b35cd243ca8","path":"/v1/chat/completions","stream":true}
{"level":"info","ts":1785055929.3013592,"logger":"handler.decode","caller":"steps/decode.go:72","msg":"sending request","x-request-id":"149845cb-9e13-452d-a1eb-3c78088ee1b0","path":"/v1/chat/completions","stream":true}
{"level":"info","ts":1785055929.575138,"logger":"handler.prefill","caller":"steps/prefill.go:126","msg":"complete","x-request-id":"9de550a1-8052-4bee-ab79-fdcb73c2c0ac"}
{"level":"info","ts":1785055929.5751872,"logger":"handler.decode","caller":"steps/decode.go:72","msg":"sending request","x-request-id":"9de550a1-8052-4bee-ab79-fdcb73c2c0ac","path":"/v1/chat/completions","stream":true}
{"level":"info","ts":1785055929.678578,"logger":"handler.prefill","caller":"steps/prefill.go:126","msg":"complete","x-request-id":"17ce4dd4-d4c7-417e-af38-f0c4c60b5543"}
{"level":"info","ts":1785055929.6786308,"logger":"handler.decode","caller":"steps/decode.go:72","msg":"sending request","x-request-id":"17ce4dd4-d4c7-417e-af38-f0c4c60b5543","path":"/v1/chat/completions","stream":true}
{"level":"info","ts":1785055929.7697372,"logger":"handler.prefill","caller":"steps/prefill.go:126","msg":"complete","x-request-id":"a99fd8b0-2b55-4ccd-b800-f46bc5851f4a"}
{"level":"info","ts":1785055929.7697835,"logger":"handler.decode","caller":"steps/decode.go:72","msg":"sending request","x-request-id":"a99fd8b0-2b55-4ccd-b800-f46bc5851f4a","path":"/v1/chat/completions","stream":true}
{"level":"info","ts":1785055929.8958895,"logger":"handler.prefill","caller":"steps/prefill.go:126","msg":"complete","x-request-id":"619dce79-0d8f-44b6-be71-673142f753bf"}
{"level":"info","ts":1785055929.8959363,"logger":"handler.decode","caller":"steps/decode.go:72","msg":"sending request","x-request-id":"619dce79-0d8f-44b6-be71-673142f753bf","path":"/v1/chat/completions","stream":true}
{"level":"info","ts":1785055929.896024,"logger":"handler.prefill","caller":"steps/prefill.go:126","msg":"complete","x-request-id":"699ed700-e924-4624-9533-7af27d02025e"}
{"level":"info","ts":1785055929.8960662,"logger":"handler.decode","caller":"steps/decode.go:72","msg":"sending request","x-request-id":"699ed700-e924-4624-9533-7af27d02025e","path":"/v1/chat/completions","stream":true}
{"level":"info","ts":1785055930.5842009,"logger":"handler.prefill","caller":"steps/prefill.go:126","msg":"complete","x-request-id":"fec2fe49-a2aa-455e-962f-5fe0bc075a98"}
{"level":"info","ts":1785055930.584253,"logger":"handler.decode","caller":"steps/decode.go:72","msg":"sending request","x-request-id":"fec2fe49-a2aa-455e-962f-5fe0bc075a98","path":"/v1/chat/completions","stream":true}
{"level":"info","ts":1785055930.5842571,"logger":"handler.prefill","caller":"steps/prefill.go:126","msg":"complete","x-request-id":"923e6c60-ace4-40c2-a51f-a5f8f826f6ad"}
{"level":"info","ts":1785055930.5843012,"logger":"handler.decode","caller":"steps/decode.go:72","msg":"sending request","x-request-id":"923e6c60-ace4-40c2-a51f-a5f8f826f6ad","path":"/v1/chat/completions","stream":true}
{"level":"info","ts":1785055930.8403032,"logger":"handler.prefill","caller":"steps/prefill.go:126","msg":"complete","x-request-id":"03973a00-7ef3-4a47-a0a2-fe6e309a0091"}
{"level":"info","ts":1785055930.840328,"logger":"handler.prefill","caller":"steps/prefill.go:126","msg":"complete","x-request-id":"5dd36fcd-fbbe-4983-b5aa-067f353837dc"}
{"level":"info","ts":1785055930.840349,"logger":"handler.decode","caller":"steps/decode.go:72","msg":"sending request","x-request-id":"5dd36fcd-fbbe-4983-b5aa-067f353837dc","path":"/v1/chat/completions","stream":true}
{"level":"info","ts":1785055930.8403752,"logger":"handler.prefill","caller":"steps/prefill.go:126","msg":"complete","x-request-id":"de8bc5fe-1701-46b2-9b39-a64ee45335f4"}
{"level":"info","ts":1785055930.8403444,"logger":"handler.decode","caller":"steps/decode.go:72","msg":"sending request","x-request-id":"03973a00-7ef3-4a47-a0a2-fe6e309a0091","path":"/v1/chat/completions","stream":true}
{"level":"info","ts":1785055930.8404186,"logger":"handler.decode","caller":"steps/decode.go:72","msg":"sending request","x-request-id":"de8bc5fe-1701-46b2-9b39-a64ee45335f4","path":"/v1/chat/completions","stream":true}
{"level":"info","ts":1785055931.133333,"logger":"handler.prefill","caller":"steps/prefill.go:126","msg":"complete","x-request-id":"ac4069b3-0025-4e96-a2f9-6050795b21bf"}
{"level":"info","ts":1785055931.1333494,"logger":"handler.prefill","caller":"steps/prefill.go:126","msg":"complete","x-request-id":"06d3822d-755e-4413-bbb8-32ebd33168be"}
{"level":"info","ts":1785055931.1333776,"logger":"handler.decode","caller":"steps/decode.go:72","msg":"sending request","x-request-id":"ac4069b3-0025-4e96-a2f9-6050795b21bf","path":"/v1/chat/completions","stream":true}
{"level":"info","ts":1785055931.1333957,"logger":"handler.decode","caller":"steps/decode.go:72","msg":"sending request","x-request-id":"06d3822d-755e-4413-bbb8-32ebd33168be","path":"/v1/chat/completions","stream":true}
{"level":"info","ts":1785055931.1342967,"logger":"handler.prefill","caller":"steps/prefill.go:126","msg":"complete","x-request-id":"fe0d7927-c800-431d-be84-2f468abd8b59"}
{"level":"info","ts":1785055931.1343184,"logger":"handler.decode","caller":"steps/decode.go:72","msg":"sending request","x-request-id":"fe0d7927-c800-431d-be84-2f468abd8b59","path":"/v1/chat/completions","stream":true}
{"level":"info","ts":1785055931.7178667,"logger":"handler.prefill","caller":"steps/prefill.go:126","msg":"complete","x-request-id":"c015a7d9-2dd7-48fe-b1b9-fe2f54c36c22"}
{"level":"info","ts":1785055931.7179065,"logger":"handler.decode","caller":"steps/decode.go:72","msg":"sending request","x-request-id":"c015a7d9-2dd7-48fe-b1b9-fe2f54c36c22","path":"/v1/chat/completions","stream":true}
{"level":"info","ts":1785055931.718018,"logger":"handler.prefill","caller":"steps/prefill.go:126","msg":"complete","x-request-id":"17c6b418-a139-4ef9-b380-68bd8d5df7ab"}
{"level":"info","ts":1785055931.7180386,"logger":"handler.decode","caller":"steps/decode.go:72","msg":"sending request","x-request-id":"17c6b418-a139-4ef9-b380-68bd8d5df7ab","path":"/v1/chat/completions","stream":true}
{"level":"info","ts":1785055931.7407289,"logger":"handler.prefill","caller":"steps/prefill.go:126","msg":"complete","x-request-id":"4fc6dead-8b06-4b9a-a304-1badac9b9966"}
{"level":"info","ts":1785055931.7407777,"logger":"handler.decode","caller":"steps/decode.go:72","msg":"sending request","x-request-id":"4fc6dead-8b06-4b9a-a304-1badac9b9966","path":"/v1/chat/completions","stream":true}
{"level":"info","ts":1785055932.043248,"logger":"handler.prefill","caller":"steps/prefill.go:126","msg":"complete","x-request-id":"2545e3e3-81dd-4d26-af4c-90def8b57ca8"}
{"level":"info","ts":1785055932.0432715,"logger":"handler.decode","caller":"steps/decode.go:72","msg":"sending request","x-request-id":"2545e3e3-81dd-4d26-af4c-90def8b57ca8","path":"/v1/chat/completions","stream":true}
{"level":"info","ts":1785055932.2797356,"logger":"handler.prefill","caller":"steps/prefill.go:126","msg":"complete","x-request-id":"7efdb90b-563e-4038-bf1c-59448016b56c"}
{"level":"info","ts":1785055932.2797837,"logger":"handler.decode","caller":"steps/decode.go:72","msg":"sending request","x-request-id":"7efdb90b-563e-4038-bf1c-59448016b56c","path":"/v1/chat/completions","stream":true}
{"level":"info","ts":1785055932.3428433,"logger":"handler.prefill","caller":"steps/prefill.go:126","msg":"complete","x-request-id":"524433e4-5404-49fd-a917-11a9cf5f868d"}
{"level":"info","ts":1785055932.3428862,"logger":"handler.decode","caller":"steps/decode.go:72","msg":"sending request","x-request-id":"524433e4-5404-49fd-a917-11a9cf5f868d","path":"/v1/chat/completions","stream":true}
{"level":"info","ts":1785055932.5463006,"logger":"handler.prefill","caller":"steps/prefill.go:126","msg":"complete","x-request-id":"9a3beb4c-3083-46c4-ad81-e462776d8da8"}
{"level":"info","ts":1785055932.5463412,"logger":"handler.decode","caller":"steps/decode.go:72","msg":"sending request","x-request-id":"9a3beb4c-3083-46c4-ad81-e462776d8da8","path":"/v1/chat/completions","stream":true}
{"level":"info","ts":1785055932.5462973,"logger":"handler.prefill","caller":"steps/prefill.go:126","msg":"complete","x-request-id":"fed2de8b-fb80-4b5e-b52c-f33a071f5369"}
{"level":"info","ts":1785055932.5463908,"logger":"handler.prefill","caller":"steps/prefill.go:126","msg":"complete","x-request-id":"855569c8-03a3-4002-afb8-df4aa6e9d151"}
{"level":"info","ts":1785055932.5464008,"logger":"handler.decode","caller":"steps/decode.go:72","msg":"sending request","x-request-id":"fed2de8b-fb80-4b5e-b52c-f33a071f5369","path":"/v1/chat/completions","stream":true}
{"level":"info","ts":1785055932.5464158,"logger":"handler.decode","caller":"steps/decode.go:72","msg":"sending request","x-request-id":"855569c8-03a3-4002-afb8-df4aa6e9d151","path":"/v1/chat/completions","stream":true}
{"level":"info","ts":1785055932.5464523,"logger":"handler.prefill","caller":"steps/prefill.go:126","msg":"complete","x-request-id":"5ad3f41f-0986-97d0-9eea-8f314c59c9fb"}
{"level":"info","ts":1785055932.5464694,"logger":"handler.decode","caller":"steps/decode.go:72","msg":"sending request","x-request-id":"5ad3f41f-0986-97d0-9eea-8f314c59c9fb","path":"/v1/chat/completions","stream":true}
{"level":"info","ts":1785055932.8787296,"logger":"handler.prefill","caller":"steps/prefill.go:126","msg":"complete","x-request-id":"27990412-2dee-4233-9430-48949331d718"}
{"level":"info","ts":1785055932.8787658,"logger":"handler.decode","caller":"steps/decode.go:72","msg":"sending request","x-request-id":"27990412-2dee-4233-9430-48949331d718","path":"/v1/chat/completions","stream":true}
{"level":"info","ts":1785055932.9619982,"logger":"handler.prefill","caller":"steps/prefill.go:126","msg":"complete","x-request-id":"4a834d73-b0ec-40a4-9191-d3eccfe832f3"}
{"level":"info","ts":1785055932.9620044,"logger":"handler.prefill","caller":"steps/prefill.go:126","msg":"complete","x-request-id":"000922f9-3fe3-4caa-8ee4-f974957b43b9"}
{"level":"info","ts":1785055932.9620202,"logger":"handler.decode","caller":"steps/decode.go:72","msg":"sending request","x-request-id":"4a834d73-b0ec-40a4-9191-d3eccfe832f3","path":"/v1/chat/completions","stream":true}
{"level":"info","ts":1785055932.9620218,"logger":"handler.decode","caller":"steps/decode.go:72","msg":"sending request","x-request-id":"000922f9-3fe3-4caa-8ee4-f974957b43b9","path":"/v1/chat/completions","stream":true}
{"level":"info","ts":1785055933.4740214,"logger":"handler.prefill","caller":"steps/prefill.go:126","msg":"complete","x-request-id":"db4c13b9-b2a3-4164-bc5e-68c4b62eee11"}
{"level":"info","ts":1785055933.474044,"logger":"handler.decode","caller":"steps/decode.go:72","msg":"sending request","x-request-id":"db4c13b9-b2a3-4164-bc5e-68c4b62eee11","path":"/v1/chat/completions","stream":true}
{"level":"info","ts":1785055933.4740243,"logger":"handler.prefill","caller":"steps/prefill.go:126","msg":"complete","x-request-id":"e2996beb-9c18-467b-8283-fb5063234733"}
{"level":"info","ts":1785055933.4740732,"logger":"handler.decode","caller":"steps/decode.go:72","msg":"sending request","x-request-id":"e2996beb-9c18-467b-8283-fb5063234733","path":"/v1/chat/completions","stream":true}
{"level":"info","ts":1785055933.5303361,"logger":"handler.prefill","caller":"steps/prefill.go:126","msg":"complete","x-request-id":"885e9d59-cf4b-4643-ab39-991ee8b625ba"}
{"level":"info","ts":1785055933.5303576,"logger":"handler.decode","caller":"steps/decode.go:72","msg":"sending request","x-request-id":"885e9d59-cf4b-4643-ab39-991ee8b625ba","path":"/v1/chat/completions","stream":true}
{"level":"info","ts":1785055933.7419827,"logger":"handler.prefill","caller":"steps/prefill.go:126","msg":"complete","x-request-id":"1c01277b-1dbb-49b1-8d77-cb03c57df63c"}
{"level":"info","ts":1785055933.74203,"logger":"handler.decode","caller":"steps/decode.go:72","msg":"sending request","x-request-id":"1c01277b-1dbb-49b1-8d77-cb03c57df63c","path":"/v1/chat/completions","stream":true}
{"level":"info","ts":1785055934.0578568,"logger":"handler.prefill","caller":"steps/prefill.go:126","msg":"complete","x-request-id":"2101e939-6606-4ed8-9bb2-448bb3c8f440"}
{"level":"info","ts":1785055934.0578997,"logger":"handler.decode","caller":"steps/decode.go:72","msg":"sending request","x-request-id":"2101e939-6606-4ed8-9bb2-448bb3c8f440","path":"/v1/chat/completions","stream":true}
{"level":"info","ts":1785055934.1391728,"logger":"handler.prefill","caller":"steps/prefill.go:126","msg":"complete","x-request-id":"93215155-0e04-4ef9-8991-61dafa0ef452"}
{"level":"info","ts":1785055934.1392171,"logger":"handler.decode","caller":"steps/decode.go:72","msg":"sending request","x-request-id":"93215155-0e04-4ef9-8991-61dafa0ef452","path":"/v1/chat/completions","stream":true}
{"level":"info","ts":1785055934.2325594,"logger":"handler.prefill","caller":"steps/prefill.go:126","msg":"complete","x-request-id":"675de616-3860-44f0-8283-c47a14220112"}
{"level":"info","ts":1785055934.2326045,"logger":"handler.decode","caller":"steps/decode.go:72","msg":"sending request","x-request-id":"675de616-3860-44f0-8283-c47a14220112","path":"/v1/chat/completions","stream":true}
{"level":"info","ts":1785055934.2328172,"logger":"handler.prefill","caller":"steps/prefill.go:126","msg":"complete","x-request-id":"e88641a1-0a04-4830-896f-205a38afb9d2"}
{"level":"info","ts":1785055934.2328572,"logger":"handler.decode","caller":"steps/decode.go:72","msg":"sending request","x-request-id":"e88641a1-0a04-4830-896f-205a38afb9d2","path":"/v1/chat/completions","stream":true}
{"level":"info","ts":1785055934.2328286,"logger":"handler.prefill","caller":"steps/prefill.go:126","msg":"complete","x-request-id":"fa4f7eeb-c3c0-4056-aa2c-0a70ed87efd8"}
{"level":"info","ts":1785055934.2329175,"logger":"handler.decode","caller":"steps/decode.go:72","msg":"sending request","x-request-id":"fa4f7eeb-c3c0-4056-aa2c-0a70ed87efd8","path":"/v1/chat/completions","stream":true}
{"level":"info","ts":1785055934.6583552,"logger":"handler.prefill","caller":"steps/prefill.go:126","msg":"complete","x-request-id":"9174ca41-4a09-44dd-8bc1-2e26a7d5c57c"}
{"level":"info","ts":1785055934.6584015,"logger":"handler.decode","caller":"steps/decode.go:72","msg":"sending request","x-request-id":"9174ca41-4a09-44dd-8bc1-2e26a7d5c57c","path":"/v1/chat/completions","stream":true}
{"level":"info","ts":1785055934.7334483,"logger":"handler.prefill","caller":"steps/prefill.go:126","msg":"complete","x-request-id":"03e39ba4-1c05-4889-8a1c-b3574c95da23"}
{"level":"info","ts":1785055934.7334936,"logger":"handler.decode","caller":"steps/decode.go:72","msg":"sending request","x-request-id":"03e39ba4-1c05-4889-8a1c-b3574c95da23","path":"/v1/chat/completions","stream":true}
{"level":"info","ts":1785055935.0425858,"logger":"handler.prefill","caller":"steps/prefill.go:126","msg":"complete","x-request-id":"727012d2-4449-4f01-8e4e-912473bdae20"}
{"level":"info","ts":1785055935.042636,"logger":"handler.decode","caller":"steps/decode.go:72","msg":"sending request","x-request-id":"727012d2-4449-4f01-8e4e-912473bdae20","path":"/v1/chat/completions","stream":true}
{"level":"info","ts":1785055935.240053,"logger":"handler.prefill","caller":"steps/prefill.go:126","msg":"complete","x-request-id":"6b830674-5737-4db4-9ad2-e2a2599a8dd5"}
{"level":"info","ts":1785055935.2400975,"logger":"handler.decode","caller":"steps/decode.go:72","msg":"sending request","x-request-id":"6b830674-5737-4db4-9ad2-e2a2599a8dd5","path":"/v1/chat/completions","stream":true}
{"level":"info","ts":1785055935.3629856,"logger":"handler.prefill","caller":"steps/prefill.go:126","msg":"complete","x-request-id":"a763f010-1cfd-4589-8bc3-4f2bf1f316bc"}
{"level":"info","ts":1785055935.3630114,"logger":"handler.decode","caller":"steps/decode.go:72","msg":"sending request","x-request-id":"a763f010-1cfd-4589-8bc3-4f2bf1f316bc","path":"/v1/chat/completions","stream":true}
{"level":"info","ts":1785055935.8148417,"logger":"handler.prefill","caller":"steps/prefill.go:126","msg":"complete","x-request-id":"d1af69fc-201c-4ac4-9ac1-6cda84000efe"}
{"level":"info","ts":1785055935.8148644,"logger":"handler.decode","caller":"steps/decode.go:72","msg":"sending request","x-request-id":"d1af69fc-201c-4ac4-9ac1-6cda84000efe","path":"/v1/chat/completions","stream":true}
{"level":"info","ts":1785055935.8149073,"logger":"handler.prefill","caller":"steps/prefill.go:126","msg":"complete","x-request-id":"10a4bafa-c026-4282-867c-a72e74a2ec39"}
{"level":"info","ts":1785055935.8149517,"logger":"handler.decode","caller":"steps/decode.go:72","msg":"sending request","x-request-id":"10a4bafa-c026-4282-867c-a72e74a2ec39","path":"/v1/chat/completions","stream":true}
{"level":"info","ts":1785055935.866893,"logger":"handler.prefill","caller":"steps/prefill.go:126","msg":"complete","x-request-id":"814eb6bd-8f92-4af9-a3e6-c8397c0d05e6"}
{"level":"info","ts":1785055935.8669164,"logger":"handler.decode","caller":"steps/decode.go:72","msg":"sending request","x-request-id":"814eb6bd-8f92-4af9-a3e6-c8397c0d05e6","path":"/v1/chat/completions","stream":true}
{"level":"info","ts":1785055935.8669322,"logger":"handler.prefill","caller":"steps/prefill.go:126","msg":"complete","x-request-id":"3dbc476f-4e1a-48f6-bf02-fdf9ff3a536c"}
{"level":"info","ts":1785055935.8669605,"logger":"handler.decode","caller":"steps/decode.go:72","msg":"sending request","x-request-id":"3dbc476f-4e1a-48f6-bf02-fdf9ff3a536c","path":"/v1/chat/completions","stream":true}
{"level":"info","ts":1785055935.9554384,"logger":"handler.prefill","caller":"steps/prefill.go:126","msg":"complete","x-request-id":"b2fb1092-0976-4dfb-9a71-0e5a18d42938"}
{"level":"info","ts":1785055935.9554832,"logger":"handler.decode","caller":"steps/decode.go:72","msg":"sending request","x-request-id":"b2fb1092-0976-4dfb-9a71-0e5a18d42938","path":"/v1/chat/completions","stream":true}
{"level":"info","ts":1785055936.3857582,"logger":"handler.prefill","caller":"steps/prefill.go:126","msg":"complete","x-request-id":"90576f1d-5c40-4070-b831-858d5dde4eb7"}
{"level":"info","ts":1785055936.3858032,"logger":"handler.decode","caller":"steps/decode.go:72","msg":"sending request","x-request-id":"90576f1d-5c40-4070-b831-858d5dde4eb7","path":"/v1/chat/completions","stream":true}
{"level":"info","ts":1785055936.5568337,"logger":"handler.prefill","caller":"steps/prefill.go:126","msg":"complete","x-request-id":"62323fce-aa3d-47bc-b963-9186e0f44653"}
{"level":"info","ts":1785055936.5568607,"logger":"handler.decode","caller":"steps/decode.go:72","msg":"sending request","x-request-id":"62323fce-aa3d-47bc-b963-9186e0f44653","path":"/v1/chat/completions","stream":true}
{"level":"info","ts":1785055936.5568378,"logger":"handler.prefill","caller":"steps/prefill.go:126","msg":"complete","x-request-id":"4d3766e2-0e21-45c5-a11b-e211db335577"}
{"level":"info","ts":1785055936.5569572,"logger":"handler.decode","caller":"steps/decode.go:72","msg":"sending request","x-request-id":"4d3766e2-0e21-45c5-a11b-e211db335577","path":"/v1/chat/completions","stream":true}
{"level":"info","ts":1785055936.9835804,"logger":"handler.prefill","caller":"steps/prefill.go:126","msg":"complete","x-request-id":"96855017-5f11-4103-b81d-96e30dba4ff1"}
{"level":"info","ts":1785055936.983604,"logger":"handler.decode","caller":"steps/decode.go:72","msg":"sending request","x-request-id":"96855017-5f11-4103-b81d-96e30dba4ff1","path":"/v1/chat/completions","stream":true}
{"level":"info","ts":1785055937.1047497,"logger":"handler.prefill","caller":"steps/prefill.go:126","msg":"complete","x-request-id":"706a4574-129a-4dc2-b4b1-213ce6cbc066"}
{"level":"info","ts":1785055937.1048186,"logger":"handler.decode","caller":"steps/decode.go:72","msg":"sending request","x-request-id":"706a4574-129a-4dc2-b4b1-213ce6cbc066","path":"/v1/chat/completions","stream":true}
{"level":"info","ts":1785055937.1048274,"logger":"handler.prefill","caller":"steps/prefill.go:126","msg":"complete","x-request-id":"2a898355-02b6-4cff-9a9a-f1401d3c7322"}
{"level":"info","ts":1785055937.1048698,"logger":"handler.decode","caller":"steps/decode.go:72","msg":"sending request","x-request-id":"2a898355-02b6-4cff-9a9a-f1401d3c7322","path":"/v1/chat/completions","stream":true}
{"level":"info","ts":1785055937.1709266,"logger":"handler.prefill","caller":"steps/prefill.go:126","msg":"complete","x-request-id":"b1ffeed0-8c19-9c17-8683-4c1c76623a61"}
{"level":"info","ts":1785055937.1709514,"logger":"handler.decode","caller":"steps/decode.go:72","msg":"sending request","x-request-id":"b1ffeed0-8c19-9c17-8683-4c1c76623a61","path":"/v1/chat/completions","stream":true}
{"level":"info","ts":1785055937.1709526,"logger":"handler.prefill","caller":"steps/prefill.go:126","msg":"complete","x-request-id":"71f70452-31e3-4cdd-95fa-0f36bb9d59af"}
{"level":"info","ts":1785055937.170975,"logger":"handler.decode","caller":"steps/decode.go:72","msg":"sending request","x-request-id":"71f70452-31e3-4cdd-95fa-0f36bb9d59af","path":"/v1/chat/completions","stream":true}
{"level":"info","ts":1785055937.1710017,"logger":"handler.prefill","caller":"steps/prefill.go:126","msg":"complete","x-request-id":"1f59e39a-b914-49e0-9a50-2b287e3b57e0"}
{"level":"info","ts":1785055937.171043,"logger":"handler.decode","caller":"steps/decode.go:72","msg":"sending request","x-request-id":"1f59e39a-b914-49e0-9a50-2b287e3b57e0","path":"/v1/chat/completions","stream":true}
{"level":"info","ts":1785055937.5696077,"logger":"handler.prefill","caller":"steps/prefill.go:126","msg":"complete","x-request-id":"41900c8c-0256-4547-8e7b-22111eb0dd46"}
{"level":"info","ts":1785055937.5696392,"logger":"handler.decode","caller":"steps/decode.go:72","msg":"sending request","x-request-id":"41900c8c-0256-4547-8e7b-22111eb0dd46","path":"/v1/chat/completions","stream":true}
{"level":"info","ts":1785055937.569611,"logger":"handler.prefill","caller":"steps/prefill.go:126","msg":"complete","x-request-id":"6918f7ec-7c09-4caa-b1fc-f49782b7d4ae"}
{"level":"info","ts":1785055937.5696666,"logger":"handler.decode","caller":"steps/decode.go:72","msg":"sending request","x-request-id":"6918f7ec-7c09-4caa-b1fc-f49782b7d4ae","path":"/v1/chat/completions","stream":true}
{"level":"info","ts":1785055937.7109494,"logger":"handler.prefill","caller":"steps/prefill.go:126","msg":"complete","x-request-id":"d2ce3582-284d-4476-91ee-303cbeb93374"}
{"level":"info","ts":1785055937.7109756,"logger":"handler.decode","caller":"steps/decode.go:72","msg":"sending request","x-request-id":"d2ce3582-284d-4476-91ee-303cbeb93374","path":"/v1/chat/completions","stream":true}
{"level":"info","ts":1785055937.7110016,"logger":"handler.prefill","caller":"steps/prefill.go:126","msg":"complete","x-request-id":"71c5c0aa-f2b7-42e0-a1d8-3bd5e708bf31"}
{"level":"info","ts":1785055937.7110505,"logger":"handler.decode","caller":"steps/decode.go:72","msg":"sending request","x-request-id":"71c5c0aa-f2b7-42e0-a1d8-3bd5e708bf31","path":"/v1/chat/completions","stream":true}
{"level":"info","ts":1785055937.7234387,"logger":"handler.prefill","caller":"steps/prefill.go:126","msg":"complete","x-request-id":"64f817db-2712-4426-930d-b8bde9bc1591"}
{"level":"info","ts":1785055937.7234542,"logger":"handler.decode","caller":"steps/decode.go:72","msg":"sending request","x-request-id":"64f817db-2712-4426-930d-b8bde9bc1591","path":"/v1/chat/completions","stream":true}
{"level":"info","ts":1785055937.941704,"logger":"handler.prefill","caller":"steps/prefill.go:126","msg":"complete","x-request-id":"da20f265-f798-43bd-9471-6b44518bc356"}
{"level":"info","ts":1785055937.9417276,"logger":"handler.prefill","caller":"steps/prefill.go:126","msg":"complete","x-request-id":"9682f59c-f6ee-49c7-9ad8-a3323cf05179"}
{"level":"info","ts":1785055937.9417477,"logger":"handler.decode","caller":"steps/decode.go:72","msg":"sending request","x-request-id":"da20f265-f798-43bd-9471-6b44518bc356","path":"/v1/chat/completions","stream":true}
{"level":"info","ts":1785055937.9417477,"logger":"handler.decode","caller":"steps/decode.go:72","msg":"sending request","x-request-id":"9682f59c-f6ee-49c7-9ad8-a3323cf05179","path":"/v1/chat/completions","stream":true}
{"level":"info","ts":1785055938.1078513,"logger":"handler.prefill","caller":"steps/prefill.go:126","msg":"complete","x-request-id":"6965fee7-7d7b-40a0-87e9-9c81e494dcfd"}
{"level":"info","ts":1785055938.1078725,"logger":"handler.decode","caller":"steps/decode.go:72","msg":"sending request","x-request-id":"6965fee7-7d7b-40a0-87e9-9c81e494dcfd","path":"/v1/chat/completions","stream":true}
{"level":"info","ts":1785055938.107935,"logger":"handler.prefill","caller":"steps/prefill.go:126","msg":"complete","x-request-id":"9f5ac4dc-22ad-44de-b548-06c1fe7696eb"}
{"level":"info","ts":1785055938.107979,"logger":"handler.decode","caller":"steps/decode.go:72","msg":"sending request","x-request-id":"9f5ac4dc-22ad-44de-b548-06c1fe7696eb","path":"/v1/chat/completions","stream":true}
{"level":"info","ts":1785055938.3403068,"logger":"handler.prefill","caller":"steps/prefill.go:126","msg":"complete","x-request-id":"e1e3d699-f35e-43d5-9758-a20967f2684b"}
{"level":"info","ts":1785055938.340339,"logger":"handler.decode","caller":"steps/decode.go:72","msg":"sending request","x-request-id":"e1e3d699-f35e-43d5-9758-a20967f2684b","path":"/v1/chat/completions","stream":true}
{"level":"info","ts":1785055938.7123742,"logger":"handler.prefill","caller":"steps/prefill.go:126","msg":"complete","x-request-id":"261f3f6a-dc4d-4712-87af-4f3a3179c8ab"}
{"level":"info","ts":1785055938.7123961,"logger":"handler.decode","caller":"steps/decode.go:72","msg":"sending request","x-request-id":"261f3f6a-dc4d-4712-87af-4f3a3179c8ab","path":"/v1/chat/completions","stream":true}
{"level":"info","ts":1785055938.9212487,"logger":"handler.prefill","caller":"steps/prefill.go:126","msg":"complete","x-request-id":"fb63e05e-42c0-4b43-bff0-c5b0063c7dc8"}
{"level":"info","ts":1785055938.921292,"logger":"handler.decode","caller":"steps/decode.go:72","msg":"sending request","x-request-id":"fb63e05e-42c0-4b43-bff0-c5b0063c7dc8","path":"/v1/chat/completions","stream":true}
{"level":"info","ts":1785055938.9985626,"logger":"handler.prefill","caller":"steps/prefill.go:126","msg":"complete","x-request-id":"e7788032-d3e0-4b18-bd1b-020d405de827"}
{"level":"info","ts":1785055938.9985943,"logger":"handler.decode","caller":"steps/decode.go:72","msg":"sending request","x-request-id":"e7788032-d3e0-4b18-bd1b-020d405de827","path":"/v1/chat/completions","stream":true}
{"level":"info","ts":1785055938.9986672,"logger":"handler.prefill","caller":"steps/prefill.go:126","msg":"complete","x-request-id":"6f4ac110-79cd-95b7-ac7c-bf24c5ec0f4d"}
{"level":"info","ts":1785055938.998707,"logger":"handler.decode","caller":"steps/decode.go:72","msg":"sending request","x-request-id":"6f4ac110-79cd-95b7-ac7c-bf24c5ec0f4d","path":"/v1/chat/completions","stream":true}
{"level":"info","ts":1785055939.3062274,"logger":"handler.prefill","caller":"steps/prefill.go:126","msg":"complete","x-request-id":"efa5dcdb-1b11-4075-9775-73bb28b94d71"}
{"level":"info","ts":1785055939.3062546,"logger":"handler.prefill","caller":"steps/prefill.go:126","msg":"complete","x-request-id":"78157fb2-f386-4022-a36e-d4e594f5ad8c"}
{"level":"info","ts":1785055939.3062682,"logger":"handler.decode","caller":"steps/decode.go:72","msg":"sending request","x-request-id":"efa5dcdb-1b11-4075-9775-73bb28b94d71","path":"/v1/chat/completions","stream":true}
{"level":"info","ts":1785055939.306275,"logger":"handler.decode","caller":"steps/decode.go:72","msg":"sending request","x-request-id":"78157fb2-f386-4022-a36e-d4e594f5ad8c","path":"/v1/chat/completions","stream":true}
{"level":"info","ts":1785055939.3063154,"logger":"handler.prefill","caller":"steps/prefill.go:126","msg":"complete","x-request-id":"39a401fa-6a8c-4401-bb93-78b61842a324"}
{"level":"info","ts":1785055939.3063364,"logger":"handler.decode","caller":"steps/decode.go:72","msg":"sending request","x-request-id":"39a401fa-6a8c-4401-bb93-78b61842a324","path":"/v1/chat/completions","stream":true}
{"level":"info","ts":1785055939.4568465,"logger":"handler.prefill","caller":"steps/prefill.go:126","msg":"complete","x-request-id":"0f42a365-7419-4d3c-9c02-475210969bb2"}
{"level":"info","ts":1785055939.4568655,"logger":"handler.decode","caller":"steps/decode.go:72","msg":"sending request","x-request-id":"0f42a365-7419-4d3c-9c02-475210969bb2","path":"/v1/chat/completions","stream":true}
{"level":"info","ts":1785055939.4569209,"logger":"handler.prefill","caller":"steps/prefill.go:126","msg":"complete","x-request-id":"bcb5a8fe-d9fe-40d6-9d9c-d984c99d4f92"}
{"level":"info","ts":1785055939.456939,"logger":"handler.decode","caller":"steps/decode.go:72","msg":"sending request","x-request-id":"bcb5a8fe-d9fe-40d6-9d9c-d984c99d4f92","path":"/v1/chat/completions","stream":true}
{"level":"info","ts":1785055939.8309393,"logger":"handler.prefill","caller":"steps/prefill.go:126","msg":"complete","x-request-id":"c21d93cd-ba54-4520-bbb8-3e25197aefbf"}
{"level":"info","ts":1785055939.8309627,"logger":"handler.decode","caller":"steps/decode.go:72","msg":"sending request","x-request-id":"c21d93cd-ba54-4520-bbb8-3e25197aefbf","path":"/v1/chat/completions","stream":true}
{"level":"info","ts":1785055939.8309956,"logger":"handler.prefill","caller":"steps/prefill.go:126","msg":"complete","x-request-id":"5b561ca8-07e5-9058-a1c7-dfd4f8fb4092"}
{"level":"info","ts":1785055939.831038,"logger":"handler.decode","caller":"steps/decode.go:72","msg":"sending request","x-request-id":"5b561ca8-07e5-9058-a1c7-dfd4f8fb4092","path":"/v1/chat/completions","stream":true}
{"level":"info","ts":1785055940.0755644,"logger":"handler.prefill","caller":"steps/prefill.go:126","msg":"complete","x-request-id":"c873ea33-1f74-4ea9-83be-3c61565ae6a9"}
{"level":"info","ts":1785055940.075595,"logger":"handler.prefill","caller":"steps/prefill.go:126","msg":"complete","x-request-id":"493e7839-1422-4fb3-9601-8051fd0bb11f"}
{"level":"info","ts":1785055940.0756047,"logger":"handler.decode","caller":"steps/decode.go:72","msg":"sending request","x-request-id":"c873ea33-1f74-4ea9-83be-3c61565ae6a9","path":"/v1/chat/completions","stream":true}
{"level":"info","ts":1785055940.0756147,"logger":"handler.decode","caller":"steps/decode.go:72","msg":"sending request","x-request-id":"493e7839-1422-4fb3-9601-8051fd0bb11f","path":"/v1/chat/completions","stream":true}
{"level":"info","ts":1785055940.2409806,"logger":"handler.prefill","caller":"steps/prefill.go:126","msg":"complete","x-request-id":"55cb315f-a4f2-408c-be56-4f880d191344"}
{"level":"info","ts":1785055940.2410028,"logger":"handler.decode","caller":"steps/decode.go:72","msg":"sending request","x-request-id":"55cb315f-a4f2-408c-be56-4f880d191344","path":"/v1/chat/completions","stream":true}
{"level":"info","ts":1785055940.4245276,"logger":"handler.prefill","caller":"steps/prefill.go:126","msg":"complete","x-request-id":"46bbcb5e-0bae-4b6a-ba9f-932b6b5f1c05"}
{"level":"info","ts":1785055940.4245799,"logger":"handler.decode","caller":"steps/decode.go:72","msg":"sending request","x-request-id":"46bbcb5e-0bae-4b6a-ba9f-932b6b5f1c05","path":"/v1/chat/completions","stream":true}
{"level":"info","ts":1785055940.5995507,"logger":"handler.prefill","caller":"steps/prefill.go:126","msg":"complete","x-request-id":"d65dcc1f-6115-42ef-970b-9da2e668f75b"}
{"level":"info","ts":1785055940.599595,"logger":"handler.decode","caller":"steps/decode.go:72","msg":"sending request","x-request-id":"d65dcc1f-6115-42ef-970b-9da2e668f75b","path":"/v1/chat/completions","stream":true}
{"level":"info","ts":1785055940.8400788,"logger":"handler.prefill","caller":"steps/prefill.go:126","msg":"complete","x-request-id":"44b2b3d7-8b38-4bf8-91d3-0bae84493916"}
{"level":"info","ts":1785055940.8401039,"logger":"handler.decode","caller":"steps/decode.go:72","msg":"sending request","x-request-id":"44b2b3d7-8b38-4bf8-91d3-0bae84493916","path":"/v1/chat/completions","stream":true}
{"level":"info","ts":1785055941.0079384,"logger":"handler.prefill","caller":"steps/prefill.go:126","msg":"complete","x-request-id":"d50666d3-06d6-485f-b799-beac79c75613"}
{"level":"info","ts":1785055941.0079825,"logger":"handler.decode","caller":"steps/decode.go:72","msg":"sending request","x-request-id":"d50666d3-06d6-485f-b799-beac79c75613","path":"/v1/chat/completions","stream":true}
{"level":"info","ts":1785055941.0080285,"logger":"handler.prefill","caller":"steps/prefill.go:126","msg":"complete","x-request-id":"c78637b1-92dc-4eb9-8a02-9d52400c32f6"}
{"level":"info","ts":1785055941.0080602,"logger":"handler.decode","caller":"steps/decode.go:72","msg":"sending request","x-request-id":"c78637b1-92dc-4eb9-8a02-9d52400c32f6","path":"/v1/chat/completions","stream":true}
{"level":"info","ts":1785055941.008013,"logger":"handler.prefill","caller":"steps/prefill.go:126","msg":"complete","x-request-id":"a4575aca-fa50-45ba-aabb-815f4a6ca773"}
{"level":"info","ts":1785055941.0081167,"logger":"handler.decode","caller":"steps/decode.go:72","msg":"sending request","x-request-id":"a4575aca-fa50-45ba-aabb-815f4a6ca773","path":"/v1/chat/completions","stream":true}
{"level":"info","ts":1785055941.4461772,"logger":"handler.prefill","caller":"steps/prefill.go:126","msg":"complete","x-request-id":"572fecb7-7215-4224-8e07-d15ff82cc36e"}
{"level":"info","ts":1785055941.4461799,"logger":"handler.prefill","caller":"steps/prefill.go:126","msg":"complete","x-request-id":"b4d5801c-14f0-4eaf-99ef-bef8b46504cb"}
{"level":"info","ts":1785055941.446203,"logger":"handler.decode","caller":"steps/decode.go:72","msg":"sending request","x-request-id":"572fecb7-7215-4224-8e07-d15ff82cc36e","path":"/v1/chat/completions","stream":true}
{"level":"info","ts":1785055941.4462113,"logger":"handler.decode","caller":"steps/decode.go:72","msg":"sending request","x-request-id":"b4d5801c-14f0-4eaf-99ef-bef8b46504cb","path":"/v1/chat/completions","stream":true}
{"level":"info","ts":1785055941.4461713,"logger":"handler.prefill","caller":"steps/prefill.go:126","msg":"complete","x-request-id":"183faa38-9c41-44f5-b1fc-4edfb7a46b9a"}
{"level":"info","ts":1785055941.446291,"logger":"handler.decode","caller":"steps/decode.go:72","msg":"sending request","x-request-id":"183faa38-9c41-44f5-b1fc-4edfb7a46b9a","path":"/v1/chat/completions","stream":true}
{"level":"info","ts":1785055941.5653338,"logger":"handler.prefill","caller":"steps/prefill.go:126","msg":"complete","x-request-id":"2f77431a-c24d-4279-bdf6-6233dfdf2f87"}
{"level":"info","ts":1785055941.565359,"logger":"handler.decode","caller":"steps/decode.go:72","msg":"sending request","x-request-id":"2f77431a-c24d-4279-bdf6-6233dfdf2f87","path":"/v1/chat/completions","stream":true}
{"level":"info","ts":1785055941.8215926,"logger":"handler.prefill","caller":"steps/prefill.go:126","msg":"complete","x-request-id":"c0c528d1-2de8-4567-9206-c9037f60ec1e"}
{"level":"info","ts":1785055941.8216112,"logger":"handler.decode","caller":"steps/decode.go:72","msg":"sending request","x-request-id":"c0c528d1-2de8-4567-9206-c9037f60ec1e","path":"/v1/chat/completions","stream":true}
{"level":"info","ts":1785055942.194535,"logger":"handler.prefill","caller":"steps/prefill.go:126","msg":"complete","x-request-id":"70a7a68f-38ce-4c89-a09d-d9142e521817"}
{"level":"info","ts":1785055942.194586,"logger":"handler.decode","caller":"steps/decode.go:72","msg":"sending request","x-request-id":"70a7a68f-38ce-4c89-a09d-d9142e521817","path":"/v1/chat/completions","stream":true}
{"level":"info","ts":1785055942.3952198,"logger":"handler.prefill","caller":"steps/prefill.go:126","msg":"complete","x-request-id":"bf20de51-b89f-4c6d-95b1-6e3b92c3d2bd"}
{"level":"info","ts":1785055942.3952649,"logger":"handler.decode","caller":"steps/decode.go:72","msg":"sending request","x-request-id":"bf20de51-b89f-4c6d-95b1-6e3b92c3d2bd","path":"/v1/chat/completions","stream":true}
{"level":"info","ts":1785055942.3953302,"logger":"handler.prefill","caller":"steps/prefill.go:126","msg":"complete","x-request-id":"b860883b-50c7-4e1b-a254-7b91b74e27a3"}
{"level":"info","ts":1785055942.3953726,"logger":"handler.decode","caller":"steps/decode.go:72","msg":"sending request","x-request-id":"b860883b-50c7-4e1b-a254-7b91b74e27a3","path":"/v1/chat/completions","stream":true}
{"level":"info","ts":1785055942.6049614,"logger":"handler","caller":"pipeline/pipeline.go:82","msg":"pipeline step timings","x-request-id":"17f31f01-3f0b-4ec8-8f5a-66e80fb3d2de","parse":"16.209132ms","prefill":"1.781640225s","decode":"25.035208193s"}
{"level":"info","ts":1785055942.6774778,"logger":"handler.prefill","caller":"steps/prefill.go:126","msg":"complete","x-request-id":"63f7be60-1593-4c6f-a842-a76817453643"}
{"level":"info","ts":1785055942.6775043,"logger":"handler.decode","caller":"steps/decode.go:72","msg":"sending request","x-request-id":"63f7be60-1593-4c6f-a842-a76817453643","path":"/v1/chat/completions","stream":true}
{"level":"info","ts":1785055942.7469573,"logger":"handler.prefill","caller":"steps/prefill.go:126","msg":"complete","x-request-id":"33f96c3b-adb5-4c7f-adbf-58bb810e5496"}
{"level":"info","ts":1785055942.7469919,"logger":"handler.prefill","caller":"steps/prefill.go:126","msg":"complete","x-request-id":"f0fd9dcc-c27a-4780-9473-a86421889065"}
{"level":"info","ts":1785055942.7470186,"logger":"handler.decode","caller":"steps/decode.go:72","msg":"sending request","x-request-id":"33f96c3b-adb5-4c7f-adbf-58bb810e5496","path":"/v1/chat/completions","stream":true}
{"level":"info","ts":1785055942.7470334,"logger":"handler.decode","caller":"steps/decode.go:72","msg":"sending request","x-request-id":"f0fd9dcc-c27a-4780-9473-a86421889065","path":"/v1/chat/completions","stream":true}
{"level":"info","ts":1785055942.923571,"logger":"handler.prefill","caller":"steps/prefill.go:126","msg":"complete","x-request-id":"e0d02797-c12a-4d1b-841b-81accdaaa720"}
{"level":"info","ts":1785055942.923604,"logger":"handler.decode","caller":"steps/decode.go:72","msg":"sending request","x-request-id":"e0d02797-c12a-4d1b-841b-81accdaaa720","path":"/v1/chat/completions","stream":true}
{"level":"info","ts":1785055942.9235642,"logger":"handler.prefill","caller":"steps/prefill.go:126","msg":"complete","x-request-id":"c840cab4-1b35-4b80-8709-8bb83d7e5a33"}
{"level":"info","ts":1785055942.9236357,"logger":"handler.decode","caller":"steps/decode.go:72","msg":"sending request","x-request-id":"c840cab4-1b35-4b80-8709-8bb83d7e5a33","path":"/v1/chat/completions","stream":true}
{"level":"info","ts":1785055943.2592547,"logger":"handler.prefill","caller":"steps/prefill.go:126","msg":"complete","x-request-id":"76c5bf6c-6283-4e40-abbc-9de256f26b1c"}
{"level":"info","ts":1785055943.2593071,"logger":"handler.decode","caller":"steps/decode.go:72","msg":"sending request","x-request-id":"76c5bf6c-6283-4e40-abbc-9de256f26b1c","path":"/v1/chat/completions","stream":true}
{"level":"info","ts":1785055943.3293903,"logger":"handler.prefill","caller":"steps/prefill.go:126","msg":"complete","x-request-id":"16375b43-f85c-4405-8c5f-0a04d45c93d0"}
{"level":"info","ts":1785055943.3294175,"logger":"handler.prefill","caller":"steps/prefill.go:126","msg":"complete","x-request-id":"6667b5fb-5250-4f21-bb07-ec5ea7d14b36"}
{"level":"info","ts":1785055943.3294308,"logger":"handler.decode","caller":"steps/decode.go:72","msg":"sending request","x-request-id":"16375b43-f85c-4405-8c5f-0a04d45c93d0","path":"/v1/chat/completions","stream":true}
{"level":"info","ts":1785055943.3294444,"logger":"handler.decode","caller":"steps/decode.go:72","msg":"sending request","x-request-id":"6667b5fb-5250-4f21-bb07-ec5ea7d14b36","path":"/v1/chat/completions","stream":true}
{"level":"info","ts":1785055943.4818158,"logger":"handler.prefill","caller":"steps/prefill.go:126","msg":"complete","x-request-id":"3ca35ac7-ac43-4773-917c-a54ade0dbf11"}
{"level":"info","ts":1785055943.4818604,"logger":"handler.decode","caller":"steps/decode.go:72","msg":"sending request","x-request-id":"3ca35ac7-ac43-4773-917c-a54ade0dbf11","path":"/v1/chat/completions","stream":true}
{"level":"info","ts":1785055943.7906308,"logger":"handler","caller":"pipeline/pipeline.go:82","msg":"pipeline step timings","x-request-id":"e16e4ba6-07bf-406f-a0fb-dbaf8027542a","parse":"48.22459ms","prefill":"2.422873661s","decode":"25.752948772s"}
{"level":"info","ts":1785055943.858902,"logger":"handler.prefill","caller":"steps/prefill.go:126","msg":"complete","x-request-id":"e1154bcd-4cf4-4a15-bf32-007778e39663"}
{"level":"info","ts":1785055943.8589401,"logger":"handler.decode","caller":"steps/decode.go:72","msg":"sending request","x-request-id":"e1154bcd-4cf4-4a15-bf32-007778e39663","path":"/v1/chat/completions","stream":true}
{"level":"info","ts":1785055943.9061406,"logger":"handler.prefill","caller":"steps/prefill.go:126","msg":"complete","x-request-id":"70676f23-01db-4518-90e7-9b2eb819457b"}
{"level":"info","ts":1785055943.9061801,"logger":"handler.decode","caller":"steps/decode.go:72","msg":"sending request","x-request-id":"70676f23-01db-4518-90e7-9b2eb819457b","path":"/v1/chat/completions","stream":true}
{"level":"info","ts":1785055943.9062788,"logger":"handler.prefill","caller":"steps/prefill.go:126","msg":"complete","x-request-id":"9e3aa0db-f620-4563-9ab1-606bb9332391"}
{"level":"info","ts":1785055943.906323,"logger":"handler.decode","caller":"steps/decode.go:72","msg":"sending request","x-request-id":"9e3aa0db-f620-4563-9ab1-606bb9332391","path":"/v1/chat/completions","stream":true}
{"level":"info","ts":1785055944.0821335,"logger":"handler.prefill","caller":"steps/prefill.go:126","msg":"complete","x-request-id":"293c43da-a62b-4a7f-802a-20f5fd345ebf"}
{"level":"info","ts":1785055944.0821724,"logger":"handler.decode","caller":"steps/decode.go:72","msg":"sending request","x-request-id":"293c43da-a62b-4a7f-802a-20f5fd345ebf","path":"/v1/chat/completions","stream":true}
{"level":"info","ts":1785055944.1683342,"logger":"handler","caller":"pipeline/pipeline.go:82","msg":"pipeline step timings","x-request-id":"fdf618b5-9c9a-4481-89e8-8f97a770e9f3","parse":"39.20765ms","prefill":"2.654955472s","decode":"25.840290414s"}
{"level":"info","ts":1785055944.2567096,"logger":"handler","caller":"pipeline/pipeline.go:82","msg":"pipeline step timings","x-request-id":"1507037d-f98e-4704-bd46-185606dcf102","parse":"36.914948ms","prefill":"2.956311096s","decode":"25.616680779s"}
{"level":"info","ts":1785055944.4474444,"logger":"handler","caller":"pipeline/pipeline.go:82","msg":"pipeline step timings","x-request-id":"bfe055b2-4ffa-40d2-ada0-fc92d2c22cc3","parse":"32.571581ms","prefill":"1.851170084s","decode":"26.974486519s"}
{"level":"info","ts":1785055944.4477613,"logger":"handler.prefill","caller":"steps/prefill.go:126","msg":"complete","x-request-id":"d87631e4-2b24-49c1-9629-c523b9f0cf3a"}
{"level":"info","ts":1785055944.4478016,"logger":"handler.decode","caller":"steps/decode.go:72","msg":"sending request","x-request-id":"d87631e4-2b24-49c1-9629-c523b9f0cf3a","path":"/v1/chat/completions","stream":true}
{"level":"info","ts":1785055944.4775212,"logger":"handler.prefill","caller":"steps/prefill.go:126","msg":"complete","x-request-id":"bfa3b7e2-5d6d-480f-8339-b6222fdd107a"}
{"level":"info","ts":1785055944.4775474,"logger":"handler.decode","caller":"steps/decode.go:72","msg":"sending request","x-request-id":"bfa3b7e2-5d6d-480f-8339-b6222fdd107a","path":"/v1/chat/completions","stream":true}
{"level":"info","ts":1785055944.4776087,"logger":"handler.prefill","caller":"steps/prefill.go:126","msg":"complete","x-request-id":"53be5d8a-8d15-4645-bb1b-6ac1fe79f967"}
{"level":"info","ts":1785055944.4776332,"logger":"handler.decode","caller":"steps/decode.go:72","msg":"sending request","x-request-id":"53be5d8a-8d15-4645-bb1b-6ac1fe79f967","path":"/v1/chat/completions","stream":true}
{"level":"info","ts":1785055944.487947,"logger":"handler.prefill","caller":"steps/prefill.go:126","msg":"complete","x-request-id":"cdd7970a-4bda-4998-9ae2-8d2428a527c3"}
{"level":"info","ts":1785055944.487964,"logger":"handler.decode","caller":"steps/decode.go:72","msg":"sending request","x-request-id":"cdd7970a-4bda-4998-9ae2-8d2428a527c3","path":"/v1/chat/completions","stream":true}
{"level":"info","ts":1785055945.0674374,"logger":"handler.prefill","caller":"steps/prefill.go:126","msg":"complete","x-request-id":"b70ea602-0ae6-464f-90f2-554b4401a204"}
{"level":"info","ts":1785055945.067464,"logger":"handler.decode","caller":"steps/decode.go:72","msg":"sending request","x-request-id":"b70ea602-0ae6-464f-90f2-554b4401a204","path":"/v1/chat/completions","stream":true}
{"level":"info","ts":1785055945.0698595,"logger":"handler.prefill","caller":"steps/prefill.go:126","msg":"complete","x-request-id":"771f4171-c124-4414-9bd3-2c35ab2f9d04"}
{"level":"info","ts":1785055945.0698814,"logger":"handler.decode","caller":"steps/decode.go:72","msg":"sending request","x-request-id":"771f4171-c124-4414-9bd3-2c35ab2f9d04","path":"/v1/chat/completions","stream":true}
{"level":"info","ts":1785055945.4014363,"logger":"handler","caller":"pipeline/pipeline.go:82","msg":"pipeline step timings","x-request-id":"16cfd76b-0f1c-48c7-9640-acac612fe3c8","parse":"23.811089ms","prefill":"1.121931195s","decode":"28.628516875s"}
{"level":"info","ts":1785055945.6130838,"logger":"handler.prefill","caller":"steps/prefill.go:126","msg":"complete","x-request-id":"37d80f2c-8ddd-42c4-a0cf-9d38efd3b180"}
{"level":"info","ts":1785055945.6131246,"logger":"handler.decode","caller":"steps/decode.go:72","msg":"sending request","x-request-id":"37d80f2c-8ddd-42c4-a0cf-9d38efd3b180","path":"/v1/chat/completions","stream":true}
{"level":"info","ts":1785055945.6131682,"logger":"handler.prefill","caller":"steps/prefill.go:126","msg":"complete","x-request-id":"a88a8c49-99df-4f27-9e93-9f3c683bcd8a"}
{"level":"info","ts":1785055945.6131842,"logger":"handler.decode","caller":"steps/decode.go:72","msg":"sending request","x-request-id":"a88a8c49-99df-4f27-9e93-9f3c683bcd8a","path":"/v1/chat/completions","stream":true}
{"level":"info","ts":1785055945.652762,"logger":"handler","caller":"pipeline/pipeline.go:82","msg":"pipeline step timings","x-request-id":"5f848e8c-7f49-4f5b-89f9-85d6796608a2","parse":"21.932522ms","prefill":"4.324354249s","decode":"25.475336309s"}
{"level":"info","ts":1785055945.70248,"logger":"handler.prefill","caller":"steps/prefill.go:126","msg":"complete","x-request-id":"aafd163b-5699-47b8-8f71-bd5c4cd255ac"}
{"level":"info","ts":1785055945.7025242,"logger":"handler.decode","caller":"steps/decode.go:72","msg":"sending request","x-request-id":"aafd163b-5699-47b8-8f71-bd5c4cd255ac","path":"/v1/chat/completions","stream":true}
{"level":"info","ts":1785055945.708597,"logger":"handler.prefill","caller":"steps/prefill.go:126","msg":"complete","x-request-id":"1a9524c8-3def-493a-a8e0-e106926dd5d4"}
{"level":"info","ts":1785055945.7086177,"logger":"handler.decode","caller":"steps/decode.go:72","msg":"sending request","x-request-id":"1a9524c8-3def-493a-a8e0-e106926dd5d4","path":"/v1/chat/completions","stream":true}
{"level":"info","ts":1785055945.8166566,"logger":"handler","caller":"pipeline/pipeline.go:82","msg":"pipeline step timings","x-request-id":"78442a31-6d67-4c69-9d61-5f6e5f30b7a7","parse":"56.010965ms","prefill":"4.127696646s","decode":"26.065907064s"}
{"level":"info","ts":1785055945.8586802,"logger":"handler","caller":"pipeline/pipeline.go:82","msg":"pipeline step timings","x-request-id":"3aa1f22a-a8df-4a31-a337-9056bec9fe33","parse":"28.775778ms","prefill":"4.504906681s","decode":"25.584873609s"}
{"level":"info","ts":1785055946.235194,"logger":"handler.prefill","caller":"steps/prefill.go:126","msg":"complete","x-request-id":"1ba6375c-44cb-4231-bec0-66e51a845304"}
{"level":"info","ts":1785055946.2352302,"logger":"handler.decode","caller":"steps/decode.go:72","msg":"sending request","x-request-id":"1ba6375c-44cb-4231-bec0-66e51a845304","path":"/v1/chat/completions","stream":true}
{"level":"info","ts":1785055946.2838914,"logger":"handler.prefill","caller":"steps/prefill.go:126","msg":"complete","x-request-id":"2b572ba5-2844-4d8d-b75b-4fb4a7ea5223"}
{"level":"info","ts":1785055946.283937,"logger":"handler.decode","caller":"steps/decode.go:72","msg":"sending request","x-request-id":"2b572ba5-2844-4d8d-b75b-4fb4a7ea5223","path":"/v1/chat/completions","stream":true}
{"level":"info","ts":1785055946.3184736,"logger":"handler.prefill","caller":"steps/prefill.go:126","msg":"complete","x-request-id":"931b6bb1-b4c3-4b07-8a50-a27572fb31fa"}
{"level":"info","ts":1785055946.3184981,"logger":"handler.decode","caller":"steps/decode.go:72","msg":"sending request","x-request-id":"931b6bb1-b4c3-4b07-8a50-a27572fb31fa","path":"/v1/chat/completions","stream":true}
{"level":"info","ts":1785055946.3187363,"logger":"handler.prefill","caller":"steps/prefill.go:126","msg":"complete","x-request-id":"64eae515-3b6d-4e32-93b5-5bdca61454bb"}
{"level":"info","ts":1785055946.3187964,"logger":"handler.decode","caller":"steps/decode.go:72","msg":"sending request","x-request-id":"64eae515-3b6d-4e32-93b5-5bdca61454bb","path":"/v1/chat/completions","stream":true}
{"level":"info","ts":1785055946.7378936,"logger":"handler","caller":"pipeline/pipeline.go:82","msg":"pipeline step timings","x-request-id":"c08a1bc0-b542-4c66-933a-8390d8f16744","parse":"31.92505ms","prefill":"3.72022842s","decode":"27.272870099s"}
{"level":"info","ts":1785055946.82754,"logger":"handler.prefill","caller":"steps/prefill.go:126","msg":"complete","x-request-id":"46370fae-f41f-4aea-8ae4-43b75f620a0b"}
{"level":"info","ts":1785055946.8275805,"logger":"handler.decode","caller":"steps/decode.go:72","msg":"sending request","x-request-id":"46370fae-f41f-4aea-8ae4-43b75f620a0b","path":"/v1/chat/completions","stream":true}
{"level":"info","ts":1785055946.8619065,"logger":"handler.prefill","caller":"steps/prefill.go:126","msg":"complete","x-request-id":"1ec77c80-b9b7-9309-b392-d64b6770c04a"}
{"level":"info","ts":1785055946.8619394,"logger":"handler.prefill","caller":"steps/prefill.go:126","msg":"complete","x-request-id":"17e9b7d0-11db-432f-b8ec-ca8daca2e510"}
{"level":"info","ts":1785055946.8619463,"logger":"handler.decode","caller":"steps/decode.go:72","msg":"sending request","x-request-id":"1ec77c80-b9b7-9309-b392-d64b6770c04a","path":"/v1/chat/completions","stream":true}
{"level":"info","ts":1785055946.861966,"logger":"handler.decode","caller":"steps/decode.go:72","msg":"sending request","x-request-id":"17e9b7d0-11db-432f-b8ec-ca8daca2e510","path":"/v1/chat/completions","stream":true}
{"level":"info","ts":1785055946.885164,"logger":"handler.prefill","caller":"steps/prefill.go:126","msg":"complete","x-request-id":"93b64fda-a268-4ae8-bffd-cc7fa4993e05"}
{"level":"info","ts":1785055946.8851783,"logger":"handler.decode","caller":"steps/decode.go:72","msg":"sending request","x-request-id":"93b64fda-a268-4ae8-bffd-cc7fa4993e05","path":"/v1/chat/completions","stream":true}
{"level":"info","ts":1785055946.9579215,"logger":"handler","caller":"pipeline/pipeline.go:82","msg":"pipeline step timings","x-request-id":"088d7e6a-131b-49e3-9fea-94ab6b0727de","parse":"37.711399ms","prefill":"5.097961846s","decode":"26.1414764s"}
{"level":"info","ts":1785055947.397841,"logger":"handler.prefill","caller":"steps/prefill.go:126","msg":"complete","x-request-id":"14a02761-bf31-46ad-98a5-81f85a8f0cc3"}
{"level":"info","ts":1785055947.3978744,"logger":"handler.decode","caller":"steps/decode.go:72","msg":"sending request","x-request-id":"14a02761-bf31-46ad-98a5-81f85a8f0cc3","path":"/v1/chat/completions","stream":true}
{"level":"info","ts":1785055947.3978558,"logger":"handler.prefill","caller":"steps/prefill.go:126","msg":"complete","x-request-id":"66d9234f-a773-4c67-856c-1d5251cdf372"}
{"level":"info","ts":1785055947.3978972,"logger":"handler.decode","caller":"steps/decode.go:72","msg":"sending request","x-request-id":"66d9234f-a773-4c67-856c-1d5251cdf372","path":"/v1/chat/completions","stream":true}
{"level":"info","ts":1785055947.4595363,"logger":"handler.prefill","caller":"steps/prefill.go:126","msg":"complete","x-request-id":"ac8977de-5915-4a44-a983-c56bd5cf51a8"}
{"level":"info","ts":1785055947.4595678,"logger":"handler.decode","caller":"steps/decode.go:72","msg":"sending request","x-request-id":"ac8977de-5915-4a44-a983-c56bd5cf51a8","path":"/v1/chat/completions","stream":true}
{"level":"info","ts":1785055947.4996543,"logger":"handler.prefill","caller":"steps/prefill.go:126","msg":"complete","x-request-id":"01607edd-d921-446d-8b32-dcb2b2909ed8"}
{"level":"info","ts":1785055947.4997027,"logger":"handler.decode","caller":"steps/decode.go:72","msg":"sending request","x-request-id":"01607edd-d921-446d-8b32-dcb2b2909ed8","path":"/v1/chat/completions","stream":true}
{"level":"info","ts":1785055947.5283558,"logger":"handler","caller":"pipeline/pipeline.go:82","msg":"pipeline step timings","x-request-id":"0c4cd1f8-1680-43fa-b39a-612946935aad","parse":"19.746138ms","prefill":"4.244730274s","decode":"27.46821183s"}
{"level":"info","ts":1785055947.78832,"logger":"handler","caller":"pipeline/pipeline.go:82","msg":"pipeline step timings","x-request-id":"273ef248-e4aa-4f8d-87f4-2435d786bc63","parse":"16.38259ms","prefill":"4.462809766s","decode":"27.484723867s"}
{"level":"info","ts":1785055947.9685104,"logger":"handler.prefill","caller":"steps/prefill.go:126","msg":"complete","x-request-id":"733cbc74-db54-4c9e-9b9a-759a323b8fef"}
{"level":"info","ts":1785055947.9685555,"logger":"handler.decode","caller":"steps/decode.go:72","msg":"sending request","x-request-id":"733cbc74-db54-4c9e-9b9a-759a323b8fef","path":"/v1/chat/completions","stream":true}
{"level":"info","ts":1785055948.0499086,"logger":"handler.prefill","caller":"steps/prefill.go:126","msg":"complete","x-request-id":"45b56e23-cd7a-4f75-b52c-f738eee89af6"}
{"level":"info","ts":1785055948.0499341,"logger":"handler.decode","caller":"steps/decode.go:72","msg":"sending request","x-request-id":"45b56e23-cd7a-4f75-b52c-f738eee89af6","path":"/v1/chat/completions","stream":true}
{"level":"info","ts":1785055948.0499256,"logger":"handler.prefill","caller":"steps/prefill.go:126","msg":"complete","x-request-id":"01a16e42-5c03-4524-b5f1-f997e7b2a15c"}
{"level":"info","ts":1785055948.049954,"logger":"handler.decode","caller":"steps/decode.go:72","msg":"sending request","x-request-id":"01a16e42-5c03-4524-b5f1-f997e7b2a15c","path":"/v1/chat/completions","stream":true}
{"level":"info","ts":1785055948.064528,"logger":"handler.prefill","caller":"steps/prefill.go:126","msg":"complete","x-request-id":"83eb0e8d-6c7a-43fe-a761-3836321c471b"}
{"level":"info","ts":1785055948.0645525,"logger":"handler.decode","caller":"steps/decode.go:72","msg":"sending request","x-request-id":"83eb0e8d-6c7a-43fe-a761-3836321c471b","path":"/v1/chat/completions","stream":true}
{"level":"info","ts":1785055948.146236,"logger":"handler","caller":"pipeline/pipeline.go:82","msg":"pipeline step timings","x-request-id":"ce2fecef-6c14-4e79-8104-f448ec44d235","parse":"49.671572ms","prefill":"3.082375293s","decode":"29.360801407s"}
{"level":"info","ts":1785055948.579013,"logger":"handler.prefill","caller":"steps/prefill.go:126","msg":"complete","x-request-id":"782e4b0d-f100-4cb3-b63f-4b9ad18df238"}
{"level":"info","ts":1785055948.579051,"logger":"handler.decode","caller":"steps/decode.go:72","msg":"sending request","x-request-id":"782e4b0d-f100-4cb3-b63f-4b9ad18df238","path":"/v1/chat/completions","stream":true}
{"level":"info","ts":1785055948.6338272,"logger":"handler.prefill","caller":"steps/prefill.go:126","msg":"complete","x-request-id":"7dda47ad-badd-41df-aa94-7bbc65003b98"}
{"level":"info","ts":1785055948.633856,"logger":"handler.decode","caller":"steps/decode.go:72","msg":"sending request","x-request-id":"7dda47ad-badd-41df-aa94-7bbc65003b98","path":"/v1/chat/completions","stream":true}
{"level":"info","ts":1785055948.6738744,"logger":"handler.prefill","caller":"steps/prefill.go:126","msg":"complete","x-request-id":"ddee9ed1-b499-45c3-b309-6f48aca49f92"}
{"level":"info","ts":1785055948.673945,"logger":"handler.decode","caller":"steps/decode.go:72","msg":"sending request","x-request-id":"ddee9ed1-b499-45c3-b309-6f48aca49f92","path":"/v1/chat/completions","stream":true}
{"level":"info","ts":1785055949.1784956,"logger":"handler.prefill","caller":"steps/prefill.go:126","msg":"complete","x-request-id":"7ac9bfd6-9bdb-406e-a49e-27e0509c1d8b"}
{"level":"info","ts":1785055949.1785378,"logger":"handler.decode","caller":"steps/decode.go:72","msg":"sending request","x-request-id":"7ac9bfd6-9bdb-406e-a49e-27e0509c1d8b","path":"/v1/chat/completions","stream":true}
{"level":"info","ts":1785055949.2341776,"logger":"handler.prefill","caller":"steps/prefill.go:126","msg":"complete","x-request-id":"873ff22d-f452-47ef-ab66-e6b9d8d4b528"}
{"level":"info","ts":1785055949.2342205,"logger":"handler.decode","caller":"steps/decode.go:72","msg":"sending request","x-request-id":"873ff22d-f452-47ef-ab66-e6b9d8d4b528","path":"/v1/chat/completions","stream":true}
{"level":"info","ts":1785055949.2691712,"logger":"handler.prefill","caller":"steps/prefill.go:126","msg":"complete","x-request-id":"862947a4-529c-4b6e-83a0-56fef42db77d"}
{"level":"info","ts":1785055949.2691953,"logger":"handler.prefill","caller":"steps/prefill.go:126","msg":"complete","x-request-id":"dc0a62d0-4a87-458a-8007-ef64c742c352"}
{"level":"info","ts":1785055949.2692401,"logger":"handler.decode","caller":"steps/decode.go:72","msg":"sending request","x-request-id":"dc0a62d0-4a87-458a-8007-ef64c742c352","path":"/v1/chat/completions","stream":true}
{"level":"info","ts":1785055949.2692113,"logger":"handler.decode","caller":"steps/decode.go:72","msg":"sending request","x-request-id":"862947a4-529c-4b6e-83a0-56fef42db77d","path":"/v1/chat/completions","stream":true}
{"level":"info","ts":1785055949.3504663,"logger":"handler","caller":"pipeline/pipeline.go:82","msg":"pipeline step timings","x-request-id":"1a5cb83c-20d6-482d-acfb-2f1be47b95b4","parse":"36.308216ms","prefill":"4.161580911s","decode":"29.466961779s"}
{"level":"info","ts":1785055949.77916,"logger":"handler.prefill","caller":"steps/prefill.go:126","msg":"complete","x-request-id":"447e8983-2de4-4e1a-8c13-417d4d65d874"}
{"level":"info","ts":1785055949.7792053,"logger":"handler.decode","caller":"steps/decode.go:72","msg":"sending request","x-request-id":"447e8983-2de4-4e1a-8c13-417d4d65d874","path":"/v1/chat/completions","stream":true}
{"level":"info","ts":1785055949.8405662,"logger":"handler.prefill","caller":"steps/prefill.go:126","msg":"complete","x-request-id":"9594e08b-2b99-4f29-9fca-e8f7dd55fdd1"}
{"level":"info","ts":1785055949.8406026,"logger":"handler.decode","caller":"steps/decode.go:72","msg":"sending request","x-request-id":"9594e08b-2b99-4f29-9fca-e8f7dd55fdd1","path":"/v1/chat/completions","stream":true}
{"level":"info","ts":1785055949.8406317,"logger":"handler.prefill","caller":"steps/prefill.go:126","msg":"complete","x-request-id":"29d3b446-1ac0-43a0-8b79-e119488db20d"}
{"level":"info","ts":1785055949.8406777,"logger":"handler.decode","caller":"steps/decode.go:72","msg":"sending request","x-request-id":"29d3b446-1ac0-43a0-8b79-e119488db20d","path":"/v1/chat/completions","stream":true}
{"level":"info","ts":1785055949.8508453,"logger":"handler.prefill","caller":"steps/prefill.go:126","msg":"complete","x-request-id":"8ebc6277-ba22-480a-a947-56a796f51009"}
{"level":"info","ts":1785055949.8508887,"logger":"handler.decode","caller":"steps/decode.go:72","msg":"sending request","x-request-id":"8ebc6277-ba22-480a-a947-56a796f51009","path":"/v1/chat/completions","stream":true}
{"level":"info","ts":1785055950.0881455,"logger":"handler","caller":"pipeline/pipeline.go:82","msg":"pipeline step timings","x-request-id":"a169036e-1a5f-4d60-8bc1-907fd0f60a26","parse":"23.230946ms","prefill":"6.206258618s","decode":"27.913059728s"}
{"level":"info","ts":1785055950.3606029,"logger":"handler.prefill","caller":"steps/prefill.go:126","msg":"complete","x-request-id":"4fff94dc-d5b9-47d6-970c-27670a8dd86d"}
{"level":"info","ts":1785055950.360648,"logger":"handler.decode","caller":"steps/decode.go:72","msg":"sending request","x-request-id":"4fff94dc-d5b9-47d6-970c-27670a8dd86d","path":"/v1/chat/completions","stream":true}
{"level":"info","ts":1785055950.4571295,"logger":"handler.prefill","caller":"steps/prefill.go:126","msg":"complete","x-request-id":"c034d8f7-7480-491e-9bd2-bc167f1fcce0"}
{"level":"info","ts":1785055950.4571493,"logger":"handler.prefill","caller":"steps/prefill.go:126","msg":"complete","x-request-id":"8b4dc974-39a8-4a65-9a14-ca6312951f39"}
{"level":"info","ts":1785055950.4571707,"logger":"handler.decode","caller":"steps/decode.go:72","msg":"sending request","x-request-id":"c034d8f7-7480-491e-9bd2-bc167f1fcce0","path":"/v1/chat/completions","stream":true}
{"level":"info","ts":1785055950.4571857,"logger":"handler.decode","caller":"steps/decode.go:72","msg":"sending request","x-request-id":"8b4dc974-39a8-4a65-9a14-ca6312951f39","path":"/v1/chat/completions","stream":true}
{"level":"info","ts":1785055950.46541,"logger":"handler.prefill","caller":"steps/prefill.go:126","msg":"complete","x-request-id":"36dd6515-9d7a-4b7a-b91b-a142ad9981a9"}
{"level":"info","ts":1785055950.4654472,"logger":"handler.decode","caller":"steps/decode.go:72","msg":"sending request","x-request-id":"36dd6515-9d7a-4b7a-b91b-a142ad9981a9","path":"/v1/chat/completions","stream":true}
{"level":"info","ts":1785055950.9856615,"logger":"handler.prefill","caller":"steps/prefill.go:126","msg":"complete","x-request-id":"ff26e537-50b3-4f45-a831-daa49b68ebc5"}
{"level":"info","ts":1785055950.9857066,"logger":"handler.decode","caller":"steps/decode.go:72","msg":"sending request","x-request-id":"ff26e537-50b3-4f45-a831-daa49b68ebc5","path":"/v1/chat/completions","stream":true}
{"level":"info","ts":1785055951.043369,"logger":"handler.prefill","caller":"steps/prefill.go:126","msg":"complete","x-request-id":"697f7d3a-29fa-47e9-a87f-7066b5e90066"}
{"level":"info","ts":1785055951.0433958,"logger":"handler.decode","caller":"steps/decode.go:72","msg":"sending request","x-request-id":"697f7d3a-29fa-47e9-a87f-7066b5e90066","path":"/v1/chat/completions","stream":true}
{"level":"info","ts":1785055951.368114,"logger":"handler","caller":"pipeline/pipeline.go:82","msg":"pipeline step timings","x-request-id":"917fbfbe-cd4b-424f-a61b-3072570a9de1","parse":"44.489546ms","prefill":"6.832646796s","decode":"28.645963232s"}
{"level":"info","ts":1785055951.5403826,"logger":"handler.prefill","caller":"steps/prefill.go:126","msg":"complete","x-request-id":"61e7314f-cd93-43eb-8bf0-fe9436d03107"}
{"level":"info","ts":1785055951.5404272,"logger":"handler.decode","caller":"steps/decode.go:72","msg":"sending request","x-request-id":"61e7314f-cd93-43eb-8bf0-fe9436d03107","path":"/v1/chat/completions","stream":true}
{"level":"info","ts":1785055951.6479409,"logger":"handler.prefill","caller":"steps/prefill.go:126","msg":"complete","x-request-id":"f962f616-1603-4d3b-a729-53b485cd3bf5"}
{"level":"info","ts":1785055951.6479847,"logger":"handler.decode","caller":"steps/decode.go:72","msg":"sending request","x-request-id":"f962f616-1603-4d3b-a729-53b485cd3bf5","path":"/v1/chat/completions","stream":true}
{"level":"info","ts":1785055951.676245,"logger":"handler.prefill","caller":"steps/prefill.go:126","msg":"complete","x-request-id":"3ab90bed-4e9b-4dfb-a353-cc53441f44c3"}
{"level":"info","ts":1785055951.676273,"logger":"handler.decode","caller":"steps/decode.go:72","msg":"sending request","x-request-id":"3ab90bed-4e9b-4dfb-a353-cc53441f44c3","path":"/v1/chat/completions","stream":true}
{"level":"info","ts":1785055951.8399558,"logger":"handler","caller":"pipeline/pipeline.go:82","msg":"pipeline step timings","x-request-id":"6a296d46-ab9e-4350-b8e2-55275afc8e75","parse":"69.670798ms","prefill":"6.034745206s","decode":"30.136228161s"}
{"level":"info","ts":1785055952.128404,"logger":"handler","caller":"pipeline/pipeline.go:82","msg":"pipeline step timings","x-request-id":"7a624d49-6652-43cf-a9c0-283f563e26d9","parse":"43.603547ms","prefill":"6.064903918s","decode":"30.149237572s"}
{"level":"info","ts":1785055952.1345854,"logger":"handler.prefill","caller":"steps/prefill.go:126","msg":"complete","x-request-id":"5382a979-bc60-47aa-84fc-faeb36751974"}
{"level":"info","ts":1785055952.1346054,"logger":"handler.decode","caller":"steps/decode.go:72","msg":"sending request","x-request-id":"5382a979-bc60-47aa-84fc-faeb36751974","path":"/v1/chat/completions","stream":true}
{"level":"info","ts":1785055952.2338343,"logger":"handler.prefill","caller":"steps/prefill.go:126","msg":"complete","x-request-id":"b087938d-9edd-43c4-9ed2-952a30671eda"}
{"level":"info","ts":1785055952.2338548,"logger":"handler.decode","caller":"steps/decode.go:72","msg":"sending request","x-request-id":"b087938d-9edd-43c4-9ed2-952a30671eda","path":"/v1/chat/completions","stream":true}
{"level":"info","ts":1785055952.25113,"logger":"handler.prefill","caller":"steps/prefill.go:126","msg":"complete","x-request-id":"c2d0cea0-dc0d-4821-9d09-31f4aa9bb693"}
{"level":"info","ts":1785055952.2511482,"logger":"handler.decode","caller":"steps/decode.go:72","msg":"sending request","x-request-id":"c2d0cea0-dc0d-4821-9d09-31f4aa9bb693","path":"/v1/chat/completions","stream":true}
{"level":"info","ts":1785055952.3492267,"logger":"handler","caller":"pipeline/pipeline.go:82","msg":"pipeline step timings","x-request-id":"8bb1773b-dc32-45b3-bfba-c547558d48d5","parse":"39.834143ms","prefill":"7.779081367s","decode":"28.775522617s"}
{"level":"info","ts":1785055952.6987152,"logger":"handler.prefill","caller":"steps/prefill.go:126","msg":"complete","x-request-id":"2961651a-9788-4002-af72-da59d48b120c"}
{"level":"info","ts":1785055952.6987364,"logger":"handler.decode","caller":"steps/decode.go:72","msg":"sending request","x-request-id":"2961651a-9788-4002-af72-da59d48b120c","path":"/v1/chat/completions","stream":true}
{"level":"info","ts":1785055952.6988068,"logger":"handler.prefill","caller":"steps/prefill.go:126","msg":"complete","x-request-id":"f798b0fc-9ba6-4772-b85a-967b4c9d0002"}
{"level":"info","ts":1785055952.6988242,"logger":"handler.decode","caller":"steps/decode.go:72","msg":"sending request","x-request-id":"f798b0fc-9ba6-4772-b85a-967b4c9d0002","path":"/v1/chat/completions","stream":true}
{"level":"info","ts":1785055952.71824,"logger":"handler","caller":"pipeline/pipeline.go:82","msg":"pipeline step timings","x-request-id":"aa01de9b-1a99-4453-aba2-d05d7210fdbe","parse":"53.300268ms","prefill":"6.640281929s","decode":"30.426575689s"}
{"level":"info","ts":1785055952.8406873,"logger":"handler.prefill","caller":"steps/prefill.go:126","msg":"complete","x-request-id":"39a68521-902a-4405-9eaa-b8883638c908"}
{"level":"info","ts":1785055952.840707,"logger":"handler.decode","caller":"steps/decode.go:72","msg":"sending request","x-request-id":"39a68521-902a-4405-9eaa-b8883638c908","path":"/v1/chat/completions","stream":true}
{"level":"info","ts":1785055952.8466532,"logger":"handler.prefill","caller":"steps/prefill.go:126","msg":"complete","x-request-id":"9056a95a-9026-4afe-8524-39e538e43c92"}
{"level":"info","ts":1785055952.846673,"logger":"handler.decode","caller":"steps/decode.go:72","msg":"sending request","x-request-id":"9056a95a-9026-4afe-8524-39e538e43c92","path":"/v1/chat/completions","stream":true}
{"level":"info","ts":1785055952.9223268,"logger":"handler","caller":"pipeline/pipeline.go:82","msg":"pipeline step timings","x-request-id":"8e43f5a7-5c26-4998-9b4f-28e3a26297ed","parse":"47.868384ms","prefill":"8.071184194s","decode":"29.090294647s"}
{"level":"info","ts":1785055953.4600534,"logger":"handler.prefill","caller":"steps/prefill.go:126","msg":"complete","x-request-id":"766c2561-18e0-45ad-88ba-11ca82487c68"}
{"level":"info","ts":1785055953.4600744,"logger":"handler.decode","caller":"steps/decode.go:72","msg":"sending request","x-request-id":"766c2561-18e0-45ad-88ba-11ca82487c68","path":"/v1/chat/completions","stream":true}
{"level":"info","ts":1785055953.463133,"logger":"handler","caller":"pipeline/pipeline.go:82","msg":"pipeline step timings","x-request-id":"725f5ebc-1838-4501-b298-0a05344a31e3","parse":"40.129919ms","prefill":"7.809600845s","decode":"29.877660444s"}
{"level":"info","ts":1785055953.4664218,"logger":"handler.prefill","caller":"steps/prefill.go:126","msg":"complete","x-request-id":"4cc52741-6efd-4dc4-851a-753ea9dfb526"}
{"level":"info","ts":1785055953.46647,"logger":"handler.decode","caller":"steps/decode.go:72","msg":"sending request","x-request-id":"4cc52741-6efd-4dc4-851a-753ea9dfb526","path":"/v1/chat/completions","stream":true}
{"level":"info","ts":1785055953.6991606,"logger":"handler.prefill","caller":"steps/prefill.go:126","msg":"complete","x-request-id":"589e2ab1-8e79-4a8f-8194-fe936ee87e25"}
{"level":"info","ts":1785055953.6991913,"logger":"handler.decode","caller":"steps/decode.go:72","msg":"sending request","x-request-id":"589e2ab1-8e79-4a8f-8194-fe936ee87e25","path":"/v1/chat/completions","stream":true}
{"level":"info","ts":1785055953.69919,"logger":"handler.prefill","caller":"steps/prefill.go:126","msg":"complete","x-request-id":"e3f028b2-588e-412e-9661-dc159cc4fa97"}
{"level":"info","ts":1785055953.6992414,"logger":"handler.decode","caller":"steps/decode.go:72","msg":"sending request","x-request-id":"e3f028b2-588e-412e-9661-dc159cc4fa97","path":"/v1/chat/completions","stream":true}
{"level":"info","ts":1785055953.9071848,"logger":"handler","caller":"pipeline/pipeline.go:82","msg":"pipeline step timings","x-request-id":"af03d075-ff08-42fe-bccb-c366541d42c0","parse":"21.928021ms","prefill":"8.456742658s","decode":"29.400049467s"}
{"level":"info","ts":1785055954.0487604,"logger":"handler.prefill","caller":"steps/prefill.go:126","msg":"complete","x-request-id":"dda16071-7de1-4dc6-b428-84d76826bb1f"}
{"level":"info","ts":1785055954.0488002,"logger":"handler.decode","caller":"steps/decode.go:72","msg":"sending request","x-request-id":"dda16071-7de1-4dc6-b428-84d76826bb1f","path":"/v1/chat/completions","stream":true}
{"level":"info","ts":1785055954.0529346,"logger":"handler.prefill","caller":"steps/prefill.go:126","msg":"complete","x-request-id":"b07747f3-7532-4059-be8c-a25c5646f278"}
{"level":"info","ts":1785055954.0529828,"logger":"handler.decode","caller":"steps/decode.go:72","msg":"sending request","x-request-id":"b07747f3-7532-4059-be8c-a25c5646f278","path":"/v1/chat/completions","stream":true}
{"level":"info","ts":1785055954.0530977,"logger":"handler.prefill","caller":"steps/prefill.go:126","msg":"complete","x-request-id":"1dd4035e-80fb-45b4-9e5f-c65bf0414b35"}
{"level":"info","ts":1785055954.0531158,"logger":"handler.decode","caller":"steps/decode.go:72","msg":"sending request","x-request-id":"1dd4035e-80fb-45b4-9e5f-c65bf0414b35","path":"/v1/chat/completions","stream":true}
{"level":"info","ts":1785055954.666857,"logger":"handler.prefill","caller":"steps/prefill.go:126","msg":"complete","x-request-id":"901a88e8-71ef-450b-80b1-565ae0ae246f"}
{"level":"info","ts":1785055954.6669037,"logger":"handler.decode","caller":"steps/decode.go:72","msg":"sending request","x-request-id":"901a88e8-71ef-450b-80b1-565ae0ae246f","path":"/v1/chat/completions","stream":true}
{"level":"info","ts":1785055954.6745915,"logger":"handler.prefill","caller":"steps/prefill.go:126","msg":"complete","x-request-id":"cabd7401-a5ba-4c39-8389-19a6b8c692b5"}
{"level":"info","ts":1785055954.6746137,"logger":"handler.decode","caller":"steps/decode.go:72","msg":"sending request","x-request-id":"cabd7401-a5ba-4c39-8389-19a6b8c692b5","path":"/v1/chat/completions","stream":true}
{"level":"info","ts":1785055954.8863122,"logger":"handler.prefill","caller":"steps/prefill.go:126","msg":"complete","x-request-id":"2e0eefd4-338d-4566-9662-2c33b3127bb3"}
{"level":"info","ts":1785055954.886356,"logger":"handler.decode","caller":"steps/decode.go:72","msg":"sending request","x-request-id":"2e0eefd4-338d-4566-9662-2c33b3127bb3","path":"/v1/chat/completions","stream":true}
{"level":"info","ts":1785055955.2559938,"logger":"handler.prefill","caller":"steps/prefill.go:126","msg":"complete","x-request-id":"01503568-e5e9-4766-81c3-37c09d75c07d"}
{"level":"info","ts":1785055955.2560282,"logger":"handler.decode","caller":"steps/decode.go:72","msg":"sending request","x-request-id":"01503568-e5e9-4766-81c3-37c09d75c07d","path":"/v1/chat/completions","stream":true}
{"level":"info","ts":1785055955.496909,"logger":"handler.prefill","caller":"steps/prefill.go:126","msg":"complete","x-request-id":"c824db47-ca8b-4c82-856e-5fa0d9201d90"}
{"level":"info","ts":1785055955.4969523,"logger":"handler.decode","caller":"steps/decode.go:72","msg":"sending request","x-request-id":"c824db47-ca8b-4c82-856e-5fa0d9201d90","path":"/v1/chat/completions","stream":true}
{"level":"info","ts":1785055955.855973,"logger":"handler.prefill","caller":"steps/prefill.go:126","msg":"complete","x-request-id":"cd15d19a-78cb-40bc-a90c-1bae83338db3"}
{"level":"info","ts":1785055955.8560154,"logger":"handler.decode","caller":"steps/decode.go:72","msg":"sending request","x-request-id":"cd15d19a-78cb-40bc-a90c-1bae83338db3","path":"/v1/chat/completions","stream":true}
{"level":"info","ts":1785055955.8787074,"logger":"handler.prefill","caller":"steps/prefill.go:126","msg":"complete","x-request-id":"ebb4ef82-1012-4ad9-8ad8-c8ede6bba3ec"}
{"level":"info","ts":1785055955.878734,"logger":"handler.decode","caller":"steps/decode.go:72","msg":"sending request","x-request-id":"ebb4ef82-1012-4ad9-8ad8-c8ede6bba3ec","path":"/v1/chat/completions","stream":true}
{"level":"info","ts":1785055956.0655353,"logger":"handler.prefill","caller":"steps/prefill.go:126","msg":"complete","x-request-id":"7411f0b6-a04c-4d13-901a-8493f1952b0a"}
{"level":"info","ts":1785055956.065558,"logger":"handler.prefill","caller":"steps/prefill.go:126","msg":"complete","x-request-id":"3eecc0a7-1ccf-47ef-aa5a-1814cf4bd1e3"}
{"level":"info","ts":1785055956.0655982,"logger":"handler.decode","caller":"steps/decode.go:72","msg":"sending request","x-request-id":"3eecc0a7-1ccf-47ef-aa5a-1814cf4bd1e3","path":"/v1/chat/completions","stream":true}
{"level":"info","ts":1785055956.065575,"logger":"handler.decode","caller":"steps/decode.go:72","msg":"sending request","x-request-id":"7411f0b6-a04c-4d13-901a-8493f1952b0a","path":"/v1/chat/completions","stream":true}
{"level":"info","ts":1785055956.4167924,"logger":"handler.prefill","caller":"steps/prefill.go:126","msg":"complete","x-request-id":"60cd3bbb-2bc6-4032-91bb-0e26d3d24868"}
{"level":"info","ts":1785055956.4168267,"logger":"handler.decode","caller":"steps/decode.go:72","msg":"sending request","x-request-id":"60cd3bbb-2bc6-4032-91bb-0e26d3d24868","path":"/v1/chat/completions","stream":true}
{"level":"info","ts":1785055956.489766,"logger":"handler.prefill","caller":"steps/prefill.go:126","msg":"complete","x-request-id":"16427287-8c8e-4453-ae6c-2a149032fec8"}
{"level":"info","ts":1785055956.4897902,"logger":"handler.decode","caller":"steps/decode.go:72","msg":"sending request","x-request-id":"16427287-8c8e-4453-ae6c-2a149032fec8","path":"/v1/chat/completions","stream":true}
{"level":"info","ts":1785055956.675395,"logger":"handler.prefill","caller":"steps/prefill.go:126","msg":"complete","x-request-id":"630378e9-5977-4ab7-80d0-236100052c62"}
{"level":"info","ts":1785055956.6754177,"logger":"handler.decode","caller":"steps/decode.go:72","msg":"sending request","x-request-id":"630378e9-5977-4ab7-80d0-236100052c62","path":"/v1/chat/completions","stream":true}
{"level":"info","ts":1785055957.0159993,"logger":"handler.prefill","caller":"steps/prefill.go:126","msg":"complete","x-request-id":"46900bc5-d84a-421b-baa9-fe34974727e1"}
{"level":"info","ts":1785055957.0160425,"logger":"handler.decode","caller":"steps/decode.go:72","msg":"sending request","x-request-id":"46900bc5-d84a-421b-baa9-fe34974727e1","path":"/v1/chat/completions","stream":true}
{"level":"info","ts":1785055957.106123,"logger":"handler.prefill","caller":"steps/prefill.go:126","msg":"complete","x-request-id":"ae8116b2-2a34-4a5a-8e27-a4829db10621"}
{"level":"info","ts":1785055957.106168,"logger":"handler.decode","caller":"steps/decode.go:72","msg":"sending request","x-request-id":"ae8116b2-2a34-4a5a-8e27-a4829db10621","path":"/v1/chat/completions","stream":true}
{"level":"info","ts":1785055957.2344463,"logger":"handler.prefill","caller":"steps/prefill.go:126","msg":"complete","x-request-id":"1755fe95-db6f-47b2-82ef-5f8ed199c420"}
{"level":"info","ts":1785055957.2344935,"logger":"handler.decode","caller":"steps/decode.go:72","msg":"sending request","x-request-id":"1755fe95-db6f-47b2-82ef-5f8ed199c420","path":"/v1/chat/completions","stream":true}
{"level":"info","ts":1785055957.2364905,"logger":"handler.prefill","caller":"steps/prefill.go:126","msg":"complete","x-request-id":"26764464-d648-4b04-9aaf-47f40e1d3dcd"}
{"level":"info","ts":1785055957.2365446,"logger":"handler.decode","caller":"steps/decode.go:72","msg":"sending request","x-request-id":"26764464-d648-4b04-9aaf-47f40e1d3dcd","path":"/v1/chat/completions","stream":true}
{"level":"info","ts":1785055957.7063274,"logger":"handler.prefill","caller":"steps/prefill.go:126","msg":"complete","x-request-id":"44019cee-5580-495d-b829-84c3bab6ecec"}
{"level":"info","ts":1785055957.7063699,"logger":"handler.decode","caller":"steps/decode.go:72","msg":"sending request","x-request-id":"44019cee-5580-495d-b829-84c3bab6ecec","path":"/v1/chat/completions","stream":true}
{"level":"info","ts":1785055957.7063274,"logger":"handler.prefill","caller":"steps/prefill.go:126","msg":"complete","x-request-id":"35b98fab-26af-4e51-b3da-e9ce3921e5ff"}
{"level":"info","ts":1785055957.7064285,"logger":"handler.decode","caller":"steps/decode.go:72","msg":"sending request","x-request-id":"35b98fab-26af-4e51-b3da-e9ce3921e5ff","path":"/v1/chat/completions","stream":true}
{"level":"info","ts":1785055958.2838666,"logger":"handler.prefill","caller":"steps/prefill.go:126","msg":"complete","x-request-id":"57c4ef50-5fdd-4f8f-9070-8a991e1a26cc"}
{"level":"info","ts":1785055958.2839074,"logger":"handler.decode","caller":"steps/decode.go:72","msg":"sending request","x-request-id":"57c4ef50-5fdd-4f8f-9070-8a991e1a26cc","path":"/v1/chat/completions","stream":true}
{"level":"info","ts":1785055958.4385521,"logger":"handler.prefill","caller":"steps/prefill.go:126","msg":"complete","x-request-id":"0be3a80c-b3e1-4ad3-8c49-b42f53e8f2c3"}
{"level":"info","ts":1785055958.4386272,"logger":"handler.decode","caller":"steps/decode.go:72","msg":"sending request","x-request-id":"0be3a80c-b3e1-4ad3-8c49-b42f53e8f2c3","path":"/v1/chat/completions","stream":true}
{"level":"info","ts":1785055958.8947282,"logger":"handler.prefill","caller":"steps/prefill.go:126","msg":"complete","x-request-id":"1b4b79ae-663d-4e5f-aca2-19bc5ba6b306"}
{"level":"info","ts":1785055958.8947744,"logger":"handler.decode","caller":"steps/decode.go:72","msg":"sending request","x-request-id":"1b4b79ae-663d-4e5f-aca2-19bc5ba6b306","path":"/v1/chat/completions","stream":true}
{"level":"info","ts":1785055959.018482,"logger":"handler.prefill","caller":"steps/prefill.go:126","msg":"complete","x-request-id":"52d99805-78b0-4b5e-9a90-745343ef99d8"}
{"level":"info","ts":1785055959.018522,"logger":"handler.decode","caller":"steps/decode.go:72","msg":"sending request","x-request-id":"52d99805-78b0-4b5e-9a90-745343ef99d8","path":"/v1/chat/completions","stream":true}
{"level":"info","ts":1785055959.4927485,"logger":"handler.prefill","caller":"steps/prefill.go:126","msg":"complete","x-request-id":"4aa20997-3a58-476d-babd-578e21356168"}
{"level":"info","ts":1785055959.4927917,"logger":"handler.decode","caller":"steps/decode.go:72","msg":"sending request","x-request-id":"4aa20997-3a58-476d-babd-578e21356168","path":"/v1/chat/completions","stream":true}
{"level":"info","ts":1785055959.615556,"logger":"handler.prefill","caller":"steps/prefill.go:126","msg":"complete","x-request-id":"ca9d25b6-11af-46c2-80de-1641047b5c17"}
{"level":"info","ts":1785055959.6156156,"logger":"handler.decode","caller":"steps/decode.go:72","msg":"sending request","x-request-id":"ca9d25b6-11af-46c2-80de-1641047b5c17","path":"/v1/chat/completions","stream":true}
{"level":"info","ts":1785055960.0125444,"logger":"handler.prefill","caller":"steps/prefill.go:126","msg":"complete","x-request-id":"4bbddb9d-2757-4159-8b91-982a6af7b725"}
{"level":"info","ts":1785055960.0125813,"logger":"handler.decode","caller":"steps/decode.go:72","msg":"sending request","x-request-id":"4bbddb9d-2757-4159-8b91-982a6af7b725","path":"/v1/chat/completions","stream":true}
{"level":"info","ts":1785055960.0855255,"logger":"handler.prefill","caller":"steps/prefill.go:126","msg":"complete","x-request-id":"469b7efb-de2c-4988-a96c-1c66c318978b"}
{"level":"info","ts":1785055960.0855713,"logger":"handler.decode","caller":"steps/decode.go:72","msg":"sending request","x-request-id":"469b7efb-de2c-4988-a96c-1c66c318978b","path":"/v1/chat/completions","stream":true}
{"level":"info","ts":1785055960.7486048,"logger":"handler.prefill","caller":"steps/prefill.go:126","msg":"complete","x-request-id":"c98cd543-6225-9389-bd42-1e9b1fac4472"}
{"level":"info","ts":1785055960.7486517,"logger":"handler.decode","caller":"steps/decode.go:72","msg":"sending request","x-request-id":"c98cd543-6225-9389-bd42-1e9b1fac4472","path":"/v1/chat/completions","stream":true}
{"level":"info","ts":1785055966.890342,"logger":"handler","caller":"pipeline/pipeline.go:82","msg":"pipeline step timings","x-request-id":"c301f751-e7a3-4ef4-985e-c546d6b29e78","parse":"8.647375ms","prefill":"6.311263934s","decode":"44.576299237s"}
{"level":"info","ts":1785055968.3869312,"logger":"handler","caller":"pipeline/pipeline.go:82","msg":"pipeline step timings","x-request-id":"08a02583-0757-4895-9e32-ead81c1b60e2","parse":"29.149883ms","prefill":"9.087387793s","decode":"43.20074825s"}
{"level":"info","ts":1785055969.2253568,"logger":"handler","caller":"pipeline/pipeline.go:82","msg":"pipeline step timings","x-request-id":"d97f70fa-74ed-4573-9a2c-563149f8ec38","parse":"25.212792ms","prefill":"9.397118755s","decode":"43.841811848s"}
{"level":"info","ts":1785055969.2821465,"logger":"handler","caller":"pipeline/pipeline.go:82","msg":"pipeline step timings","x-request-id":"2c873390-2f24-4f76-a26a-409b35066a20","parse":"48.477617ms","prefill":"6.478086633s","decode":"47.07323245s"}
{"level":"info","ts":1785055969.9756565,"logger":"handler","caller":"pipeline/pipeline.go:82","msg":"pipeline step timings","x-request-id":"519d559f-23b0-4a31-8d85-4fa0075c80ec","parse":"21.522297ms","prefill":"9.926237832s","decode":"43.857809502s"}
{"level":"info","ts":1785055970.0681615,"logger":"handler","caller":"pipeline/pipeline.go:82","msg":"pipeline step timings","x-request-id":"f1c5b2ca-dbdd-4222-9b51-8bd1783d5a00","parse":"18.291817ms","prefill":"9.952865316s","decode":"43.905303256s"}
{"level":"info","ts":1785055970.597054,"logger":"handler","caller":"pipeline/pipeline.go:82","msg":"pipeline step timings","x-request-id":"06f8322d-412b-48b9-aa6c-7b107bad6179","parse":"34.32068ms","prefill":"9.526043897s","decode":"45.070223181s"}
{"level":"info","ts":1785055971.7937336,"logger":"handler","caller":"pipeline/pipeline.go:82","msg":"pipeline step timings","x-request-id":"b47e9276-eb42-46c5-9d9d-e040e7233d05","parse":"13.738642ms","prefill":"9.53317129s","decode":"46.195565805s"}
{"level":"info","ts":1785055972.603796,"logger":"handler","caller":"pipeline/pipeline.go:82","msg":"pipeline step timings","x-request-id":"a9de2f06-2b69-4fc4-b8bd-eb5f4a8b5c06","parse":"27.607852ms","prefill":"8.554616921s","decode":"48.027599518s"}
{"level":"info","ts":1785055973.1401746,"logger":"handler","caller":"pipeline/pipeline.go:82","msg":"pipeline step timings","x-request-id":"cf04b251-6d14-4be0-b21a-5e2fa98b15c9","parse":"43.941903ms","prefill":"8.446928368s","decode":"48.802109697s"}
{"level":"info","ts":1785055975.2394807,"logger":"handler","caller":"pipeline/pipeline.go:82","msg":"pipeline step timings","x-request-id":"6d7f6c35-f8c4-4177-8a6c-5189758b01aa","parse":"31.274567ms","prefill":"9.137914855s","decode":"50.16622116s"}
{"level":"info","ts":1785055975.2721527,"logger":"handler","caller":"pipeline/pipeline.go:82","msg":"pipeline step timings","x-request-id":"6b195ed9-e266-4fc7-8fff-7a7346b62a45","parse":"42.591189ms","prefill":"8.558410204s","decode":"50.886680756s"}
{"level":"info","ts":1785055975.909596,"logger":"handler","caller":"pipeline/pipeline.go:82","msg":"pipeline step timings","x-request-id":"5e23c324-82be-4838-9459-0c90b6f45055","parse":"48.489237ms","prefill":"9.086109189s","decode":"50.961506656s"}
{"level":"info","ts":1785055975.995608,"logger":"handler","caller":"pipeline/pipeline.go:82","msg":"pipeline step timings","x-request-id":"3b8970de-fcda-4395-bbe3-b96758b4993a","parse":"54.686851ms","prefill":"10.867158081s","decode":"49.2739051s"}
{"level":"info","ts":1785055976.5171363,"logger":"handler","caller":"pipeline/pipeline.go:82","msg":"pipeline step timings","x-request-id":"ec286c2e-ab8c-4276-a9c8-b7290074a4bc","parse":"26.322819ms","prefill":"10.252063636s","decode":"50.141254589s"}
{"level":"info","ts":1785055978.1116607,"logger":"handler","caller":"pipeline/pipeline.go:82","msg":"pipeline step timings","x-request-id":"f73acfbe-e244-4d18-956e-55a5f3450386","parse":"49.138479ms","prefill":"11.353808388s","decode":"50.936743173s"}
{"level":"info","ts":1785055978.8986728,"logger":"handler","caller":"pipeline/pipeline.go:82","msg":"pipeline step timings","x-request-id":"ac88d302-87ce-493a-910b-128e9c8c5a57","parse":"48.729694ms","prefill":"10.453077196s","decode":"52.522880924s"}
{"level":"info","ts":1785055978.9940517,"logger":"handler","caller":"pipeline/pipeline.go:82","msg":"pipeline step timings","x-request-id":"5c9bf331-8b10-48ae-80d3-0dff3527b58c","parse":"40.907339ms","prefill":"10.596582621s","decode":"52.44858979s"}
{"level":"info","ts":1785055979.2511795,"logger":"handler","caller":"pipeline/pipeline.go:82","msg":"pipeline step timings","x-request-id":"efb75546-a185-45f7-9d6d-9eca7d283c36","parse":"34.449389ms","prefill":"11.105482705s","decode":"51.898365808s"}
{"level":"info","ts":1785055979.4374313,"logger":"handler","caller":"pipeline/pipeline.go:82","msg":"pipeline step timings","x-request-id":"fd0cfa65-04b2-4352-8efd-9f3e30e40f8b","parse":"27.610482ms","prefill":"12.448401267s","decode":"50.692174754s"}
{"level":"info","ts":1785055980.1166046,"logger":"handler","caller":"pipeline/pipeline.go:82","msg":"pipeline step timings","x-request-id":"75adc8aa-0808-47ef-926d-16af8be525a9","parse":"59.287575ms","prefill":"11.374335007s","decode":"52.763867435s"}
{"level":"info","ts":1785055980.3145957,"logger":"handler","caller":"pipeline/pipeline.go:82","msg":"pipeline step timings","x-request-id":"507cc8a9-0416-468d-87a0-713a2fbda4a1","parse":"10.67883ms","prefill":"12.395482195s","decode":"51.370491942s"}
{"level":"info","ts":1785055980.477439,"logger":"handler","caller":"pipeline/pipeline.go:82","msg":"pipeline step timings","x-request-id":"b0d5a1d6-bb9f-4836-986f-9f2e0b5b8f61","parse":"13.239228ms","prefill":"11.710877661s","decode":"52.288051307s"}
{"level":"info","ts":1785055980.812143,"logger":"handler","caller":"pipeline/pipeline.go:82","msg":"pipeline step timings","x-request-id":"f342e492-fe64-4de1-8bc9-f3ed8d23e8d6","parse":"14.142347ms","prefill":"12.538455636s","decode":"51.746629938s"}
{"level":"info","ts":1785055991.3967667,"logger":"handler","caller":"pipeline/pipeline.go:82","msg":"pipeline step timings","x-request-id":"ee344a58-2540-47c1-8999-6768f8dc280a","parse":"12.996821ms","prefill":"11.394000167s","decode":"1m3.654453457s"}
{"level":"info","ts":1785055993.068755,"logger":"handler","caller":"pipeline/pipeline.go:82","msg":"pipeline step timings","x-request-id":"5afd29f5-93be-4259-86bd-a472a2d97275","parse":"43.694495ms","prefill":"11.692433506s","decode":"1m5.326509281s"}
{"level":"info","ts":1785055993.8619757,"logger":"handler","caller":"pipeline/pipeline.go:82","msg":"pipeline step timings","x-request-id":"946c682e-7310-40ae-9c12-6f52eb5fe345","parse":"19.218375ms","prefill":"9.56504617s","decode":"1m8.263913556s"}
{"level":"info","ts":1785055993.9217818,"logger":"handler","caller":"pipeline/pipeline.go:82","msg":"pipeline step timings","x-request-id":"06de499c-9043-440b-bfd2-6a6d2b910777","parse":"35.299828ms","prefill":"9.529509734s","decode":"1m8.323570162s"}
{"level":"info","ts":1785055994.5185273,"logger":"handler","caller":"pipeline/pipeline.go:82","msg":"pipeline step timings","x-request-id":"0700d9f1-06d1-4570-ac88-569ef3c7fe85","parse":"10.464462ms","prefill":"11.452521731s","decode":"1m6.649939473s"}
{"level":"info","ts":1785055994.6726668,"logger":"handler","caller":"pipeline/pipeline.go:82","msg":"pipeline step timings","x-request-id":"143e102f-6701-41b2-9057-77aef932db3d","parse":"22.285677ms","prefill":"11.613793737s","decode":"1m6.80402982s"}
{"level":"info","ts":1785055995.2458112,"logger":"handler","caller":"pipeline/pipeline.go:82","msg":"pipeline step timings","x-request-id":"1b10c702-e0cc-4516-bbfc-9450bfa468d4","parse":"19.316993ms","prefill":"12.691438964s","decode":"1m6.16865595s"}
{"level":"info","ts":1785055996.5634592,"logger":"handler","caller":"pipeline/pipeline.go:82","msg":"pipeline step timings","x-request-id":"79468626-6310-4271-bad0-c5dd9a8432ee","parse":"45.418544ms","prefill":"12.99511326s","decode":"1m7.497705662s"}
{"level":"info","ts":1785055999.1436684,"logger":"handler","caller":"pipeline/pipeline.go:82","msg":"pipeline step timings","x-request-id":"8a352732-ccb0-4b30-b124-1c7885fadf35","parse":"19.263145ms","prefill":"11.667644509s","decode":"1m10.954424028s"}
{"level":"info","ts":1785055999.7750764,"logger":"handler","caller":"pipeline/pipeline.go:82","msg":"pipeline step timings","x-request-id":"f73cfa77-9dae-40a2-86d7-1f29193cce96","parse":"26.96629ms","prefill":"12.66406441s","decode":"1m10.69918554s"}
{"level":"info","ts":1785056001.2980564,"logger":"handler","caller":"pipeline/pipeline.go:82","msg":"pipeline step timings","x-request-id":"923e6c60-ace4-40c2-a51f-a5f8f826f6ad","parse":"23.806989ms","prefill":"14.272549653s","decode":"1m10.713755802s"}
{"level":"info","ts":1785056002.0484533,"logger":"handler","caller":"pipeline/pipeline.go:82","msg":"pipeline step timings","x-request-id":"5dd36fcd-fbbe-4983-b5aa-067f353837dc","parse":"19.370833ms","prefill":"14.165287645s","decode":"1m11.208106264s"}
{"level":"info","ts":1785056002.185547,"logger":"handler","caller":"pipeline/pipeline.go:82","msg":"pipeline step timings","x-request-id":"03973a00-7ef3-4a47-a0a2-fe6e309a0091","parse":"47.304661ms","prefill":"14.665316088s","decode":"1m11.345204723s"}
{"level":"info","ts":1785056002.5248468,"logger":"handler","caller":"pipeline/pipeline.go:82","msg":"pipeline step timings","x-request-id":"fec2fe49-a2aa-455e-962f-5fe0bc075a98","parse":"53.332667ms","prefill":"14.565136474s","decode":"1m11.940602621s"}
{"level":"info","ts":1785056003.7515361,"logger":"handler","caller":"pipeline/pipeline.go:82","msg":"pipeline step timings","x-request-id":"de8bc5fe-1701-46b2-9b39-a64ee45335f4","parse":"10.759098ms","prefill":"14.205618311s","decode":"1m12.911119107s"}
{"level":"info","ts":1785056004.3136272,"logger":"handler","caller":"pipeline/pipeline.go:82","msg":"pipeline step timings","x-request-id":"524433e4-5404-49fd-a917-11a9cf5f868d","parse":"46.646329ms","prefill":"16.057446948s","decode":"1m11.970739357s"}
{"level":"info","ts":1785056005.3606658,"logger":"handler","caller":"pipeline/pipeline.go:82","msg":"pipeline step timings","x-request-id":"5ad3f41f-0986-97d0-9eea-8f314c59c9fb","parse":"13.825431ms","prefill":"15.734099024s","decode":"1m12.814194261s"}
{"level":"info","ts":1785056006.2854629,"logger":"handler","caller":"pipeline/pipeline.go:82","msg":"pipeline step timings","x-request-id":"855569c8-03a3-4002-afb8-df4aa6e9d151","parse":"24.169664ms","prefill":"15.436259137s","decode":"1m13.739046817s"}
{"level":"info","ts":1785056006.411608,"logger":"handler","caller":"pipeline/pipeline.go:82","msg":"pipeline step timings","x-request-id":"06d3822d-755e-4413-bbb8-32ebd33168be","parse":"9.467364ms","prefill":"14.392634823s","decode":"1m15.278218685s"}
{"level":"info","ts":1785056006.517839,"logger":"handler","caller":"pipeline/pipeline.go:82","msg":"pipeline step timings","x-request-id":"ac4069b3-0025-4e96-a2f9-6050795b21bf","parse":"26.238909ms","prefill":"14.502851575s","decode":"1m15.384470713s"}
{"level":"info","ts":1785056006.6610847,"logger":"handler","caller":"pipeline/pipeline.go:82","msg":"pipeline step timings","x-request-id":"fed2de8b-fb80-4b5e-b52c-f33a071f5369","parse":"17.292198ms","prefill":"15.766238531s","decode":"1m14.114684477s"}
{"level":"info","ts":1785056006.9446177,"logger":"handler","caller":"pipeline/pipeline.go:82","msg":"pipeline step timings","x-request-id":"fe0d7927-c800-431d-be84-2f468abd8b59","parse":"64.479792ms","prefill":"14.998291245s","decode":"1m15.810298696s"}
{"level":"info","ts":1785056007.7524762,"logger":"handler","caller":"pipeline/pipeline.go:82","msg":"pipeline step timings","x-request-id":"17c6b418-a139-4ef9-b380-68bd8d5df7ab","parse":"24.339922ms","prefill":"15.047538952s","decode":"1m16.034432817s"}
{"level":"info","ts":1785056008.3977463,"logger":"handler","caller":"pipeline/pipeline.go:82","msg":"pipeline step timings","x-request-id":"c015a7d9-2dd7-48fe-b1b9-fe2f54c36c22","parse":"22.874461ms","prefill":"14.917687241s","decode":"1m16.679842674s"}
{"level":"info","ts":1785056016.6231983,"logger":"handler","caller":"pipeline/pipeline.go:82","msg":"pipeline step timings","x-request-id":"b6918e6a-f989-45e0-af10-27451ebd800f","parse":"40.586093ms","prefill":"12.252002241s","decode":"1m28.433902356s"}
{"level":"info","ts":1785056018.3030012,"logger":"handler","caller":"pipeline/pipeline.go:82","msg":"pipeline step timings","x-request-id":"bc5634f1-1a16-4183-9da9-15c73cc55cd9","parse":"19.797778ms","prefill":"11.856875474s","decode":"1m29.94538139s"}
{"level":"info","ts":1785056018.67865,"logger":"handler","caller":"pipeline/pipeline.go:82","msg":"pipeline step timings","x-request-id":"149845cb-9e13-452d-a1eb-3c78088ee1b0","parse":"19.101147ms","prefill":"12.790263836s","decode":"1m29.377292765s"}
{"level":"info","ts":1785056018.7349572,"logger":"handler","caller":"pipeline/pipeline.go:82","msg":"pipeline step timings","x-request-id":"bbc67666-89df-4204-b822-0b35cd243ca8","parse":"24.390742ms","prefill":"12.981601395s","decode":"1m29.433610828s"}
{"level":"info","ts":1785056019.9559472,"logger":"handler","caller":"pipeline/pipeline.go:82","msg":"pipeline step timings","x-request-id":"a6a662a3-96cf-4a56-90a1-7734c6384dbb","parse":"22.770511ms","prefill":"12.173094896s","decode":"1m31.498323592s"}
{"level":"info","ts":1785056020.0083838,"logger":"handler","caller":"pipeline/pipeline.go:82","msg":"pipeline step timings","x-request-id":"9de550a1-8052-4bee-ab79-fdcb73c2c0ac","parse":"63.199547ms","prefill":"13.401604347s","decode":"1m30.43320228s"}
{"level":"info","ts":1785056020.152109,"logger":"handler","caller":"pipeline/pipeline.go:82","msg":"pipeline step timings","x-request-id":"8a9f6c9c-45e3-42fb-8d2d-8dd8d5a7904a","parse":"58.465875ms","prefill":"12.323247519s","decode":"1m31.79446645s"}
{"level":"info","ts":1785056021.3510022,"logger":"handler","caller":"pipeline/pipeline.go:82","msg":"pipeline step timings","x-request-id":"17ce4dd4-d4c7-417e-af38-f0c4c60b5543","parse":"29.332641ms","prefill":"13.470603112s","decode":"1m31.672383866s"}
{"level":"info","ts":1785056026.0204768,"logger":"handler","caller":"pipeline/pipeline.go:82","msg":"pipeline step timings","x-request-id":"9a3beb4c-3083-46c4-ad81-e462776d8da8","parse":"43.529798ms","prefill":"16.316495599s","decode":"1m33.474138296s"}
{"level":"info","ts":1785056028.2603917,"logger":"handler","caller":"pipeline/pipeline.go:82","msg":"pipeline step timings","x-request-id":"27990412-2dee-4233-9430-48949331d718","parse":"49.234968ms","prefill":"16.528077081s","decode":"1m35.381630043s"}
{"level":"info","ts":1785056028.8327806,"logger":"handler","caller":"pipeline/pipeline.go:82","msg":"pipeline step timings","x-request-id":"4a834d73-b0ec-40a4-9191-d3eccfe832f3","parse":"17.540306ms","prefill":"16.34335127s","decode":"1m35.87076045s"}
{"level":"info","ts":1785056028.9280329,"logger":"handler","caller":"pipeline/pipeline.go:82","msg":"pipeline step timings","x-request-id":"000922f9-3fe3-4caa-8ee4-f974957b43b9","parse":"51.004976ms","prefill":"16.640640263s","decode":"1m35.966010086s"}
{"level":"info","ts":1785056028.9494252,"logger":"handler","caller":"pipeline/pipeline.go:82","msg":"pipeline step timings","x-request-id":"727012d2-4449-4f01-8e4e-912473bdae20","parse":"50.860878ms","prefill":"18.633517164s","decode":"1m33.906806274s"}
{"level":"info","ts":1785056030.8513813,"logger":"handler","caller":"pipeline/pipeline.go:82","msg":"pipeline step timings","x-request-id":"41900c8c-0256-4547-8e7b-22111eb0dd46","parse":"27.612772ms","prefill":"20.490429959s","decode":"1m33.281742182s"}
{"level":"info","ts":1785056031.6036355,"logger":"handler","caller":"pipeline/pipeline.go:82","msg":"pipeline step timings","x-request-id":"6b830674-5737-4db4-9ad2-e2a2599a8dd5","parse":"46.62925ms","prefill":"18.778135435s","decode":"1m36.363540552s"}
{"level":"info","ts":1785056031.9406824,"logger":"handler","caller":"pipeline/pipeline.go:82","msg":"pipeline step timings","x-request-id":"6918f7ec-7c09-4caa-b1fc-f49782b7d4ae","parse":"30.153072ms","prefill":"20.463604037s","decode":"1m34.371022098s"}
{"level":"info","ts":1785056032.8306072,"logger":"handler","caller":"pipeline/pipeline.go:82","msg":"pipeline step timings","x-request-id":"a763f010-1cfd-4589-8bc3-4f2bf1f316bc","parse":"56.179103ms","prefill":"18.965410865s","decode":"1m37.467597303s"}
{"level":"info","ts":1785056033.0058475,"logger":"handler","caller":"pipeline/pipeline.go:82","msg":"pipeline step timings","x-request-id":"d2ce3582-284d-4476-91ee-303cbeb93374","parse":"14.495823ms","prefill":"20.439608951s","decode":"1m35.29487191s"}
{"level":"info","ts":1785056033.5433264,"logger":"handler","caller":"pipeline/pipeline.go:82","msg":"pipeline step timings","x-request-id":"64f817db-2712-4426-930d-b8bde9bc1591","parse":"58.773711ms","prefill":"20.881443845s","decode":"1m35.819869987s"}
{"level":"info","ts":1785056035.4700813,"logger":"handler","caller":"pipeline/pipeline.go:82","msg":"pipeline step timings","x-request-id":"d1af69fc-201c-4ac4-9ac1-6cda84000efe","parse":"29.873394ms","prefill":"18.589452463s","decode":"1m39.655215749s"}
{"level":"info","ts":1785056035.7621536,"logger":"handler","caller":"pipeline/pipeline.go:82","msg":"pipeline step timings","x-request-id":"3dbc476f-4e1a-48f6-bf02-fdf9ff3a536c","parse":"18.097318ms","prefill":"18.568992054s","decode":"1m39.89519559s"}
{"level":"info","ts":1785056036.1945956,"logger":"handler","caller":"pipeline/pipeline.go:82","msg":"pipeline step timings","x-request-id":"10a4bafa-c026-4282-867c-a72e74a2ec39","parse":"55.060776ms","prefill":"19.064114627s","decode":"1m40.379649787s"}
{"level":"info","ts":1785056036.8819873,"logger":"handler","caller":"pipeline/pipeline.go:82","msg":"pipeline step timings","x-request-id":"814eb6bd-8f92-4af9-a3e6-c8397c0d05e6","parse":"52.33695ms","prefill":"19.381755251s","decode":"1m41.015072113s"}
{"level":"info","ts":1785056037.533074,"logger":"handler","caller":"pipeline/pipeline.go:82","msg":"pipeline step timings","x-request-id":"b2fb1092-0976-4dfb-9a71-0e5a18d42938","parse":"45.345485ms","prefill":"19.230124366s","decode":"1m41.577594767s"}
{"level":"info","ts":1785056041.9920278,"logger":"handler","caller":"pipeline/pipeline.go:82","msg":"pipeline step timings","x-request-id":"4fc6dead-8b06-4b9a-a304-1badac9b9966","parse":"56.225142ms","prefill":"15.484960091s","decode":"1m50.251254003s"}
{"level":"info","ts":1785056043.0905972,"logger":"handler","caller":"pipeline/pipeline.go:82","msg":"pipeline step timings","x-request-id":"a99fd8b0-2b55-4ccd-b800-f46bc5851f4a","parse":"19.322303ms","prefill":"13.145805256s","decode":"1m53.320816678s"}
{"level":"info","ts":1785056043.3149383,"logger":"handler","caller":"pipeline/pipeline.go:82","msg":"pipeline step timings","x-request-id":"699ed700-e924-4624-9533-7af27d02025e","parse":"12.930372ms","prefill":"13.314152136s","decode":"1m53.418873353s"}
{"level":"info","ts":1785056043.6228333,"logger":"handler","caller":"pipeline/pipeline.go:82","msg":"pipeline step timings","x-request-id":"2545e3e3-81dd-4d26-af4c-90def8b57ca8","parse":"50.917767ms","prefill":"15.850119765s","decode":"1m51.579562175s"}
{"level":"info","ts":1785056044.5921922,"logger":"handler","caller":"pipeline/pipeline.go:82","msg":"pipeline step timings","x-request-id":"619dce79-0d8f-44b6-be71-673142f753bf","parse":"48.424587ms","prefill":"13.717762219s","decode":"1m54.696258601s"}
{"level":"info","ts":1785056045.3222036,"logger":"handler","caller":"pipeline/pipeline.go:82","msg":"pipeline step timings","x-request-id":"7efdb90b-563e-4038-bf1c-59448016b56c","parse":"26.556485ms","prefill":"15.702617388s","decode":"1m53.042427785s"}
{"level":"info","ts":1785056045.473942,"logger":"handler","caller":"pipeline/pipeline.go:82","msg":"pipeline step timings","x-request-id":"e2996beb-9c18-467b-8283-fb5063234733","parse":"22.704942ms","prefill":"16.618255408s","decode":"1m51.999878178s"}
{"level":"info","ts":1785056046.0007808,"logger":"handler","caller":"pipeline/pipeline.go:82","msg":"pipeline step timings","x-request-id":"885e9d59-cf4b-4643-ab39-991ee8b625ba","parse":"8.920501ms","prefill":"16.639151162s","decode":"1m52.470421577s"}
{"level":"info","ts":1785056052.9060926,"logger":"handler","caller":"pipeline/pipeline.go:82","msg":"pipeline step timings","x-request-id":"71c5c0aa-f2b7-42e0-a1d8-3bd5e708bf31","parse":"46.345223ms","prefill":"21.030548191s","decode":"1m55.195047871s"}
{"level":"info","ts":1785056055.07694,"logger":"handler","caller":"pipeline/pipeline.go:82","msg":"pipeline step timings","x-request-id":"da20f265-f798-43bd-9471-6b44518bc356","parse":"28.143606ms","prefill":"20.56718009s","decode":"1m57.135194388s"}
{"level":"info","ts":1785056055.6761432,"logger":"handler","caller":"pipeline/pipeline.go:82","msg":"pipeline step timings","x-request-id":"9682f59c-f6ee-49c7-9ad8-a3323cf05179","parse":"8.428257ms","prefill":"20.592452391s","decode":"1m57.734396217s"}
{"level":"info","ts":1785056055.842862,"logger":"handler","caller":"pipeline/pipeline.go:82","msg":"pipeline step timings","x-request-id":"6965fee7-7d7b-40a0-87e9-9c81e494dcfd","parse":"40.342456ms","prefill":"20.838795708s","decode":"1m57.734990944s"}
{"level":"info","ts":1785056056.633958,"logger":"handler","caller":"pipeline/pipeline.go:82","msg":"pipeline step timings","x-request-id":"90576f1d-5c40-4070-b831-858d5dde4eb7","parse":"51.762537ms","prefill":"19.628010279s","decode":"2m0.248160654s"}
{"level":"info","ts":1785056058.0406394,"logger":"handler","caller":"pipeline/pipeline.go:82","msg":"pipeline step timings","x-request-id":"9f5ac4dc-22ad-44de-b548-06c1fe7696eb","parse":"52.640336ms","prefill":"21.201117325s","decode":"1m59.9326631s"}
{"level":"info","ts":1785056059.0917778,"logger":"handler","caller":"pipeline/pipeline.go:82","msg":"pipeline step timings","x-request-id":"70a7a68f-38ce-4c89-a09d-d9142e521817","parse":"73.506341ms","prefill":"25.38283167s","decode":"1m56.897201102s"}
{"level":"info","ts":1785056059.3265848,"logger":"handler","caller":"pipeline/pipeline.go:82","msg":"pipeline step timings","x-request-id":"62323fce-aa3d-47bc-b963-9186e0f44653","parse":"47.055024ms","prefill":"19.753865859s","decode":"2m2.769725232s"}
{"level":"info","ts":1785056060.0975604,"logger":"handler","caller":"pipeline/pipeline.go:82","msg":"pipeline step timings","x-request-id":"bf20de51-b89f-4c6d-95b1-6e3b92c3d2bd","parse":"58.488985ms","prefill":"25.311405014s","decode":"1m57.702299198s"}
{"level":"info","ts":1785056060.487481,"logger":"handler","caller":"pipeline/pipeline.go:82","msg":"pipeline step timings","x-request-id":"4d3766e2-0e21-45c5-a11b-e211db335577","parse":"32.324635ms","prefill":"19.792694044s","decode":"2m3.930532837s"}
{"level":"info","ts":1785056060.5604327,"logger":"handler","caller":"pipeline/pipeline.go:82","msg":"pipeline step timings","x-request-id":"f0fd9dcc-c27a-4780-9473-a86421889065","parse":"41.254105ms","prefill":"25.491863116s","decode":"1m57.813402512s"}
{"level":"info","ts":1785056062.989236,"logger":"handler","caller":"pipeline/pipeline.go:82","msg":"pipeline step timings","x-request-id":"96855017-5f11-4103-b81d-96e30dba4ff1","parse":"37.351683ms","prefill":"20.518433626s","decode":"2m6.005632333s"}
{"level":"info","ts":1785056063.1824627,"logger":"handler","caller":"pipeline/pipeline.go:82","msg":"pipeline step timings","x-request-id":"2a898355-02b6-4cff-9a9a-f1401d3c7322","parse":"27.538753ms","prefill":"19.863930643s","decode":"2m6.077595766s"}
{"level":"info","ts":1785056063.6968317,"logger":"handler","caller":"pipeline/pipeline.go:82","msg":"pipeline step timings","x-request-id":"33f96c3b-adb5-4c7f-adbf-58bb810e5496","parse":"15.870926ms","prefill":"24.871000671s","decode":"2m0.949812256s"}
{"level":"info","ts":1785056064.5439467,"logger":"handler","caller":"pipeline/pipeline.go:82","msg":"pipeline step timings","x-request-id":"63f7be60-1593-4c6f-a842-a76817453643","parse":"79.700435ms","prefill":"25.92883011s","decode":"2m1.866442235s"}
{"level":"info","ts":1785056064.9862204,"logger":"handler","caller":"pipeline/pipeline.go:82","msg":"pipeline step timings","x-request-id":"c840cab4-1b35-4b80-8709-8bb83d7e5a33","parse":"27.054949ms","prefill":"25.581352621s","decode":"2m2.062586472s"}
{"level":"info","ts":1785056067.0290604,"logger":"handler","caller":"pipeline/pipeline.go:82","msg":"pipeline step timings","x-request-id":"db4c13b9-b2a3-4164-bc5e-68c4b62eee11","parse":"30.699765ms","prefill":"16.880702297s","decode":"2m13.555013903s"}
{"level":"info","ts":1785056068.4651814,"logger":"handler","caller":"pipeline/pipeline.go:82","msg":"pipeline step timings","x-request-id":"2101e939-6606-4ed8-9bb2-448bb3c8f440","parse":"51.571949ms","prefill":"17.689173186s","decode":"2m14.407281634s"}
{"level":"info","ts":1785056068.5503852,"logger":"handler","caller":"pipeline/pipeline.go:82","msg":"pipeline step timings","x-request-id":"1c01277b-1dbb-49b1-8d77-cb03c57df63c","parse":"66.589315ms","prefill":"17.527154049s","decode":"2m14.808361835s"}
{"level":"info","ts":1785056068.6232934,"logger":"handler","caller":"pipeline/pipeline.go:82","msg":"pipeline step timings","x-request-id":"e88641a1-0a04-4830-896f-205a38afb9d2","parse":"14.381184ms","prefill":"17.037887274s","decode":"2m14.390433843s"}
{"level":"info","ts":1785056069.9727566,"logger":"handler","caller":"pipeline/pipeline.go:82","msg":"pipeline step timings","x-request-id":"675de616-3860-44f0-8283-c47a14220112","parse":"26.09408ms","prefill":"17.382579577s","decode":"2m15.74015705s"}
{"level":"info","ts":1785056070.0247002,"logger":"handler","caller":"pipeline/pipeline.go:82","msg":"pipeline step timings","x-request-id":"93215155-0e04-4ef9-8991-61dafa0ef452","parse":"50.869258ms","prefill":"17.832986548s","decode":"2m15.885487599s"}
{"level":"info","ts":1785056070.2543967,"logger":"handler","caller":"pipeline/pipeline.go:82","msg":"pipeline step timings","x-request-id":"706a4574-129a-4dc2-b4b1-213ce6cbc066","parse":"24.266733ms","prefill":"19.894590648s","decode":"2m13.149583884s"}
{"level":"info","ts":1785056071.403592,"logger":"handler","caller":"pipeline/pipeline.go:82","msg":"pipeline step timings","x-request-id":"fa4f7eeb-c3c0-4056-aa2c-0a70ed87efd8","parse":"31.411486ms","prefill":"17.625894031s","decode":"2m17.170674955s"}
{"level":"info","ts":1785056079.5937798,"logger":"handler","caller":"pipeline/pipeline.go:82","msg":"pipeline step timings","x-request-id":"e0d02797-c12a-4d1b-841b-81accdaaa720","parse":"28.243684ms","prefill":"25.415591549s","decode":"2m16.670178298s"}
{"level":"info","ts":1785056081.6404896,"logger":"handler","caller":"pipeline/pipeline.go:82","msg":"pipeline step timings","x-request-id":"6667b5fb-5250-4f21-bb07-ec5ea7d14b36","parse":"19.976466ms","prefill":"25.472854309s","decode":"2m18.311046475s"}
{"level":"info","ts":1785056082.3400834,"logger":"handler","caller":"pipeline/pipeline.go:82","msg":"pipeline step timings","x-request-id":"16375b43-f85c-4405-8c5f-0a04d45c93d0","parse":"36.421425ms","prefill":"26.021333649s","decode":"2m19.010654189s"}
{"level":"info","ts":1785056082.6263447,"logger":"handler","caller":"pipeline/pipeline.go:82","msg":"pipeline step timings","x-request-id":"17e9b7d0-11db-432f-b8ec-ca8daca2e510","parse":"28.505951ms","prefill":"29.267762666s","decode":"2m15.764380605s"}
{"level":"info","ts":1785056083.6967206,"logger":"handler","caller":"pipeline/pipeline.go:82","msg":"pipeline step timings","x-request-id":"76c5bf6c-6283-4e40-abbc-9de256f26b1c","parse":"58.804561ms","prefill":"26.284712227s","decode":"2m20.437423976s"}
{"level":"info","ts":1785056084.7782362,"logger":"handler","caller":"pipeline/pipeline.go:82","msg":"pipeline step timings","x-request-id":"1ec77c80-b9b7-9309-b392-d64b6770c04a","parse":"21.619815ms","prefill":"29.203515652s","decode":"2m17.916292176s"}
{"level":"info","ts":1785056085.833119,"logger":"handler","caller":"pipeline/pipeline.go:82","msg":"pipeline step timings","x-request-id":"46370fae-f41f-4aea-8ae4-43b75f620a0b","parse":"47.257302ms","prefill":"29.619178886s","decode":"2m19.005541092s"}
{"level":"info","ts":1785056086.3286679,"logger":"handler","caller":"pipeline/pipeline.go:82","msg":"pipeline step timings","x-request-id":"3ca35ac7-ac43-4773-917c-a54ade0dbf11","parse":"32.350225ms","prefill":"25.915937019s","decode":"2m22.846811405s"}
{"level":"info","ts":1785056086.8056934,"logger":"handler","caller":"pipeline/pipeline.go:82","msg":"pipeline step timings","x-request-id":"93b64fda-a268-4ae8-bffd-cc7fa4993e05","parse":"37.141136ms","prefill":"29.159777617s","decode":"2m19.920514101s"}
{"level":"info","ts":1785056087.2663648,"logger":"handler","caller":"pipeline/pipeline.go:82","msg":"pipeline step timings","x-request-id":"14a02761-bf31-46ad-98a5-81f85a8f0cc3","parse":"19.561291ms","prefill":"29.342765698s","decode":"2m19.868495011s"}
{"level":"info","ts":1785056087.6429465,"logger":"handler","caller":"pipeline/pipeline.go:82","msg":"pipeline step timings","x-request-id":"9e3aa0db-f620-4563-9ab1-606bb9332391","parse":"13.90383ms","prefill":"26.015469001s","decode":"2m23.736626637s"}
{"level":"info","ts":1785056090.2180135,"logger":"handler","caller":"pipeline/pipeline.go:82","msg":"pipeline step timings","x-request-id":"e1154bcd-4cf4-4a15-bf32-007778e39663","parse":"46.873507ms","prefill":"26.645214077s","decode":"2m26.359076122s"}
{"level":"info","ts":1785056090.443814,"logger":"handler","caller":"pipeline/pipeline.go:82","msg":"pipeline step timings","x-request-id":"70676f23-01db-4518-90e7-9b2eb819457b","parse":"25.34488ms","prefill":"26.346574211s","decode":"2m26.537635842s"}
{"level":"info","ts":1785056090.9832377,"logger":"handler","caller":"pipeline/pipeline.go:82","msg":"pipeline step timings","x-request-id":"293c43da-a62b-4a7f-802a-20f5fd345ebf","parse":"37.423153ms","prefill":"26.774451316s","decode":"2m26.901065896s"}
{"level":"info","ts":1785056091.8608346,"logger":"handler","caller":"pipeline/pipeline.go:82","msg":"pipeline step timings","x-request-id":"9594e08b-2b99-4f29-9fca-e8f7dd55fdd1","parse":"19.722469ms","prefill":"31.717829524s","decode":"2m22.020233215s"}
{"level":"info","ts":1785056092.1171722,"logger":"handler","caller":"pipeline/pipeline.go:82","msg":"pipeline step timings","x-request-id":"b1ffeed0-8c19-9c17-8683-4c1c76623a61","parse":"9.622312ms","prefill":"19.728005866s","decode":"2m34.946219806s"}
{"level":"info","ts":1785056092.3688033,"logger":"handler","caller":"pipeline/pipeline.go:82","msg":"pipeline step timings","x-request-id":"29d3b446-1ac0-43a0-8b79-e119488db20d","parse":"18.887099ms","prefill":"31.686100212s","decode":"2m22.528128485s"}
{"level":"info","ts":1785056093.5363486,"logger":"handler","caller":"pipeline/pipeline.go:82","msg":"pipeline step timings","x-request-id":"9174ca41-4a09-44dd-8bc1-2e26a7d5c57c","parse":"41.591711ms","prefill":"18.097486062s","decode":"2m38.87795094s"}
{"level":"info","ts":1785056093.656606,"logger":"handler","caller":"pipeline/pipeline.go:82","msg":"pipeline step timings","x-request-id":"71f70452-31e3-4cdd-95fa-0f36bb9d59af","parse":"23.017238ms","prefill":"19.859185801s","decode":"2m36.485637593s"}
{"level":"info","ts":1785056093.6870077,"logger":"handler","caller":"pipeline/pipeline.go:82","msg":"pipeline step timings","x-request-id":"03e39ba4-1c05-4889-8a1c-b3574c95da23","parse":"32.359664ms","prefill":"18.170668397s","decode":"2m38.95351704s"}
{"level":"info","ts":1785056094.9568906,"logger":"handler","caller":"pipeline/pipeline.go:82","msg":"pipeline step timings","x-request-id":"e1e3d699-f35e-43d5-9758-a20967f2684b","parse":"40.197678ms","prefill":"21.784474489s","decode":"2m36.616556016s"}
{"level":"info","ts":1785056095.2113872,"logger":"handler","caller":"pipeline/pipeline.go:82","msg":"pipeline step timings","x-request-id":"1f59e39a-b914-49e0-9a50-2b287e3b57e0","parse":"49.533904ms","prefill":"20.746069331s","decode":"2m38.040347111s"}
{"level":"info","ts":1785056095.457883,"logger":"handler","caller":"pipeline/pipeline.go:82","msg":"pipeline step timings","x-request-id":"e7788032-d3e0-4b18-bd1b-020d405de827","parse":"47.200882ms","prefill":"22.477020997s","decode":"2m36.459290764s"}
{"level":"info","ts":1785056096.3260791,"logger":"handler","caller":"pipeline/pipeline.go:82","msg":"pipeline step timings","x-request-id":"261f3f6a-dc4d-4712-87af-4f3a3179c8ab","parse":"13.701973ms","prefill":"21.322423431s","decode":"2m37.613685548s"}
{"level":"info","ts":1785056106.7075408,"logger":"handler","caller":"pipeline/pipeline.go:82","msg":"pipeline step timings","x-request-id":"66d9234f-a773-4c67-856c-1d5251cdf372","parse":"40.04343ms","prefill":"29.577452387s","decode":"2m39.309644546s"}
{"level":"info","ts":1785056108.8599865,"logger":"handler","caller":"pipeline/pipeline.go:82","msg":"pipeline step timings","x-request-id":"ac8977de-5915-4a44-a983-c56bd5cf51a8","parse":"31.558334ms","prefill":"30.087171711s","decode":"2m41.400419531s"}
{"level":"info","ts":1785056109.6743011,"logger":"handler","caller":"pipeline/pipeline.go:82","msg":"pipeline step timings","x-request-id":"01607edd-d921-446d-8b32-dcb2b2909ed8","parse":"47.651027ms","prefill":"30.071962317s","decode":"2m42.17460175s"}
{"level":"info","ts":1785056110.0418303,"logger":"handler","caller":"pipeline/pipeline.go:82","msg":"pipeline step timings","x-request-id":"733cbc74-db54-4c9e-9b9a-759a323b8fef","parse":"39.22865ms","prefill":"30.482476796s","decode":"2m42.07327868s"}
{"level":"info","ts":1785056112.1114793,"logger":"handler","caller":"pipeline/pipeline.go:82","msg":"pipeline step timings","x-request-id":"45b56e23-cd7a-4f75-b52c-f738eee89af6","parse":"38.780976ms","prefill":"30.087219181s","decode":"2m44.061545056s"}
{"level":"info","ts":1785056112.9211702,"logger":"handler","caller":"pipeline/pipeline.go:82","msg":"pipeline step timings","x-request-id":"447e8983-2de4-4e1a-8c13-417d4d65d874","parse":"93.422037ms","prefill":"32.510365979s","decode":"2m43.141961989s"}
{"level":"info","ts":1785056113.3118732,"logger":"handler","caller":"pipeline/pipeline.go:82","msg":"pipeline step timings","x-request-id":"01a16e42-5c03-4524-b5f1-f997e7b2a15c","parse":"43.907303ms","prefill":"30.038433958s","decode":"2m45.261921445s"}
{"level":"info","ts":1785056114.3212836,"logger":"handler","caller":"pipeline/pipeline.go:82","msg":"pipeline step timings","x-request-id":"83eb0e8d-6c7a-43fe-a761-3836321c471b","parse":"27.418495ms","prefill":"30.624844304s","decode":"2m46.256731034s"}
{"level":"info","ts":1785056114.8174453,"logger":"handler","caller":"pipeline/pipeline.go:82","msg":"pipeline step timings","x-request-id":"39a68521-902a-4405-9eaa-b8883638c908","parse":"47.907544ms","prefill":"35.075041724s","decode":"2m41.97674315s"}
{"level":"info","ts":1785056115.600605,"logger":"handler","caller":"pipeline/pipeline.go:82","msg":"pipeline step timings","x-request-id":"8ebc6277-ba22-480a-a947-56a796f51009","parse":"69.773627ms","prefill":"32.493030801s","decode":"2m45.749720985s"}
{"level":"info","ts":1785056116.7148752,"logger":"handler","caller":"pipeline/pipeline.go:82","msg":"pipeline step timings","x-request-id":"78157fb2-f386-4022-a36e-d4e594f5ad8c","parse":"9.359636ms","prefill":"21.863480663s","decode":"2m57.408600868s"}
{"level":"info","ts":1785056116.7670863,"logger":"handler","caller":"pipeline/pipeline.go:82","msg":"pipeline step timings","x-request-id":"4fff94dc-d5b9-47d6-970c-27670a8dd86d","parse":"32.842388ms","prefill":"32.481825618s","decode":"2m46.406439943s"}
{"level":"info","ts":1785056118.3674035,"logger":"handler","caller":"pipeline/pipeline.go:82","msg":"pipeline step timings","x-request-id":"39a401fa-6a8c-4401-bb93-78b61842a324","parse":"59.056378ms","prefill":"22.071428979s","decode":"2m59.061064901s"}
{"level":"info","ts":1785056118.535529,"logger":"handler","caller":"pipeline/pipeline.go:82","msg":"pipeline step timings","x-request-id":"fb63e05e-42c0-4b43-bff0-c5b0063c7dc8","parse":"36.758941ms","prefill":"21.908095726s","decode":"2m59.614237071s"}
{"level":"info","ts":1785056118.7249722,"logger":"handler","caller":"pipeline/pipeline.go:82","msg":"pipeline step timings","x-request-id":"6f4ac110-79cd-95b7-ac7c-bf24c5ec0f4d","parse":"10.782998ms","prefill":"21.543613175s","decode":"2m59.726267713s"}
{"level":"info","ts":1785056119.448936,"logger":"handler","caller":"pipeline/pipeline.go:82","msg":"pipeline step timings","x-request-id":"8b4dc974-39a8-4a65-9a14-ca6312951f39","parse":"32.884988ms","prefill":"32.527156073s","decode":"2m48.991752606s"}
{"level":"info","ts":1785056119.7152958,"logger":"handler","caller":"pipeline/pipeline.go:82","msg":"pipeline step timings","x-request-id":"c034d8f7-7480-491e-9bd2-bc167f1fcce0","parse":"52.31891ms","prefill":"33.176388031s","decode":"2m49.258129525s"}
{"level":"info","ts":1785056119.8257678,"logger":"handler","caller":"pipeline/pipeline.go:82","msg":"pipeline step timings","x-request-id":"efa5dcdb-1b11-4075-9775-73bb28b94d71","parse":"37.676529ms","prefill":"22.646883319s","decode":"3m0.519501699s"}
{"level":"info","ts":1785056119.917264,"logger":"handler","caller":"pipeline/pipeline.go:82","msg":"pipeline step timings","x-request-id":"0f42a365-7419-4d3c-9c02-475210969bb2","parse":"8.304669ms","prefill":"21.926822597s","decode":"3m0.460396945s"}
{"level":"info","ts":1785056120.2405968,"logger":"handler","caller":"pipeline/pipeline.go:82","msg":"pipeline step timings","x-request-id":"36dd6515-9d7a-4b7a-b91b-a142ad9981a9","parse":"46.650829ms","prefill":"32.691944327s","decode":"2m49.775156104s"}
{"level":"info","ts":1785056120.2460847,"logger":"handler","caller":"pipeline/pipeline.go:82","msg":"pipeline step timings","x-request-id":"55cb315f-a4f2-408c-be56-4f880d191344","parse":"54.679201ms","prefill":"23.716139748s","decode":"3m0.005084088s"}
{"level":"info","ts":1785056121.1202185,"logger":"handler","caller":"pipeline/pipeline.go:82","msg":"pipeline step timings","x-request-id":"697f7d3a-29fa-47e9-a87f-7066b5e90066","parse":"29.345531ms","prefill":"33.131340952s","decode":"2m50.076825593s"}
{"level":"info","ts":1785056121.4276152,"logger":"handler","caller":"pipeline/pipeline.go:82","msg":"pipeline step timings","x-request-id":"46bbcb5e-0bae-4b6a-ba9f-932b6b5f1c05","parse":"23.71866ms","prefill":"23.087125723s","decode":"3m1.00304284s"}
{"level":"info","ts":1785056121.6939592,"logger":"handler","caller":"pipeline/pipeline.go:82","msg":"pipeline step timings","x-request-id":"ff26e537-50b3-4f45-a831-daa49b68ebc5","parse":"61.064533ms","prefill":"33.849080552s","decode":"2m50.708259702s"}
{"level":"info","ts":1785056135.3746536,"logger":"handler","caller":"pipeline/pipeline.go:82","msg":"pipeline step timings","x-request-id":"9056a95a-9026-4afe-8524-39e538e43c92","parse":"36.095219ms","prefill":"34.742050138s","decode":"3m2.527982485s"}
{"level":"info","ts":1785056137.7340786,"logger":"handler","caller":"pipeline/pipeline.go:82","msg":"pipeline step timings","x-request-id":"766c2561-18e0-45ad-88ba-11ca82487c68","parse":"61.320659ms","prefill":"35.844107536s","decode":"3m4.2740048s"}
{"level":"info","ts":1785056138.5544734,"logger":"handler","caller":"pipeline/pipeline.go:82","msg":"pipeline step timings","x-request-id":"4cc52741-6efd-4dc4-851a-753ea9dfb526","parse":"56.090583ms","prefill":"36.312367408s","decode":"3m5.088006939s"}
{"level":"info","ts":1785056138.9065406,"logger":"handler","caller":"pipeline/pipeline.go:82","msg":"pipeline step timings","x-request-id":"e3f028b2-588e-412e-9661-dc159cc4fa97","parse":"54.810529ms","prefill":"35.785811s","decode":"3m5.207306921s"}
{"level":"info","ts":1785056140.8638704,"logger":"handler","caller":"pipeline/pipeline.go:82","msg":"pipeline step timings","x-request-id":"589e2ab1-8e79-4a8f-8194-fe936ee87e25","parse":"56.947244ms","prefill":"36.07844463s","decode":"3m7.164681648s"}
{"level":"info","ts":1785056140.946357,"logger":"handler","caller":"pipeline/pipeline.go:82","msg":"pipeline step timings","x-request-id":"bcb5a8fe-d9fe-40d6-9d9c-d984c99d4f92","parse":"40.995038ms","prefill":"22.390261579s","decode":"3m21.489421213s"}
{"level":"info","ts":1785056141.5290766,"logger":"handler","caller":"pipeline/pipeline.go:82","msg":"pipeline step timings","x-request-id":"61e7314f-cd93-43eb-8bf0-fe9436d03107","parse":"42.752847ms","prefill":"33.913300087s","decode":"3m9.988655047s"}
{"level":"info","ts":1785056141.8442426,"logger":"handler","caller":"pipeline/pipeline.go:82","msg":"pipeline step timings","x-request-id":"dda16071-7de1-4dc6-b428-84d76826bb1f","parse":"54.209607ms","prefill":"35.934337573s","decode":"3m7.795445853s"}
{"level":"info","ts":1785056142.611968,"logger":"handler","caller":"pipeline/pipeline.go:82","msg":"pipeline step timings","x-request-id":"c21d93cd-ba54-4520-bbb8-3e25197aefbf","parse":"23.687911ms","prefill":"22.345284528s","decode":"3m22.781005747s"}
{"level":"info","ts":1785056142.6929173,"logger":"handler","caller":"pipeline/pipeline.go:82","msg":"pipeline step timings","x-request-id":"b07747f3-7532-4059-be8c-a25c5646f278","parse":"35.94269ms","prefill":"36.236556305s","decode":"3m8.639941605s"}
{"level":"info","ts":1785056143.0405848,"logger":"handler","caller":"pipeline/pipeline.go:82","msg":"pipeline step timings","x-request-id":"1dd4035e-80fb-45b4-9e5f-c65bf0414b35","parse":"46.467961ms","prefill":"36.256292614s","decode":"3m8.987473139s"}
{"level":"info","ts":1785056143.7233942,"logger":"handler","caller":"pipeline/pipeline.go:82","msg":"pipeline step timings","x-request-id":"d65dcc1f-6115-42ef-970b-9da2e668f75b","parse":"36.814109ms","prefill":"23.72741411s","decode":"3m23.123800917s"}
{"level":"info","ts":1785056143.9275932,"logger":"handler","caller":"pipeline/pipeline.go:82","msg":"pipeline step timings","x-request-id":"44b2b3d7-8b38-4bf8-91d3-0bae84493916","parse":"58.184638ms","prefill":"24.332985172s","decode":"3m23.087489781s"}
{"level":"info","ts":1785056144.10596,"logger":"handler","caller":"pipeline/pipeline.go:82","msg":"pipeline step timings","x-request-id":"5b561ca8-07e5-9058-a1c7-dfd4f8fb4092","parse":"26.230559ms","prefill":"22.305748672s","decode":"3m24.274924474s"}
{"level":"info","ts":1785056144.2756865,"logger":"handler","caller":"pipeline/pipeline.go:82","msg":"pipeline step timings","x-request-id":"f962f616-1603-4d3b-a729-53b485cd3bf5","parse":"54.76005ms","prefill":"33.993571654s","decode":"3m12.627703613s"}
{"level":"info","ts":1785056144.3550246,"logger":"handler","caller":"pipeline/pipeline.go:82","msg":"pipeline step timings","x-request-id":"c873ea33-1f74-4ea9-83be-3c61565ae6a9","parse":"23.781089ms","prefill":"22.389862864s","decode":"3m24.279425884s"}
{"level":"info","ts":1785056145.1925125,"logger":"handler","caller":"pipeline/pipeline.go:82","msg":"pipeline step timings","x-request-id":"d50666d3-06d6-485f-b799-beac79c75613","parse":"9.291437ms","prefill":"23.337202655s","decode":"3m24.184533112s"}
{"level":"info","ts":1785056145.5585241,"logger":"handler","caller":"pipeline/pipeline.go:82","msg":"pipeline step timings","x-request-id":"3ab90bed-4e9b-4dfb-a353-cc53441f44c3","parse":"57.811923ms","prefill":"34.127349348s","decode":"3m13.88225285s"}
{"level":"info","ts":1785056146.3595152,"logger":"handler","caller":"pipeline/pipeline.go:82","msg":"pipeline step timings","x-request-id":"c78637b1-92dc-4eb9-8a02-9d52400c32f6","parse":"18.609592ms","prefill":"23.577855021s","decode":"3m25.351453569s"}
{"level":"info","ts":1785056147.9824243,"logger":"handler","caller":"pipeline/pipeline.go:82","msg":"pipeline step timings","x-request-id":"5382a979-bc60-47aa-84fc-faeb36751974","parse":"51.754967ms","prefill":"34.440905192s","decode":"3m15.847821249s"}
{"level":"info","ts":1785056148.123414,"logger":"handler","caller":"pipeline/pipeline.go:82","msg":"pipeline step timings","x-request-id":"b087938d-9edd-43c4-9ed2-952a30671eda","parse":"46.095266ms","prefill":"34.793572928s","decode":"3m15.889562421s"}
{"level":"info","ts":1785056148.446324,"logger":"handler","caller":"pipeline/pipeline.go:82","msg":"pipeline step timings","x-request-id":"c2d0cea0-dc0d-4821-9d09-31f4aa9bb693","parse":"64.977945ms","prefill":"34.41730601s","decode":"3m16.195179169s"}
{"level":"info","ts":1785056149.0782645,"logger":"handler","caller":"pipeline/pipeline.go:82","msg":"pipeline step timings","x-request-id":"f798b0fc-9ba6-4772-b85a-967b4c9d0002","parse":"55.243315ms","prefill":"34.837702768s","decode":"3m16.379439679s"}
{"level":"info","ts":1785056149.470113,"logger":"handler","caller":"pipeline/pipeline.go:82","msg":"pipeline step timings","x-request-id":"2961651a-9788-4002-af72-da59d48b120c","parse":"56.572228ms","prefill":"35.311224005s","decode":"3m16.771378096s"}
{"level":"info","ts":1785056161.015141,"logger":"handler","caller":"pipeline/pipeline.go:82","msg":"pipeline step timings","x-request-id":"4aa20997-3a58-476d-babd-578e21356168","parse":"39.114382ms","prefill":"41.587540737s","decode":"3m21.522352397s"}
{"level":"info","ts":1785056162.8282483,"logger":"handler","caller":"pipeline/pipeline.go:82","msg":"pipeline step timings","x-request-id":"ca9d25b6-11af-46c2-80de-1641047b5c17","parse":"46.213954ms","prefill":"41.467107211s","decode":"3m23.212638653s"}
{"level":"info","ts":1785056163.320255,"logger":"handler","caller":"pipeline/pipeline.go:82","msg":"pipeline step timings","x-request-id":"4bbddb9d-2757-4159-8b91-982a6af7b725","parse":"59.277625ms","prefill":"41.947108139s","decode":"3m23.307674515s"}
{"level":"info","ts":1785056166.2969134,"logger":"handler","caller":"pipeline/pipeline.go:82","msg":"pipeline step timings","x-request-id":"493e7839-1422-4fb3-9601-8051fd0bb11f","parse":"35.352748ms","prefill":"23.349107588s","decode":"3m46.221298244s"}
{"level":"info","ts":1785056166.5880897,"logger":"handler","caller":"pipeline/pipeline.go:82","msg":"pipeline step timings","x-request-id":"469b7efb-de2c-4988-a96c-1c66c318978b","parse":"36.385135ms","prefill":"41.892428998s","decode":"3m26.502522794s"}
{"level":"info","ts":1785056168.133544,"logger":"handler","caller":"pipeline/pipeline.go:82","msg":"pipeline step timings","x-request-id":"bfa3b7e2-5d6d-480f-8339-b6222fdd107a","parse":"21.001763ms","prefill":"26.632235416s","decode":"3m43.655995906s"}
{"level":"info","ts":1785056168.4025636,"logger":"handler","caller":"pipeline/pipeline.go:82","msg":"pipeline step timings","x-request-id":"a4575aca-fa50-45ba-aabb-815f4a6ca773","parse":"71.682483ms","prefill":"24.03891927s","decode":"3m47.394447067s"}
{"level":"info","ts":1785056168.4362931,"logger":"handler","caller":"pipeline/pipeline.go:82","msg":"pipeline step timings","x-request-id":"183faa38-9c41-44f5-b1fc-4edfb7a46b9a","parse":"8.771823ms","prefill":"23.813257021s","decode":"3m46.990009173s"}
{"level":"info","ts":1785056168.7468886,"logger":"handler","caller":"pipeline/pipeline.go:82","msg":"pipeline step timings","x-request-id":"c98cd543-6225-9389-bd42-1e9b1fac4472","parse":"60.142584ms","prefill":"42.67449923s","decode":"3m27.998241795s"}
{"level":"info","ts":1785056169.5802774,"logger":"handler","caller":"pipeline/pipeline.go:82","msg":"pipeline step timings","x-request-id":"d87631e4-2b24-49c1-9629-c523b9f0cf3a","parse":"35.93357ms","prefill":"27.071382234s","decode":"3m45.132477059s"}
{"level":"info","ts":1785056169.7271435,"logger":"handler","caller":"pipeline/pipeline.go:82","msg":"pipeline step timings","x-request-id":"cdd7970a-4bda-4998-9ae2-8d2428a527c3","parse":"57.348949ms","prefill":"27.319929173s","decode":"3m45.239178693s"}
{"level":"info","ts":1785056170.0278254,"logger":"handler","caller":"pipeline/pipeline.go:82","msg":"pipeline step timings","x-request-id":"b4d5801c-14f0-4eaf-99ef-bef8b46504cb","parse":"23.065568ms","prefill":"23.435350714s","decode":"3m48.581617097s"}
{"level":"info","ts":1785056171.2158542,"logger":"handler","caller":"pipeline/pipeline.go:82","msg":"pipeline step timings","x-request-id":"572fecb7-7215-4224-8e07-d15ff82cc36e","parse":"54.127257ms","prefill":"24.366580132s","decode":"3m49.769651928s"}
{"level":"info","ts":1785056191.1259925,"logger":"handler","caller":"pipeline/pipeline.go:82","msg":"pipeline step timings","x-request-id":"53be5d8a-8d15-4645-bb1b-6ac1fe79f967","parse":"52.247531ms","prefill":"27.65535843s","decode":"4m6.648361611s"}
{"level":"info","ts":1785056192.8521721,"logger":"handler","caller":"pipeline/pipeline.go:82","msg":"pipeline step timings","x-request-id":"b70ea602-0ae6-464f-90f2-554b4401a204","parse":"28.650619ms","prefill":"27.083808622s","decode":"4m7.78470497s"}
{"level":"info","ts":1785056193.5242026,"logger":"handler","caller":"pipeline/pipeline.go:82","msg":"pipeline step timings","x-request-id":"2f77431a-c24d-4279-bdf6-6233dfdf2f87","parse":"27.476714ms","prefill":"24.161735097s","decode":"4m11.958845572s"}
{"level":"info","ts":1785056193.8579016,"logger":"handler","caller":"pipeline/pipeline.go:82","msg":"pipeline step timings","x-request-id":"c0c528d1-2de8-4567-9206-c9037f60ec1e","parse":"56.520339ms","prefill":"25.178713106s","decode":"4m12.036289076s"}
{"level":"info","ts":1785056194.4875176,"logger":"handler","caller":"pipeline/pipeline.go:82","msg":"pipeline step timings","x-request-id":"771f4171-c124-4414-9bd3-2c35ab2f9d04","parse":"25.889854ms","prefill":"27.564064857s","decode":"4m9.417634571s"}
{"level":"info","ts":1785056194.7818348,"logger":"handler","caller":"pipeline/pipeline.go:82","msg":"pipeline step timings","x-request-id":"a88a8c49-99df-4f27-9e93-9f3c683bcd8a","parse":"17.291388ms","prefill":"27.660535447s","decode":"4m9.168648777s"}
{"level":"info","ts":1785056195.2478342,"logger":"handler","caller":"pipeline/pipeline.go:82","msg":"pipeline step timings","x-request-id":"b860883b-50c7-4e1b-a254-7b91b74e27a3","parse":"11.141974ms","prefill":"24.507141863s","decode":"4m12.8524644s"}
{"level":"info","ts":1785056196.4430325,"logger":"handler","caller":"pipeline/pipeline.go:82","msg":"pipeline step timings","x-request-id":"7dda47ad-badd-41df-aa94-7bbc65003b98","parse":"29.868415ms","prefill":"30.798861095s","decode":"4m7.809176601s"}
{"level":"info","ts":1785056216.8058305,"logger":"handler","caller":"pipeline/pipeline.go:82","msg":"pipeline step timings","x-request-id":"37d80f2c-8ddd-42c4-a0cf-9d38efd3b180","parse":"62.877801ms","prefill":"28.420944225s","decode":"4m31.192706305s"}
{"level":"info","ts":1785056218.567922,"logger":"handler","caller":"pipeline/pipeline.go:82","msg":"pipeline step timings","x-request-id":"aafd163b-5699-47b8-8f71-bd5c4cd255ac","parse":"72.850919ms","prefill":"28.68700765s","decode":"4m32.865400823s"}
{"level":"info","ts":1785056219.1047661,"logger":"handler","caller":"pipeline/pipeline.go:82","msg":"pipeline step timings","x-request-id":"782e4b0d-f100-4cb3-b63f-4b9ad18df238","parse":"102.146951ms","prefill":"31.47935751s","decode":"4m30.525716822s"}
{"level":"info","ts":1785056219.3060343,"logger":"handler","caller":"pipeline/pipeline.go:82","msg":"pipeline step timings","x-request-id":"ddee9ed1-b499-45c3-b309-6f48aca49f92","parse":"55.142825ms","prefill":"31.488947424s","decode":"4m30.632120484s"}
{"level":"info","ts":1785056220.245464,"logger":"handler","caller":"pipeline/pipeline.go:82","msg":"pipeline step timings","x-request-id":"1a9524c8-3def-493a-a8e0-e106926dd5d4","parse":"63.693541ms","prefill":"28.79736974s","decode":"4m34.536845574s"}
{"level":"info","ts":1785056220.5251553,"logger":"handler","caller":"pipeline/pipeline.go:82","msg":"pipeline step timings","x-request-id":"64eae515-3b6d-4e32-93b5-5bdca61454bb","parse":"13.669943ms","prefill":"28.134322651s","decode":"4m34.206364503s"}
{"level":"info","ts":1785056220.743444,"logger":"handler","caller":"pipeline/pipeline.go:82","msg":"pipeline step timings","x-request-id":"862947a4-529c-4b6e-83a0-56fef42db77d","parse":"20.262792ms","prefill":"31.20073763s","decode":"4m31.474240088s"}
{"level":"info","ts":1785056222.0981889,"logger":"handler","caller":"pipeline/pipeline.go:82","msg":"pipeline step timings","x-request-id":"7ac9bfd6-9bdb-406e-a49e-27e0509c1d8b","parse":"83.37651ms","prefill":"31.933338697s","decode":"4m32.919652435s"}
{"level":"info","ts":1785056243.204232,"logger":"handler","caller":"pipeline/pipeline.go:82","msg":"pipeline step timings","x-request-id":"2b572ba5-2844-4d8d-b75b-4fb4a7ea5223","parse":"58.667892ms","prefill":"29.239180725s","decode":"4m56.920298623s"}
{"level":"info","ts":1785056244.9855905,"logger":"handler","caller":"pipeline/pipeline.go:82","msg":"pipeline step timings","x-request-id":"1ba6375c-44cb-4231-bec0-66e51a845304","parse":"52.885713ms","prefill":"29.266924395s","decode":"4m58.750361355s"}
{"level":"info","ts":1785056245.2961843,"logger":"handler","caller":"pipeline/pipeline.go:82","msg":"pipeline step timings","x-request-id":"873ff22d-f452-47ef-ab66-e6b9d8d4b528","parse":"49.984889ms","prefill":"31.696512265s","decode":"4m56.061965434s"}
{"level":"info","ts":1785056245.505038,"logger":"handler","caller":"pipeline/pipeline.go:82","msg":"pipeline step timings","x-request-id":"dc0a62d0-4a87-458a-8007-ef64c742c352","parse":"69.53341ms","prefill":"32.24457695s","decode":"4m56.235801727s"}
{"level":"info","ts":1785056246.6623597,"logger":"handler","caller":"pipeline/pipeline.go:82","msg":"pipeline step timings","x-request-id":"931b6bb1-b4c3-4b07-8a50-a27572fb31fa","parse":"53.659593ms","prefill":"29.278495314s","decode":"5m0.343862214s"}
{"level":"info","ts":1785056246.8542435,"logger":"handler","caller":"pipeline/pipeline.go:82","msg":"pipeline step timings","x-request-id":"c824db47-ca8b-4c82-856e-5fa0d9201d90","parse":"53.588895ms","prefill":"38.009830283s","decode":"4m51.357297784s"}
{"level":"info","ts":1785056246.8666184,"logger":"handler","caller":"pipeline/pipeline.go:82","msg":"pipeline step timings","x-request-id":"cabd7401-a5ba-4c39-8389-19a6b8c692b5","parse":"34.648436ms","prefill":"37.057967417s","decode":"4m52.192007755s"}
{"level":"info","ts":1785056248.182972,"logger":"handler","caller":"pipeline/pipeline.go:82","msg":"pipeline step timings","x-request-id":"901a88e8-71ef-450b-80b1-565ae0ae246f","parse":"53.390167ms","prefill":"36.992465978s","decode":"4m53.516071931s"}
{"level":"info","ts":1785056268.94972,"logger":"handler","caller":"pipeline/pipeline.go:82","msg":"pipeline step timings","x-request-id":"cd15d19a-78cb-40bc-a90c-1bae83338db3","parse":"69.793506ms","prefill":"37.87357617s","decode":"5m13.093706509s"}
{"level":"info","ts":1785056270.7175481,"logger":"handler","caller":"pipeline/pipeline.go:82","msg":"pipeline step timings","x-request-id":"ebb4ef82-1012-4ad9-8ad8-c8ede6bba3ec","parse":"80.09195ms","prefill":"38.541146944s","decode":"5m14.838818457s"}
{"level":"info","ts":1785056270.8397698,"logger":"handler","caller":"pipeline/pipeline.go:82","msg":"pipeline step timings","x-request-id":"2e0eefd4-338d-4566-9662-2c33b3127bb3","parse":"41.195957ms","prefill":"37.166909545s","decode":"5m15.953418949s"}
{"level":"info","ts":1785056270.9926922,"logger":"handler","caller":"pipeline/pipeline.go:82","msg":"pipeline step timings","x-request-id":"01503568-e5e9-4766-81c3-37c09d75c07d","parse":"36.519044ms","prefill":"37.05862119s","decode":"5m15.736670491s"}
{"level":"info","ts":1785056272.2485225,"logger":"handler","caller":"pipeline/pipeline.go:82","msg":"pipeline step timings","x-request-id":"7411f0b6-a04c-4d13-901a-8493f1952b0a","parse":"63.165287ms","prefill":"37.974384377s","decode":"5m16.182950898s"}
{"level":"info","ts":1785056272.4333673,"logger":"handler","caller":"pipeline/pipeline.go:82","msg":"pipeline step timings","x-request-id":"44019cee-5580-495d-b829-84c3bab6ecec","parse":"60.890575ms","prefill":"39.576452198s","decode":"5m14.727003464s"}
{"level":"info","ts":1785056272.4848027,"logger":"handler","caller":"pipeline/pipeline.go:82","msg":"pipeline step timings","x-request-id":"3eecc0a7-1ccf-47ef-aa5a-1814cf4bd1e3","parse":"42.851216ms","prefill":"37.898600544s","decode":"5m16.41921019s"}
{"level":"info","ts":1785056273.787544,"logger":"handler","caller":"pipeline/pipeline.go:82","msg":"pipeline step timings","x-request-id":"35b98fab-26af-4e51-b3da-e9ce3921e5ff","parse":"40.92091ms","prefill":"39.916219363s","decode":"5m16.081117537s"}
{"level":"info","ts":1785056294.631583,"logger":"handler","caller":"pipeline/pipeline.go:82","msg":"pipeline step timings","x-request-id":"60cd3bbb-2bc6-4032-91bb-0e26d3d24868","parse":"37.280824ms","prefill":"38.435033881s","decode":"5m38.214758913s"}
{"level":"info","ts":1785056296.3856547,"logger":"handler","caller":"pipeline/pipeline.go:82","msg":"pipeline step timings","x-request-id":"16427287-8c8e-4453-ae6c-2a149032fec8","parse":"26.739473ms","prefill":"38.550350741s","decode":"5m39.895864645s"}
{"level":"info","ts":1785056296.6794066,"logger":"handler","caller":"pipeline/pipeline.go:82","msg":"pipeline step timings","x-request-id":"57c4ef50-5fdd-4f8f-9070-8a991e1a26cc","parse":"28.750818ms","prefill":"40.085383433s","decode":"5m38.395502012s"}
{"level":"info","ts":1785056296.7058244,"logger":"handler","caller":"pipeline/pipeline.go:82","msg":"pipeline step timings","x-request-id":"0be3a80c-b3e1-4ad3-8c49-b42f53e8f2c3","parse":"57.732274ms","prefill":"40.677928854s","decode":"5m38.26722935s"}
{"level":"info","ts":1785056297.893281,"logger":"handler","caller":"pipeline/pipeline.go:82","msg":"pipeline step timings","x-request-id":"1b4b79ae-663d-4e5f-aca2-19bc5ba6b306","parse":"37.819317ms","prefill":"41.035165915s","decode":"5m38.998511376s"}
{"level":"info","ts":1785056298.004646,"logger":"handler","caller":"pipeline/pipeline.go:82","msg":"pipeline step timings","x-request-id":"630378e9-5977-4ab7-80d0-236100052c62","parse":"54.899528ms","prefill":"38.795567491s","decode":"5m41.329228737s"}
{"level":"info","ts":1785056298.2292945,"logger":"handler","caller":"pipeline/pipeline.go:82","msg":"pipeline step timings","x-request-id":"46900bc5-d84a-421b-baa9-fe34974727e1","parse":"53.18658ms","prefill":"38.853175786s","decode":"5m41.213255862s"}
{"level":"info","ts":1785056298.9972382,"logger":"handler","caller":"pipeline/pipeline.go:82","msg":"pipeline step timings","x-request-id":"52d99805-78b0-4b5e-9a90-745343ef99d8","parse":"47.786966ms","prefill":"40.973130973s","decode":"5m39.978719346s"}
{"level":"info","ts":1785056319.8111172,"logger":"handler","caller":"pipeline/pipeline.go:82","msg":"pipeline step timings","x-request-id":"ae8116b2-2a34-4a5a-8e27-a4829db10621","parse":"38.027634ms","prefill":"39.43575544s","decode":"6m2.704948338s"}
{"level":"info","ts":1785056321.3225863,"logger":"handler","caller":"pipeline/pipeline.go:82","msg":"pipeline step timings","x-request-id":"1755fe95-db6f-47b2-82ef-5f8ed199c420","parse":"49.143209ms","prefill":"39.237614044s","decode":"6m4.088094734s"}
{"level":"info","ts":1785056322.6507432,"logger":"handler","caller":"pipeline/pipeline.go:82","msg":"pipeline step timings","x-request-id":"26764464-d648-4b04-9aaf-47f40e1d3dcd","parse":"51.002776ms","prefill":"39.027282057s","decode":"6m5.414204607s"}
