{
  "load_summary": {
    "count": 1200,
    "schedule_delay": {
      "mean": 7.178473674381773e-05,
      "min": -0.0016649342142045498,
      "max": 0.003348670434206724,
      "p0.1": -0.0013901385152712464,
      "p1": -0.0010547558357939125,
      "p5": -0.0007807794259861112,
      "p10": -0.0005889337044209241,
      "p25": -0.0002967084292322397,
      "median": 7.732282392680645e-05,
      "p75": 0.00044278090354055166,
      "p90": 0.0007252168841660024,
      "p95": 0.0009352210210636257,
      "p99": 0.0011736953118816017,
      "p99.9": 0.0013398663206026003
    },
    "send_duration": 119.98353047063574,
    "requested_rate": 10.0,
    "achieved_rate": 10.00137264917107
  },
  "successes": {
    "count": 1200,
    "latency": {
      "request_latency": {
        "mean": 63.20614787731979,
        "min": 46.89692681469023,
        "max": 69.26153693487868,
        "p0.1": 47.035146037145985,
        "p1": 48.44120888005942,
        "p5": 51.08417759379372,
        "p10": 54.50085929716006,
        "p25": 60.42403977853246,
        "median": 64.93502146052197,
        "p75": 67.69212925666943,
        "p90": 68.61311500379816,
        "p95": 68.87214847018477,
        "p99": 69.218518162095,
        "p99.9": 69.2607292330754
      },
      "normalized_time_per_output_token": {
        "mean": 0.016167475687840546,
        "min": 0.011880450037882186,
        "max": 0.02662435703370742,
        "p0.1": 0.011924890612777132,
        "p1": 0.01228735605797281,
        "p5": 0.01304346679967883,
        "p10": 0.013949230321964618,
        "p25": 0.015386726133820333,
        "median": 0.016541414956487928,
        "p75": 0.017251441357941225,
        "p90": 0.0175195632424232,
        "p95": 0.01769174042772633,
        "p99": 0.018644366199280313,
        "p99.9": 0.024441880902134044
      },
      "time_per_output_token": {
        "mean": 0.015763683705388103,
        "min": 0.011705630574957467,
        "max": 0.017270501211169176,
        "p0.1": 0.01173365565955406,
        "p1": 0.012084832707336172,
        "p5": 0.012745119358744705,
        "p10": 0.013596623425430153,
        "p25": 0.015067529285122873,
        "median": 0.016197054966003634,
        "p75": 0.016884292998176537,
        "p90": 0.017111611131369137,
        "p95": 0.017177518913382664,
        "p99": 0.017267699870404322,
        "p99.9": 0.017269757347101927
      },
      "time_to_first_token": {
        "mean": 0.14287872199784032,
        "min": 0.06286408007144928,
        "max": 0.3357695220038295,
        "p0.1": 0.06937351241661235,
        "p1": 0.0887274142401293,
        "p5": 0.10034227063879371,
        "p10": 0.10979888322763146,
        "p25": 0.1250579748302698,
        "median": 0.14353443100117147,
        "p75": 0.1592175845289603,
        "p90": 0.17244365219958135,
        "p95": 0.18304162067361177,
        "p99": 0.20559611297678201,
        "p99.9": 0.2985286694546327
      },
      "inter_token_latency": {
        "mean": 0.015763683705388103,
        "min": 3.43983992934227e-06,
        "max": 0.1128483903594315,
        "p0.1": 0.005336889053694904,
        "p1": 0.00845174100715667,
        "p5": 0.010636545717716217,
        "p10": 0.011818290269002319,
        "p25": 0.013944867067039013,
        "median": 0.01592788379639387,
        "p75": 0.017363236751407385,
        "p90": 0.018883158918470144,
        "p95": 0.02035128236748278,
        "p99": 0.023616874190047363,
        "p99.9": 0.06250866156118048
      }
    },
    "throughput": {
      "input_tokens_per_sec": 1735.4699632153324,
      "output_tokens_per_sec": 26372.757758039417,
      "total_tokens_per_sec": 28108.22772125475,
      "requests_per_sec": 6.740692646343465
    },
    "prompt_len": {
      "mean": 257.46166666666664,
      "min": 249.0,
      "max": 272.0,
      "p0.1": 250.0,
      "p1": 251.0,
      "p5": 253.0,
      "p10": 254.0,
      "p25": 255.0,
      "median": 257.0,
      "p75": 259.0,
      "p90": 262.0,
      "p95": 263.0,
      "p99": 267.0,
      "p99.9": 270.0
    },
    "output_len": {
      "mean": 3912.47,
      "min": 2557.0,
      "max": 4224.0,
      "p0.1": 2793.51,
      "p1": 3517.86,
      "p5": 3813.0,
      "p10": 3858.0,
      "p25": 3899.0,
      "median": 3927.0,
      "p75": 3950.0,
      "p90": 3968.0,
      "p95": 3978.0,
      "p99": 3999.7599999999993,
      "p99.9": 4219.204000000001
    }
  },
  "failures": {
    "count": 0,
    "request_latency": null,
    "prompt_len": null
  }
}