{
  "load_summary": {
    "count": 2700,
    "schedule_delay": {
      "mean": 6.547304129021035e-05,
      "min": -0.002125105820596218,
      "max": 0.01155843073502183,
      "p0.1": -0.0012269048606976867,
      "p1": -0.0010340193239971995,
      "p5": -0.0007872217334806919,
      "p10": -0.0006152860354632139,
      "p25": -0.00032671866938471794,
      "median": 3.2016774639487267e-05,
      "p75": 0.00042134232353419065,
      "p90": 0.0007642906624823808,
      "p95": 0.000955030764453113,
      "p99": 0.001286022532731294,
      "p99.9": 0.005856294468046702
    }
  },
  "successes": {
    "count": 2700,
    "latency": {
      "request_latency": {
        "mean": 145.49902607300405,
        "min": 89.96350438101217,
        "max": 163.16366699524224,
        "p0.1": 90.7655202814797,
        "p1": 93.91676520941313,
        "p5": 107.46800434594043,
        "p10": 122.2290040360298,
        "p25": 140.67076412925962,
        "median": 151.29611077765003,
        "p75": 157.25495994393714,
        "p90": 158.76113353320397,
        "p95": 159.1188437581528,
        "p99": 161.65561607810668,
        "p99.9": 162.95237993334703
      },
      "normalized_time_per_output_token": {
        "mean": 0.029796764844920325,
        "min": 0.018054084764401398,
        "max": 0.04967776956590397,
        "p0.1": 0.01841281765484176,
        "p1": 0.019076512415198102,
        "p5": 0.021859931996218728,
        "p10": 0.024864226042063703,
        "p25": 0.028702963704086936,
        "median": 0.030885656574816706,
        "p75": 0.03205285930548836,
        "p90": 0.03256031400752997,
        "p95": 0.03294218015964548,
        "p99": 0.034356587734157874,
        "p99.9": 0.038446526565440654
      },
      "time_per_output_token": {
        "mean": 0.029022616547466396,
        "min": 0.017975945323798804,
        "max": 0.03186762960255146,
        "p0.1": 0.01813619861116242,
        "p1": 0.018764016627473755,
        "p5": 0.021467811822695658,
        "p10": 0.024286993923271077,
        "p25": 0.02802699793127831,
        "median": 0.030136285897204653,
        "p75": 0.03139879001807422,
        "p90": 0.03169541645045392,
        "p95": 0.03175916278878227,
        "p99": 0.03184914455904626,
        "p99.9": 0.03186048252419671
      },
      "time_to_first_token": {
        "mean": 0.374516875990494,
        "min": 0.0683409720659256,
        "max": 4.035039202775806,
        "p0.1": 0.07527045512245968,
        "p1": 0.09130751869641245,
        "p5": 0.10871260340791196,
        "p10": 0.12518196715973318,
        "p25": 0.15945782605558634,
        "median": 0.22983757220208645,
        "p75": 0.33467008802108467,
        "p90": 0.5432579478248952,
        "p95": 0.9254899474792176,
        "p99": 3.5603478065831573,
        "p99.9": 4.013319961505017
      },
      "inter_token_latency": {
        "mean": 0.029022616547466393,
        "min": 3.899913281202316e-06,
        "max": 0.2191698639653623,
        "p0.1": 0.005701476145535707,
        "p1": 0.010579366702586412,
        "p5": 0.014546348666772246,
        "p10": 0.0173033319413662,
        "p25": 0.023658662452362478,
        "median": 0.02903667278587818,
        "p75": 0.03253481723368168,
        "p90": 0.03603825294412672,
        "p95": 0.04005277114920316,
        "p99": 0.09761897295247761,
        "p99.9": 0.12957809261558675
      }
    },
    "throughput": {
      "input_tokens_per_sec": 2698.715002301131,
      "output_tokens_per_sec": 51195.98622667784,
      "total_tokens_per_sec": 53894.70122897897,
      "requests_per_sec": 10.477613397906145
    },
    "prompt_len": {
      "mean": 257.5696296296296,
      "min": 250.0,
      "max": 272.0,
      "p0.1": 250.0,
      "p1": 251.0,
      "p5": 253.0,
      "p10": 253.0,
      "p25": 255.0,
      "median": 257.0,
      "p75": 260.0,
      "p90": 262.0,
      "p95": 264.0,
      "p99": 267.0,
      "p99.9": 269.3010000000004
    },
    "output_len": {
      "mean": 4886.225925925926,
      "min": 3078.0,
      "max": 5232.0,
      "p0.1": 3844.465,
      "p1": 4416.8,
      "p5": 4716.0,
      "p10": 4807.0,
      "p25": 4872.0,
      "median": 4908.0,
      "p75": 4936.0,
      "p90": 4960.0,
      "p95": 4975.0,
      "p99": 5097.149999999996,
      "p99.9": 5222.903000000001
    }
  },
  "failures": {
    "count": 0,
    "request_latency": null,
    "prompt_len": null
  }
}