{
  "load_summary": {
    "count": 120,
    "schedule_delay": {
      "mean": 0.02709127204337468,
      "min": -0.0007372521795332432,
      "max": 0.2691542119719088,
      "p0.1": -0.0006698429733514785,
      "p1": -0.00016245014034211636,
      "p5": 5.914217326790095e-05,
      "p10": 0.00020345970988273622,
      "p25": 0.0005033101188018918,
      "median": 0.0012141745537519455,
      "p75": 0.0035791255068033934,
      "p90": 0.1268116738647223,
      "p95": 0.15036506145261228,
      "p99": 0.22351166255306457,
      "p99.9": 0.2640226240879862
    },
    "send_duration": 119.7839856534265,
    "requested_rate": 1.0,
    "achieved_rate": 1.001803365828872
  },
  "successes": {
    "count": 120,
    "latency": {
      "request_latency": {
        "mean": 0.17838545225095004,
        "min": 0.17472393298521638,
        "max": 0.1849191333167255,
        "p0.1": 0.17472560958191752,
        "p1": 0.17476444873493166,
        "p5": 0.1753727840958163,
        "p10": 0.17582527506165208,
        "p25": 0.17703726433683187,
        "median": 0.17824339820072055,
        "p75": 0.17933456785976887,
        "p90": 0.1812434018123895,
        "p95": 0.18181141265667974,
        "p99": 0.1836607803683728,
        "p99.9": 0.18478753959340977
      },
      "normalized_time_per_output_token": {
        "mean": 0.00904487158551695,
        "min": 0.008367381679515043,
        "max": 0.010586376164985053,
        "p0.1": 0.008371129260088006,
        "p1": 0.00840458134433166,
        "p5": 0.00875865147798322,
        "p10": 0.00878766170470044,
        "p25": 0.008869540266459808,
        "median": 0.008947123726829886,
        "p75": 0.009251164185116068,
        "p90": 0.009420107839334951,
        "p95": 0.009471760925493743,
        "p99": 0.010050888746562932,
        "p99.9": 0.010530466166114916
      },
      "time_per_output_token": {
        "mean": 0.00687241937033832,
        "min": 0.006598706846125424,
        "max": 0.007153753540478647,
        "p0.1": 0.006604543808707968,
        "p1": 0.006653163583483547,
        "p5": 0.0067877327220048755,
        "p10": 0.0068458493216894565,
        "p25": 0.006864076072815806,
        "median": 0.006872898491565138,
        "p75": 0.0068801126501057295,
        "p90": 0.006887361388653517,
        "p95": 0.006954478403786197,
        "p99": 0.007116599137196318,
        "p99.9": 0.007149975839396939
      },
      "time_to_first_token": {
        "mean": 0.0405008422715279,
        "min": 0.03683845512568951,
        "max": 0.047080314718186855,
        "p0.1": 0.0368476560707204,
        "p1": 0.036946477252058685,
        "p5": 0.037755709048360585,
        "p10": 0.038053232990205285,
        "p25": 0.03921764134429395,
        "median": 0.04035863513126969,
        "p75": 0.04171198222320527,
        "p90": 0.043261412624269725,
        "p95": 0.04399632252752781,
        "p99": 0.045883362181484706,
        "p99.9": 0.04697524442663418
      },
      "inter_token_latency": {
        "mean": 0.006872419370338321,
        "min": 4.0298327803611755e-06,
        "max": 0.012829801067709923,
        "p0.1": 7.536925375461579e-06,
        "p1": 1.0120212100446225e-05,
        "p5": 0.0016468164045363714,
        "p10": 0.005167628265917301,
        "p25": 0.007138226879760623,
        "median": 0.00722353532910347,
        "p75": 0.007307566469535232,
        "p90": 0.007603609841316938,
        "p95": 0.009357724874280379,
        "p99": 0.011864213459193706,
        "p99.9": 0.012550479425583037
      }
    },
    "throughput": {
      "input_tokens_per_sec": 10.25338686402032,
      "output_tokens_per_sec": 19.74818982184076,
      "total_tokens_per_sec": 30.001576685861078,
      "requests_per_sec": 1.0003304257580798
    },
    "prompt_len": {
      "mean": 10.25,
      "min": 10.0,
      "max": 14.0,
      "p0.1": 10.0,
      "p1": 10.0,
      "p5": 10.0,
      "p10": 10.0,
      "p25": 10.0,
      "median": 10.0,
      "p75": 10.0,
      "p90": 11.0,
      "p95": 12.0,
      "p99": 13.0,
      "p99.9": 13.881000000000014
    },
    "output_len": {
      "mean": 19.741666666666667,
      "min": 17.0,
      "max": 21.0,
      "p0.1": 17.119,
      "p1": 18.0,
      "p5": 19.0,
      "p10": 19.0,
      "p25": 19.0,
      "median": 20.0,
      "p75": 20.0,
      "p90": 20.0,
      "p95": 20.0,
      "p99": 21.0,
      "p99.9": 21.0
    }
  },
  "failures": {
    "count": 0,
    "request_latency": null,
    "prompt_len": null
  }
}