{
  "load_summary": {
    "count": 120,
    "schedule_delay": {
      "mean": 197.51916921871404,
      "min": 0.013075516559183598,
      "max": 399.6431828774512,
      "p0.1": 0.052003083993680775,
      "p1": 1.0879349996289236,
      "p5": 24.75341711291112,
      "p10": 46.820928615238515,
      "p25": 86.2735149867367,
      "median": 204.37274291436188,
      "p75": 283.55816836224403,
      "p90": 352.1025713318028,
      "p95": 365.2811807266902,
      "p99": 392.3236976660974,
      "p99.9": 398.89299095654263
    },
    "send_duration": 867.5688743488863,
    "requested_rate": 0.25,
    "achieved_rate": 0.13831754866731527
  },
  "successes": {
    "count": 120,
    "latency": {
      "request_latency": {
        "mean": 7.289816353213974,
        "min": 7.275577882770449,
        "max": 7.541190549731255,
        "p0.1": 7.275652987608686,
        "p1": 7.276224661101587,
        "p5": 7.276609715400264,
        "p10": 7.277333186147734,
        "p25": 7.27847614872735,
        "median": 7.279583074618131,
        "p75": 7.2822299264371395,
        "p90": 7.313903630804271,
        "p95": 7.315193765633739,
        "p99": 7.387737104739062,
        "p99.9": 7.524812646143141
      },
      "normalized_time_per_output_token": {
        "mean": 0.007401950561128841,
        "min": 0.005838592519569894,
        "max": 0.009281858136611325,
        "p0.1": 0.005840657764994062,
        "p1": 0.005859684281743163,
        "p5": 0.007301476391344336,
        "p10": 0.007329032714268354,
        "p25": 0.0073662547773445984,
        "median": 0.007408082275360606,
        "p75": 0.007497756220898639,
        "p90": 0.007581230815606735,
        "p95": 0.007632881280049616,
        "p99": 0.007788788879569974,
        "p99.9": 0.009106304259988159
      },
      "time_per_output_token": {
        "mean": 0.007253752208200281,
        "min": 0.007249781150836497,
        "max": 0.007258847383782268,
        "p0.1": 0.007249846319279167,
        "p1": 0.007250488319667056,
        "p5": 0.00725186852638144,
        "p10": 0.007252270116796717,
        "p25": 0.007252960663056002,
        "median": 0.007253719698172062,
        "p75": 0.007254452962544747,
        "p90": 0.00725519652669318,
        "p95": 0.007256038358458318,
        "p99": 0.007256783108095815,
        "p99.9": 0.007258615001997938
      },
      "time_to_first_token": {
        "mean": 0.03354094030413156,
        "min": 0.02128110406920314,
        "max": 0.2862657718360424,
        "p0.1": 0.02128853631997481,
        "p1": 0.021381121850572525,
        "p5": 0.021726820967160165,
        "p10": 0.02205349374562502,
        "p25": 0.022511519491672516,
        "median": 0.023144121980294585,
        "p75": 0.025725691579282284,
        "p90": 0.056988648837432265,
        "p95": 0.05778972310945392,
        "p99": 0.13215352177154294,
        "p99.9": 0.26991030547395545
      },
      "inter_token_latency": {
        "mean": 0.007253752182013501,
        "min": 4.419591277837753e-06,
        "max": 0.01494553778320551,
        "p0.1": 0.0001795067461207515,
        "p1": 0.004667389886453748,
        "p5": 0.006635312223806977,
        "p10": 0.007128194347023964,
        "p25": 0.007212871219962835,
        "median": 0.007254904136061668,
        "p75": 0.007298175012692809,
        "p90": 0.007412721589207649,
        "p95": 0.007894450053572654,
        "p99": 0.009865157241001725,
        "p99.9": 0.010725394979119316
      }
    },
    "throughput": {
      "input_tokens_per_sec": 35.331726860432276,
      "output_tokens_per_sec": 135.41275814454772,
      "total_tokens_per_sec": 170.74448500498,
      "requests_per_sec": 0.13716619939346078
    },
    "prompt_len": {
      "mean": 257.5833333333333,
      "min": 250.0,
      "max": 268.0,
      "p0.1": 250.238,
      "p1": 252.0,
      "p5": 253.0,
      "p10": 254.0,
      "p25": 256.0,
      "median": 258.0,
      "p75": 259.0,
      "p90": 261.0,
      "p95": 263.0,
      "p99": 265.81,
      "p99.9": 267.76200000000006
    },
    "output_len": {
      "mean": 987.2166666666667,
      "min": 784.0,
      "max": 1247.0,
      "p0.1": 803.04,
      "p1": 945.33,
      "p5": 957.95,
      "p10": 963.8,
      "p25": 973.0,
      "median": 983.5,
      "p75": 990.0,
      "p90": 995.0,
      "p95": 997.0,
      "p99": 1244.62,
      "p99.9": 1246.762
    }
  },
  "failures": {
    "count": 0,
    "request_latency": null,
    "prompt_len": null
  }
}