{
  "load_summary": {
    "count": 120,
    "schedule_delay": {
      "mean": 43.23974623951362,
      "min": 0.0028092125430703163,
      "max": 84.66886224877089,
      "p0.1": 0.1451942017399706,
      "p1": 1.2190428442880512,
      "p5": 4.698538128403015,
      "p10": 10.584046968165785,
      "p25": 23.81573236687109,
      "median": 41.8814045432955,
      "p75": 64.96273942140397,
      "p90": 79.93013696745038,
      "p95": 82.31787967483979,
      "p99": 84.42539065542631,
      "p99.9": 84.64163204898732
    },
    "send_duration": 203.1133511462249,
    "requested_rate": 1.0,
    "achieved_rate": 0.5908031122661646
  },
  "successes": {
    "count": 120,
    "latency": {
      "request_latency": {
        "mean": 1.7064761425795345,
        "min": 1.7044810960069299,
        "max": 1.7137772650457919,
        "p0.1": 1.7045344939162024,
        "p1": 1.7049475962296128,
        "p5": 1.7051146699581294,
        "p10": 1.705356310075149,
        "p25": 1.70560210745316,
        "median": 1.7061438870150596,
        "p75": 1.70680389192421,
        "p90": 1.7078712890390306,
        "p95": 1.708546598814428,
        "p99": 1.7125032214215026,
        "p99.9": 1.7136852448452264
      },
      "normalized_time_per_output_token": {
        "mean": 0.006872076177183447,
        "min": 0.006776660991211732,
        "max": 0.007080756626343084,
        "p0.1": 0.006778606218411395,
        "p1": 0.0067958711530731256,
        "p5": 0.006821399094536901,
        "p10": 0.00682221612315625,
        "p25": 0.006824930297210812,
        "median": 0.006850816616152664,
        "p75": 0.006886442308783561,
        "p90": 0.006974124153712986,
        "p95": 0.007021828253902955,
        "p99": 0.007071575925170461,
        "p99.9": 0.007080229923787963
      },
      "time_per_output_token": {
        "mean": 0.006702392074176381,
        "min": 0.006694482408463955,
        "max": 0.006756552661503534,
        "p0.1": 0.006694620007092133,
        "p1": 0.006695903543513268,
        "p5": 0.006698365970514715,
        "p10": 0.0066995008235797284,
        "p25": 0.0067007083194330335,
        "median": 0.006701883774250746,
        "p75": 0.006703068064060062,
        "p90": 0.00670464989412576,
        "p95": 0.006705017759371549,
        "p99": 0.006710499531086534,
        "p99.9": 0.0067510727088747466
      },
      "time_to_first_token": {
        "mean": 0.030086619088736673,
        "min": 0.0281173181720078,
        "max": 0.03706576628610492,
        "p0.1": 0.028211619477253407,
        "p1": 0.028937758393585682,
        "p5": 0.029195244004949928,
        "p10": 0.02926364107988775,
        "p25": 0.029439411591738462,
        "median": 0.029760505072772503,
        "p75": 0.030263475375249982,
        "p90": 0.031237492430955173,
        "p95": 0.03173718857578933,
        "p99": 0.034165586573071775,
        "p99.9": 0.036728417419362856
      },
      "inter_token_latency": {
        "mean": 0.006702390268763289,
        "min": 9.339768439531326e-06,
        "max": 0.01992542203515768,
        "p0.1": 1.0699925012886525e-05,
        "p1": 0.00456181907095015,
        "p5": 0.006164990784600377,
        "p10": 0.006568513996899128,
        "p25": 0.006672146962955594,
        "median": 0.006723836064338684,
        "p75": 0.006780019961297512,
        "p90": 0.006893135979771614,
        "p95": 0.007172735780477523,
        "p99": 0.008821186907589436,
        "p99.9": 0.009708126244135246
      }
    },
    "throughput": {
      "input_tokens_per_sec": 0.5858838699438658,
      "output_tokens_per_sec": 145.49937673497618,
      "total_tokens_per_sec": 146.08526060492005,
      "requests_per_sec": 0.5858838699438658
    },
    "prompt_len": {
      "mean": 1.0,
      "min": 1.0,
      "max": 1.0,
      "p0.1": 1.0,
      "p1": 1.0,
      "p5": 1.0,
      "p10": 1.0,
      "p25": 1.0,
      "median": 1.0,
      "p75": 1.0,
      "p90": 1.0,
      "p95": 1.0,
      "p99": 1.0,
      "p99.9": 1.0
    },
    "output_len": {
      "mean": 248.34166666666667,
      "min": 241.0,
      "max": 252.0,
      "p0.1": 241.0,
      "p1": 241.19,
      "p5": 243.0,
      "p10": 244.9,
      "p25": 248.0,
      "median": 249.0,
      "p75": 250.0,
      "p90": 250.0,
      "p95": 250.0,
      "p99": 251.0,
      "p99.9": 251.88100000000003
    }
  },
  "failures": {
    "count": 0,
    "request_latency": null,
    "prompt_len": null
  }
}