{
  "load_summary": {
    "count": 120,
    "schedule_delay": {
      "mean": 1.0850287650168562,
      "min": -0.00022476445883512497,
      "max": 8.026411471422762,
      "p0.1": -0.00021961087454110383,
      "p1": -0.00014404421672225,
      "p5": 0.0005046621896326542,
      "p10": 0.0007278069388121367,
      "p25": 0.0019517072942107916,
      "median": 0.00950169749557972,
      "p75": 1.5286759349983186,
      "p90": 3.9216204342432333,
      "p95": 5.362906298204325,
      "p99": 7.270680849743078,
      "p99.9": 7.959125718637377
    }
  },
  "successes": {
    "count": 120,
    "latency": {
      "request_latency": {
        "mean": 1.8385744206180485,
        "min": 1.8349549928680062,
        "max": 1.9008573512546718,
        "p0.1": 1.83502320618229,
        "p1": 1.8355553763732315,
        "p5": 1.835862410394475,
        "p10": 1.836069161305204,
        "p25": 1.8367978390306234,
        "median": 1.8377552584279329,
        "p75": 1.8391880982089788,
        "p90": 1.8402014805935323,
        "p95": 1.8412366786506027,
        "p99": 1.8433007798157632,
        "p99.9": 1.894008986810223
      },
      "normalized_time_per_output_token": {
        "mean": 0.007426731871079587,
        "min": 0.007291491821570884,
        "max": 0.007755885678756086,
        "p0.1": 0.007292694114000788,
        "p1": 0.007304385645757257,
        "p5": 0.007344776061736047,
        "p10": 0.007347470344603062,
        "p25": 0.007353914157021791,
        "median": 0.007397577694750926,
        "p75": 0.007469823768048177,
        "p90": 0.007554478802060742,
        "p95": 0.007605985990321692,
        "p99": 0.007713307214004747,
        "p99.9": 0.007750914090569426
      },
      "time_per_output_token": {
        "mean": 0.007220120786891008,
        "min": 0.00720589722506702,
        "max": 0.007471926741302013,
        "p0.1": 0.0072060591188315305,
        "p1": 0.007207389937341213,
        "p5": 0.007213414309453219,
        "p10": 0.007215223150141537,
        "p25": 0.007216465545352549,
        "median": 0.007217901564203202,
        "p75": 0.007219175244681538,
        "p90": 0.0072215098258107905,
        "p95": 0.0072242047379724676,
        "p99": 0.007230349763277919,
        "p99.9": 0.00744321674926393
      },
      "time_to_first_token": {
        "mean": 0.0325809427537024,
        "min": 0.02989956922829151,
        "max": 0.03859061002731323,
        "p0.1": 0.029967789524700493,
        "p1": 0.030474122017621993,
        "p5": 0.03064737741369754,
        "p10": 0.030697733163833618,
        "p25": 0.030969851766712964,
        "median": 0.03231361461803317,
        "p75": 0.03353986446745694,
        "p90": 0.03478367985226214,
        "p95": 0.036059685703367,
        "p99": 0.038129135463386775,
        "p99.9": 0.03855389673775062
      },
      "inter_token_latency": {
        "mean": 0.007220120786891008,
        "min": 5.010049790143967e-06,
        "max": 0.01949927071109414,
        "p0.1": 1.0069924406707287e-05,
        "p1": 0.00366294757463038,
        "p5": 0.0059416475240141155,
        "p10": 0.007074009533971548,
        "p25": 0.007192871416918933,
        "median": 0.007242451421916485,
        "p75": 0.007293803384527564,
        "p90": 0.007420997368171811,
        "p95": 0.008157090353779492,
        "p99": 0.010106437490321675,
        "p99.9": 0.012236323332879715
      }
    },
    "throughput": {
      "input_tokens_per_sec": 0.2499348627275845,
      "output_tokens_per_sec": 61.88387201134992,
      "total_tokens_per_sec": 62.13380687407751,
      "requests_per_sec": 0.2499348627275845
    },
    "prompt_len": {
      "mean": 1.0,
      "min": 1.0,
      "max": 1.0,
      "p0.1": 1.0,
      "p1": 1.0,
      "p5": 1.0,
      "p10": 1.0,
      "p25": 1.0,
      "median": 1.0,
      "p75": 1.0,
      "p90": 1.0,
      "p95": 1.0,
      "p99": 1.0,
      "p99.9": 1.0
    },
    "output_len": {
      "mean": 247.6,
      "min": 237.0,
      "max": 252.0,
      "p0.1": 237.119,
      "p1": 238.0,
      "p5": 242.0,
      "p10": 243.9,
      "p25": 246.0,
      "median": 249.0,
      "p75": 250.0,
      "p90": 250.0,
      "p95": 250.0,
      "p99": 251.81,
      "p99.9": 252.0
    }
  },
  "failures": {
    "count": 0,
    "request_latency": null,
    "prompt_len": null
  }
}