{
  "load_summary": {
    "count": 120,
    "schedule_delay": {
      "mean": 47.71326348610843,
      "min": 0.0024369810707867146,
      "max": 85.0973592218943,
      "p0.1": 0.13050979656539857,
      "p1": 1.1057443398609756,
      "p5": 2.4174000951461494,
      "p10": 6.474926336994395,
      "p25": 25.195152302039787,
      "median": 50.06192063889466,
      "p75": 75.7096344078891,
      "p90": 81.92056483607739,
      "p95": 83.49098296053708,
      "p99": 84.12155952918343,
      "p99.9": 84.9818491285802
    }
  },
  "successes": {
    "count": 120,
    "latency": {
      "request_latency": {
        "mean": 1.7161542477163796,
        "min": 1.7140265610069036,
        "max": 1.7243364984169602,
        "p0.1": 1.7140348398680798,
        "p1": 1.714100387566723,
        "p5": 1.7145555173279718,
        "p10": 1.714777892269194,
        "p25": 1.7151945603545755,
        "median": 1.7158220058772713,
        "p75": 1.716937761171721,
        "p90": 1.7179939632769674,
        "p95": 1.718355929921381,
        "p99": 1.718883272637613,
        "p99.9": 1.7236883836849592
      },
      "normalized_time_per_output_token": {
        "mean": 0.006992302226347334,
        "min": 0.006807235895567352,
        "max": 0.009482481784459965,
        "p0.1": 0.006809980029511622,
        "p1": 0.006830501898462732,
        "p5": 0.006838250003358075,
        "p10": 0.006863784946128726,
        "p25": 0.006897255758208832,
        "median": 0.006944900816909757,
        "p75": 0.007005985575366993,
        "p90": 0.00708909075426261,
        "p95": 0.007183333102878667,
        "p99": 0.007910572033855166,
        "p99.9": 0.009307862689207112
      },
      "time_per_output_token": {
        "mean": 0.00670943595248585,
        "min": 0.0066988883521407845,
        "max": 0.006725857768207788,
        "p0.1": 0.0066992167886570095,
        "p1": 0.006701750658396631,
        "p5": 0.006705003501288593,
        "p10": 0.006707193705067038,
        "p25": 0.006708806962240487,
        "median": 0.00670957837253809,
        "p75": 0.006710285163950175,
        "p90": 0.006711300452053546,
        "p95": 0.006712034051027149,
        "p99": 0.006718072566557675,
        "p99.9": 0.0067249323041178284
      },
      "time_to_first_token": {
        "mean": 0.03782064241046707,
        "min": 0.03583596274256706,
        "max": 0.043565834406763315,
        "p0.1": 0.03584344536438584,
        "p1": 0.03592048898804933,
        "p5": 0.036392717715352775,
        "p10": 0.03654631110839546,
        "p25": 0.03687160857953131,
        "median": 0.03773434623144567,
        "p75": 0.03848293889313936,
        "p90": 0.03929811255075038,
        "p95": 0.039940098952502015,
        "p99": 0.04049551741220057,
        "p99.9": 0.04320199613226582
      },
      "inter_token_latency": {
        "mean": 0.0067094359524858494,
        "min": 3.859866410493851e-06,
        "max": 0.011925694067031145,
        "p0.1": 1.0919272433966398e-05,
        "p1": 0.004290650063194334,
        "p5": 0.005936837662011385,
        "p10": 0.006563278893008828,
        "p25": 0.006675451761111617,
        "median": 0.006732571637257934,
        "p75": 0.006793112959712744,
        "p90": 0.006914962735027075,
        "p95": 0.007287462567910552,
        "p99": 0.00898093142081052,
        "p99.9": 0.0106793106039988
      }
    },
    "throughput": {
      "input_tokens_per_sec": 6.019774670827447,
      "output_tokens_per_sec": 143.14441608388557,
      "total_tokens_per_sec": 149.16419075471302,
      "requests_per_sec": 0.5825588391123335
    },
    "prompt_len": {
      "mean": 10.333333333333334,
      "min": 10.0,
      "max": 14.0,
      "p0.1": 10.0,
      "p1": 10.0,
      "p5": 10.0,
      "p10": 10.0,
      "p25": 10.0,
      "median": 10.0,
      "p75": 10.0,
      "p90": 11.0,
      "p95": 12.0,
      "p99": 13.0,
      "p99.9": 13.881000000000014
    },
    "output_len": {
      "mean": 245.71666666666667,
      "min": 181.0,
      "max": 252.0,
      "p0.1": 184.927,
      "p1": 217.04,
      "p5": 239.0,
      "p10": 242.0,
      "p25": 245.0,
      "median": 247.0,
      "p75": 249.0,
      "p90": 250.0,
      "p95": 251.0,
      "p99": 251.0,
      "p99.9": 251.88100000000003
    }
  },
  "failures": {
    "count": 0,
    "request_latency": null,
    "prompt_len": null
  }
}