{
  "load_summary": {
    "count": 120,
    "schedule_delay": {
      "mean": 9.092180869122966,
      "min": 0.0001367931254208088,
      "max": 28.491461523342878,
      "p0.1": 0.00018095872551202773,
      "p1": 0.0005251678545027971,
      "p5": 0.0018722527893260124,
      "p10": 0.6905465980991722,
      "p25": 3.0390156025532633,
      "median": 5.730172787792981,
      "p75": 12.859246835345402,
      "p90": 23.63336105202325,
      "p95": 24.616761911963113,
      "p99": 27.65601322082337,
      "p99.9": 28.41405010115403
    }
  },
  "successes": {
    "count": 120,
    "latency": {
      "request_latency": {
        "mean": 2.116723473284704,
        "min": 2.0218153707683086,
        "max": 4.834962519817054,
        "p0.1": 2.021840263375081,
        "p1": 2.0220340296719224,
        "p5": 2.0230268897488712,
        "p10": 2.0235505510121583,
        "p25": 2.0251797705423087,
        "median": 2.027643734589219,
        "p75": 2.0297270911978558,
        "p90": 2.0340599885210393,
        "p95": 2.8511057327967135,
        "p99": 3.845586059135386,
        "p99.9": 4.727945492801269
      },
      "normalized_time_per_output_token": {
        "mean": 0.00860728322097708,
        "min": 0.0003953928934939554,
        "max": 0.019734540897212466,
        "p0.1": 0.001310137920004858,
        "p1": 0.008084223471367622,
        "p5": 0.008103662870959398,
        "p10": 0.008128889292351392,
        "p25": 0.008182215121304317,
        "median": 0.008248613041833164,
        "p75": 0.008370509442357609,
        "p90": 0.008825054300205618,
        "p95": 0.011522626125940016,
        "p99": 0.015469313048969898,
        "p99.9": 0.019259504581813965
      },
      "time_per_output_token": {
        "mean": 0.007265957205697909,
        "min": 0.0072468397114425894,
        "max": 0.007278370684012771,
        "p0.1": 0.007247038552841171,
        "p1": 0.007249139790087938,
        "p5": 0.007254668299295009,
        "p10": 0.007259765196405352,
        "p25": 0.007263767128810286,
        "median": 0.00726688031014055,
        "p75": 0.007268843395635485,
        "p90": 0.007270906671136617,
        "p95": 0.007272845978103578,
        "p99": 0.007277037952318788,
        "p99.9": 0.00727825519101508
      },
      "time_to_first_token": {
        "mean": 0.28850454536732284,
        "min": 0.19337282422930002,
        "max": 3.0057483417913318,
        "p0.1": 0.19339005661336706,
        "p1": 0.1935237042279914,
        "p5": 0.19455601561348884,
        "p10": 0.19577856762334706,
        "p25": 0.19679621851537377,
        "median": 0.1990812278818339,
        "p75": 0.2017718170536682,
        "p90": 0.20933153508231045,
        "p95": 1.017990032862872,
        "p99": 2.009188718115912,
        "p99.9": 2.89764196485422
      },
      "inter_token_latency": {
        "mean": 0.007265958028909258,
        "min": 6.160233169794083e-06,
        "max": 0.012980042025446892,
        "p0.1": 1.0979768820106983e-05,
        "p1": 0.0046251756744459275,
        "p5": 0.0064976256340742115,
        "p10": 0.00717055625282228,
        "p25": 0.007259059464558959,
        "median": 0.007301104953512549,
        "p75": 0.0073455594247207046,
        "p90": 0.007455069338902831,
        "p95": 0.007889918726868927,
        "p99": 0.009856466986238956,
        "p99.9": 0.010569559198338647
      }
    },
    "throughput": {
      "input_tokens_per_sec": 2287.4757151657864,
      "output_tokens_per_sec": 127.61733109632594,
      "total_tokens_per_sec": 2415.0930462621122,
      "requests_per_sec": 0.44406656995763827
    },
    "prompt_len": {
      "mean": 5151.2,
      "min": 5119.0,
      "max": 5187.0,
      "p0.1": 5119.119,
      "p1": 5120.76,
      "p5": 5129.95,
      "p10": 5131.9,
      "p25": 5139.75,
      "median": 5149.5,
      "p75": 5161.25,
      "p90": 5174.1,
      "p95": 5181.05,
      "p99": 5186.62,
      "p99.9": 5187.0
    },
    "output_len": {
      "mean": 287.3833333333333,
      "min": 194.0,
      "max": 5426.0,
      "p0.1": 196.975,
      "p1": 219.0,
      "p5": 230.95,
      "p10": 239.0,
      "p25": 243.0,
      "median": 246.0,
      "p75": 248.0,
      "p90": 249.0,
      "p95": 250.0,
      "p99": 251.0,
      "p99.9": 4810.175000000075
    }
  },
  "failures": {
    "count": 0,
    "request_latency": null,
    "prompt_len": null
  }
}