{
  "load_summary": {
    "count": 120,
    "schedule_delay": {
      "mean": 4.598589941645817,
      "min": -2.230145037174225e-05,
      "max": 12.467739393003285,
      "p0.1": -1.0296517051756382e-05,
      "p1": 8.915185462683439e-05,
      "p5": 0.001157382014207542,
      "p10": 0.005469672800973059,
      "p25": 1.574253691243939,
      "median": 4.381973235402256,
      "p75": 7.188673671684228,
      "p90": 8.842780260508881,
      "p95": 9.798100717761553,
      "p99": 12.337722679842264,
      "p99.9": 12.46131965574762
    },
    "send_duration": 244.21541831316426,
    "requested_rate": 0.5,
    "achieved_rate": 0.4913694672877723
  },
  "successes": {
    "count": 120,
    "latency": {
      "request_latency": {
        "mean": 1.8626108249494184,
        "min": 1.8571146000176668,
        "max": 1.8721391600556672,
        "p0.1": 1.8571208913004957,
        "p1": 1.8571786910761148,
        "p5": 1.8583588587353006,
        "p10": 1.859155663382262,
        "p25": 1.8605207417858765,
        "median": 1.8621585280634463,
        "p75": 1.8638049240689725,
        "p90": 1.8670375763438642,
        "p95": 1.869016516278498,
        "p99": 1.8714514699438587,
        "p99.9": 1.872088474147953
      },
      "normalized_time_per_output_token": {
        "mean": 0.0038177496086672065,
        "min": 0.0024826220118751127,
        "max": 0.007883553004476353,
        "p0.1": 0.002627644592227061,
        "p1": 0.003704255222981318,
        "p5": 0.0037241524446755647,
        "p10": 0.003734349182065957,
        "p25": 0.0037496500081033446,
        "median": 0.0037718635836714192,
        "p75": 0.0038115689229831977,
        "p90": 0.003858467184904723,
        "p95": 0.0039043802977083274,
        "p99": 0.004441726874928624,
        "p99.9": 0.007480526247028295
      },
      "time_per_output_token": {
        "mean": 0.003692696164763119,
        "min": 0.003660249038361888,
        "max": 0.0037384650820081146,
        "p0.1": 0.0036603465537862995,
        "p1": 0.0036611039977264307,
        "p5": 0.0036671180421272475,
        "p10": 0.003670187193676776,
        "p25": 0.003684088367259399,
        "median": 0.003692242927013003,
        "p75": 0.0037026133210682037,
        "p90": 0.0037115448911208657,
        "p95": 0.00371514709137602,
        "p99": 0.003730112483157371,
        "p99.9": 0.0037375908392932727
      },
      "time_to_first_token": {
        "mean": 0.05136656305597474,
        "min": 0.04632615717127919,
        "max": 0.05975192505866289,
        "p0.1": 0.04637521275272593,
        "p1": 0.046746220723725855,
        "p5": 0.04701669693458825,
        "p10": 0.04789773216471076,
        "p25": 0.04964078532066196,
        "median": 0.0509694404900074,
        "p75": 0.05253156111575663,
        "p90": 0.05534899821504951,
        "p95": 0.057458677864633496,
        "p99": 0.05928822847083211,
        "p99.9": 0.059707954293116934
      },
      "inter_token_latency": {
        "mean": 0.0036926340679961124,
        "min": 3.7802383303642273e-06,
        "max": 0.010333186946809292,
        "p0.1": 1.0577105917036533e-05,
        "p1": 0.0004261074122041464,
        "p5": 0.002217758959159255,
        "p10": 0.003481829073280096,
        "p25": 0.0035653477534651756,
        "median": 0.00362221198156476,
        "p75": 0.0036890858318656683,
        "p90": 0.0037990808486938477,
        "p95": 0.005681754974648357,
        "p99": 0.00796691222116351,
        "p99.9": 0.008661214146763095
      }
    },
    "throughput": {
      "input_tokens_per_sec": 125.85053202396735,
      "output_tokens_per_sec": 239.51385278700027,
      "total_tokens_per_sec": 365.36438481096764,
      "requests_per_sec": 0.4876510007709672
    },
    "prompt_len": {
      "mean": 258.075,
      "min": 251.0,
      "max": 272.0,
      "p0.1": 251.119,
      "p1": 252.0,
      "p5": 253.0,
      "p10": 254.0,
      "p25": 255.0,
      "median": 258.0,
      "p75": 260.0,
      "p90": 263.0,
      "p95": 264.0,
      "p99": 268.24,
      "p99.9": 271.64300000000003
    },
    "output_len": {
      "mean": 491.15833333333336,
      "min": 236.0,
      "max": 750.0,
      "p0.1": 257.063,
      "p1": 419.08,
      "p5": 475.75,
      "p10": 482.0,
      "p25": 489.0,
      "median": 494.0,
      "p75": 497.0,
      "p90": 499.0,
      "p95": 500.0,
      "p99": 502.81,
      "p99.9": 720.6070000000036
    }
  },
  "failures": {
    "count": 0,
    "request_latency": null,
    "prompt_len": null
  }
}