{
  "load_summary": {
    "count": 120,
    "schedule_delay": {
      "mean": 31.782832149982763,
      "min": 0.0014416435733437538,
      "max": 55.13406614167616,
      "p0.1": 0.00166145822359249,
      "p1": 0.32672526634298255,
      "p5": 6.896918220259249,
      "p10": 13.106670319102705,
      "p25": 22.15561426745262,
      "median": 31.880371103761718,
      "p75": 42.55293430725578,
      "p90": 50.72825776305981,
      "p95": 52.77459808727726,
      "p99": 54.396656705336646,
      "p99.9": 55.05005298432383
    }
  },
  "successes": {
    "count": 78,
    "latency": {
      "request_latency": {
        "mean": 1.7109262995863668,
        "min": 1.7089610360562801,
        "max": 1.7176519548520446,
        "p0.1": 1.7089771804348566,
        "p1": 1.7091224798420444,
        "p5": 1.7092134142760187,
        "p10": 1.7093293695244938,
        "p25": 1.709704007487744,
        "median": 1.71017417893745,
        "p75": 1.7110266939271241,
        "p90": 1.7142638579476626,
        "p95": 1.716313682962209,
        "p99": 1.7174596505938098,
        "p99.9": 1.717632724426221
      },
      "normalized_time_per_output_token": {
        "mean": 0.006931849305430736,
        "min": 0.0068332313122116475,
        "max": 0.008810158264487214,
        "p0.1": 0.006833432500276685,
        "p1": 0.006835243192862022,
        "p5": 0.006837116925045848,
        "p10": 0.0068379478987306355,
        "p25": 0.006840904693584889,
        "median": 0.006870016897935046,
        "p75": 0.00694388452057655,
        "p90": 0.0070161635722068546,
        "p95": 0.007086445518863425,
        "p99": 0.0076539062816382295,
        "p99.9": 0.008694533066202317
      },
      "time_per_output_token": {
        "mean": 0.006707241184293078,
        "min": 0.006687600275501609,
        "max": 0.006721888056024909,
        "p0.1": 0.006687852912005037,
        "p1": 0.006690126640535891,
        "p5": 0.00670346555635333,
        "p10": 0.006705385783687234,
        "p25": 0.006706465966999531,
        "median": 0.006707176402211189,
        "p75": 0.006708855230361223,
        "p90": 0.006709597632661462,
        "p95": 0.006710960942599922,
        "p99": 0.006718908010348678,
        "p99.9": 0.006721590051457286
      },
      "time_to_first_token": {
        "mean": 0.03313276196161333,
        "min": 0.031452621798962355,
        "max": 0.03871521586552262,
        "p0.1": 0.03145425306400284,
        "p1": 0.03146893444936723,
        "p5": 0.03164945971220732,
        "p10": 0.03169743083417416,
        "p25": 0.03199350484646857,
        "median": 0.032143472926691175,
        "p75": 0.03322268428746611,
        "p90": 0.03668555496260524,
        "p95": 0.03744116344023496,
        "p99": 0.03869596984237433,
        "p99.9": 0.03871329126320779
      },
      "inter_token_latency": {
        "mean": 0.006707241184293077,
        "min": 4.00003045797348e-06,
        "max": 0.012907179072499275,
        "p0.1": 1.0600041132420302e-05,
        "p1": 0.002173415897414088,
        "p5": 0.004580426309257746,
        "p10": 0.00651716785505414,
        "p25": 0.00666768872179091,
        "median": 0.006730220513418317,
        "p75": 0.006801716284826398,
        "p90": 0.006957528041675687,
        "p95": 0.008788854838348925,
        "p99": 0.01086815495043993,
        "p99.9": 0.011593932968564351
      }
    },
    "throughput": {
      "input_tokens_per_sec": 0.5722432130346183,
      "output_tokens_per_sec": 141.37341942534738,
      "total_tokens_per_sec": 141.945662638382,
      "requests_per_sec": 0.5722432130346183
    },
    "prompt_len": {
      "mean": 1.0,
      "min": 1.0,
      "max": 1.0,
      "p0.1": 1.0,
      "p1": 1.0,
      "p5": 1.0,
      "p10": 1.0,
      "p25": 1.0,
      "median": 1.0,
      "p75": 1.0,
      "p90": 1.0,
      "p95": 1.0,
      "p99": 1.0,
      "p99.9": 1.0
    },
    "output_len": {
      "mean": 247.05128205128204,
      "min": 194.0,
      "max": 251.0,
      "p0.1": 197.08,
      "p1": 224.8,
      "p5": 241.55,
      "p10": 243.7,
      "p25": 247.0,
      "median": 249.0,
      "p75": 250.0,
      "p90": 250.0,
      "p95": 250.0,
      "p99": 250.23000000000002,
      "p99.9": 250.923
    }
  },
  "failures": {
    "count": 42,
    "request_latency": {
      "mean": 0.0008571487629697437,
      "min": 0.0006491108797490597,
      "max": 0.004220969974994659,
      "p0.1": 0.0006494712815620005,
      "p1": 0.0006527148978784681,
      "p5": 0.0006612127181142569,
      "p10": 0.0006713592913001776,
      "p25": 0.0006880782311782241,
      "median": 0.0007115399930626154,
      "p75": 0.0007983864052221179,
      "p90": 0.0009076640475541353,
      "p95": 0.0012539778137579559,
      "p99": 0.0030635814694687617,
      "p99.9": 0.00410523112444208
    },
    "prompt_len": {
      "mean": 1.0,
      "min": 1.0,
      "max": 1.0,
      "p0.1": 1.0,
      "p1": 1.0,
      "p5": 1.0,
      "p10": 1.0,
      "p25": 1.0,
      "median": 1.0,
      "p75": 1.0,
      "p90": 1.0,
      "p95": 1.0,
      "p99": 1.0,
      "p99.9": 1.0
    }
  }
}