{
  "load_summary": {
    "count": 400,
    "schedule_delay": {
      "mean": 0.00018420541542582214,
      "min": -0.0011478466913104057,
      "max": 0.0015762867406010628,
      "p0.1": -0.0011336189582943916,
      "p1": -0.0009747724514454603,
      "p5": -0.0006870311684906482,
      "p10": -0.0005276456940919161,
      "p25": -0.00016646808944642544,
      "median": 0.00017615780234336853,
      "p75": 0.0005799370119348168,
      "p90": 0.0008560205809772015,
      "p95": 0.0010208579944446683,
      "p99": 0.0011988113028928633,
      "p99.9": 0.0014781379387714107
    },
    "send_duration": 39.96762456884608,
    "requested_rate": 10.0,
    "achieved_rate": 10.008100414148496
  },
  "successes": {
    "count": 400,
    "latency": {
      "request_latency": {
        "mean": 53.16571162956068,
        "min": 48.39653113018721,
        "max": 56.663803526200354,
        "p0.1": 48.405795357007065,
        "p1": 49.565790434414524,
        "p5": 50.37296656300314,
        "p10": 51.03832729328424,
        "p25": 52.28710608254187,
        "median": 53.606067622080445,
        "p75": 54.24784998688847,
        "p90": 54.561078055249524,
        "p95": 54.68465029487852,
        "p99": 55.98035420320928,
        "p99.9": 56.63946070571663
      },
      "normalized_time_per_output_token": {
        "mean": 0.013597850805507749,
        "min": 0.011778177447112974,
        "max": 0.01571398569791502,
        "p0.1": 0.011994315424971664,
        "p1": 0.012498069998896348,
        "p5": 0.012799067099719584,
        "p10": 0.012994466026389071,
        "p25": 0.013317285802875892,
        "median": 0.013671612373120805,
        "p75": 0.013847106584068083,
        "p90": 0.014052486205562667,
        "p95": 0.01418520851795751,
        "p99": 0.015036316981777938,
        "p99.9": 0.01568849102159175
      },
      "time_per_output_token": {
        "mean": 0.013201942216662594,
        "min": 0.011922206023707986,
        "max": 0.013643359614536166,
        "p0.1": 0.011923588993135375,
        "p1": 0.012161103130364791,
        "p5": 0.012546667628566502,
        "p10": 0.012692193040275015,
        "p25": 0.012949356705183162,
        "median": 0.013305529535980895,
        "p75": 0.013511044740094803,
        "p90": 0.01357105397678679,
        "p95": 0.013605632016586607,
        "p99": 0.013640703247649362,
        "p99.9": 0.013642890450181322
      },
      "time_to_first_token": {
        "mean": 0.3500380611617584,
        "min": 0.08251054305583239,
        "max": 4.787369965109974,
        "p0.1": 0.08258871792349964,
        "p1": 0.08945036106277257,
        "p5": 0.09721254871692508,
        "p10": 0.10071615148335696,
        "p25": 0.10955194698181003,
        "median": 0.1191599341109395,
        "p75": 0.13079129066318274,
        "p90": 0.21586300856433815,
        "p95": 3.1751487468834956,
        "p99": 4.532200615755282,
        "p99.9": 4.762602358838547
      },
      "inter_token_latency": {
        "mean": 0.013201942846468704,
        "min": 4.370231181383133e-06,
        "max": 0.3154952358454466,
        "p0.1": 0.004295617141760886,
        "p1": 0.007412475198507309,
        "p5": 0.00951121598482132,
        "p10": 0.010521750804036856,
        "p25": 0.011993541847914457,
        "median": 0.013376411981880665,
        "p75": 0.014360708417370915,
        "p90": 0.015061281155794859,
        "p95": 0.016568037262186395,
        "p99": 0.020393894258886575,
        "p99.9": 0.024477020427585292
      }
    },
    "throughput": {
      "input_tokens_per_sec": 1143.8857595155346,
      "output_tokens_per_sec": 17350.3719068801,
      "total_tokens_per_sec": 18494.257666395635,
      "requests_per_sec": 4.435642862188707
    },
    "prompt_len": {
      "mean": 257.885,
      "min": 250.0,
      "max": 271.0,
      "p0.1": 250.0,
      "p1": 251.0,
      "p5": 253.0,
      "p10": 254.0,
      "p25": 255.0,
      "median": 257.0,
      "p75": 260.0,
      "p90": 262.0,
      "p95": 264.04999999999995,
      "p99": 267.0,
      "p99.9": 270.2020000000001
    },
    "output_len": {
      "mean": 3911.58,
      "min": 3403.0,
      "max": 4236.0,
      "p0.1": 3430.132,
      "p1": 3555.76,
      "p5": 3778.8,
      "p10": 3838.9,
      "p25": 3898.0,
      "median": 3925.0,
      "p75": 3949.0,
      "p90": 3967.0,
      "p95": 3975.0,
      "p99": 4109.66,
      "p99.9": 4223.232000000002
    }
  },
  "failures": {
    "count": 0,
    "request_latency": null,
    "prompt_len": null
  }
}