{
  "load_summary": {
    "count": 120,
    "schedule_delay": {
      "mean": 8.316479762014932,
      "min": -5.7400669902563095e-05,
      "max": 28.3790549938567,
      "p0.1": 3.975460678339005e-05,
      "p1": 0.0007636040635406971,
      "p5": 0.0028609048342332247,
      "p10": 0.013227439206093553,
      "p25": 2.9956127228215337,
      "median": 6.797443182673305,
      "p75": 11.787956491811201,
      "p90": 19.204128677817074,
      "p95": 23.365097378310743,
      "p99": 27.307853266340686,
      "p99.9": 28.312437158163647
    },
    "send_duration": 479.6740826210007,
    "requested_rate": 0.25,
    "achieved_rate": 0.2501698639716047
  },
  "successes": {
    "count": 120,
    "latency": {
      "request_latency": {
        "mean": 3.6776692892502374,
        "min": 3.671010920777917,
        "max": 3.7718943571671844,
        "p0.1": 3.671096449319739,
        "p1": 3.6717528934031725,
        "p5": 3.6731382291996852,
        "p10": 3.673857431160286,
        "p25": 3.674990236526355,
        "median": 3.6768879492301494,
        "p75": 3.6785078707616776,
        "p90": 3.6797389681916686,
        "p95": 3.6823966797674075,
        "p99": 3.6862228093203155,
        "p99.9": 3.761749535849319
      },
      "normalized_time_per_output_token": {
        "mean": 0.0037600420973213466,
        "min": 0.002950202222202502,
        "max": 0.00477832536962996,
        "p0.1": 0.0029527991609096366,
        "p1": 0.0031077079561930487,
        "p5": 0.0036969534406466552,
        "p10": 0.0037028760549847753,
        "p25": 0.0037145187196415148,
        "median": 0.0037449238207377545,
        "p75": 0.0037802290945888406,
        "p90": 0.0038446916737336716,
        "p95": 0.003995712842594873,
        "p99": 0.004107497641878736,
        "p99.9": 0.004698948589698833
      },
      "time_per_output_token": {
        "mean": 0.0036981711824814923,
        "min": 0.003670605774232863,
        "max": 0.0037248270062024517,
        "p0.1": 0.0036714844437799334,
        "p1": 0.0036781036729706474,
        "p5": 0.0036807708359187768,
        "p10": 0.003683550179048251,
        "p25": 0.003692329006754363,
        "median": 0.0036979971524822167,
        "p75": 0.003705760791895719,
        "p90": 0.0037108848745324064,
        "p95": 0.003713604923867488,
        "p99": 0.0037198462830841782,
        "p99.9": 0.003724341762590681
      },
      "time_to_first_token": {
        "mean": 0.05221313788788393,
        "min": 0.04696557577699423,
        "max": 0.14528600918129086,
        "p0.1": 0.04701118146814406,
        "p1": 0.0473535875743255,
        "p5": 0.047815788281150164,
        "p10": 0.04800133123062551,
        "p25": 0.050205950858071446,
        "median": 0.05107611231505871,
        "p75": 0.0525911032455042,
        "p90": 0.05502297733910382,
        "p95": 0.05640127053484321,
        "p99": 0.05917016760446132,
        "p99.9": 0.13505761559121435
      },
      "inter_token_latency": {
        "mean": 0.0036981428325372724,
        "min": 3.9101578295230865e-06,
        "max": 0.012130410876125097,
        "p0.1": 1.0804939549416304e-05,
        "p1": 0.0004418078111484647,
        "p5": 0.0022265318082645537,
        "p10": 0.003479713015258312,
        "p25": 0.0035644222516566515,
        "median": 0.0036226713564246893,
        "p75": 0.003689830075018108,
        "p90": 0.003807830298319459,
        "p95": 0.005731681175529956,
        "p99": 0.008001925377175211,
        "p99.9": 0.008703501990996312
      }
    },
    "throughput": {
      "input_tokens_per_sec": 63.98466974969763,
      "output_tokens_per_sec": 243.27911957827124,
      "total_tokens_per_sec": 307.2637893279689,
      "requests_per_sec": 0.24826722184381658
    },
    "prompt_len": {
      "mean": 257.725,
      "min": 252.0,
      "max": 269.0,
      "p0.1": 252.0,
      "p1": 252.0,
      "p5": 253.0,
      "p10": 253.0,
      "p25": 255.0,
      "median": 257.0,
      "p75": 260.0,
      "p90": 263.0,
      "p95": 263.05,
      "p99": 265.81,
      "p99.9": 268.64300000000003
    },
    "output_len": {
      "mean": 979.9083333333333,
      "min": 770.0,
      "max": 1247.0,
      "p0.1": 784.875,
      "p1": 895.57,
      "p5": 920.0,
      "p10": 956.9,
      "p25": 974.0,
      "median": 982.0,
      "p75": 990.0,
      "p90": 993.0,
      "p95": 995.0,
      "p99": 1192.4000000000005,
      "p99.9": 1245.929
    }
  },
  "failures": {
    "count": 0,
    "request_latency": null,
    "prompt_len": null
  }
}