{
  "load_summary": {
    "count": 120,
    "schedule_delay": {
      "mean": 0.6546092722836572,
      "min": -0.00021496322005987167,
      "max": 4.432478148955852,
      "p0.1": -0.00020953345391899349,
      "p1": -0.00016744757071137428,
      "p5": 0.0004319766536355019,
      "p10": 0.0006860006600618362,
      "p25": 0.0017795905005186796,
      "median": 0.008185327053070068,
      "p75": 1.2325619021430612,
      "p90": 2.0023814585525543,
      "p95": 2.663312724418938,
      "p99": 3.2273769408138473,
      "p99.9": 4.2916294721518815
    },
    "send_duration": 470.5851407167502,
    "requested_rate": 0.25,
    "achieved_rate": 0.25500167688513814
  },
  "successes": {
    "count": 120,
    "latency": {
      "request_latency": {
        "mean": 1.9325680365941176,
        "min": 1.893903523683548,
        "max": 3.3495408818125725,
        "p0.1": 1.893943829996977,
        "p1": 1.8942883864045144,
        "p5": 1.8959547802107408,
        "p10": 1.897736780019477,
        "p25": 1.9116425259271637,
        "median": 1.914412707556039,
        "p75": 1.916517486446537,
        "p90": 1.9200512118637563,
        "p95": 1.9219686799682676,
        "p99": 2.6415445329435188,
        "p99.9": 3.2827982947682113
      },
      "normalized_time_per_output_token": {
        "mean": 0.007822951997389747,
        "min": 0.0014947029390458852,
        "max": 0.013671595435969684,
        "p0.1": 0.002217365872950289,
        "p1": 0.007568017976329084,
        "p5": 0.007619322460144759,
        "p10": 0.007640432862512347,
        "p25": 0.007686054023257625,
        "median": 0.0077489068673222295,
        "p75": 0.007815221648150104,
        "p90": 0.007924934834782188,
        "p95": 0.008055762070645825,
        "p99": 0.011502611328937472,
        "p99.9": 0.013421946879046654
      },
      "time_per_output_token": {
        "mean": 0.007243189974672473,
        "min": 0.007209644099697471,
        "max": 0.007264411864802241,
        "p0.1": 0.007211386264096946,
        "p1": 0.007224929185695946,
        "p5": 0.007233383393473923,
        "p10": 0.007238218553923071,
        "p25": 0.007241179006639868,
        "median": 0.007242746882140636,
        "p75": 0.007244285410735757,
        "p90": 0.0072515853598713875,
        "p95": 0.0072564745175652205,
        "p99": 0.007261797671448439,
        "p99.9": 0.007264130475841462
      },
      "time_to_first_token": {
        "mean": 0.11833162070640052,
        "min": 0.080403215251863,
        "max": 1.5323607116006315,
        "p0.1": 0.08047104188939556,
        "p1": 0.08098561428487301,
        "p5": 0.08186359917744994,
        "p10": 0.08467342909425497,
        "p25": 0.09757913427893072,
        "median": 0.10025281901471317,
        "p75": 0.10243929794523865,
        "p90": 0.1043528470210731,
        "p95": 0.10825262495782226,
        "p99": 0.8267595215654018,
        "p99.9": 1.4659282402526668
      },
      "inter_token_latency": {
        "mean": 0.007243189974672472,
        "min": 9.768642485141754e-06,
        "max": 0.01716575212776661,
        "p0.1": 1.078004902228713e-05,
        "p1": 0.002240351177752018,
        "p5": 0.004629059392027557,
        "p10": 0.006731237098574638,
        "p25": 0.0072094748029485345,
        "median": 0.007272858638316393,
        "p75": 0.007341545540839434,
        "p90": 0.007658328162506225,
        "p95": 0.00980861613061279,
        "p99": 0.01187434010673314,
        "p99.9": 0.012535108584910642
      }
    },
    "throughput": {
      "input_tokens_per_sec": 261.6473755746434,
      "output_tokens_per_sec": 64.60549217646135,
      "total_tokens_per_sec": 326.2528677511047,
      "requests_per_sec": 0.2539690447872424
    },
    "prompt_len": {
      "mean": 1030.2333333333333,
      "min": 1014.0,
      "max": 1051.0,
      "p0.1": 1014.476,
      "p1": 1018.0,
      "p5": 1019.95,
      "p10": 1020.0,
      "p25": 1025.0,
      "median": 1030.0,
      "p75": 1034.0,
      "p90": 1039.1,
      "p95": 1043.05,
      "p99": 1049.81,
      "p99.9": 1050.881
    },
    "output_len": {
      "mean": 254.38333333333333,
      "min": 166.0,
      "max": 1281.0,
      "p0.1": 173.497,
      "p1": 229.76,
      "p5": 239.95,
      "p10": 242.9,
      "p25": 244.0,
      "median": 247.0,
      "p75": 249.0,
      "p90": 250.0,
      "p95": 250.05,
      "p99": 253.0,
      "p99.9": 1158.668000000015
    }
  },
  "failures": {
    "count": 0,
    "request_latency": null,
    "prompt_len": null
  }
}