{
  "load_summary": {
    "count": 120,
    "schedule_delay": {
      "mean": 103.50105225012716,
      "min": 0.0012699263170361519,
      "max": 198.4849039441906,
      "p0.1": 0.17315450724074619,
      "p1": 2.0286282771872353,
      "p5": 11.912142831576057,
      "p10": 25.66175750354305,
      "p25": 50.442358408588916,
      "median": 113.24805373256095,
      "p75": 147.9225719034439,
      "p90": 175.18192143407654,
      "p95": 190.82540720591788,
      "p99": 196.7112648627255,
      "p99.9": 198.2875315965838
    },
    "send_duration": 438.17527609923854,
    "requested_rate": 0.5,
    "achieved_rate": 0.2738630099540857
  },
  "successes": {
    "count": 120,
    "latency": {
      "request_latency": {
        "mean": 3.681560106462954,
        "min": 3.677522473037243,
        "max": 3.6929383180104196,
        "p0.1": 3.6775254391105845,
        "p1": 3.6775483386963606,
        "p5": 3.677932452177629,
        "p10": 3.678490552166477,
        "p25": 3.680066161090508,
        "median": 3.6810573635157198,
        "p75": 3.6826288903830573,
        "p90": 3.6850783390924335,
        "p95": 3.6865632336121053,
        "p99": 3.68846074889414,
        "p99.9": 3.6924387232805604
      },
      "normalized_time_per_output_token": {
        "mean": 0.007517815976262027,
        "min": 0.007313754179035396,
        "max": 0.010005938538360288,
        "p0.1": 0.007318756552384573,
        "p1": 0.007358335835170001,
        "p5": 0.0073870097044119,
        "p10": 0.0073917797128913035,
        "p25": 0.007421817704462521,
        "median": 0.007474426264838033,
        "p75": 0.007526739506176644,
        "p90": 0.007610186204556843,
        "p95": 0.007667234755693546,
        "p99": 0.008440338235473195,
        "p99.9": 0.009829172791044932
      },
      "time_per_output_token": {
        "mean": 0.0072450553066019585,
        "min": 0.007238404371775687,
        "max": 0.007251460496336222,
        "p0.1": 0.007238539292260073,
        "p1": 0.007239567032093183,
        "p5": 0.007240738066053018,
        "p10": 0.007242303474713116,
        "p25": 0.007244031564565376,
        "median": 0.007245136959012598,
        "p75": 0.007245989160612225,
        "p90": 0.007247370641119778,
        "p95": 0.007248030124232173,
        "p99": 0.0072510985328536484,
        "p99.9": 0.007251420945699327
      },
      "time_to_first_token": {
        "mean": 0.057183103154723844,
        "min": 0.05294537404552102,
        "max": 0.0685560698620975,
        "p0.1": 0.05297639341186732,
        "p1": 0.05322206693701446,
        "p5": 0.053580714273266494,
        "p10": 0.05411721877753735,
        "p25": 0.05596743884962052,
        "median": 0.05689489794895053,
        "p75": 0.05854298023041338,
        "p90": 0.06037869700230658,
        "p95": 0.061142343026585874,
        "p99": 0.062285233191214505,
        "p99.9": 0.06782041689986372
      },
      "inter_token_latency": {
        "mean": 0.007245055306601959,
        "min": 6.460119038820267e-06,
        "max": 0.01247313292697072,
        "p0.1": 1.2509920634329318e-05,
        "p1": 0.0046798398718237875,
        "p5": 0.006597021105699242,
        "p10": 0.00714018028229475,
        "p25": 0.007216821308247745,
        "median": 0.007254225434735417,
        "p75": 0.007294169161468744,
        "p90": 0.007400653697550297,
        "p95": 0.007875065156258642,
        "p99": 0.00982319315429777,
        "p99.9": 0.010514595002867293
      }
    },
    "throughput": {
      "input_tokens_per_sec": 69.79920476936258,
      "output_tokens_per_sec": 133.1301975082839,
      "total_tokens_per_sec": 202.9294022776465,
      "requests_per_sec": 0.2715834302494572
    },
    "prompt_len": {
      "mean": 257.0083333333333,
      "min": 250.0,
      "max": 266.0,
      "p0.1": 250.119,
      "p1": 251.0,
      "p5": 252.0,
      "p10": 253.0,
      "p25": 254.0,
      "median": 257.0,
      "p75": 259.0,
      "p90": 262.0,
      "p95": 263.0,
      "p99": 264.81,
      "p99.9": 265.88100000000003
    },
    "output_len": {
      "mean": 490.2,
      "min": 368.0,
      "max": 503.0,
      "p0.1": 375.616,
      "p1": 436.37,
      "p5": 480.0,
      "p10": 483.9,
      "p25": 489.0,
      "median": 493.0,
      "p75": 496.0,
      "p90": 498.0,
      "p95": 498.05,
      "p99": 500.0,
      "p99.9": 502.64300000000003
    }
  },
  "failures": {
    "count": 0,
    "request_latency": null,
    "prompt_len": null
  }
}