{
  "load_summary": {
    "count": 120,
    "schedule_delay": {
      "mean": 47.84086871946929,
      "min": 0.002452411688864231,
      "max": 85.11245509423316,
      "p0.1": 0.07961669440288097,
      "p1": 0.7884676673030481,
      "p5": 4.824323300528341,
      "p10": 11.707752713467926,
      "p25": 23.334885981399566,
      "median": 52.21367655484937,
      "p75": 73.10594898753334,
      "p90": 77.23007741044276,
      "p95": 79.68225566488691,
      "p99": 83.46638585212175,
      "p99.9": 84.94449445860835
    },
    "send_duration": 203.82831662800163,
    "requested_rate": 1.0,
    "achieved_rate": 0.5887307611876463
  },
  "successes": {
    "count": 120,
    "latency": {
      "request_latency": {
        "mean": 1.7124943649900766,
        "min": 1.7099975971505046,
        "max": 1.7224523932673037,
        "p0.1": 1.7100272527858615,
        "p1": 1.7102596648130566,
        "p5": 1.710789830237627,
        "p10": 1.711033898871392,
        "p25": 1.711567081976682,
        "median": 1.7119970005005598,
        "p75": 1.7128865111153573,
        "p90": 1.7142937823664397,
        "p95": 1.7158707056194544,
        "p99": 1.7171558620687575,
        "p99.9": 1.7218232358368115
      },
      "normalized_time_per_output_token": {
        "mean": 0.006911349221554353,
        "min": 0.006820960868283572,
        "max": 0.007791292999701744,
        "p0.1": 0.006823225381201467,
        "p1": 0.006840231228508055,
        "p5": 0.006844749106653034,
        "p10": 0.006847622097656131,
        "p25": 0.006853225092403591,
        "median": 0.006889633639498677,
        "p75": 0.0069296400294627854,
        "p90": 0.006997593787201834,
        "p95": 0.00705400079397885,
        "p99": 0.007180279883376818,
        "p99.9": 0.007719094535024088
      },
      "time_per_output_token": {
        "mean": 0.006700868828237677,
        "min": 0.006688139779493213,
        "max": 0.006713179115206003,
        "p0.1": 0.0066885095696970825,
        "p1": 0.006692126402333379,
        "p5": 0.006697269741259515,
        "p10": 0.006698604044318199,
        "p25": 0.006699626626446843,
        "median": 0.006700953789986671,
        "p75": 0.006702193804550916,
        "p90": 0.006703629563935102,
        "p95": 0.006703994826227427,
        "p99": 0.006705375738535076,
        "p99.9": 0.006712257091863081
      },
      "time_to_first_token": {
        "mean": 0.036422468337696044,
        "min": 0.034223133232444525,
        "max": 0.044225674122571945,
        "p0.1": 0.03426651633577421,
        "p1": 0.03462606892455369,
        "p5": 0.03497940683737397,
        "p10": 0.03509535305202007,
        "p25": 0.035421813488937914,
        "median": 0.035872244043275714,
        "p75": 0.0366506886202842,
        "p90": 0.03828315306454898,
        "p95": 0.03973773983307183,
        "p99": 0.042557468758895996,
        "p99.9": 0.04406202995032074
      },
      "inter_token_latency": {
        "mean": 0.006700868828237678,
        "min": 3.970228135585785e-06,
        "max": 0.014055673964321613,
        "p0.1": 1.1139054782688619e-05,
        "p1": 0.004215836678631604,
        "p5": 0.005846431897953153,
        "p10": 0.006521457014605403,
        "p25": 0.006669747177511454,
        "median": 0.006723325699567795,
        "p75": 0.006781538133509457,
        "p90": 0.006929114041849971,
        "p95": 0.00745836766436696,
        "p99": 0.008912263377569615,
        "p99.9": 0.01119040223862979
      }
    },
    "throughput": {
      "input_tokens_per_sec": 5.989080155073243,
      "output_tokens_per_sec": 144.69150593978736,
      "total_tokens_per_sec": 150.6805860948606,
      "requests_per_sec": 0.5838258477731837
    },
    "prompt_len": {
      "mean": 10.258333333333333,
      "min": 10.0,
      "max": 13.0,
      "p0.1": 10.0,
      "p1": 10.0,
      "p5": 10.0,
      "p10": 10.0,
      "p25": 10.0,
      "median": 10.0,
      "p75": 10.0,
      "p90": 11.0,
      "p95": 12.0,
      "p99": 12.810000000000002,
      "p99.9": 13.0
    },
    "output_len": {
      "mean": 247.83333333333334,
      "min": 220.0,
      "max": 251.0,
      "p0.1": 222.261,
      "p1": 239.0,
      "p5": 242.9,
      "p10": 244.9,
      "p25": 247.0,
      "median": 249.0,
      "p75": 250.0,
      "p90": 250.0,
      "p95": 250.0,
      "p99": 250.0,
      "p99.9": 250.88100000000003
    }
  },
  "failures": {
    "count": 0,
    "request_latency": null,
    "prompt_len": null
  }
}