{
  "load_summary": {
    "count": 120,
    "schedule_delay": {
      "mean": 99.40327745740457,
      "min": 0.004036558326333761,
      "max": 204.3909914130345,
      "p0.1": 0.2399866063813679,
      "p1": 2.057352785412222,
      "p5": 10.378402394475415,
      "p10": 19.00827745096758,
      "p25": 53.79073330410756,
      "median": 93.23296671872959,
      "p75": 147.12688203854486,
      "p90": 184.89838399859147,
      "p95": 193.3566386929946,
      "p99": 200.57369566562122,
      "p99.9": 203.99070520758494
    },
    "send_duration": 442.20736976899207,
    "requested_rate": 0.5,
    "achieved_rate": 0.27136589800094846
  },
  "successes": {
    "count": 120,
    "latency": {
      "request_latency": {
        "mean": 3.7153504766950696,
        "min": 3.709738106932491,
        "max": 3.72249225480482,
        "p0.1": 3.7098240181058646,
        "p1": 3.7105210103467106,
        "p5": 3.711693226499483,
        "p10": 3.712840311601758,
        "p25": 3.7140915479976684,
        "median": 3.7153231110423803,
        "p75": 3.716437856317498,
        "p90": 3.7179702975787223,
        "p95": 3.7194936921587214,
        "p99": 3.7213600222812966,
        "p99.9": 3.722385551083833
      },
      "normalized_time_per_output_token": {
        "mean": 0.007540653473760757,
        "min": 0.004927053610949878,
        "max": 0.007971632777005754,
        "p0.1": 0.00522296577400565,
        "p1": 0.0074137118695575205,
        "p5": 0.007442746864303756,
        "p10": 0.007459730184711815,
        "p25": 0.007486575136652156,
        "median": 0.007535411259123461,
        "p75": 0.007611550819644033,
        "p90": 0.007720154780882901,
        "p95": 0.00776981358805079,
        "p99": 0.00790744844867008,
        "p99.9": 0.007966224645586557
      },
      "time_per_output_token": {
        "mean": 0.00730938463822628,
        "min": 0.007300887858495116,
        "max": 0.00731963187456131,
        "p0.1": 0.007301064322514459,
        "p1": 0.007302728680288419,
        "p5": 0.007305050507746637,
        "p10": 0.007306634345278144,
        "p25": 0.007308053101180121,
        "median": 0.007309551820158959,
        "p75": 0.007310529789654538,
        "p90": 0.007312397892028093,
        "p95": 0.007312881993595511,
        "p99": 0.007316376958601177,
        "p99.9": 0.007319291487860494
      },
      "time_to_first_token": {
        "mean": 0.058416148170363155,
        "min": 0.053723692893981934,
        "max": 0.06468128692358732,
        "p0.1": 0.05380920320469886,
        "p1": 0.05448124470189214,
        "p5": 0.055070268479175864,
        "p10": 0.05549527327530086,
        "p25": 0.05763611849397421,
        "median": 0.058322211960330606,
        "p75": 0.05939188785851002,
        "p90": 0.06083744699135423,
        "p95": 0.06261289084795862,
        "p99": 0.06345092244446278,
        "p99.9": 0.0645353172258474
      },
      "inter_token_latency": {
        "mean": 0.00730938463822628,
        "min": 4.860106855630875e-06,
        "max": 0.01896073669195175,
        "p0.1": 1.1039897799491882e-05,
        "p1": 0.002653803969733417,
        "p5": 0.0047962373122572895,
        "p10": 0.006910096062347293,
        "p25": 0.007259205682203174,
        "median": 0.007321737240999937,
        "p75": 0.007389177684672177,
        "p90": 0.0076891721691936255,
        "p95": 0.009799973829649386,
        "p99": 0.01190038689877838,
        "p99.9": 0.012560681338422001
      }
    },
    "throughput": {
      "input_tokens_per_sec": 69.48298451249228,
      "output_tokens_per_sec": 132.81915581336756,
      "total_tokens_per_sec": 202.30214032585982,
      "requests_per_sec": 0.2691052847114341
    },
    "prompt_len": {
      "mean": 258.2,
      "min": 252.0,
      "max": 267.0,
      "p0.1": 252.0,
      "p1": 252.0,
      "p5": 253.0,
      "p10": 254.0,
      "p25": 256.0,
      "median": 258.0,
      "p75": 261.0,
      "p90": 263.0,
      "p95": 265.0,
      "p99": 266.0,
      "p99.9": 266.88100000000003
    },
    "output_len": {
      "mean": 493.55833333333334,
      "min": 466.0,
      "max": 754.0,
      "p0.1": 466.357,
      "p1": 470.14,
      "p5": 478.0,
      "p10": 481.0,
      "p25": 488.0,
      "median": 493.0,
      "p75": 496.0,
      "p90": 498.0,
      "p95": 499.05,
      "p99": 501.0,
      "p99.9": 723.8930000000037
    }
  },
  "failures": {
    "count": 0,
    "request_latency": null,
    "prompt_len": null
  }
}