{
  "load_summary": {
    "count": 120,
    "schedule_delay": {
      "mean": 45.54360852723087,
      "min": 0.00272005470469594,
      "max": 85.15008794423193,
      "p0.1": 0.07558123750053347,
      "p1": 0.8521342764329165,
      "p5": 6.12987993170973,
      "p10": 10.170465664658696,
      "p25": 23.79972068767529,
      "median": 46.451279007596895,
      "p75": 70.16138617112301,
      "p90": 77.08409606614151,
      "p95": 82.16545972109307,
      "p99": 84.96281672006938,
      "p99.9": 85.13185842361628
    }
  },
  "successes": {
    "count": 120,
    "latency": {
      "request_latency": {
        "mean": 1.710606925270986,
        "min": 1.706785554997623,
        "max": 1.7389979753643274,
        "p0.1": 1.7067992016724312,
        "p1": 1.706933774938807,
        "p5": 1.7073519686004146,
        "p10": 1.7074899952858686,
        "p25": 1.7078739510616288,
        "median": 1.7085446626879275,
        "p75": 1.7103319430025294,
        "p90": 1.713535641413182,
        "p95": 1.7227043155115098,
        "p99": 1.7361300669191406,
        "p99.9": 1.7387869411800057
      },
      "normalized_time_per_output_token": {
        "mean": 0.006896614406648137,
        "min": 0.006801436605132315,
        "max": 0.007174308165250456,
        "p0.1": 0.006801918825466721,
        "p1": 0.006809524002844891,
        "p5": 0.006829621728509665,
        "p10": 0.006832841246761381,
        "p25": 0.00684236135147512,
        "median": 0.0068753757982563425,
        "p75": 0.006940816392330831,
        "p90": 0.006974488200474508,
        "p95": 0.0070273366316946015,
        "p99": 0.007148557393423606,
        "p99.9": 0.007171484769830652
      },
      "time_per_output_token": {
        "mean": 0.006715283881110905,
        "min": 0.006695251040160656,
        "max": 0.006869648315240534,
        "p0.1": 0.006695343401266262,
        "p1": 0.006696211487520486,
        "p5": 0.0066984982632100586,
        "p10": 0.006700984098762274,
        "p25": 0.006706637331750244,
        "median": 0.006707987828180194,
        "p75": 0.0067094496078789236,
        "p90": 0.006723381866700948,
        "p95": 0.006780675285013188,
        "p99": 0.0068592008456914,
        "p99.9": 0.0068695444218035105
      },
      "time_to_first_token": {
        "mean": 0.032760028544968615,
        "min": 0.029393855948001146,
        "max": 0.05516142910346389,
        "p0.1": 0.029418208215851338,
        "p1": 0.02961251484695822,
        "p5": 0.02980926726013422,
        "p10": 0.029865773301571606,
        "p25": 0.03018835058901459,
        "median": 0.030807055067270994,
        "p75": 0.03272609529085457,
        "p90": 0.03491748864762485,
        "p95": 0.046500470000319184,
        "p99": 0.05330909723881632,
        "p99.9": 0.05496897906484085
      },
      "inter_token_latency": {
        "mean": 0.00671517705860947,
        "min": 4.200264811515808e-06,
        "max": 0.022530116140842438,
        "p0.1": 1.0468268766999245e-05,
        "p1": 0.002817988903261721,
        "p5": 0.0054838138865306975,
        "p10": 0.006508655939251185,
        "p25": 0.0066768217366188765,
        "median": 0.006732497131451964,
        "p75": 0.006789566017687321,
        "p90": 0.006957168225198984,
        "p95": 0.007895233342424035,
        "p99": 0.009892587489448473,
        "p99.9": 0.013749602962751153
      }
    },
    "throughput": {
      "input_tokens_per_sec": 0.5893360388384571,
      "output_tokens_per_sec": 144.98153610003595,
      "total_tokens_per_sec": 145.57087213887442,
      "requests_per_sec": 0.5844654930629326
    },
    "prompt_len": {
      "mean": 1.0083333333333333,
      "min": 1.0,
      "max": 2.0,
      "p0.1": 1.0,
      "p1": 1.0,
      "p5": 1.0,
      "p10": 1.0,
      "p25": 1.0,
      "median": 1.0,
      "p75": 1.0,
      "p90": 1.0,
      "p95": 1.0,
      "p99": 1.0,
      "p99.9": 1.8810000000000144
    },
    "output_len": {
      "mean": 248.05833333333334,
      "min": 238.0,
      "max": 251.0,
      "p0.1": 238.357,
      "p1": 241.0,
      "p5": 243.0,
      "p10": 246.0,
      "p25": 247.0,
      "median": 249.0,
      "p75": 250.0,
      "p90": 250.0,
      "p95": 250.0,
      "p99": 251.0,
      "p99.9": 251.0
    }
  },
  "failures": {
    "count": 0,
    "request_latency": null,
    "prompt_len": null
  }
}