{
  "load_summary": {
    "count": 5400,
    "schedule_delay": {
      "mean": 21.031045349105348,
      "min": -0.00206749327480793,
      "max": 158.82470653532073,
      "p0.1": -0.0012781134392134846,
      "p1": -0.0010121755627915264,
      "p5": -0.0006903217872604728,
      "p10": -0.0004938071127980947,
      "p25": -0.00018351420294493437,
      "median": 0.000245505478233099,
      "p75": 0.0007824976928532124,
      "p90": 125.14560359059833,
      "p95": 141.9904377758969,
      "p99": 156.13862884291925,
      "p99.9": 158.68994382839136
    },
    "send_duration": 277.79256684938446,
    "requested_rate": 45.0,
    "achieved_rate": 19.43896505671374
  },
  "successes": {
    "count": 847,
    "latency": {
      "request_latency": {
        "mean": 224.4358283129868,
        "min": 169.41448312392458,
        "max": 260.2266619000584,
        "p0.1": 169.58230753021408,
        "p1": 174.09903731498866,
        "p5": 182.02503102151678,
        "p10": 188.08779545398428,
        "p25": 209.09313006303273,
        "median": 228.86286287382245,
        "p75": 242.6259201709181,
        "p90": 250.8775394933298,
        "p95": 259.41634432887656,
        "p99": 259.9012407060899,
        "p99.9": 260.08874732094165
      },
      "normalized_time_per_output_token": {
        "mean": 0.046000040027156464,
        "min": 0.03407370939741042,
        "max": 0.06549541877646989,
        "p0.1": 0.03427678218572633,
        "p1": 0.035442834985469206,
        "p5": 0.03731898192913699,
        "p10": 0.03845150578836618,
        "p25": 0.04271388751885348,
        "median": 0.047024407853888374,
        "p75": 0.049692402263116754,
        "p90": 0.05171372731842663,
        "p95": 0.052716572485989065,
        "p99": 0.05388297779922651,
        "p99.9": 0.06167446915734693
      },
      "time_per_output_token": {
        "mean": 0.04466949330959272,
        "min": 0.03386340073067695,
        "max": 0.05137016018116847,
        "p0.1": 0.0338927897601448,
        "p1": 0.03479464885384217,
        "p5": 0.0363801707883738,
        "p10": 0.037590607852786784,
        "p25": 0.04146094300728291,
        "median": 0.045720834284368905,
        "p75": 0.04842640547272749,
        "p90": 0.0501343589903228,
        "p95": 0.051333553940802815,
        "p99": 0.05136268620586768,
        "p99.9": 0.05136998572325502
      },
      "time_to_first_token": {
        "mean": 1.0730939687102146,
        "min": 0.06598460022360086,
        "max": 4.408286616206169,
        "p0.1": 0.06770616089180112,
        "p1": 0.08736021452583373,
        "p5": 0.1028146241325885,
        "p10": 0.11037145368754864,
        "p25": 0.14314235839992762,
        "median": 0.2502125008031726,
        "p75": 1.8712349606212229,
        "p90": 2.7421885577961804,
        "p95": 3.402708366466686,
        "p99": 4.226170725962147,
        "p99.9": 4.369062550419016
      },
      "inter_token_latency": {
        "mean": 0.04466949330959271,
        "min": 3.080349415540695e-06,
        "max": 0.7624541069380939,
        "p0.1": 3.289896994829178e-06,
        "p1": 3.4901313483715057e-06,
        "p5": 4.1299499571323395e-06,
        "p10": 4.9602240324020386e-06,
        "p25": 6.440095603466034e-06,
        "median": 0.014354759361594915,
        "p75": 0.0954859210178256,
        "p90": 0.10750432382337749,
        "p95": 0.12548651588149368,
        "p99": 0.19389589579310246,
        "p99.9": 0.5085682065440358
      }
    },
    "throughput": {
      "input_tokens_per_sec": 782.7467517614597,
      "output_tokens_per_sec": 14834.095990606582,
      "total_tokens_per_sec": 15616.84274236804,
      "requests_per_sec": 3.0386298788279555
    },
    "prompt_len": {
      "mean": 257.5985832349469,
      "min": 250.0,
      "max": 272.0,
      "p0.1": 250.0,
      "p1": 251.0,
      "p5": 252.0,
      "p10": 253.0,
      "p25": 255.0,
      "median": 257.0,
      "p75": 260.0,
      "p90": 262.0,
      "p95": 263.0,
      "p99": 267.0,
      "p99.9": 270.3080000000002
    },
    "output_len": {
      "mean": 4881.8370720188905,
      "min": 3562.0,
      "max": 5193.0,
      "p0.1": 3864.868,
      "p1": 4314.46,
      "p5": 4689.6,
      "p10": 4800.2,
      "p25": 4873.5,
      "median": 4909.0,
      "p75": 4937.0,
      "p90": 4959.0,
      "p95": 4972.0,
      "p99": 4986.54,
      "p99.9": 5154.084000000005
    }
  },
  "failures": {
    "count": 4553,
    "request_latency": {
      "mean": 183.07111249022546,
      "min": 0.011668217834085226,
      "max": 260.3107217270881,
      "p0.1": 0.023690174587070942,
      "p1": 0.18153011418879036,
      "p5": 16.444950553122908,
      "p10": 38.01617349842563,
      "p25": 182.38155791535974,
      "median": 207.36030077002943,
      "p75": 233.1855737529695,
      "p90": 249.00556268384682,
      "p95": 253.86295135272664,
      "p99": 259.2020492269844,
      "p99.9": 260.2116263264865
    },
    "prompt_len": {
      "mean": 3.0050516143202284,
      "min": 0.0,
      "max": 265.0,
      "p0.1": 0.0,
      "p1": 0.0,
      "p5": 0.0,
      "p10": 0.0,
      "p25": 0.0,
      "median": 0.0,
      "p75": 0.0,
      "p90": 0.0,
      "p95": 0.0,
      "p99": 255.47999999999956,
      "p99.9": 262.4480000000003
    }
  }
}