{
  "load_summary": {
    "count": 120,
    "schedule_delay": {
      "mean": 0.39978867237611365,
      "min": 0.00044883880764245987,
      "max": 4.946631187573075,
      "p0.1": 0.000463615367654711,
      "p1": 0.0005929256789386272,
      "p5": 0.0008690442889928817,
      "p10": 0.0012859512586146594,
      "p25": 0.002810167148709297,
      "median": 0.006494360975921154,
      "p75": 0.2705527940997854,
      "p90": 1.6442055287305277,
      "p95": 2.0540063664317127,
      "p99": 3.106516686235557,
      "p99.9": 4.749446952221008
    },
    "send_duration": 1193.3830002159812,
    "requested_rate": 0.1,
    "achieved_rate": 0.10055447411123011
  },
  "successes": {
    "count": 120,
    "latency": {
      "request_latency": {
        "mean": 2.329465801315382,
        "min": 2.2341196998022497,
        "max": 5.169557936955243,
        "p0.1": 2.234141005480662,
        "p1": 2.2343038024008273,
        "p5": 2.236397981410846,
        "p10": 2.2378210316412153,
        "p25": 2.2409335506381467,
        "median": 2.245681368513033,
        "p75": 2.2486349791288376,
        "p90": 2.2530128587037326,
        "p95": 2.911029575555585,
        "p99": 4.160392891834491,
        "p99.9": 5.056533943355097
      },
      "normalized_time_per_output_token": {
        "mean": 0.009510119345627106,
        "min": 0.008875218330926839,
        "max": 0.020929384360142685,
        "p0.1": 0.008880175825861907,
        "p1": 0.00891689316807691,
        "p5": 0.008969264232739808,
        "p10": 0.009001514863926006,
        "p25": 0.009066592455590723,
        "median": 0.00914248328227383,
        "p75": 0.00923435442958944,
        "p90": 0.009646343104091067,
        "p95": 0.011828567305935133,
        "p99": 0.016993613910206835,
        "p99.9": 0.020488393339234797
      },
      "time_per_output_token": {
        "mean": 0.007285463804910158,
        "min": 0.007268282467499375,
        "max": 0.0073140512845183475,
        "p0.1": 0.007268404900951311,
        "p1": 0.007269534220267087,
        "p5": 0.007278144609741867,
        "p10": 0.007279044703580439,
        "p25": 0.007281705561559647,
        "median": 0.007285003327764571,
        "p75": 0.007287460701540112,
        "p90": 0.007294615335576237,
        "p95": 0.007297558259267181,
        "p99": 0.0072992192359827455,
        "p99.9": 0.007312288916832907
      },
      "time_to_first_token": {
        "mean": 0.48508683749629805,
        "min": 0.39065265003591776,
        "max": 3.3197593297809362,
        "p0.1": 0.3906589031941257,
        "p1": 0.3907577814906836,
        "p5": 0.39270438700914384,
        "p10": 0.3933720241766423,
        "p25": 0.39621070527937263,
        "median": 0.40142495511099696,
        "p75": 0.40427212056238204,
        "p90": 0.4086677435319871,
        "p95": 1.0701075927121562,
        "p99": 2.306703199255281,
        "p99.9": 3.206034591850373
      },
      "inter_token_latency": {
        "mean": 0.007285462115876499,
        "min": 4.220288246870041e-06,
        "max": 0.014560347888618708,
        "p0.1": 1.0849758982658386e-05,
        "p1": 0.002105037192814052,
        "p5": 0.004375952063128352,
        "p10": 0.006622823420912027,
        "p25": 0.007284527062438428,
        "median": 0.0073516645934432745,
        "p75": 0.007425157120451331,
        "p90": 0.0077925981022417545,
        "p95": 0.009857215220108628,
        "p99": 0.011973425443284213,
        "p99.9": 0.012591106600593783
      }
    },
    "throughput": {
      "input_tokens_per_sec": 1034.3662677406273,
      "output_tokens_per_sec": 24.590231019329394,
      "total_tokens_per_sec": 1058.9564987599567,
      "requests_per_sec": 0.10036487610351781
    },
    "prompt_len": {
      "mean": 10306.058333333332,
      "min": 10261.0,
      "max": 10369.0,
      "p0.1": 10261.238,
      "p1": 10263.38,
      "p5": 10269.95,
      "p10": 10279.8,
      "p25": 10290.0,
      "median": 10304.5,
      "p75": 10320.25,
      "p90": 10339.1,
      "p95": 10350.1,
      "p99": 10359.86,
      "p99.9": 10368.048
    },
    "output_len": {
      "mean": 245.00833333333333,
      "min": 220.0,
      "max": 252.0,
      "p0.1": 220.833,
      "p1": 227.19,
      "p5": 234.95,
      "p10": 240.0,
      "p25": 244.0,
      "median": 246.0,
      "p75": 248.0,
      "p90": 249.0,
      "p95": 250.0,
      "p99": 251.81,
      "p99.9": 252.0
    }
  },
  "failures": {
    "count": 0,
    "request_latency": null,
    "prompt_len": null
  }
}