{
  "load_summary": {
    "count": 120,
    "schedule_delay": {
      "mean": 42.086838914783826,
      "min": 0.003985683899372816,
      "max": 85.07598731853068,
      "p0.1": 0.17859161976957694,
      "p1": 1.7088419012073426,
      "p5": 6.631452445662581,
      "p10": 12.231404682341964,
      "p25": 21.412634896463715,
      "median": 41.01628312072717,
      "p75": 63.08990742696915,
      "p90": 77.02117997310125,
      "p95": 81.89583482306915,
      "p99": 84.74889450047165,
      "p99.9": 85.04366879959265
    }
  },
  "successes": {
    "count": 120,
    "latency": {
      "request_latency": {
        "mean": 1.7035426186940943,
        "min": 1.688355844002217,
        "max": 1.7140154279768467,
        "p0.1": 1.688370026915334,
        "p1": 1.6885189849697053,
        "p5": 1.6889698647893965,
        "p10": 1.6894513815175742,
        "p25": 1.7054684391478077,
        "median": 1.7062891048844904,
        "p75": 1.7070036377990618,
        "p90": 1.710022714966908,
        "p95": 1.7109479795908555,
        "p99": 1.7136190003855154,
        "p99.9": 1.7139818821894004
      },
      "normalized_time_per_output_token": {
        "mean": 0.006878997704879525,
        "min": 0.006753423376008868,
        "max": 0.007112344979153325,
        "p0.1": 0.0067534801076613365,
        "p1": 0.006754075939878821,
        "p5": 0.006757144497614354,
        "p10": 0.006786960036116073,
        "p25": 0.006825297409668565,
        "median": 0.00685314117953271,
        "p75": 0.006924023900297942,
        "p90": 0.007014218923175051,
        "p95": 0.007055644108432784,
        "p99": 0.0070800796826853115,
        "p99.9": 0.007108513576491014
      },
      "time_per_output_token": {
        "mean": 0.0067016160812958265,
        "min": 0.006690143976360559,
        "max": 0.0067285195453070015,
        "p0.1": 0.006690301436142996,
        "p1": 0.006691468726042658,
        "p5": 0.006697496596258134,
        "p10": 0.006698354272730648,
        "p25": 0.006700188035145402,
        "median": 0.00670126048848033,
        "p75": 0.006702923237346113,
        "p90": 0.006704545470699668,
        "p95": 0.006707078085001558,
        "p99": 0.0067114118997938935,
        "p99.9": 0.006726495967409832
      },
      "time_to_first_token": {
        "mean": 0.027368539346692464,
        "min": 0.012640944216400385,
        "max": 0.03766183415427804,
        "p0.1": 0.012641251208260656,
        "p1": 0.012643594052642584,
        "p5": 0.012719381018541753,
        "p10": 0.012827697023749352,
        "p25": 0.0296881782123819,
        "median": 0.030003940453752875,
        "p75": 0.031018166802823544,
        "p90": 0.033966445736587046,
        "p95": 0.034933567186817525,
        "p99": 0.03708243323024362,
        "p99.9": 0.03760025735013188
      },
      "inter_token_latency": {
        "mean": 0.006701615184483799,
        "min": 5.909707397222519e-06,
        "max": 0.014167262706905603,
        "p0.1": 1.0959624312818051e-05,
        "p1": 0.003939413037151098,
        "p5": 0.005972594255581498,
        "p10": 0.006584675889462233,
        "p25": 0.006675447104498744,
        "median": 0.006723026279360056,
        "p75": 0.006772466003894806,
        "p90": 0.006879951898008585,
        "p95": 0.007332603028044102,
        "p99": 0.009011024506762624,
        "p99.9": 0.011386253557167953
      }
    },
    "throughput": {
      "input_tokens_per_sec": 0.5868729980628518,
      "output_tokens_per_sec": 145.3537697952168,
      "total_tokens_per_sec": 145.94064279327966,
      "requests_per_sec": 0.5868729980628518
    },
    "prompt_len": {
      "mean": 1.0,
      "min": 1.0,
      "max": 1.0,
      "p0.1": 1.0,
      "p1": 1.0,
      "p5": 1.0,
      "p10": 1.0,
      "p25": 1.0,
      "median": 1.0,
      "p75": 1.0,
      "p90": 1.0,
      "p95": 1.0,
      "p99": 1.0,
      "p99.9": 1.0
    },
    "output_len": {
      "mean": 247.675,
      "min": 240.0,
      "max": 252.0,
      "p0.1": 240.0,
      "p1": 240.19,
      "p5": 242.0,
      "p10": 243.0,
      "p25": 246.0,
      "median": 249.0,
      "p75": 250.0,
      "p90": 250.0,
      "p95": 250.0,
      "p99": 250.81,
      "p99.9": 251.88100000000003
    }
  },
  "failures": {
    "count": 0,
    "request_latency": null,
    "prompt_len": null
  }
}