{
  "load_summary": {
    "count": 120,
    "schedule_delay": {
      "mean": 0.0056366722603949405,
      "min": -0.00018507009372115135,
      "max": 0.032511609606444836,
      "p0.1": -0.0001661169482395053,
      "p1": 8.257199078798232e-07,
      "p5": 0.0003944973461329937,
      "p10": 0.0008110666181892157,
      "p25": 0.0018258041236549616,
      "median": 0.00467536854557693,
      "p75": 0.007571625406853855,
      "p90": 0.011302682245150209,
      "p95": 0.014536074595525857,
      "p99": 0.028184538208879537,
      "p99.9": 0.032065339362714496
    }
  },
  "successes": {
    "count": 0,
    "latency": {
      "request_latency": null,
      "normalized_time_per_output_token": null,
      "time_per_output_token": null,
      "time_to_first_token": null,
      "inter_token_latency": null
    },
    "throughput": {
      "input_tokens_per_sec": 0.0,
      "output_tokens_per_sec": 0.0,
      "total_tokens_per_sec": 0.0,
      "requests_per_sec": 0.0
    },
    "prompt_len": null,
    "output_len": null
  },
  "failures": {
    "count": 120,
    "request_latency": {
      "mean": 0.02502814311689387,
      "min": 0.020400775130838156,
      "max": 0.041017253883183,
      "p0.1": 0.020425081682391464,
      "p1": 0.02060512122698128,
      "p5": 0.02139764216262847,
      "p10": 0.0217931576538831,
      "p25": 0.023371691000647843,
      "median": 0.025579019216820598,
      "p75": 0.026385687524452806,
      "p90": 0.02749779922887683,
      "p95": 0.027745478320866823,
      "p99": 0.02935705490410328,
      "p99.9": 0.03963179019745456
    },
    "prompt_len": {
      "mean": 10304.45,
      "min": 10247.0,
      "max": 10357.0,
      "p0.1": 10248.071,
      "p1": 10256.76,
      "p5": 10265.85,
      "p10": 10280.0,
      "p25": 10292.0,
      "median": 10303.0,
      "p75": 10318.0,
      "p90": 10330.0,
      "p95": 10338.1,
      "p99": 10350.43,
      "p99.9": 10356.286
    }
  }
}