{
  "load_summary": {
    "count": 450,
    "schedule_delay": {
      "mean": 0.0005200809747394589,
      "min": -0.0008873031474649906,
      "max": 0.016480780206620693,
      "p0.1": -0.0008783789039589465,
      "p1": -0.0007222758838906884,
      "p5": -0.00044290788937360046,
      "p10": -0.00028353068046271796,
      "p25": 1.9487226381897926e-05,
      "median": 0.0003615226596593857,
      "p75": 0.0006901731248944998,
      "p90": 0.001040518516674638,
      "p95": 0.001292456337250769,
      "p99": 0.009144113440997853,
      "p99.9": 0.015268708701711268
    },
    "send_duration": 9.991566810756922,
    "requested_rate": 45.0,
    "achieved_rate": 45.03798138201208
  },
  "successes": {
    "count": 450,
    "latency": {
      "request_latency": {
        "mean": 9.133234897237271,
        "min": 3.455624542199075,
        "max": 22.840474725235254,
        "p0.1": 3.68849782913411,
        "p1": 4.17626207201276,
        "p5": 4.983710752637125,
        "p10": 5.39308127425611,
        "p25": 6.0472482243785635,
        "median": 7.158862991724163,
        "p75": 11.014318865025416,
        "p90": 16.890505830710755,
        "p95": 18.968133769067922,
        "p99": 20.903520087031648,
        "p99.9": 22.83997528184904
      },
      "normalized_time_per_output_token": {
        "mean": 0.037077687306975526,
        "min": 0.0011299849317645816,
        "max": 0.09322188726189184,
        "p0.1": 0.0011697183014559318,
        "p1": 0.016119715890247282,
        "p5": 0.019736169698789566,
        "p10": 0.021847047722222786,
        "p25": 0.024563233904583662,
        "median": 0.029185743265070917,
        "p75": 0.04455680569643229,
        "p90": 0.0687509445802922,
        "p95": 0.07744231527809071,
        "p99": 0.08584893749419865,
        "p99.9": 0.09305376862776839
      },
      "time_per_output_token": {
        "mean": 0.010838043430443678,
        "min": 0.0072693155519664284,
        "max": 0.013218075389087928,
        "p0.1": 0.007461309571957215,
        "p1": 0.008207111464384943,
        "p5": 0.008669929602462798,
        "p10": 0.009150978719629346,
        "p25": 0.010284537780098617,
        "median": 0.011145513883791864,
        "p75": 0.011665752990171314,
        "p90": 0.011874050899222492,
        "p95": 0.012005763813480735,
        "p99": 0.012654859699368715,
        "p99.9": 0.013217394068460472
      },
      "time_to_first_token": {
        "mean": 6.410295323749176,
        "min": 1.0138530223630369,
        "max": 20.904125075321645,
        "p0.1": 1.0921361355585977,
        "p1": 1.4296581316459924,
        "p5": 2.08055543191731,
        "p10": 2.449063585838303,
        "p25": 3.127956243697554,
        "median": 4.386951060499996,
        "p75": 8.326312130084261,
        "p90": 14.617250932194294,
        "p95": 16.753692475357084,
        "p99": 18.70271412681788,
        "p99.9": 20.903176422570834
      },
      "inter_token_latency": {
        "mean": 0.010837636515686127,
        "min": 3.80026176571846e-06,
        "max": 0.2550602909177542,
        "p0.1": 6.948433816432953e-06,
        "p1": 0.002034532148391009,
        "p5": 0.006763519253581762,
        "p10": 0.007995361927896738,
        "p25": 0.009246182162314653,
        "median": 0.010748004075139761,
        "p75": 0.011835119221359491,
        "p90": 0.013666056096553804,
        "p95": 0.015094057191163301,
        "p99": 0.019281640816479907,
        "p99.9": 0.08295954842492964
      }
    },
    "throughput": {
      "input_tokens_per_sec": 75580.15430130542,
      "output_tokens_per_sec": 4092.6088277054855,
      "total_tokens_per_sec": 79672.7631290109,
      "requests_per_sec": 14.67574545160584
    },
    "prompt_len": {
      "mean": 5150.004444444445,
      "min": 5111.0,
      "max": 5206.0,
      "p0.1": 5111.898,
      "p1": 5117.98,
      "p5": 5124.0,
      "p10": 5130.0,
      "p25": 5140.0,
      "median": 5151.0,
      "p75": 5159.0,
      "p90": 5169.0,
      "p95": 5175.55,
      "p99": 5187.51,
      "p99.9": 5200.612000000001
    },
    "output_len": {
      "mean": 278.8688888888889,
      "min": 199.0,
      "max": 5391.0,
      "p0.1": 199.449,
      "p1": 227.49,
      "p5": 237.0,
      "p10": 239.0,
      "p25": 243.0,
      "median": 246.0,
      "p75": 248.0,
      "p90": 250.0,
      "p95": 250.0,
      "p99": 253.0,
      "p99.9": 5390.551
    }
  },
  "failures": {
    "count": 0,
    "request_latency": null,
    "prompt_len": null
  }
}