{
  "load_summary": {
    "count": 120,
    "schedule_delay": {
      "mean": 0.7266164926928468,
      "min": -0.00015612738206982613,
      "max": 3.0525048030540347,
      "p0.1": -0.0001523042251355946,
      "p1": -0.00010092981159687043,
      "p5": 0.00043471979442983867,
      "p10": 0.0006499190349131823,
      "p25": 0.003059295006096363,
      "median": 0.538057335652411,
      "p75": 1.1892137803370133,
      "p90": 1.7452050486113888,
      "p95": 2.1176881560357286,
      "p99": 2.5690302814636383,
      "p99.9": 2.997963638195309
    },
    "send_duration": 119.16630321927369,
    "requested_rate": 1.0,
    "achieved_rate": 1.0069960782385963
  },
  "successes": {
    "count": 120,
    "latency": {
      "request_latency": {
        "mean": 0.7860349902883172,
        "min": 0.7808434921316803,
        "max": 0.8754759370349348,
        "p0.1": 0.7808499191780575,
        "p1": 0.7809020379558206,
        "p5": 0.7812698314432055,
        "p10": 0.7814818288665265,
        "p25": 0.7831707448931411,
        "median": 0.7850182699039578,
        "p75": 0.78739518544171,
        "p90": 0.7895618870854377,
        "p95": 0.7906802532495931,
        "p99": 0.7942378222057596,
        "p99.9": 0.8658324255007331
      },
      "normalized_time_per_output_token": {
        "mean": 0.00793087820897001,
        "min": 0.0022179119856609556,
        "max": 0.008790496694907713,
        "p0.1": 0.0028745982246348198,
        "p1": 0.007738974939589158,
        "p5": 0.00777153594345592,
        "p10": 0.007814930207944375,
        "p25": 0.007865646806312725,
        "median": 0.007930749888541271,
        "p75": 0.00806793562559487,
        "p90": 0.00815889258007679,
        "p95": 0.008217949630215706,
        "p99": 0.008746761019605523,
        "p99.9": 0.008786243953285268
      },
      "time_per_output_token": {
        "mean": 0.007249347097085168,
        "min": 0.007215558257885277,
        "max": 0.0073023739084601405,
        "p0.1": 0.007216386300823651,
        "p1": 0.007223946773540229,
        "p5": 0.0072413788642734294,
        "p10": 0.0072434311970137055,
        "p25": 0.007246550801210105,
        "median": 0.007248710985295475,
        "p75": 0.0072504974098410455,
        "p90": 0.007252408417407423,
        "p95": 0.007260370497591794,
        "p99": 0.0072903955814894285,
        "p99.9": 0.0073012267929222436
      },
      "time_to_first_token": {
        "mean": 0.05945554081893836,
        "min": 0.05405129585415125,
        "max": 0.14905157824978232,
        "p0.1": 0.054104383723810316,
        "p1": 0.05452558137010783,
        "p5": 0.05485234330408275,
        "p10": 0.05507469261065125,
        "p25": 0.05632284632883966,
        "median": 0.0581469195894897,
        "p75": 0.06030346138868481,
        "p90": 0.06338404854759574,
        "p95": 0.06448098039254546,
        "p99": 0.06700533383525908,
        "p99.9": 0.13929346532421305
      },
      "inter_token_latency": {
        "mean": 0.007249347097085168,
        "min": 4.159752279520035e-06,
        "max": 0.0139825320802629,
        "p0.1": 9.759584907442331e-06,
        "p1": 0.0007139094173908298,
        "p5": 0.004508877126500011,
        "p10": 0.006696750968694687,
        "p25": 0.007254671421833336,
        "median": 0.007320427801460028,
        "p75": 0.007392022060230374,
        "p90": 0.007718391949310899,
        "p95": 0.009778765030205245,
        "p99": 0.01192735493183136,
        "p99.9": 0.012586446393281223
      }
    },
    "throughput": {
      "input_tokens_per_sec": 257.471085113193,
      "output_tokens_per_sec": 100.73578089637375,
      "total_tokens_per_sec": 358.20686600956674,
      "requests_per_sec": 1.0004381120222503
    },
    "prompt_len": {
      "mean": 257.35833333333335,
      "min": 250.0,
      "max": 266.0,
      "p0.1": 250.238,
      "p1": 252.0,
      "p5": 252.0,
      "p10": 254.0,
      "p25": 255.0,
      "median": 257.0,
      "p75": 259.0,
      "p90": 261.0,
      "p95": 262.05,
      "p99": 265.81,
      "p99.9": 266.0
    },
    "output_len": {
      "mean": 100.69166666666666,
      "min": 89.0,
      "max": 356.0,
      "p0.1": 89.119,
      "p1": 90.95,
      "p5": 96.0,
      "p10": 97.0,
      "p25": 98.0,
      "median": 99.0,
      "p75": 100.0,
      "p90": 100.0,
      "p95": 101.0,
      "p99": 101.0,
      "p99.9": 325.65500000000367
    }
  },
  "failures": {
    "count": 0,
    "request_latency": null,
    "prompt_len": null
  }
}