{
  "load_summary": {
    "count": 120,
    "schedule_delay": {
      "mean": 0.321807106937437,
      "min": 0.0002181953750550747,
      "max": 2.924787351861596,
      "p0.1": 0.00022532966639846562,
      "p1": 0.0002962828753516078,
      "p5": 0.0007775500183925032,
      "p10": 0.001291401870548725,
      "p25": 0.0033607978839427233,
      "median": 0.00671733682975173,
      "p75": 0.017848302493803203,
      "p90": 1.596480898791925,
      "p95": 1.9395346381934357,
      "p99": 2.5972345130797487,
      "p99.9": 2.895714467460759
    }
  },
  "successes": {
    "count": 120,
    "latency": {
      "request_latency": {
        "mean": 2.333766660024412,
        "min": 2.2264442942105234,
        "max": 5.247800951823592,
        "p0.1": 2.2266460416694174,
        "p1": 2.228248656275682,
        "p5": 2.2291320856194945,
        "p10": 2.230340137006715,
        "p25": 2.2331777333747596,
        "median": 2.2365963777992874,
        "p75": 2.241977855330333,
        "p90": 2.2501279340591283,
        "p95": 3.0430058408528566,
        "p99": 4.023996287225746,
        "p99.9": 5.107719477823487
      },
      "normalized_time_per_output_token": {
        "mean": 0.009446672547401478,
        "min": 0.00021364473145726257,
        "max": 0.02099120380729437,
        "p0.1": 0.0012415110545745285,
        "p1": 0.00886122120907557,
        "p5": 0.00892757881451398,
        "p10": 0.00896006885766983,
        "p25": 0.009023577134151237,
        "median": 0.009098925220772193,
        "p75": 0.009230172894664171,
        "p90": 0.009435831998077814,
        "p95": 0.012319130562308458,
        "p99": 0.016940555364684348,
        "p99.9": 0.02053716126843266
      },
      "time_per_output_token": {
        "mean": 0.007277088089404754,
        "min": 0.007256426470354199,
        "max": 0.007295034056529402,
        "p0.1": 0.007256454573519528,
        "p1": 0.007256879090964794,
        "p5": 0.007261399763729423,
        "p10": 0.007262999412976205,
        "p25": 0.007273948367150224,
        "median": 0.007278627946041524,
        "p75": 0.007282369945198298,
        "p90": 0.007284884494785444,
        "p95": 0.007286672848653063,
        "p99": 0.007290368159152567,
        "p99.9": 0.007294483577122912
      },
      "time_to_first_token": {
        "mean": 0.49239898630961154,
        "min": 0.3849464408122003,
        "max": 3.4086850588209927,
        "p0.1": 0.38506875091325493,
        "p1": 0.38604159170761704,
        "p5": 0.38821142555680127,
        "p10": 0.38893360309302805,
        "p25": 0.3909788605524227,
        "median": 0.39464262314140797,
        "p75": 0.4009635829133913,
        "p90": 0.4148424313869328,
        "p95": 1.2077712127240374,
        "p99": 2.1804415675112985,
        "p99.9": 3.268118215451034
      },
      "inter_token_latency": {
        "mean": 0.007277089802338222,
        "min": 4.450324922800064e-06,
        "max": 0.012899011839181185,
        "p0.1": 1.0609426535665989e-05,
        "p1": 0.0032977344375103713,
        "p5": 0.006040545972064138,
        "p10": 0.007117245905101299,
        "p25": 0.007282075006514788,
        "median": 0.007338548079133034,
        "p75": 0.007396172033622861,
        "p90": 0.007546919398009777,
        "p95": 0.008057920215651389,
        "p99": 0.010002541532739996,
        "p99.9": 0.011659688869491222
      }
    },
    "throughput": {
      "input_tokens_per_sec": 1038.2419634008736,
      "output_tokens_per_sec": 33.35937001079877,
      "total_tokens_per_sec": 1071.6013334116724,
      "requests_per_sec": 0.10075315617879423
    },
    "prompt_len": {
      "mean": 10304.808333333332,
      "min": 10239.0,
      "max": 10375.0,
      "p0.1": 10239.595,
      "p1": 10247.42,
      "p5": 10272.85,
      "p10": 10275.9,
      "p25": 10287.75,
      "median": 10303.0,
      "p75": 10320.0,
      "p90": 10339.0,
      "p95": 10351.1,
      "p99": 10370.81,
      "p99.9": 10374.524
    },
    "output_len": {
      "mean": 331.1,
      "min": 226.0,
      "max": 10552.0,
      "p0.1": 227.19,
      "p1": 236.19,
      "p5": 237.95,
      "p10": 240.0,
      "p25": 243.0,
      "median": 246.0,
      "p75": 248.0,
      "p90": 250.0,
      "p95": 250.0,
      "p99": 252.62,
      "p99.9": 9326.419000000149
    }
  },
  "failures": {
    "count": 0,
    "request_latency": null,
    "prompt_len": null
  }
}