{
  "load_summary": {
    "count": 120,
    "schedule_delay": {
      "mean": 44.465389217234524,
      "min": 0.0011488404124975204,
      "max": 101.39686662424356,
      "p0.1": 0.0880034383959137,
      "p1": 0.7526422076160089,
      "p5": 1.3400289333425461,
      "p10": 3.846142133837566,
      "p25": 18.112874605692923,
      "median": 40.16353470413014,
      "p75": 68.97671576368157,
      "p90": 90.48410882065075,
      "p95": 98.76683060969226,
      "p99": 100.98432177834214,
      "p99.9": 101.35594855777221
    }
  },
  "successes": {
    "count": 120,
    "latency": {
      "request_latency": {
        "mean": 1.8589111329560788,
        "min": 1.8557771360501647,
        "max": 1.8661727979779243,
        "p0.1": 1.8558710342762061,
        "p1": 1.8565764302201568,
        "p5": 1.8568741333205252,
        "p10": 1.8569741437677294,
        "p25": 1.8574309019604698,
        "median": 1.8581467010080814,
        "p75": 1.859939317801036,
        "p90": 1.8619142236188053,
        "p95": 1.8626614024164154,
        "p99": 1.8633617988741025,
        "p99.9": 1.8658436578186228
      },
      "normalized_time_per_output_token": {
        "mean": 0.0075379789989027625,
        "min": 0.007398305147277763,
        "max": 0.007838796667031599,
        "p0.1": 0.007398796658126259,
        "p1": 0.0074025090948763896,
        "p5": 0.007430628834757954,
        "p10": 0.007441149973496795,
        "p25": 0.007466879298809512,
        "median": 0.007519140763223352,
        "p75": 0.007592469729407101,
        "p90": 0.007661933146082469,
        "p95": 0.007743537680944428,
        "p99": 0.007770016815213323,
        "p99.9": 0.00783061666566355
      },
      "time_per_output_token": {
        "mean": 0.007270555508461529,
        "min": 0.007258720444515348,
        "max": 0.007298435980311957,
        "p0.1": 0.00725947258011438,
        "p1": 0.007265354042965919,
        "p5": 0.007267710686940701,
        "p10": 0.007268027284741402,
        "p25": 0.0072689000340178615,
        "median": 0.007269679114222527,
        "p75": 0.007270789596252143,
        "p90": 0.007272667496651411,
        "p95": 0.007277469730656594,
        "p99": 0.007288267031367868,
        "p99.9": 0.007297274798135785
      },
      "time_to_first_token": {
        "mean": 0.04028518480869631,
        "min": 0.03789676399901509,
        "max": 0.04581250390037894,
        "p0.1": 0.03794189152540639,
        "p1": 0.038284506318159404,
        "p5": 0.038534956774674355,
        "p10": 0.03874001130461693,
        "p25": 0.03907324094325304,
        "median": 0.03957409551367164,
        "p75": 0.04133919486775994,
        "p90": 0.04318970064632595,
        "p95": 0.043615609291009605,
        "p99": 0.0444018897600472,
        "p99.9": 0.04565268698567526
      },
      "inter_token_latency": {
        "mean": 0.007270554579081487,
        "min": 4.440080374479294e-06,
        "max": 0.01711634686216712,
        "p0.1": 1.1110150255262853e-05,
        "p1": 0.002265804726630449,
        "p5": 0.0046757960226386786,
        "p10": 0.006844752188771963,
        "p25": 0.007232306525111198,
        "median": 0.007295120041817427,
        "p75": 0.007364494493231177,
        "p90": 0.007666752766817808,
        "p95": 0.009779954236000775,
        "p99": 0.011934878444299102,
        "p99.9": 0.012573223692365002
      }
    },
    "throughput": {
      "input_tokens_per_sec": 5.5172252013554095,
      "output_tokens_per_sec": 132.65094580383106,
      "total_tokens_per_sec": 138.16817100518648,
      "requests_per_sec": 0.5378286142669774
    },
    "prompt_len": {
      "mean": 10.258333333333333,
      "min": 10.0,
      "max": 13.0,
      "p0.1": 10.0,
      "p1": 10.0,
      "p5": 10.0,
      "p10": 10.0,
      "p25": 10.0,
      "median": 10.0,
      "p75": 10.0,
      "p90": 11.0,
      "p95": 12.0,
      "p99": 12.810000000000002,
      "p99.9": 13.0
    },
    "output_len": {
      "mean": 246.64166666666668,
      "min": 237.0,
      "max": 251.0,
      "p0.1": 237.238,
      "p1": 239.0,
      "p5": 240.0,
      "p10": 242.9,
      "p25": 245.0,
      "median": 247.0,
      "p75": 249.0,
      "p90": 250.0,
      "p95": 250.0,
      "p99": 251.0,
      "p99.9": 251.0
    }
  },
  "failures": {
    "count": 0,
    "request_latency": null,
    "prompt_len": null
  }
}