{
  "load_summary": {
    "count": 120,
    "schedule_delay": {
      "mean": 0.2989549127446177,
      "min": -0.0007299445569515228,
      "max": 3.7710550245828927,
      "p0.1": -0.0005674473927356303,
      "p1": 0.0006859033973887563,
      "p5": 0.001101092714816332,
      "p10": 0.0015223800204694272,
      "p25": 0.0032682998571544886,
      "median": 0.007680281065404415,
      "p75": 0.017464672215282917,
      "p90": 1.1509826977271598,
      "p95": 1.7965556418756023,
      "p99": 2.817656908202917,
      "p99.9": 3.66357543525427
    },
    "send_duration": 1197.5627445047721,
    "requested_rate": 0.1,
    "achieved_rate": 0.10020351797902963
  },
  "successes": {
    "count": 120,
    "latency": {
      "request_latency": {
        "mean": 2.1067556292943967,
        "min": 1.961385291069746,
        "max": 4.74435024196282,
        "p0.1": 1.9617398513187654,
        "p1": 1.9646278876578436,
        "p5": 1.970673809153959,
        "p10": 1.9743610247503967,
        "p25": 1.9796949054580182,
        "median": 1.9948942796327174,
        "p75": 2.029668785748072,
        "p90": 2.0391582065727563,
        "p95": 2.8296754433307796,
        "p99": 4.300749923083933,
        "p99.9": 4.708251900485256
      },
      "normalized_time_per_output_token": {
        "mean": 0.008475012667985445,
        "min": 0.00019011704367794682,
        "max": 0.020018355451319917,
        "p0.1": 0.00019063596672971186,
        "p1": 0.0016481797919024768,
        "p5": 0.00793103167532857,
        "p10": 0.007965080026988945,
        "p25": 0.008038108506174126,
        "median": 0.008148639346836361,
        "p75": 0.008317302209113787,
        "p90": 0.008514259039441207,
        "p95": 0.011422118274146681,
        "p99": 0.01791100652599203,
        "p99.9": 0.01984738176899783
      },
      "time_per_output_token": {
        "mean": 0.006792793200998928,
        "min": 0.006766174703836441,
        "max": 0.007282796503975987,
        "p0.1": 0.006766196909654886,
        "p1": 0.0067664882122166455,
        "p5": 0.006768673295434564,
        "p10": 0.006774483519233763,
        "p25": 0.0067821494839154185,
        "median": 0.006785691413097083,
        "p75": 0.006788852371741086,
        "p90": 0.006790979509986936,
        "p95": 0.006794222116749734,
        "p99": 0.0071882989832723005,
        "p99.9": 0.007282454141133409
      },
      "time_to_first_token": {
        "mean": 0.38577725115465,
        "min": 0.2420981600880623,
        "max": 3.0226658419705927,
        "p0.1": 0.2424792760196142,
        "p1": 0.24543230845127254,
        "p5": 0.25038979046512394,
        "p10": 0.25485372631810604,
        "p25": 0.2617244095308706,
        "median": 0.2749126637354493,
        "p75": 0.30886092816945165,
        "p90": 0.31876460728235545,
        "p95": 1.1139431350165978,
        "p99": 2.47697749534622,
        "p99.9": 2.971442691574345
      },
      "inter_token_latency": {
        "mean": 0.0067927784041800715,
        "min": 5.279667675495148e-06,
        "max": 0.012258438859134912,
        "p0.1": 1.1208830401301383e-05,
        "p1": 0.003009417885914445,
        "p5": 0.005869213491678238,
        "p10": 0.006688856985419989,
        "p25": 0.0067920261062681675,
        "median": 0.006841805297881365,
        "p75": 0.006896069273352623,
        "p90": 0.0070213619619607925,
        "p95": 0.007493051001802087,
        "p99": 0.009084441745653744,
        "p99.9": 0.011270058779045964
      }
    },
    "throughput": {
      "input_tokens_per_sec": 1030.570042763517,
      "output_tokens_per_sec": 41.680505311408226,
      "total_tokens_per_sec": 1072.250548074925,
      "requests_per_sec": 0.10003721423594918
    },
    "prompt_len": {
      "mean": 10301.866666666667,
      "min": 10237.0,
      "max": 10364.0,
      "p0.1": 10238.547,
      "p1": 10250.57,
      "p5": 10265.75,
      "p10": 10272.0,
      "p25": 10285.0,
      "median": 10301.0,
      "p75": 10319.0,
      "p90": 10331.0,
      "p95": 10341.15,
      "p99": 10352.62,
      "p99.9": 10362.691
    },
    "output_len": {
      "mean": 416.65,
      "min": 233.0,
      "max": 10573.0,
      "p0.1": 233.238,
      "p1": 235.19,
      "p5": 237.0,
      "p10": 239.0,
      "p25": 242.0,
      "median": 246.0,
      "p75": 248.0,
      "p90": 249.10000000000002,
      "p95": 250.0,
      "p99": 8576.370000000023,
      "p99.9": 10567.764000000001
    }
  },
  "failures": {
    "count": 0,
    "request_latency": null,
    "prompt_len": null
  }
}