{
  "load_summary": {
    "count": 120,
    "schedule_delay": {
      "mean": 40.01039991188639,
      "min": 0.0016368678770959377,
      "max": 84.37159116193652,
      "p0.1": 0.10933865747088567,
      "p1": 0.9397240783507004,
      "p5": 4.077083036163822,
      "p10": 6.9296885364223275,
      "p25": 14.3401616824558,
      "median": 39.1220596563071,
      "p75": 62.63930249842815,
      "p90": 74.6265698689036,
      "p95": 77.64607772389427,
      "p99": 82.76130426977761,
      "p99.9": 84.21077824029236
    }
  },
  "successes": {
    "count": 120,
    "latency": {
      "request_latency": {
        "mean": 1.7158418499088535,
        "min": 1.713841028045863,
        "max": 1.7231753272935748,
        "p0.1": 1.7138487308262846,
        "p1": 1.713918188563548,
        "p5": 1.7141054844949395,
        "p10": 1.7143157589714975,
        "p25": 1.7146055281627923,
        "median": 1.7153517468832433,
        "p75": 1.7165760119678453,
        "p90": 1.717811941402033,
        "p95": 1.7190414891112595,
        "p99": 1.7226074302755296,
        "p99.9": 1.7231637094249017
      },
      "normalized_time_per_output_token": {
        "mean": 0.006976696938216914,
        "min": 0.006804074432390432,
        "max": 0.007945289462373627,
        "p0.1": 0.006804171071672398,
        "p1": 0.0068055463680214,
        "p5": 0.006831475796059249,
        "p10": 0.0068599068485200405,
        "p25": 0.006907911399262158,
        "median": 0.006950886379965103,
        "p75": 0.007006898825532015,
        "p90": 0.007084371800311217,
        "p95": 0.007180275575671379,
        "p99": 0.007394979281860708,
        "p99.9": 0.007883315311345203
      },
      "time_per_output_token": {
        "mean": 0.00670931075210683,
        "min": 0.006699918348342181,
        "max": 0.006721659200266004,
        "p0.1": 0.006699936997931451,
        "p1": 0.006701027196459472,
        "p5": 0.006706251495704055,
        "p10": 0.006706424516253174,
        "p25": 0.0067081415955908595,
        "median": 0.006709161506034434,
        "p75": 0.0067106224047020074,
        "p90": 0.006711782864667475,
        "p95": 0.0067120707664638755,
        "p99": 0.006714817013051361,
        "p99.9": 0.006720862297052518
      },
      "time_to_first_token": {
        "mean": 0.03758679031549642,
        "min": 0.03562622610479593,
        "max": 0.04457555105909705,
        "p0.1": 0.03563052410166711,
        "p1": 0.0356667498126626,
        "p5": 0.035969552607275544,
        "p10": 0.03610987775027752,
        "p25": 0.03644846647512168,
        "median": 0.03687007771804929,
        "p75": 0.03844422404654324,
        "p90": 0.039625842776149514,
        "p95": 0.04096411776263267,
        "p99": 0.04370513486210257,
        "p99.9": 0.044511796441394844
      },
      "inter_token_latency": {
        "mean": 0.00670931075210683,
        "min": 4.190020263195038e-06,
        "max": 0.011923974845558405,
        "p0.1": 1.0880026035010815e-05,
        "p1": 0.004030867097899318,
        "p5": 0.005903300549834967,
        "p10": 0.006575942039489746,
        "p25": 0.006681147729977965,
        "median": 0.00672987662255764,
        "p75": 0.006782878772355616,
        "p90": 0.006904959212988615,
        "p95": 0.007343430467881262,
        "p99": 0.009011486042290923,
        "p99.9": 0.011399072208441798
      }
    },
    "throughput": {
      "input_tokens_per_sec": 5.982041287285771,
      "output_tokens_per_sec": 143.3504910101768,
      "total_tokens_per_sec": 149.33253229746256,
      "requests_per_sec": 0.5826663591512115
    },
    "prompt_len": {
      "mean": 10.266666666666667,
      "min": 10.0,
      "max": 13.0,
      "p0.1": 10.0,
      "p1": 10.0,
      "p5": 10.0,
      "p10": 10.0,
      "p25": 10.0,
      "median": 10.0,
      "p75": 10.0,
      "p90": 11.0,
      "p95": 12.0,
      "p99": 13.0,
      "p99.9": 13.0
    },
    "output_len": {
      "mean": 246.025,
      "min": 216.0,
      "max": 252.0,
      "p0.1": 217.785,
      "p1": 231.95,
      "p5": 239.0,
      "p10": 242.0,
      "p25": 245.0,
      "median": 247.0,
      "p75": 248.25,
      "p90": 250.0,
      "p95": 251.0,
      "p99": 252.0,
      "p99.9": 252.0
    }
  },
  "failures": {
    "count": 0,
    "request_latency": null,
    "prompt_len": null
  }
}