{
  "load_summary": {
    "count": 120,
    "schedule_delay": {
      "mean": 373.0510990296956,
      "min": 0.0021342337131500244,
      "max": 750.6406681346707,
      "p0.1": 0.7566178037435748,
      "p1": 7.446700016995892,
      "p5": 33.54351994881872,
      "p10": 71.31077295811848,
      "p25": 184.15486237453297,
      "median": 371.48226601746865,
      "p75": 561.8694054543739,
      "p90": 679.5764556438197,
      "p95": 713.7101291787345,
      "p99": 742.5982136922981,
      "p99.9": 749.8168304911019
    }
  },
  "successes": {
    "count": 120,
    "latency": {
      "request_latency": {
        "mean": 7.313775421193956,
        "min": 7.308682357892394,
        "max": 7.3260960299521685,
        "p0.1": 7.308841346316971,
        "p1": 7.310041727251373,
        "p5": 7.310981513094157,
        "p10": 7.311126936785877,
        "p25": 7.3125634687021375,
        "median": 7.313697657547891,
        "p75": 7.314814292360097,
        "p90": 7.316196767939255,
        "p95": 7.316858335165307,
        "p99": 7.318061104337684,
        "p99.9": 7.325142868380528
      },
      "normalized_time_per_output_token": {
        "mean": 0.007478046061110107,
        "min": 0.007306449301354773,
        "max": 0.01030051387439836,
        "p0.1": 0.007308395576964389,
        "p1": 0.007323279855419124,
        "p5": 0.0073339639862892315,
        "p10": 0.007350636327957463,
        "p25": 0.0073833292454488645,
        "median": 0.007437496667534552,
        "p75": 0.007515604566243828,
        "p90": 0.007550225233625948,
        "p95": 0.007621019768263445,
        "p99": 0.007894250933754758,
        "p99.9": 0.01001570180545426
      },
      "time_per_output_token": {
        "mean": 0.007253996205481666,
        "min": 0.007249532198999077,
        "max": 0.007262036256078217,
        "p0.1": 0.007249742805555928,
        "p1": 0.007251303133424371,
        "p5": 0.007251678590569645,
        "p10": 0.00725260450639762,
        "p25": 0.007253188316128216,
        "median": 0.007254135569557547,
        "p75": 0.007254611170385033,
        "p90": 0.0072553041140548885,
        "p95": 0.007255620745941997,
        "p99": 0.007257966845068149,
        "p99.9": 0.00726157285933983
      },
      "time_to_first_token": {
        "mean": 0.057049503918581955,
        "min": 0.05232348991557956,
        "max": 0.06584356399253011,
        "p0.1": 0.0523646211726591,
        "p1": 0.05269094909075647,
        "p5": 0.053699083323590455,
        "p10": 0.054684149520471695,
        "p25": 0.05583945976104587,
        "median": 0.05692058359272778,
        "p75": 0.058128180680796504,
        "p90": 0.059489741316065194,
        "p95": 0.060505377152003346,
        "p99": 0.062263809251599016,
        "p99.9": 0.06545768486615275
      },
      "inter_token_latency": {
        "mean": 0.0072539961384806865,
        "min": 9.43988561630249e-06,
        "max": 0.015871189069002867,
        "p0.1": 9.672178141772776e-05,
        "p1": 0.004720944492146373,
        "p5": 0.006649536825716495,
        "p10": 0.007133394666016102,
        "p25": 0.0072168088518083096,
        "median": 0.007255718111991882,
        "p75": 0.0072969680186361074,
        "p90": 0.007407114747911691,
        "p95": 0.007866533985361454,
        "p99": 0.009809569269418717,
        "p99.9": 0.010500068942085047
      }
    },
    "throughput": {
      "input_tokens_per_sec": 35.301517924896224,
      "output_tokens_per_sec": 133.85296546472026,
      "total_tokens_per_sec": 169.15448338961647,
      "requests_per_sec": 0.13671719060795695
    },
    "prompt_len": {
      "mean": 258.2083333333333,
      "min": 250.0,
      "max": 270.0,
      "p0.1": 250.119,
      "p1": 251.0,
      "p5": 253.0,
      "p10": 254.0,
      "p25": 256.0,
      "median": 258.0,
      "p75": 260.0,
      "p90": 263.0,
      "p95": 265.0,
      "p99": 268.43,
      "p99.9": 269.88100000000003
    },
    "output_len": {
      "mean": 979.05,
      "min": 710.0,
      "max": 1001.0,
      "p0.1": 735.585,
      "p1": 926.52,
      "p5": 959.6,
      "p10": 968.9,
      "p25": 973.0,
      "median": 983.0,
      "p75": 991.0,
      "p90": 995.0,
      "p95": 997.05,
      "p99": 998.81,
      "p99.9": 1000.7620000000001
    }
  },
  "failures": {
    "count": 0,
    "request_latency": null,
    "prompt_len": null
  }
}