{
  "load_summary": {
    "count": 120,
    "schedule_delay": {
      "mean": 4.749057759309653,
      "min": 0.00019127456471323967,
      "max": 18.03233810327947,
      "p0.1": 0.0002026491672731936,
      "p1": 0.0002879588585346937,
      "p5": 0.0012294618878513574,
      "p10": 0.0022775618825107815,
      "p25": 1.2505812890594825,
      "median": 4.219425140181556,
      "p75": 6.435231110081077,
      "p90": 10.295204695593574,
      "p95": 13.869304433581418,
      "p99": 17.7343960961001,
      "p99.9": 18.005709810466975
    }
  },
  "successes": {
    "count": 120,
    "latency": {
      "request_latency": {
        "mean": 1.8560984049729692,
        "min": 1.8526508240029216,
        "max": 1.8644704218022525,
        "p0.1": 1.852707762459293,
        "p1": 1.8532673295447604,
        "p5": 1.854080879315734,
        "p10": 1.8541564054321498,
        "p25": 1.854752075043507,
        "median": 1.8554439509753138,
        "p75": 1.8570098337950185,
        "p90": 1.8586165328975768,
        "p95": 1.8597666702698916,
        "p99": 1.8624750741710887,
        "p99.9": 1.8642669263738207
      },
      "normalized_time_per_output_token": {
        "mean": 0.007544729790172514,
        "min": 0.005330081333288516,
        "max": 0.008751148806076567,
        "p0.1": 0.005571667837021405,
        "p1": 0.007365249402322936,
        "p5": 0.007393226609287034,
        "p10": 0.0074227347172796726,
        "p25": 0.007475612318349309,
        "median": 0.007541335140529081,
        "p75": 0.007603127454964781,
        "p90": 0.007725143680387798,
        "p95": 0.007796685961896882,
        "p99": 0.008059476269949356,
        "p99.9": 0.008673452990426139
      },
      "time_per_output_token": {
        "mean": 0.007229954916099086,
        "min": 0.007213333351537585,
        "max": 0.007254157952964306,
        "p0.1": 0.007213358631042764,
        "p1": 0.007214064317811281,
        "p5": 0.007219228371605277,
        "p10": 0.007227302068471908,
        "p25": 0.007229022321756929,
        "median": 0.007230179435573518,
        "p75": 0.00723103333869949,
        "p90": 0.007232334381341934,
        "p95": 0.0072376896632835265,
        "p99": 0.007251554785035551,
        "p99.9": 0.007254016107430682
      },
      "time_to_first_token": {
        "mean": 0.04736406510152544,
        "min": 0.0447407397441566,
        "max": 0.05513312807306647,
        "p0.1": 0.0447642383640632,
        "p1": 0.044964711610227824,
        "p5": 0.04526428114622831,
        "p10": 0.04561887914314866,
        "p25": 0.04600225714966655,
        "median": 0.04680729587562382,
        "p75": 0.048153037670999765,
        "p90": 0.04967718273401261,
        "p95": 0.05136489106807857,
        "p99": 0.05430820968467742,
        "p99.9": 0.05504731941502542
      },
      "inter_token_latency": {
        "mean": 0.007229954916099087,
        "min": 4.500150680541992e-06,
        "max": 0.01980766002088785,
        "p0.1": 1.044010603800416e-05,
        "p1": 0.0022601061081513763,
        "p5": 0.004572799289599061,
        "p10": 0.006746028969064355,
        "p25": 0.007191222044639289,
        "median": 0.007256785174831748,
        "p75": 0.007328272447921336,
        "p90": 0.007677431032061579,
        "p95": 0.009823758341372012,
        "p99": 0.011918748929165304,
        "p99.9": 0.01253848921554167
      }
    },
    "throughput": {
      "input_tokens_per_sec": 47.90180657849926,
      "output_tokens_per_sec": 114.86487222700562,
      "total_tokens_per_sec": 162.76667880550488,
      "requests_per_sec": 0.4662354440278945
    },
    "prompt_len": {
      "mean": 102.74166666666666,
      "min": 100.0,
      "max": 109.0,
      "p0.1": 100.0,
      "p1": 100.0,
      "p5": 100.0,
      "p10": 100.0,
      "p25": 101.0,
      "median": 103.0,
      "p75": 104.0,
      "p90": 105.0,
      "p95": 106.0,
      "p99": 107.81,
      "p99.9": 108.88100000000001
    },
    "output_len": {
      "mean": 246.36666666666667,
      "min": 212.0,
      "max": 348.0,
      "p0.1": 214.023,
      "p1": 230.14,
      "p5": 238.0,
      "p10": 240.0,
      "p25": 244.0,
      "median": 246.0,
      "p75": 248.25,
      "p90": 250.0,
      "p95": 251.0,
      "p99": 251.81,
      "p99.9": 336.5760000000014
    }
  },
  "failures": {
    "count": 0,
    "request_latency": null,
    "prompt_len": null
  }
}