{
  "load_summary": {
    "count": 120,
    "schedule_delay": {
      "mean": 0.9189505068430056,
      "min": -0.0010622143745422363,
      "max": 5.754569400567561,
      "p0.1": -0.00094421545881778,
      "p1": -2.2119721397757546e-05,
      "p5": 0.0003928931429982185,
      "p10": 0.0008843306917697192,
      "p25": 0.002369147725403309,
      "median": 0.010868476936593652,
      "p75": 1.5559308306546882,
      "p90": 3.018860142165795,
      "p95": 3.7792724254308268,
      "p99": 5.1607100531645145,
      "p99.9": 5.710745082496205
    },
    "send_duration": 480.3526981989853,
    "requested_rate": 0.25,
    "achieved_rate": 0.24981643790057403
  },
  "successes": {
    "count": 120,
    "latency": {
      "request_latency": {
        "mean": 1.90780503480928,
        "min": 1.8912002802826464,
        "max": 1.9299124600365758,
        "p0.1": 1.891308601806406,
        "p1": 1.8921402866300197,
        "p5": 1.893378036445938,
        "p10": 1.8949538686778395,
        "p25": 1.908235687413253,
        "median": 1.9098841573577374,
        "p75": 1.9113044772529975,
        "p90": 1.9134792099706828,
        "p95": 1.9151124359341338,
        "p99": 1.9168490739306434,
        "p99.9": 1.9283835225966761
      },
      "normalized_time_per_output_token": {
        "mean": 0.007657829114167561,
        "min": 0.001488594349912155,
        "max": 0.008209037162811204,
        "p0.1": 0.0014902352147974762,
        "p1": 0.002651550328336921,
        "p5": 0.007575317481855699,
        "p10": 0.007613968286648333,
        "p25": 0.007667707941996364,
        "median": 0.0077353816060914925,
        "p75": 0.007818599277418825,
        "p90": 0.007931187097756075,
        "p95": 0.008030895913447177,
        "p99": 0.008198539099767125,
        "p99.9": 0.008208934339500033
      },
      "time_per_output_token": {
        "mean": 0.0072377793654333795,
        "min": 0.007204995276406407,
        "max": 0.007318757709115744,
        "p0.1": 0.007206145478043705,
        "p1": 0.007216233978290111,
        "p5": 0.007229570504371076,
        "p10": 0.007232121212221682,
        "p25": 0.007236278239637613,
        "median": 0.007238048183731735,
        "p75": 0.007239330084063113,
        "p90": 0.007240466336533427,
        "p95": 0.00724244537493214,
        "p99": 0.007249879955817014,
        "p99.9": 0.007310602727245541
      },
      "time_to_first_token": {
        "mean": 0.09455594133663302,
        "min": 0.07824141811579466,
        "max": 0.11036244593560696,
        "p0.1": 0.07828698163712397,
        "p1": 0.07871036864817142,
        "p5": 0.08064944907091558,
        "p10": 0.08130760276690126,
        "p25": 0.09464570030104369,
        "median": 0.09652997646480799,
        "p75": 0.09812850994057953,
        "p90": 0.09997725603170693,
        "p95": 0.10256612312514335,
        "p99": 0.10577216221485287,
        "p99.9": 0.10981626236485324
      },
      "inter_token_latency": {
        "mean": 0.00723777936543338,
        "min": 5.43985515832901e-06,
        "max": 0.01307017495855689,
        "p0.1": 1.0889945086091757e-05,
        "p1": 0.004456925475969911,
        "p5": 0.006065715407021344,
        "p10": 0.007110889116302132,
        "p25": 0.007220447761937976,
        "median": 0.007267192006111145,
        "p75": 0.00731457956135273,
        "p90": 0.007431266969069839,
        "p95": 0.008002401678822935,
        "p99": 0.009888254329562186,
        "p99.9": 0.012049389515072114
      }
    },
    "throughput": {
      "input_tokens_per_sec": 256.32349601966905,
      "output_tokens_per_sec": 65.43750262823052,
      "total_tokens_per_sec": 321.76099864789956,
      "requests_per_sec": 0.24882756560579447
    },
    "prompt_len": {
      "mean": 1030.125,
      "min": 1014.0,
      "max": 1050.0,
      "p0.1": 1014.238,
      "p1": 1016.38,
      "p5": 1019.95,
      "p10": 1022.0,
      "p25": 1025.75,
      "median": 1030.0,
      "p75": 1034.0,
      "p90": 1037.1,
      "p95": 1040.0,
      "p99": 1048.05,
      "p99.9": 1049.881
    },
    "output_len": {
      "mean": 262.98333333333335,
      "min": 231.0,
      "max": 1283.0,
      "p0.1": 231.238,
      "p1": 233.19,
      "p5": 237.85,
      "p10": 241.0,
      "p25": 245.0,
      "median": 247.0,
      "p75": 249.0,
      "p90": 250.0,
      "p95": 250.05,
      "p99": 1071.7200000000023,
      "p99.9": 1280.7390000000003
    }
  },
  "failures": {
    "count": 0,
    "request_latency": null,
    "prompt_len": null
  }
}