{
  "load_summary": {
    "count": 120,
    "schedule_delay": {
      "mean": 21.843866227117058,
      "min": 0.0008801380172371864,
      "max": 57.22291488526389,
      "p0.1": 0.0009048946942202746,
      "p1": 0.0012011954002082348,
      "p5": 0.004498831811361015,
      "p10": 0.01007656273432076,
      "p25": 8.139309157035314,
      "median": 20.158404245972633,
      "p75": 33.64326539391186,
      "p90": 47.14555416754447,
      "p95": 49.89773371436167,
      "p99": 54.734026079480536,
      "p99.9": 56.931871432838534
    },
    "send_duration": 1224.0255586998537,
    "requested_rate": 0.1,
    "achieved_rate": 0.09803716854365578
  },
  "successes": {
    "count": 120,
    "latency": {
      "request_latency": {
        "mean": 9.111571068743554,
        "min": 9.103647450916469,
        "max": 9.216967965010554,
        "p0.1": 9.103700766647234,
        "p1": 9.10413107495755,
        "p5": 9.105187515425495,
        "p10": 9.106219960935414,
        "p25": 9.107976707513444,
        "median": 9.109511066926643,
        "p75": 9.111063454882242,
        "p90": 9.113182368082926,
        "p95": 9.115940833999776,
        "p99": 9.19946333878208,
        "p99.9": 9.2165464506126
      },
      "normalized_time_per_output_token": {
        "mean": 0.003736402158397901,
        "min": 0.0036624533326110784,
        "max": 0.004205427233590671,
        "p0.1": 0.003663454650215348,
        "p1": 0.0036708770700697364,
        "p5": 0.0036743337429638464,
        "p10": 0.0036828860844109576,
        "p25": 0.003697857015390194,
        "median": 0.003719334803414718,
        "p75": 0.003750413421459824,
        "p90": 0.003788133409362817,
        "p95": 0.0038328032086191476,
        "p99": 0.004037461540793842,
        "p99.9": 0.004185458128016713
      },
      "time_per_output_token": {
        "mean": 0.0036272744005476903,
        "min": 0.0036203209342435,
        "max": 0.0037019231047508714,
        "p0.1": 0.0036203352373156694,
        "p1": 0.003620444843184203,
        "p5": 0.0036208048491552475,
        "p10": 0.003620999911054969,
        "p25": 0.0036213425358291714,
        "median": 0.0036217409320175647,
        "p75": 0.003624534595534399,
        "p90": 0.0036419743380059822,
        "p95": 0.0036545249444825956,
        "p99": 0.003670625423828241,
        "p99.9": 0.003698202582725047
      },
      "time_to_first_token": {
        "mean": 0.05234988048905507,
        "min": 0.046349030919373035,
        "max": 0.1490519940853119,
        "p0.1": 0.04639518781052902,
        "p1": 0.04676981140859425,
        "p5": 0.04741750380489975,
        "p10": 0.04802668276242912,
        "p25": 0.04920286452397704,
        "median": 0.05125367012806237,
        "p75": 0.052852095337584615,
        "p90": 0.054340344341471794,
        "p95": 0.055727268243208526,
        "p99": 0.08171131771989174,
        "p99.9": 0.14168869252177044
      },
      "inter_token_latency": {
        "mean": 0.0036272337293180657,
        "min": 3.350432962179184e-06,
        "max": 0.020000047981739044,
        "p0.1": 6.864928547292949e-05,
        "p1": 0.0013359019719064236,
        "p5": 0.0030462491791695356,
        "p10": 0.0035352409817278386,
        "p25": 0.003590698353946209,
        "median": 0.003617956768721342,
        "p75": 0.0036456878297030926,
        "p90": 0.0037265894934535022,
        "p95": 0.004120565904304383,
        "p99": 0.005972992349416019,
        "p99.9": 0.008231668449938431
      }
    },
    "throughput": {
      "input_tokens_per_sec": 25.045201056435754,
      "output_tokens_per_sec": 237.39175402330397,
      "total_tokens_per_sec": 262.43695507973973,
      "requests_per_sec": 0.09731330549061942
    },
    "prompt_len": {
      "mean": 257.3666666666667,
      "min": 250.0,
      "max": 268.0,
      "p0.1": 250.0,
      "p1": 250.19,
      "p5": 252.0,
      "p10": 253.0,
      "p25": 255.0,
      "median": 257.0,
      "p75": 259.0,
      "p90": 262.0,
      "p95": 264.0,
      "p99": 265.81,
      "p99.9": 267.76200000000006
    },
    "output_len": {
      "mean": 2439.4583333333335,
      "min": 2166.0,
      "max": 2487.0,
      "p0.1": 2176.71,
      "p1": 2256.19,
      "p5": 2381.7,
      "p10": 2404.9,
      "p25": 2429.5,
      "median": 2450.0,
      "p75": 2462.0,
      "p90": 2473.2,
      "p95": 2479.05,
      "p99": 2482.0,
      "p99.9": 2486.405
    }
  },
  "failures": {
    "count": 0,
    "request_latency": null,
    "prompt_len": null
  }
}