  idx	   wall_ms	   dt_ms	 cnt_dt_ms	   kind	content
    0	      0.00	    0.00	         —	   role	[ROLE:assistant]
    1	      0.00	    0.00	         —	content	'I'
    2	     10.08	   10.08	     10.08	content	"'m"
    3	     21.92	   11.85	     11.85	content	' sorry'
    4	     33.67	   11.74	     11.74	content	','
    5	     45.49	   11.82	     11.82	content	' but'
    6	     57.42	   11.93	     11.93	content	' I'
    7	     70.38	   12.96	     12.96	content	' can'
    8	     80.96	   10.58	     10.58	content	"'t"
    9	     92.79	   11.82	     11.82	content	' assist'
   10	    104.61	   11.82	     11.82	content	' with'
   11	    116.51	   11.89	     11.89	content	' that'
   12	    128.36	   11.86	     11.86	content	' request'
   13	    140.09	   11.72	     11.72	content	'.'
   14	    151.97	   11.88	         —	  empty	[EMPTY]
   15	    164.02	   12.06	     23.94	content	'\n'
   16	    176.22	   12.19	         —	  empty	[EMPTY]
   17	    187.47	   11.26	         —	  empty	[EMPTY]
   18	    199.32	   11.85	         —	  empty	[EMPTY]
   19	    211.15	   11.83	     47.12	content	'\n'
   20	    223.04	   11.90	         —	  empty	[EMPTY]
   21	    234.89	   11.84	         —	  empty	[EMPTY]
   22	    246.65	   11.77	         —	  empty	[EMPTY]
   23	    258.53	   11.88	     47.38	content	'\n'
   24	    270.73	   12.20	         —	  empty	[EMPTY]
   25	    282.12	   11.38	         —	  empty	[EMPTY]
   26	    293.99	   11.87	         —	  empty	[EMPTY]
   27	    306.27	   12.29	     47.74	content	'\n'
   28	    317.66	   11.39	         —	  empty	[EMPTY]
   29	    329.50	   11.84	         —	  empty	[EMPTY]
   30	    341.34	   11.84	     35.07	content	'\n'
   31	    353.22	   11.88	         —	  empty	[EMPTY]
   32	    365.02	   11.79	         —	  empty	[EMPTY]
   33	    376.93	   11.92	         —	  empty	[EMPTY]
   34	    388.70	   11.77	     47.36	content	'\n'
   35	    400.41	   11.71	         —	  empty	[EMPTY]
   36	    412.88	   12.47	         —	  empty	[EMPTY]
   37	    424.17	   11.29	     35.47	content	'\n'
   38	    435.91	   11.74	         —	  empty	[EMPTY]
   39	    447.74	   11.83	         —	  empty	[EMPTY]
   40	    459.78	   12.04	     35.61	content	'\n'
   41	    471.52	   11.74	         —	  empty	[EMPTY]
   42	    483.28	   11.76	         —	  empty	[EMPTY]
   43	    495.27	   12.00	     35.50	content	'\n'
   44	    506.93	   11.66	         —	  empty	[EMPTY]
   45	    521.77	   14.84	         —	  empty	[EMPTY]
   46	    530.51	    8.74	     35.23	content	'\n'
   47	    542.42	   11.91	         —	  empty	[EMPTY]
   48	    554.35	   11.93	         —	  empty	[EMPTY]
   49	    566.09	   11.74	     35.59	content	'\n'
   50	    577.96	   11.87	         —	  empty	[EMPTY]
   51	    589.94	   11.98	         —	  empty	[EMPTY]
   52	    601.75	   11.81	     35.66	content	'\n'
   53	    613.71	   11.97	         —	  empty	[EMPTY]
   54	    625.44	   11.73	         —	  empty	[EMPTY]
   55	    637.20	   11.76	     35.46	content	'\n'
   56	    649.06	   11.85	         —	  empty	[EMPTY]
   57	    661.06	   12.00	         —	  empty	[EMPTY]
   58	    672.75	   11.69	     35.54	content	'\n'
   59	    684.59	   11.84	         —	  empty	[EMPTY]
   60	    696.41	   11.83	         —	  empty	[EMPTY]
   61	    708.29	   11.88	     35.55	content	'\n'
   62	    721.40	   13.11	         —	  empty	[EMPTY]
   63	    731.94	   10.54	         —	  empty	[EMPTY]
   64	    743.77	   11.84	     35.48	content	'\n'
   65	    755.81	   12.04	         —	  empty	[EMPTY]
   66	    767.72	   11.91	         —	  empty	[EMPTY]
   67	    779.42	   11.70	     35.65	content	'\n'
   68	    791.12	   11.70	         —	  empty	[EMPTY]
   69	    802.97	   11.85	         —	  empty	[EMPTY]
   70	    814.80	   11.83	     35.38	content	'\n'
   71	    826.93	   12.13	         —	  empty	[EMPTY]
   72	    838.47	   11.53	         —	  empty	[EMPTY]
   73	    850.35	   11.88	     35.54	content	'\n'
   74	    862.35	   12.01	         —	  empty	[EMPTY]
   75	    874.03	   11.68	         —	  empty	[EMPTY]
   76	    885.87	   11.84	     35.52	content	'\n'
   77	    897.76	   11.90	         —	  empty	[EMPTY]
   78	    909.53	   11.77	         —	  empty	[EMPTY]
   79	    921.48	   11.95	     35.62	content	'\n'
   80	    933.19	   11.71	         —	  empty	[EMPTY]
   81	    945.01	   11.81	         —	  empty	[EMPTY]
   82	    957.01	   12.01	     35.53	content	'\n'
   83	    971.02	   14.01	         —	  empty	[EMPTY]
   84	    980.52	    9.50	         —	  empty	[EMPTY]
   85	    992.36	   11.84	     35.35	content	'\n'
   86	   1004.20	   11.83	         —	  empty	[EMPTY]
   87	   1016.02	   11.82	         —	  empty	[EMPTY]
   88	   1028.01	   11.99	     35.65	content	'\n'
   89	   1039.75	   11.74	         —	  empty	[EMPTY]
   90	   1051.62	   11.87	         —	  empty	[EMPTY]
   91	   1063.82	   12.20	     35.81	content	'\n'
   92	   1075.27	   11.46	         —	  empty	[EMPTY]
   93	   1087.17	   11.89	         —	  empty	[EMPTY]
   94	   1099.01	   11.84	     35.19	content	'\n'
   95	   1110.76	   11.75	         —	  empty	[EMPTY]
   96	   1122.55	   11.80	         —	  empty	[EMPTY]
   97	   1134.46	   11.91	     35.45	content	'\n'
   98	   1146.29	   11.83	         —	  empty	[EMPTY]
   99	   1158.55	   12.27	         —	  empty	[EMPTY]
  100	   1170.54	   11.98	     36.08	content	'\n'
  101	   1182.02	   11.48	         —	  empty	[EMPTY]
  102	   1193.68	   11.67	         —	  empty	[EMPTY]
  103	   1205.51	   11.83	     34.98	content	'\n'
  104	   1217.42	   11.91	         —	  empty	[EMPTY]
  105	   1229.20	   11.78	         —	  empty	[EMPTY]
  106	   1240.98	   11.78	     35.47	content	'\n'
  107	   1252.92	   11.94	         —	  empty	[EMPTY]
  108	   1264.76	   11.83	         —	  empty	[EMPTY]
  109	   1276.51	   11.75	     35.52	content	'\n'
  110	   1288.35	   11.84	         —	  empty	[EMPTY]
  111	   1300.21	   11.86	         —	  empty	[EMPTY]
  112	   1311.99	   11.78	     35.49	content	'\n'
  113	   1323.82	   11.83	         —	  empty	[EMPTY]
  114	   1335.67	   11.85	         —	  empty	[EMPTY]
  115	   1347.52	   11.86	     35.53	content	'\n'
  116	   1359.45	   11.93	         —	  empty	[EMPTY]
  117	   1371.37	   11.92	         —	  empty	[EMPTY]
  118	   1383.21	   11.84	     35.68	content	'\n'
  119	   1394.94	   11.73	         —	  empty	[EMPTY]
  120	   1407.10	   12.16	         —	  empty	[EMPTY]
  121	   1420.49	   13.39	     37.29	content	'\n'
  122	   1430.42	    9.93	         —	  empty	[EMPTY]
  123	   1442.30	   11.88	         —	  empty	[EMPTY]
  124	   1454.09	   11.79	     33.60	content	'\n'
  125	   1465.95	   11.86	         —	  empty	[EMPTY]
  126	   1477.85	   11.89	         —	  empty	[EMPTY]
  127	   1489.84	   11.99	     35.74	content	'\n'
  128	   1501.46	   11.63	         —	  empty	[EMPTY]
  129	   1513.31	   11.84	         —	  empty	[EMPTY]
  130	   1525.17	   11.86	     35.33	content	'\n'
  131	   1536.88	   11.71	         —	  empty	[EMPTY]
  132	   1548.79	   11.91	         —	  empty	[EMPTY]
  133	   1560.70	   11.91	     35.53	content	'\n'
  134	   1572.47	   11.77	         —	  empty	[EMPTY]
  135	   1584.37	   11.90	         —	  empty	[EMPTY]
  136	   1595.99	   11.62	     35.29	content	'\n'
  137	   1607.78	   11.79	         —	  empty	[EMPTY]
  138	   1620.82	   13.04	         —	  empty	[EMPTY]
  139	   1631.45	   10.62	     35.46	content	'\n'
  140	   1643.30	   11.85	         —	  empty	[EMPTY]
  141	   1655.15	   11.85	         —	  empty	[EMPTY]
  142	   1667.20	   12.05	     35.75	content	'\n'
  143	   1678.93	   11.73	         —	  empty	[EMPTY]
  144	   1690.67	   11.73	         —	  empty	[EMPTY]
  145	   1702.52	   11.85	     35.32	content	'\n'
  146	   1714.36	   11.84	         —	  empty	[EMPTY]
  147	   1726.38	   12.02	         —	  empty	[EMPTY]
  148	   1738.03	   11.65	     35.51	content	'\n'
  149	   1749.95	   11.92	         —	  empty	[EMPTY]
  150	   1762.40	   12.45	         —	  empty	[EMPTY]
  151	   1773.88	   11.48	     35.85	content	'\n'
  152	   1785.48	   11.60	         —	  empty	[EMPTY]
  153	   1797.26	   11.79	         —	  empty	[EMPTY]
  154	   1809.10	   11.83	     35.22	content	'\n'
  155	   1821.15	   12.05	         —	  empty	[EMPTY]
  156	   1832.81	   11.66	         —	  empty	[EMPTY]
  157	   1844.70	   11.89	     35.60	content	'\n'
  158	   1856.72	   12.02	         —	  empty	[EMPTY]
  159	   1871.23	   14.51	         —	  empty	[EMPTY]
  160	   1880.31	    9.08	     35.62	content	'\n'
  161	   1892.56	   12.25	         —	  empty	[EMPTY]
  162	   1911.54	   18.97	         —	  empty	[EMPTY]
  163	   1916.48	    4.95	     36.17	content	'\n'
  164	   1927.91	   11.43	         —	  empty	[EMPTY]
  165	   1939.60	   11.69	         —	  empty	[EMPTY]
  166	   1951.42	   11.83	     34.94	content	'\n'
  167	   1963.33	   11.91	         —	  empty	[EMPTY]
  168	   1975.20	   11.87	         —	  empty	[EMPTY]
  169	   1986.85	   11.65	     35.43	content	'\n'
  170	   1998.71	   11.85	         —	  empty	[EMPTY]
  171	   2010.65	   11.95	         —	  empty	[EMPTY]
  172	   2022.92	   12.27	     36.07	content	'\n'
  173	   2034.23	   11.30	         —	  empty	[EMPTY]
  174	   2046.08	   11.85	         —	  empty	[EMPTY]
  175	   2058.00	   11.92	     35.08	content	'\n'
  176	   2071.26	   13.26	         —	  empty	[EMPTY]
  177	   2081.64	   10.38	         —	  empty	[EMPTY]
  178	   2093.46	   11.82	     35.46	content	'\n'
  179	   2106.25	   12.79	         —	  empty	[EMPTY]
  180	   2117.34	   11.09	         —	  empty	[EMPTY]
  181	   2129.23	   11.90	     35.77	content	'\n'
  182	   2140.89	   11.66	         —	  empty	[EMPTY]
  183	   2152.81	   11.92	         —	  empty	[EMPTY]
  184	   2165.00	   12.18	     35.76	content	'\n'
  185	   2176.55	   11.55	         —	  empty	[EMPTY]
  186	   2188.31	   11.77	         —	  empty	[EMPTY]
  187	   2200.29	   11.98	     35.29	content	'\n'
  188	   2212.06	   11.77	         —	  empty	[EMPTY]
  189	   2223.94	   11.89	         —	  empty	[EMPTY]
  190	   2235.76	   11.82	     35.47	content	'\n'
  191	   2247.58	   11.82	         —	  empty	[EMPTY]
  192	   2259.55	   11.96	         —	  empty	[EMPTY]
  193	   2271.36	   11.82	     35.60	content	'\n'
  194	   2283.05	   11.69	         —	  empty	[EMPTY]
  195	   2294.97	   11.92	         —	  empty	[EMPTY]
  196	   2307.07	   12.10	     35.71	content	'\n'
  197	   2321.54	   14.47	         —	  empty	[EMPTY]
  198	   2330.48	    8.93	         —	  empty	[EMPTY]
  199	   2342.27	   11.79	     35.20	content	'\n'
  200	   2354.29	   12.02	         —	  empty	[EMPTY]
  201	   2366.07	   11.78	         —	  empty	[EMPTY]
  202	   2378.15	   12.08	     35.88	content	'\n'
  203	   2389.65	   11.51	         —	  empty	[EMPTY]
  204	   2401.50	   11.84	         —	  empty	[EMPTY]
  205	   2413.32	   11.82	     35.17	content	'\n'
  206	   2425.39	   12.07	         —	  empty	[EMPTY]
  207	   2437.17	   11.78	         —	  empty	[EMPTY]
  208	   2448.91	   11.73	     35.59	content	'\n'
  209	   2460.95	   12.05	         —	  empty	[EMPTY]
  210	   2472.67	   11.71	         —	  empty	[EMPTY]
  211	   2484.44	   11.78	     35.54	content	'\n'
  212	   2496.34	   11.90	         —	  empty	[EMPTY]
  213	   2508.24	   11.90	         —	  empty	[EMPTY]
  214	   2520.51	   12.27	     36.06	content	'\n'
  215	   2531.91	   11.41	         —	  empty	[EMPTY]
  216	   2543.72	   11.81	         —	  empty	[EMPTY]
  217	   2555.87	   12.15	     35.36	content	'\n'
  218	   2567.62	   11.75	         —	  empty	[EMPTY]
  219	   2579.38	   11.76	         —	  empty	[EMPTY]
  220	   2591.14	   11.76	     35.27	content	'\n'
  221	   2603.04	   11.91	         —	  empty	[EMPTY]
  222	   2614.86	   11.82	         —	  empty	[EMPTY]
  223	   2626.85	   11.99	     35.71	content	'\n'
  224	   2638.55	   11.70	         —	  empty	[EMPTY]
  225	   2650.39	   11.84	         —	  empty	[EMPTY]
  226	   2663.09	   12.70	     36.24	content	'\n'
  227	   2674.15	   11.06	         —	  empty	[EMPTY]
  228	   2685.85	   11.70	         —	  empty	[EMPTY]
  229	   2697.65	   11.80	     34.55	content	'\n'
  230	   2709.54	   11.89	         —	  empty	[EMPTY]
  231	   2721.60	   12.05	         —	  empty	[EMPTY]
  232	   2733.26	   11.66	     35.61	content	'\n'
  233	   2745.24	   11.98	         —	  empty	[EMPTY]
  234	   2757.08	   11.84	         —	  empty	[EMPTY]
  235	   2770.38	   13.30	     37.12	content	'\n'
  236	   2780.82	   10.44	         —	  empty	[EMPTY]
  237	   2792.54	   11.72	         —	  empty	[EMPTY]
  238	   2804.36	   11.82	     33.98	content	'\n'
  239	   2816.18	   11.82	         —	  empty	[EMPTY]
  240	   2828.24	   12.05	         —	  empty	[EMPTY]
  241	   2839.97	   11.73	     35.61	content	'\n'
  242	   2851.84	   11.87	         —	  empty	[EMPTY]
  243	   2864.01	   12.17	         —	  empty	[EMPTY]
  244	   2875.57	   11.56	     35.61	content	'\n'
  245	   2887.44	   11.87	         —	  empty	[EMPTY]
  246	   2899.19	   11.75	         —	  empty	[EMPTY]
  247	   2911.03	   11.84	     35.45	content	'\n'
  248	   2922.94	   11.91	         —	  empty	[EMPTY]
  249	   2934.67	   11.73	         —	  empty	[EMPTY]
  250	   2946.57	   11.90	     35.54	content	'\n'
  251	   2958.39	   11.82	         —	  empty	[EMPTY]
  252	   2970.47	   12.08	         —	  empty	[EMPTY]
  253	   2982.37	   11.90	     35.80	content	'\n'
  254	   2993.98	   11.60	         —	  empty	[EMPTY]
  255	   3005.91	   11.93	         —	  empty	[EMPTY]
  256	   3020.14	   14.24	     37.77	content	'\n'
  257	   3029.62	    9.48	         —	  empty	[EMPTY]
  258	   3041.40	   11.78	         —	  empty	[EMPTY]
  259	   3053.35	   11.95	     33.20	content	'\n'
  260	   3065.31	   11.96	         —	  empty	[EMPTY]
  261	   3077.05	   11.74	         —	  empty	[EMPTY]
  262	   3088.85	   11.80	     35.50	content	'\n'
  263	   3100.69	   11.84	         —	  empty	[EMPTY]
  264	   3112.54	   11.85	         —	  empty	[EMPTY]
  265	   3124.50	   11.95	     35.65	content	'\n'
  266	   3136.34	   11.84	         —	  empty	[EMPTY]
  267	   3148.24	   11.90	         —	  empty	[EMPTY]
  268	   3160.19	   11.95	     35.69	content	'\n'
  269	   3171.98	   11.79	         —	  empty	[EMPTY]
  270	   3183.70	   11.73	         —	  empty	[EMPTY]
  271	   3195.57	   11.87	     35.38	content	'\n'
  272	   3207.41	   11.83	         —	  empty	[EMPTY]
  273	   3220.52	   13.11	         —	  empty	[EMPTY]
  274	   3231.18	   10.66	     35.61	content	'\n'
  275	   3243.01	   11.83	         —	  empty	[EMPTY]
  276	   3255.12	   12.11	         —	  empty	[EMPTY]
  277	   3266.67	   11.56	     35.49	content	'\n'
  278	   3278.61	   11.93	         —	  empty	[EMPTY]
  279	   3290.33	   11.72	         —	  empty	[EMPTY]
  280	   3302.23	   11.90	     35.55	content	'\n'
  281	   3314.16	   11.93	         —	  empty	[EMPTY]
  282	   3326.07	   11.91	         —	  empty	[EMPTY]
  283	   3337.85	   11.79	     35.63	content	'\n'
  284	   3349.73	   11.88	         —	  empty	[EMPTY]
  285	   3361.75	   12.02	         —	  empty	[EMPTY]
  286	   3373.43	   11.68	     35.58	content	'\n'
  287	   3385.22	   11.79	         —	  empty	[EMPTY]
  288	   3397.24	   12.03	         —	  empty	[EMPTY]
  289	   3408.88	   11.63	     35.45	content	'\n'
  290	   3420.94	   12.06	         —	  empty	[EMPTY]
  291	   3433.05	   12.11	         —	  empty	[EMPTY]
  292	   3444.51	   11.46	     35.63	content	'\n'
  293	   3456.41	   11.90	         —	  empty	[EMPTY]
  294	   3470.38	   13.97	         —	  empty	[EMPTY]
  295	   3480.20	    9.82	     35.70	content	'\n'
  296	   3491.90	   11.69	         —	  empty	[EMPTY]
  297	   3503.77	   11.88	         —	  empty	[EMPTY]
  298	   3515.55	   11.77	     35.35	content	'\n'
  299	   3527.49	   11.95	         —	  empty	[EMPTY]
  300	   3539.27	   11.77	         —	  empty	[EMPTY]
  301	   3551.16	   11.89	     35.61	content	'\n'
  302	   3563.15	   11.99	         —	  empty	[EMPTY]
  303	   3574.90	   11.74	         —	  empty	[EMPTY]
  304	   3586.83	   11.93	     35.67	content	'\n'
  305	   3598.52	   11.69	         —	  empty	[EMPTY]
  306	   3610.36	   11.84	         —	  empty	[EMPTY]
  307	   3622.34	   11.98	     35.52	content	'\n'
  308	   3634.12	   11.78	         —	  empty	[EMPTY]
  309	   3645.93	   11.81	         —	  empty	[EMPTY]
  310	   3659.54	   13.61	     37.20	content	'\n'
  311	   3670.76	   11.22	         —	  empty	[EMPTY]
  312	   3681.53	   10.77	         —	  empty	[EMPTY]
  313	   3693.37	   11.84	     33.83	content	'\n'
  314	   3705.25	   11.88	         —	  empty	[EMPTY]
  315	   3717.23	   11.98	         —	  empty	[EMPTY]
  316	   3729.06	   11.83	     35.69	content	'\n'
  317	   3740.80	   11.74	         —	  empty	[EMPTY]
  318	   3752.77	   11.98	         —	  empty	[EMPTY]
  319	   3764.66	   11.89	     35.60	content	'\n'
  320	   3776.46	   11.80	         —	  empty	[EMPTY]
  321	   3788.23	   11.77	         —	  empty	[EMPTY]
  322	   3800.10	   11.87	     35.43	content	'\n'
  323	   3811.96	   11.86	         —	  empty	[EMPTY]
  324	   3823.94	   11.98	         —	  empty	[EMPTY]
  325	   3835.65	   11.71	     35.55	content	'\n'
  326	   3847.53	   11.88	         —	  empty	[EMPTY]
  327	   3859.42	   11.89	         —	  empty	[EMPTY]
  328	   3871.54	   12.12	     35.89	content	'\n'
  329	   3883.12	   11.58	         —	  empty	[EMPTY]
  330	   3894.94	   11.82	         —	  empty	[EMPTY]
  331	   3906.82	   11.88	     35.27	content	'\n'
  332	   3920.19	   13.37	         —	  empty	[EMPTY]
  333	   3930.55	   10.36	         —	  empty	[EMPTY]
  334	   3942.34	   11.79	     35.52	content	'\n'
  335	   3954.21	   11.87	         —	  empty	[EMPTY]
  336	   3966.12	   11.91	         —	  empty	[EMPTY]
  337	   3978.03	   11.91	     35.69	content	'\n'
  338	   3989.82	   11.79	         —	  empty	[EMPTY]
  339	   4001.60	   11.79	         —	  empty	[EMPTY]
  340	   4013.62	   12.01	     35.59	content	'\n'
  341	   4025.50	   11.88	         —	  empty	[EMPTY]
  342	   4037.21	   11.71	         —	  empty	[EMPTY]
  343	   4049.02	   11.81	     35.40	content	'\n'
  344	   4062.30	   13.28	         —	  empty	[EMPTY]
  345	   4072.88	   10.58	         —	  empty	[EMPTY]
  346	   4084.58	   11.70	     35.56	content	'\n'
  347	   4096.51	   11.93	         —	  empty	[EMPTY]
  348	   4108.24	   11.74	         —	  empty	[EMPTY]
  349	   4120.33	   12.09	     35.75	content	'\n'
  350	   4132.04	   11.71	         —	  empty	[EMPTY]
  351	   4143.87	   11.83	         —	  empty	[EMPTY]
  352	   4155.73	   11.86	     35.40	content	'\n'
  353	   4170.20	   14.47	         —	  empty	[EMPTY]
  354	   4179.37	    9.18	         —	  empty	[EMPTY]
  355	   4191.24	   11.87	     35.52	content	'\n'
  356	   4203.04	   11.80	         —	  empty	[EMPTY]
  357	   4214.95	   11.91	         —	  empty	[EMPTY]
  358	   4226.86	   11.90	     35.62	content	'\n'
  359	   4238.61	   11.75	         —	  empty	[EMPTY]
  360	   4250.45	   11.84	         —	  empty	[EMPTY]
  361	   4262.41	   11.96	     35.55	content	'\n'
  362	   4274.41	   12.00	         —	  empty	[EMPTY]
  363	   4286.02	   11.61	         —	  empty	[EMPTY]
  364	   4297.84	   11.82	     35.44	content	'\n'
  365	   4309.90	   12.05	         —	  empty	[EMPTY]
  366	   4321.69	   11.79	         —	  empty	[EMPTY]
  367	   4333.47	   11.78	     35.63	content	'\n'
  368	   4345.30	   11.83	         —	  empty	[EMPTY]
  369	   4358.98	   13.68	         —	  empty	[EMPTY]
  370	   4370.30	   11.33	     36.83	content	'\n'
  371	   4380.87	   10.57	         —	  empty	[EMPTY]
  372	   4392.71	   11.84	         —	  empty	[EMPTY]
  373	   4404.63	   11.92	     34.33	content	'\n'
  374	   4416.46	   11.82	         —	  empty	[EMPTY]
  375	   4428.36	   11.90	         —	  empty	[EMPTY]
  376	   4440.21	   11.85	     35.57	content	'\n'
  377	   4452.02	   11.81	         —	  empty	[EMPTY]
  378	   4463.88	   11.86	         —	  empty	[EMPTY]
  379	   4475.82	   11.94	     35.61	content	'\n'
  380	   4487.59	   11.77	         —	  empty	[EMPTY]
  381	   4499.46	   11.87	         —	  empty	[EMPTY]
  382	   4511.39	   11.93	     35.58	content	'\n'
  383	   4523.30	   11.91	         —	  empty	[EMPTY]
  384	   4535.44	   12.13	         —	  empty	[EMPTY]
  385	   4547.15	   11.72	     35.76	content	'\n'
  386	   4559.00	   11.85	         —	  empty	[EMPTY]
  387	   4572.94	   13.94	         —	  empty	[EMPTY]
  388	   4582.77	    9.82	     35.61	content	'\n'
  389	   4594.50	   11.73	         —	  empty	[EMPTY]
  390	   4606.23	   11.73	         —	  empty	[EMPTY]
  391	   4618.12	   11.89	     35.36	content	'\n'
  392	   4629.96	   11.84	         —	  empty	[EMPTY]
  393	   4641.74	   11.78	         —	  empty	[EMPTY]
  394	   4653.72	   11.98	     35.59	content	'\n'
  395	   4665.58	   11.87	         —	  empty	[EMPTY]
  396	   4677.38	   11.80	         —	  empty	[EMPTY]
  397	   4689.15	   11.77	     35.43	content	'\n'
  398	   4701.00	   11.85	         —	  empty	[EMPTY]
  399	   4712.91	   11.91	         —	  empty	[EMPTY]
  400	   4724.87	   11.96	     35.72	content	'\n'
  401	   4736.58	   11.71	         —	  empty	[EMPTY]
  402	   4748.38	   11.80	         —	  empty	[EMPTY]
  403	   4760.67	   12.29	     35.80	content	'\n'
  404	   4772.24	   11.56	         —	  empty	[EMPTY]
  405	   4783.96	   11.72	         —	  empty	[EMPTY]
  406	   4795.79	   11.83	     35.12	content	'\n'
  407	   4807.60	   11.81	         —	  empty	[EMPTY]
  408	   4820.31	   12.71	         —	  empty	[EMPTY]
  409	   4831.35	   11.04	     35.56	content	'\n'
  410	   4843.23	   11.87	         —	  empty	[EMPTY]
  411	   4855.10	   11.87	         —	  empty	[EMPTY]
  412	   4866.95	   11.86	     35.60	content	'\n'
  413	   4878.90	   11.94	         —	  empty	[EMPTY]
  414	   4890.67	   11.78	         —	  empty	[EMPTY]
  415	   4902.46	   11.79	     35.51	content	'\n'
  416	   4914.43	   11.96	         —	  empty	[EMPTY]
  417	   4926.32	   11.89	         —	  empty	[EMPTY]
  418	   4938.08	   11.77	     35.62	content	'\n'
  419	   4950.06	   11.98	         —	  empty	[EMPTY]
  420	   4961.90	   11.83	         —	  empty	[EMPTY]
  421	   4973.74	   11.84	     35.66	content	'\n'
  422	   4985.54	   11.80	         —	  empty	[EMPTY]
  423	   4997.34	   11.81	         —	  empty	[EMPTY]
  424	   5009.17	   11.82	     35.43	content	'\n'
  425	   5021.15	   11.98	         —	  empty	[EMPTY]
  426	   5032.91	   11.76	         —	  empty	[EMPTY]
  427	   5044.91	   12.00	     35.74	content	'\n'
  428	   5057.77	   12.86	         —	  empty	[EMPTY]
  429	   5070.86	   13.09	         —	  empty	[EMPTY]
  430	   5080.35	    9.49	     35.44	content	'\n'
  431	   5092.25	   11.90	         —	  empty	[EMPTY]
  432	   5104.14	   11.89	         —	  empty	[EMPTY]
  433	   5115.95	   11.81	     35.60	content	'\n'
  434	   5127.92	   11.97	         —	  empty	[EMPTY]
  435	   5139.69	   11.77	         —	  empty	[EMPTY]
  436	   5151.54	   11.85	     35.59	content	'\n'
  437	   5163.78	   12.24	         —	  empty	[EMPTY]
  438	   5175.38	   11.59	         —	  empty	[EMPTY]
  439	   5187.08	   11.70	     35.54	content	'\n'
  440	   5198.92	   11.84	         —	  empty	[EMPTY]
  441	   5210.77	   11.86	         —	  empty	[EMPTY]
  442	   5222.78	   12.01	     35.70	content	'\n'
  443	   5234.60	   11.82	         —	  empty	[EMPTY]
  444	   5246.37	   11.77	         —	  empty	[EMPTY]
  445	   5260.98	   14.61	     38.19	content	'\n'
  446	   5270.74	    9.76	         —	  empty	[EMPTY]
  447	   5281.94	   11.21	         —	  empty	[EMPTY]
  448	   5293.82	   11.88	     32.85	content	'\n'
  449	   5305.77	   11.95	         —	  empty	[EMPTY]
  450	   5320.13	   14.36	         —	  empty	[EMPTY]
  451	   5329.36	    9.23	     35.54	content	'\n'
  452	   5341.35	   11.99	         —	  empty	[EMPTY]
  453	   5353.06	   11.71	         —	  empty	[EMPTY]
  454	   5364.88	   11.82	     35.52	content	'\n'
  455	   5376.78	   11.90	         —	  empty	[EMPTY]
  456	   5388.56	   11.78	         —	  empty	[EMPTY]
  457	   5400.44	   11.88	     35.56	content	'\n'
  458	   5412.29	   11.85	         —	  empty	[EMPTY]
  459	   5424.25	   11.96	         —	  empty	[EMPTY]
  460	   5435.97	   11.72	     35.53	content	'\n'
  461	   5447.84	   11.87	         —	  empty	[EMPTY]
  462	   5459.82	   11.98	         —	  empty	[EMPTY]
  463	   5471.64	   11.82	     35.67	content	'\n'
  464	   5483.40	   11.76	         —	  empty	[EMPTY]
  465	   5495.21	   11.81	         —	  empty	[EMPTY]
  466	   5507.04	   11.83	     35.40	content	'\n'
  467	   5520.79	   13.75	         —	  empty	[EMPTY]
  468	   5530.80	   10.01	         —	  empty	[EMPTY]
  469	   5542.63	   11.84	     35.60	content	'\n'
  470	   5554.57	   11.93	         —	  empty	[EMPTY]
  471	   5566.41	   11.85	         —	  empty	[EMPTY]
  472	   5578.30	   11.88	     35.66	content	'\n'
  473	   5590.03	   11.73	         —	  empty	[EMPTY]
  474	   5601.89	   11.85	         —	  empty	[EMPTY]
  475	   5614.10	   12.21	     35.80	content	'\n'
  476	   5625.72	   11.62	         —	  empty	[EMPTY]
  477	   5637.53	   11.80	         —	  empty	[EMPTY]
  478	   5649.43	   11.90	     35.33	content	'\n'
  479	   5662.20	   12.77	         —	  empty	[EMPTY]
  480	   5673.25	   11.05	         —	  empty	[EMPTY]
  481	   5684.96	   11.71	     35.53	content	'\n'
  482	   5696.89	   11.93	         —	  empty	[EMPTY]
  483	   5708.65	   11.76	         —	  empty	[EMPTY]
  484	   5720.77	   12.12	     35.81	content	'\n'
  485	   5732.38	   11.62	         —	  empty	[EMPTY]
  486	   5744.19	   11.81	         —	  empty	[EMPTY]
  487	   5757.80	   13.60	     37.03	content	'\n'
  488	   5770.39	   12.60	         —	  empty	[EMPTY]
  489	   5779.86	    9.46	         —	  empty	[EMPTY]
  490	   5791.57	   11.72	     33.78	content	'\n'
  491	   5803.45	   11.88	         —	  empty	[EMPTY]
  492	   5815.33	   11.88	         —	  empty	[EMPTY]
  493	   5827.28	   11.95	     35.71	content	'\n'
  494	   5839.00	   11.72	         —	  empty	[EMPTY]
  495	   5850.85	   11.86	         —	  empty	[EMPTY]
  496	   5862.84	   11.99	     35.56	content	'\n'
  497	   5874.72	   11.88	         —	  empty	[EMPTY]
  498	   5886.42	   11.69	         —	  empty	[EMPTY]
  499	   5898.32	   11.90	     35.48	content	'\n'
  500	   5910.20	   11.89	         —	  empty	[EMPTY]
  501	   5922.14	   11.93	         —	  empty	[EMPTY]
  502	   5933.95	   11.81	     35.63	content	'\n'
  503	   5946.27	   12.32	         —	  empty	[EMPTY]
  504	   5959.68	   13.41	         —	  empty	[EMPTY]
  505	   5970.50	   10.82	     36.55	content	'\n'
  506	   5981.46	   10.96	         —	  empty	[EMPTY]
  507	   5993.15	   11.69	         —	  empty	[EMPTY]
  508	   6005.04	   11.89	     34.54	content	'\n'
  509	   6017.09	   12.05	         —	  empty	[EMPTY]
  510	   6028.86	   11.77	         —	  empty	[EMPTY]
  511	   6040.61	   11.76	     35.58	content	'\n'
  512	   6052.48	   11.86	         —	  empty	[EMPTY]
  513	   6064.56	   12.08	         —	  empty	[EMPTY]
  514	   6076.27	   11.70	     35.65	content	'\n'
  515	   6088.01	   11.75	         —	  empty	[EMPTY]
  516	   6099.80	   11.79	         —	  empty	[EMPTY]
  517	   6111.70	   11.89	     35.43	content	'\n'
  518	   6123.66	   11.96	         —	  empty	[EMPTY]
  519	   6135.44	   11.77	         —	  empty	[EMPTY]
  520	   6147.25	   11.81	     35.55	content	'\n'
  521	   6159.21	   11.96	         —	  empty	[EMPTY]
  522	   6171.08	   11.88	         —	  empty	[EMPTY]
  523	   6182.82	   11.74	     35.58	content	'\n'
  524	   6194.70	   11.87	         —	  empty	[EMPTY]
  525	   6206.51	   11.81	         —	  empty	[EMPTY]
  526	   6220.98	   14.48	     38.16	content	'\n'
  527	   6230.29	    9.31	         —	  empty	[EMPTY]
  528	   6242.10	   11.82	         —	  empty	[EMPTY]
  529	   6253.94	   11.84	     32.96	content	'\n'
  530	   6265.89	   11.94	         —	  empty	[EMPTY]
  531	   6277.71	   11.82	         —	  empty	[EMPTY]
  532	   6289.54	   11.83	     35.59	content	'\n'
  533	   6301.46	   11.92	         —	  empty	[EMPTY]
  534	   6313.20	   11.74	         —	  empty	[EMPTY]
  535	   6325.13	   11.93	     35.59	content	'\n'
  536	   6336.90	   11.77	         —	  empty	[EMPTY]
  537	   6348.80	   11.90	         —	  empty	[EMPTY]
  538	   6360.80	   12.00	     35.67	content	'\n'
  539	   6372.62	   11.82	         —	  empty	[EMPTY]
  540	   6384.38	   11.76	         —	  empty	[EMPTY]
  541	   6396.22	   11.83	     35.41	content	'\n'
  542	   6408.11	   11.89	         —	  empty	[EMPTY]
  543	   6420.42	   12.31	         —	  empty	[EMPTY]
  544	   6431.90	   11.49	     35.68	content	'\n'
  545	   6443.73	   11.82	         —	  empty	[EMPTY]
  546	   6455.87	   12.15	         —	  empty	[EMPTY]
  547	   6470.28	   14.40	     38.37	content	'\n'
  548	   6479.25	    8.98	         —	  empty	[EMPTY]
  549	   6491.13	   11.88	         —	  empty	[EMPTY]
  550	   6503.04	   11.91	     32.76	content	'\n'
  551	   6514.91	   11.87	         —	  empty	[EMPTY]
  552	   6526.82	   11.92	         —	  empty	[EMPTY]
  553	   6538.62	   11.80	     35.58	content	'\n'
  554	   6550.43	   11.80	         —	  empty	[EMPTY]
  555	   6563.08	   12.65	         —	  empty	[EMPTY]
  556	   6574.37	   11.29	     35.74	content	'\n'
  557	   6586.00	   11.63	         —	  empty	[EMPTY]
  558	   6597.95	   11.95	         —	  empty	[EMPTY]
  559	   6609.76	   11.81	     35.40	content	'\n'
  560	   6621.71	   11.95	         —	  empty	[EMPTY]
  561	   6633.51	   11.80	         —	  empty	[EMPTY]
  562	   6645.46	   11.95	     35.70	content	'\n'
  563	   6657.36	   11.90	         —	  empty	[EMPTY]
  564	   6670.11	   12.75	         —	  empty	[EMPTY]
  565	   6680.98	   10.87	     35.52	content	'\n'
  566	   6692.84	   11.86	         —	  empty	[EMPTY]
  567	   6704.74	   11.91	         —	  empty	[EMPTY]
  568	   6716.55	   11.81	     35.57	content	'\n'
  569	   6728.52	   11.97	         —	  empty	[EMPTY]
  570	   6740.28	   11.76	         —	  empty	[EMPTY]
  571	   6752.12	   11.84	     35.56	content	'\n'
  572	   6764.13	   12.02	         —	  empty	[EMPTY]
  573	   6775.93	   11.80	         —	  empty	[EMPTY]
  574	   6787.74	   11.81	     35.63	content	'\n'
  575	   6799.52	   11.78	         —	  empty	[EMPTY]
  576	   6811.41	   11.89	         —	  empty	[EMPTY]
  577	   6823.45	   12.04	     35.71	content	'\n'
  578	   6835.16	   11.71	         —	  empty	[EMPTY]
  579	   6847.01	   11.85	         —	  empty	[EMPTY]
  580	   6859.74	   12.73	     36.29	content	'\n'
  581	   6870.99	   11.26	         —	  empty	[EMPTY]
  582	   6882.59	   11.60	         —	  empty	[EMPTY]
  583	   6894.48	   11.89	     34.74	content	'\n'
  584	   6906.28	   11.80	         —	  empty	[EMPTY]
  585	   6920.81	   14.53	         —	  empty	[EMPTY]
  586	   6930.02	    9.21	     35.55	content	'\n'
  587	   6941.92	   11.89	         —	  empty	[EMPTY]
  588	   6953.87	   11.95	         —	  empty	[EMPTY]
  589	   6965.68	   11.81	     35.66	content	'\n'
  590	   6977.56	   11.87	         —	  empty	[EMPTY]
  591	   6989.34	   11.79	         —	  empty	[EMPTY]
  592	   7001.24	   11.89	     35.55	content	'\n'
  593	   7013.12	   11.88	         —	  empty	[EMPTY]
  594	   7025.02	   11.91	         —	  empty	[EMPTY]
  595	   7036.86	   11.84	     35.62	content	'\n'
  596	   7048.64	   11.77	         —	  empty	[EMPTY]
  597	   7060.65	   12.01	         —	  empty	[EMPTY]
  598	   7072.57	   11.92	     35.71	content	'\n'
  599	   7084.23	   11.66	         —	  empty	[EMPTY]
  600	   7096.15	   11.92	         —	  empty	[EMPTY]
  601	   7108.00	   11.85	     35.43	content	'\n'
  602	   7120.59	   12.59	         —	  empty	[EMPTY]
  603	   7131.77	   11.18	         —	  empty	[EMPTY]
  604	   7143.60	   11.83	     35.59	content	'\n'
  605	   7155.56	   11.96	         —	  empty	[EMPTY]
  606	   7167.42	   11.86	         —	  empty	[EMPTY]
  607	   7179.22	   11.81	     35.63	content	'\n'
  608	   7191.02	   11.79	         —	  empty	[EMPTY]
  609	   7202.91	   11.89	         —	  empty	[EMPTY]
  610	   7214.70	   11.80	     35.48	content	'\n'
  611	   7226.70	   12.00	         —	  empty	[EMPTY]
  612	   7238.46	   11.75	         —	  empty	[EMPTY]
  613	   7250.41	   11.95	     35.70	content	'\n'
  614	   7263.64	   13.24	         —	  empty	[EMPTY]
  615	   7274.15	   10.51	         —	  empty	[EMPTY]
  616	   7285.92	   11.77	     35.51	content	'\n'
  617	   7297.75	   11.83	         —	  empty	[EMPTY]
  618	   7309.99	   12.24	         —	  empty	[EMPTY]
  619	   7321.66	   11.66	     35.74	content	'\n'
  620	   7333.35	   11.70	         —	  empty	[EMPTY]
  621	   7345.19	   11.84	         —	  empty	[EMPTY]
  622	   7357.27	   12.07	     35.61	content	'\n'
  623	   7370.43	   13.16	         —	  empty	[EMPTY]
  624	   7380.84	   10.41	         —	  empty	[EMPTY]
  625	   7392.73	   11.89	     35.47	content	'\n'
  626	   7404.55	   11.82	         —	  empty	[EMPTY]
  627	   7416.36	   11.81	         —	  empty	[EMPTY]
  628	   7428.36	   12.01	     35.63	content	'\n'
  629	   7440.18	   11.81	         —	  empty	[EMPTY]
  630	   7452.08	   11.90	         —	  empty	[EMPTY]
  631	   7463.93	   11.84	     35.56	content	'\n'
  632	   7475.83	   11.90	         —	  empty	[EMPTY]
  633	   7487.67	   11.85	         —	  empty	[EMPTY]
  634	   7499.49	   11.81	     35.56	content	'\n'
  635	   7511.33	   11.84	         —	  empty	[EMPTY]
  636	   7523.28	   11.95	         —	  empty	[EMPTY]
  637	   7535.05	   11.77	     35.57	content	'\n'
  638	   7547.05	   11.99	         —	  empty	[EMPTY]
  639	   7558.89	   11.84	         —	  empty	[EMPTY]
  640	   7570.77	   11.88	     35.72	content	'\n'
  641	   7582.55	   11.78	         —	  empty	[EMPTY]
  642	   7594.37	   11.81	         —	  empty	[EMPTY]
  643	   7606.22	   11.85	     35.44	content	'\n'
  644	   7620.57	   14.35	         —	  empty	[EMPTY]
  645	   7630.05	    9.49	         —	  empty	[EMPTY]
  646	   7641.89	   11.84	     35.68	content	'\n'
  647	   7653.75	   11.86	         —	  empty	[EMPTY]
  648	   7665.70	   11.95	         —	  empty	[EMPTY]
  649	   7677.59	   11.90	     35.70	content	'\n'
  650	   7689.35	   11.76	         —	  empty	[EMPTY]
  651	   7701.23	   11.88	         —	  empty	[EMPTY]
  652	   7713.10	   11.86	     35.50	content	'\n'
  653	   7725.11	   12.01	         —	  empty	[EMPTY]
  654	   7736.82	   11.71	         —	  empty	[EMPTY]
  655	   7748.69	   11.87	     35.59	content	'\n'
  656	   7760.71	   12.02	         —	  empty	[EMPTY]
  657	   7772.96	   12.25	         —	  empty	[EMPTY]
  658	   7784.36	   11.40	     35.67	content	'\n'
  659	   7796.45	   12.09	         —	  empty	[EMPTY]
  660	   7808.10	   11.65	         —	  empty	[EMPTY]
  661	   7820.25	   12.15	     35.89	content	'\n'
  662	   7831.82	   11.58	         —	  empty	[EMPTY]
  663	   7843.68	   11.86	         —	  empty	[EMPTY]
  664	   7855.74	   12.05	     35.49	content	'\n'
  665	   7867.66	   11.93	         —	  empty	[EMPTY]
  666	   7879.42	   11.75	         —	  empty	[EMPTY]
  667	   7891.22	   11.81	     35.49	content	'\n'
  668	   7903.14	   11.92	         —	  empty	[EMPTY]
  669	   7915.00	   11.86	         —	  empty	[EMPTY]
  670	   7927.21	   12.21	     35.99	content	'\n'
  671	   7938.72	   11.51	         —	  empty	[EMPTY]
  672	   7950.61	   11.89	         —	  empty	[EMPTY]
  673	   7963.06	   12.45	     35.85	content	'\n'
  674	   7974.47	   11.41	         —	  empty	[EMPTY]
  675	   7986.34	   11.88	         —	  empty	[EMPTY]
  676	   7998.14	   11.80	     35.08	content	'\n'
  677	   8010.29	   12.15	         —	  empty	[EMPTY]
  678	   8021.90	   11.61	         —	  empty	[EMPTY]
  679	   8033.73	   11.83	     35.59	content	'\n'
  680	   8045.65	   11.93	         —	  empty	[EMPTY]
  681	   8057.81	   12.16	         —	  empty	[EMPTY]
  682	   8070.69	   12.88	     36.97	content	'\n'
  683	   8081.22	   10.53	         —	  empty	[EMPTY]
  684	   8093.21	   11.99	         —	  empty	[EMPTY]
  685	   8105.19	   11.98	     34.49	content	'\n'
  686	   8117.19	   12.00	         —	  empty	[EMPTY]
  687	   8128.74	   11.56	         —	  empty	[EMPTY]
  688	   8140.56	   11.82	     35.38	content	'\n'
  689	   8152.49	   11.92	         —	  empty	[EMPTY]
  690	   8166.12	   13.63	         —	  empty	[EMPTY]
  691	   8176.22	   10.11	     35.66	content	'\n'
  692	   8188.06	   11.83	         —	  empty	[EMPTY]
  693	   8199.94	   11.88	         —	  empty	[EMPTY]
  694	   8211.80	   11.86	     35.57	content	'\n'
  695	   8223.79	   12.00	         —	  empty	[EMPTY]
  696	   8235.76	   11.97	         —	  empty	[EMPTY]
  697	   8247.43	   11.67	     35.63	content	'\n'
  698	   8259.58	   12.15	         —	  empty	[EMPTY]
  699	   8271.30	   11.72	         —	  empty	[EMPTY]
  700	   8283.10	   11.80	     35.67	content	'\n'
  701	   8294.97	   11.87	         —	  empty	[EMPTY]
  702	   8306.89	   11.92	         —	  empty	[EMPTY]
  703	   8320.11	   13.22	     37.01	content	'\n'
  704	   8330.58	   10.47	         —	  empty	[EMPTY]
  705	   8342.45	   11.87	         —	  empty	[EMPTY]
  706	   8354.47	   12.02	     34.36	content	'\n'
  707	   8366.23	   11.76	         —	  empty	[EMPTY]
  708	   8378.14	   11.91	         —	  empty	[EMPTY]
  709	   8389.97	   11.83	     35.50	content	'\n'
  710	   8402.10	   12.13	         —	  empty	[EMPTY]
  711	   8413.92	   11.83	         —	  empty	[EMPTY]
  712	   8425.92	   12.00	     35.95	content	'\n'
  713	   8437.76	   11.84	         —	  empty	[EMPTY]
  714	   8449.54	   11.79	         —	  empty	[EMPTY]
  715	   8461.58	   12.04	     35.66	content	'\n'
  716	   8473.34	   11.76	         —	  empty	[EMPTY]
  717	   8485.17	   11.83	         —	  empty	[EMPTY]
  718	   8497.04	   11.87	     35.46	content	'\n'
  719	   8508.93	   11.89	         —	  empty	[EMPTY]
  720	   8521.27	   12.34	         —	  empty	[EMPTY]
  721	   8532.73	   11.46	     35.69	content	'\n'
  722	   8544.62	   11.89	         —	  empty	[EMPTY]
  723	   8556.51	   11.89	         —	  empty	[EMPTY]
  724	   8570.74	   14.23	     38.01	content	'\n'
  725	   8580.28	    9.54	         —	  empty	[EMPTY]
  726	   8592.04	   11.77	         —	  empty	[EMPTY]
  727	   8604.04	   11.99	     33.30	content	'\n'
  728	   8615.87	   11.83	         —	  empty	[EMPTY]
  729	   8627.70	   11.83	         —	  empty	[EMPTY]
  730	   8639.58	   11.89	     35.55	content	'\n'
  731	   8651.40	   11.81	         —	  empty	[EMPTY]
  732	   8663.46	   12.06	         —	  empty	[EMPTY]
  733	   8675.33	   11.88	     35.75	content	'\n'
  734	   8687.18	   11.84	         —	  empty	[EMPTY]
  735	   8699.02	   11.84	         —	  empty	[EMPTY]
  736	   8710.87	   11.85	     35.53	content	'\n'
  737	   8723.09	   12.22	         —	  empty	[EMPTY]
  738	   8734.51	   11.42	         —	  empty	[EMPTY]
  739	   8746.49	   11.98	     35.62	content	'\n'
  740	   8758.92	   12.43	         —	  empty	[EMPTY]
  741	   8771.12	   12.20	         —	  empty	[EMPTY]
  742	   8782.17	   11.05	     35.69	content	'\n'
  743	   8794.04	   11.87	         —	  empty	[EMPTY]
  744	   8805.96	   11.92	         —	  empty	[EMPTY]
  745	   8820.79	   14.83	     38.61	content	'\n'
  746	   8829.57	    8.78	         —	  empty	[EMPTY]
  747	   8841.59	   12.02	         —	  empty	[EMPTY]
  748	   8853.44	   11.85	     32.65	content	'\n'
  749	   8865.45	   12.01	         —	  empty	[EMPTY]
  750	   8877.35	   11.90	         —	  empty	[EMPTY]
  751	   8889.17	   11.82	     35.73	content	'\n'
  752	   8901.05	   11.88	         —	  empty	[EMPTY]
  753	   8912.96	   11.90	         —	  empty	[EMPTY]
  754	   8924.76	   11.80	     35.58	content	'\n'
  755	   8936.70	   11.94	         —	  empty	[EMPTY]
  756	   8948.61	   11.91	         —	  empty	[EMPTY]
  757	   8960.59	   11.98	     35.83	content	'\n'
  758	   8972.46	   11.87	         —	  empty	[EMPTY]
  759	   8984.26	   11.81	         —	  empty	[EMPTY]
  760	   8996.09	   11.83	     35.50	content	'\n'
  761	   9008.09	   12.00	         —	  empty	[EMPTY]
  762	   9020.86	   12.77	         —	  empty	[EMPTY]
  763	   9031.89	   11.03	     35.80	content	'\n'
  764	   9043.72	   11.83	         —	  empty	[EMPTY]
  765	   9055.78	   12.06	         —	  empty	[EMPTY]
  766	   9067.77	   11.99	     35.88	content	'\n'
  767	   9079.35	   11.58	         —	  empty	[EMPTY]
  768	   9091.24	   11.89	         —	  empty	[EMPTY]
  769	   9103.13	   11.88	     35.36	content	'\n'
  770	   9115.03	   11.90	         —	  empty	[EMPTY]
  771	   9126.95	   11.92	         —	  empty	[EMPTY]
  772	   9138.75	   11.81	     35.63	content	'\n'
  773	   9150.66	   11.90	         —	  empty	[EMPTY]
  774	   9162.66	   12.00	         —	  empty	[EMPTY]
  775	   9174.51	   11.85	     35.76	content	'\n'
  776	   9186.31	   11.80	         —	  empty	[EMPTY]
  777	   9198.16	   11.85	         —	  empty	[EMPTY]
  778	   9210.04	   11.87	     35.52	content	'\n'
  779	   9221.92	   11.89	         —	  empty	[EMPTY]
  780	   9233.89	   11.97	         —	  empty	[EMPTY]
  781	   9245.73	   11.84	     35.70	content	'\n'
  782	   9257.67	   11.94	         —	  empty	[EMPTY]
  783	   9271.34	   13.67	         —	  empty	[EMPTY]
  784	   9281.37	   10.03	     35.64	content	'\n'
  785	   9293.23	   11.86	         —	  empty	[EMPTY]
  786	   9305.06	   11.83	         —	  empty	[EMPTY]
  787	   9317.28	   12.22	     35.91	content	'\n'
  788	   9328.76	   11.48	         —	  empty	[EMPTY]
  789	   9340.75	   11.99	         —	  empty	[EMPTY]
  790	   9352.77	   12.02	     35.49	content	'\n'
  791	   9364.59	   11.83	         —	  empty	[EMPTY]
  792	   9376.42	   11.83	         —	  empty	[EMPTY]
  793	   9388.29	   11.87	     35.53	content	'\n'
  794	   9400.22	   11.93	         —	  empty	[EMPTY]
  795	   9412.05	   11.83	         —	  empty	[EMPTY]
  796	   9423.93	   11.89	     35.64	content	'\n'
  797	   9435.78	   11.84	         —	  empty	[EMPTY]
  798	   9447.74	   11.96	         —	  empty	[EMPTY]
  799	   9459.76	   12.01	     35.82	content	'\n'
  800	   9471.65	   11.90	         —	  empty	[EMPTY]
  801	   9483.44	   11.79	         —	  empty	[EMPTY]
  802	   9495.28	   11.84	     35.53	content	'\n'
  803	   9507.22	   11.94	         —	  empty	[EMPTY]
  804	   9520.99	   13.77	         —	  empty	[EMPTY]
  805	   9530.92	    9.92	     35.64	content	'\n'
  806	   9542.95	   12.03	         —	  empty	[EMPTY]
  807	   9554.80	   11.85	         —	  empty	[EMPTY]
  808	   9566.66	   11.85	     35.74	content	'\n'
  809	   9578.66	   12.00	         —	  empty	[EMPTY]
  810	   9590.46	   11.80	         —	  empty	[EMPTY]
  811	   9602.71	   12.25	     36.05	content	'\n'
  812	   9614.28	   11.57	         —	  empty	[EMPTY]
  813	   9626.08	   11.80	         —	  empty	[EMPTY]
  814	   9638.01	   11.93	     35.30	content	'\n'
  815	   9649.89	   11.88	         —	  empty	[EMPTY]
  816	   9661.92	   12.03	         —	  empty	[EMPTY]
  817	   9673.69	   11.78	     35.69	content	'\n'
  818	   9685.73	   12.03	         —	  empty	[EMPTY]
  819	   9697.52	   11.80	         —	  empty	[EMPTY]
  820	   9709.38	   11.85	     35.68	content	'\n'
  821	   9721.23	   11.85	         —	  empty	[EMPTY]
  822	   9733.21	   11.99	         —	  empty	[EMPTY]
  823	   9745.21	   12.00	     35.83	content	'\n'
  824	   9757.09	   11.88	         —	  empty	[EMPTY]
  825	   9770.20	   13.11	         —	  empty	[EMPTY]
  826	   9780.71	   10.52	     35.50	content	'\n'
  827	   9792.61	   11.90	         —	  empty	[EMPTY]
  828	   9804.64	   12.03	         —	  empty	[EMPTY]
  829	   9816.41	   11.77	     35.70	content	'\n'
  830	   9828.38	   11.97	         —	  empty	[EMPTY]
  831	   9840.20	   11.82	         —	  empty	[EMPTY]
  832	   9852.15	   11.95	     35.74	content	'\n'
  833	   9864.02	   11.87	         —	  empty	[EMPTY]
  834	   9875.76	   11.73	         —	  empty	[EMPTY]
  835	   9887.62	   11.86	     35.47	content	'\n'
  836	   9899.57	   11.95	         —	  empty	[EMPTY]
  837	   9911.49	   11.92	         —	  empty	[EMPTY]
  838	   9923.36	   11.87	     35.74	content	'\n'
  839	   9935.19	   11.83	         —	  empty	[EMPTY]
  840	   9947.05	   11.86	         —	  empty	[EMPTY]
  841	   9959.04	   11.99	     35.69	content	'\n'
  842	   9971.21	   12.16	         —	  empty	[EMPTY]
  843	   9982.66	   11.45	         —	  empty	[EMPTY]
  844	   9994.51	   11.85	     35.46	content	'\n'
  845	  10006.43	   11.92	         —	  empty	[EMPTY]
  846	  10020.18	   13.75	         —	  empty	[EMPTY]
  847	  10030.22	   10.04	     35.71	content	'\n'
  848	  10042.12	   11.90	         —	  empty	[EMPTY]
  849	  10054.07	   11.95	         —	  empty	[EMPTY]
  850	  10066.01	   11.93	     35.78	content	'\n'
  851	  10077.91	   11.90	         —	  empty	[EMPTY]
  852	  10089.72	   11.81	         —	  empty	[EMPTY]
  853	  10101.56	   11.85	     35.56	content	'\n'
  854	  10113.47	   11.90	         —	  empty	[EMPTY]
  855	  10125.41	   11.94	         —	  empty	[EMPTY]
  856	  10137.20	   11.80	     35.64	content	'\n'
  857	  10149.24	   12.03	         —	  empty	[EMPTY]
  858	  10161.30	   12.06	         —	  empty	[EMPTY]
  859	  10172.98	   11.69	     35.78	content	'\n'
  860	  10184.80	   11.81	         —	  empty	[EMPTY]
  861	  10196.76	   11.97	         —	  empty	[EMPTY]
  862	  10208.56	   11.80	     35.58	content	'\n'
  863	  10220.51	   11.95	         —	  empty	[EMPTY]
  864	  10232.29	   11.77	         —	  empty	[EMPTY]
  865	  10244.18	   11.89	     35.61	content	'\n'
  866	  10256.15	   11.97	         —	  empty	[EMPTY]
  867	  10270.27	   14.12	         —	  empty	[EMPTY]
  868	  10279.90	    9.63	     35.73	content	'\n'
  869	  10291.73	   11.83	         —	  empty	[EMPTY]
  870	  10303.64	   11.91	         —	  empty	[EMPTY]
  871	  10315.54	   11.90	     35.64	content	'\n'
  872	  10327.48	   11.94	         —	  empty	[EMPTY]
  873	  10339.32	   11.84	         —	  empty	[EMPTY]
  874	  10351.51	   12.19	     35.97	content	'\n'
  875	  10363.15	   11.65	         —	  empty	[EMPTY]
  876	  10375.04	   11.88	         —	  empty	[EMPTY]
  877	  10386.90	   11.87	     35.40	content	'\n'
  878	  10398.82	   11.92	         —	  empty	[EMPTY]
  879	  10410.65	   11.82	         —	  empty	[EMPTY]
  880	  10422.60	   11.95	     35.69	content	'\n'
  881	  10434.46	   11.87	         —	  empty	[EMPTY]
  882	  10446.36	   11.90	         —	  empty	[EMPTY]
  883	  10458.29	   11.93	     35.69	content	'\n'
  884	  10470.56	   12.27	         —	  empty	[EMPTY]
  885	  10481.99	   11.43	         —	  empty	[EMPTY]
  886	  10493.84	   11.85	     35.55	content	'\n'
  887	  10505.72	   11.88	         —	  empty	[EMPTY]
  888	  10517.71	   11.99	         —	  empty	[EMPTY]
  889	  10529.56	   11.85	     35.72	content	'\n'
  890	  10541.45	   11.88	         —	  empty	[EMPTY]
  891	  10553.44	   11.99	         —	  empty	[EMPTY]
  892	  10565.17	   11.73	     35.61	content	'\n'
  893	  10577.13	   11.95	         —	  empty	[EMPTY]
  894	  10588.95	   11.83	         —	  empty	[EMPTY]
  895	  10600.91	   11.95	     35.73	content	'\n'
  896	  10612.99	   12.08	         —	  empty	[EMPTY]
  897	  10624.76	   11.78	         —	  empty	[EMPTY]
  898	  10636.54	   11.78	     35.63	content	'\n'
  899	  10648.48	   11.94	         —	  empty	[EMPTY]
  900	  10660.50	   12.01	         —	  empty	[EMPTY]
  901	  10672.34	   11.84	     35.80	content	'\n'
  902	  10684.20	   11.86	         —	  empty	[EMPTY]
  903	  10696.32	   12.12	         —	  empty	[EMPTY]
  904	  10707.97	   11.65	     35.63	content	'\n'
  905	  10720.52	   12.55	         —	  empty	[EMPTY]
  906	  10731.77	   11.25	         —	  empty	[EMPTY]
  907	  10743.78	   12.01	     35.81	content	'\n'
  908	  10755.90	   12.12	         —	  empty	[EMPTY]
  909	  10767.99	   12.09	         —	  empty	[EMPTY]
  910	  10779.59	   11.60	     35.81	content	'\n'
  911	  10791.43	   11.84	         —	  empty	[EMPTY]
  912	  10803.27	   11.84	         —	  empty	[EMPTY]
  913	  10815.15	   11.88	     35.56	content	'\n'
  914	  10827.09	   11.94	         —	  empty	[EMPTY]
  915	  10838.95	   11.85	         —	  empty	[EMPTY]
  916	  10850.83	   11.88	     35.68	content	'\n'
  917	  10863.63	   12.80	         —	  empty	[EMPTY]
  918	  10874.65	   11.02	         —	  empty	[EMPTY]
  919	  10886.55	   11.90	     35.73	content	'\n'
  920	  10898.43	   11.88	         —	  empty	[EMPTY]
  921	  10910.30	   11.87	         —	  empty	[EMPTY]
  922	  10926.54	   16.24	     39.99	content	'\n'
  923	  10934.01	    7.46	         —	  empty	[EMPTY]
  924	  10945.98	   11.97	         —	  empty	[EMPTY]
  925	  10957.94	   11.96	     31.39	content	'\n'
  926	  10970.99	   13.06	         —	  empty	[EMPTY]
  927	  10981.70	   10.71	         —	  empty	[EMPTY]
  928	  10993.56	   11.86	     35.62	content	'\n'
  929	  11005.47	   11.91	         —	  empty	[EMPTY]
  930	  11017.53	   12.07	         —	  empty	[EMPTY]
  931	  11029.16	   11.63	     35.60	content	'\n'
  932	  11041.18	   12.02	         —	  empty	[EMPTY]
  933	  11053.05	   11.87	         —	  empty	[EMPTY]
  934	  11065.40	   12.35	     36.24	content	'\n'
  935	  11076.83	   11.43	         —	  empty	[EMPTY]
  936	  11088.88	   12.06	         —	  empty	[EMPTY]
  937	  11100.82	   11.94	     35.43	content	'\n'
  938	  11112.56	   11.74	         —	  empty	[EMPTY]
  939	  11124.52	   11.95	         —	  empty	[EMPTY]
  940	  11136.56	   12.05	     35.74	content	'\n'
  941	  11148.30	   11.74	         —	  empty	[EMPTY]
  942	  11161.88	   13.58	         —	  empty	[EMPTY]
  943	  11172.25	   10.37	     35.69	content	'\n'
  944	  11183.89	   11.64	         —	  empty	[EMPTY]
  945	  11195.88	   11.99	         —	  empty	[EMPTY]
  946	  11207.73	   11.85	     35.48	content	'\n'
  947	  11222.33	   14.60	         —	  empty	[EMPTY]
  948	  11231.33	    9.00	         —	  empty	[EMPTY]
  949	  11243.41	   12.09	     35.69	content	'\n'
  950	  11255.25	   11.83	         —	  empty	[EMPTY]
  951	  11267.45	   12.21	         —	  empty	[EMPTY]
  952	  11279.12	   11.67	     35.71	content	'\n'
  953	  11291.01	   11.89	         —	  empty	[EMPTY]
  954	  11302.90	   11.89	         —	  empty	[EMPTY]
  955	  11314.75	   11.85	     35.63	content	'\n'
  956	  11326.58	   11.83	         —	  empty	[EMPTY]
  957	  11338.57	   11.99	         —	  empty	[EMPTY]
  958	  11350.48	   11.91	     35.73	content	'\n'
  959	  11362.39	   11.91	         —	  empty	[EMPTY]
  960	  11374.30	   11.91	         —	  empty	[EMPTY]
  961	  11386.09	   11.79	     35.61	content	'\n'
  962	  11398.07	   11.98	         —	  empty	[EMPTY]
  963	  11409.94	   11.87	         —	  empty	[EMPTY]
  964	  11422.38	   12.44	     36.28	content	'\n'
  965	  11433.82	   11.45	         —	  empty	[EMPTY]
  966	  11445.70	   11.88	         —	  empty	[EMPTY]
  967	  11457.73	   12.03	     35.35	content	'\n'
  968	  11471.24	   13.51	         —	  empty	[EMPTY]
  969	  11482.39	   11.14	         —	  empty	[EMPTY]
  970	  11494.70	   12.31	     36.97	content	'\n'
  971	  11505.15	   10.45	         —	  empty	[EMPTY]
  972	  11517.07	   11.93	         —	  empty	[EMPTY]
  973	  11529.13	   12.05	     34.43	content	'\n'
  974	  11540.93	   11.80	         —	  empty	[EMPTY]
  975	  11552.86	   11.93	         —	  empty	[EMPTY]
  976	  11564.86	   11.99	     35.73	content	'\n'
  977	  11576.69	   11.84	         —	  empty	[EMPTY]
  978	  11588.83	   12.14	         —	  empty	[EMPTY]
  979	  11600.25	   11.42	     35.39	content	'\n'
  980	  11612.20	   11.95	         —	  empty	[EMPTY]
  981	  11624.17	   11.97	         —	  empty	[EMPTY]
  982	  11635.93	   11.76	     35.68	content	'\n'
  983	  11647.73	   11.80	         —	  empty	[EMPTY]
  984	  11659.74	   12.01	         —	  empty	[EMPTY]
  985	  11671.66	   11.92	     35.74	content	'\n'
  986	  11683.47	   11.80	         —	  empty	[EMPTY]
  987	  11695.34	   11.87	         —	  empty	[EMPTY]
  988	  11707.29	   11.95	     35.63	content	'\n'
  989	  11721.74	   14.44	         —	  empty	[EMPTY]
  990	  11731.13	    9.39	         —	  empty	[EMPTY]
  991	  11742.96	   11.83	     35.66	content	'\n'
  992	  11754.92	   11.96	         —	  empty	[EMPTY]
  993	  11767.04	   12.12	         —	  empty	[EMPTY]
  994	  11778.71	   11.67	     35.76	content	'\n'
  995	  11790.52	   11.80	         —	  empty	[EMPTY]
  996	  11802.38	   11.86	         —	  empty	[EMPTY]
  997	  11814.32	   11.95	     35.61	content	'\n'
  998	  11826.37	   12.04	         —	  empty	[EMPTY]
  999	  11838.08	   11.71	         —	  empty	[EMPTY]
 1000	  11849.98	   11.90	     35.65	content	'\n'
 1001	  11861.98	   12.00	         —	  empty	[EMPTY]
 1002	  11873.91	   11.93	         —	  empty	[EMPTY]
 1003	  11885.69	   11.78	     35.71	content	'\n'
 1004	  11898.49	   12.80	         —	  empty	[EMPTY]
 1005	  11909.53	   11.04	         —	  empty	[EMPTY]
 1006	  11922.29	   12.75	     36.60	content	'\n'
 1007	  11933.27	   10.98	         —	  empty	[EMPTY]
 1008	  11945.17	   11.90	         —	  empty	[EMPTY]
 1009	  11957.12	   11.95	     34.83	content	'\n'
 1010	  11970.27	   13.15	         —	  empty	[EMPTY]
 1011	  11980.81	   10.53	         —	  empty	[EMPTY]
 1012	  11992.65	   11.84	     35.52	content	'\n'
 1013	  12004.67	   12.02	         —	  empty	[EMPTY]
 1014	  12016.53	   11.87	         —	  empty	[EMPTY]
 1015	  12028.43	   11.89	     35.78	content	'\n'
 1016	  12040.29	   11.87	         —	  empty	[EMPTY]
 1017	  12052.38	   12.09	         —	  empty	[EMPTY]
 1018	  12064.29	   11.91	     35.87	content	'\n'
 1019	  12076.11	   11.81	         —	  empty	[EMPTY]
 1020	  12087.93	   11.82	         —	  empty	[EMPTY]
 1021	  12099.91	   11.98	     35.61	content	'\n'
 1022	  12111.76	   11.85	         —	  empty	[EMPTY]
 1023	  12123.72	   11.96	         —	  empty	[EMPTY]
 1024	  12135.53	   11.81	     35.62	content	'\n'
 1025	  12147.36	   11.83	         —	  empty	[EMPTY]
 1026	  12159.40	   12.05	         —	  empty	[EMPTY]
 1027	  12171.36	   11.95	     35.83	content	'\n'
 1028	  12183.16	   11.81	         —	  empty	[EMPTY]
 1029	  12195.06	   11.90	         —	  empty	[EMPTY]
 1030	  12206.89	   11.83	     35.53	content	'\n'
 1031	  12222.45	   15.56	         —	  empty	[EMPTY]
 1032	  12230.75	    8.30	         —	  empty	[EMPTY]
 1033	  12242.65	   11.89	     35.76	content	'\n'
 1034	  12254.60	   11.95	         —	  empty	[EMPTY]
 1035	  12267.37	   12.77	         —	  empty	[EMPTY]
 1036	  12278.52	   11.15	     35.87	content	'\n'
 1037	  12290.30	   11.78	         —	  empty	[EMPTY]
 1038	  12302.19	   11.89	         —	  empty	[EMPTY]
 1039	  12314.73	   12.54	     36.21	content	'\n'
 1040	  12326.17	   11.44	         —	  empty	[EMPTY]
 1041	  12337.98	   11.81	         —	  empty	[EMPTY]
 1042	  12349.89	   11.91	     35.16	content	'\n'
 1043	  12361.91	   12.02	         —	  empty	[EMPTY]
 1044	  12373.79	   11.88	         —	  empty	[EMPTY]
 1045	  12385.62	   11.82	     35.72	content	'\n'
 1046	  12397.50	   11.89	         —	  empty	[EMPTY]
 1047	  12409.47	   11.96	         —	  empty	[EMPTY]
 1048	  12421.91	   12.44	     36.29	content	'\n'
 1049	  12433.27	   11.36	         —	  empty	[EMPTY]
 1050	  12445.18	   11.91	         —	  empty	[EMPTY]
 1051	  12457.16	   11.97	     35.25	content	'\n'
 1052	  12471.12	   13.96	         —	  empty	[EMPTY]
 1053	  12480.83	    9.72	         —	  empty	[EMPTY]
 1054	  12492.75	   11.92	     35.60	content	'\n'
 1055	  12504.69	   11.93	         —	  empty	[EMPTY]
 1056	  12516.54	   11.85	         —	  empty	[EMPTY]
 1057	  12528.48	   11.94	     35.73	content	'\n'
 1058	  12540.41	   11.93	         —	  empty	[EMPTY]
 1059	  12552.28	   11.88	         —	  empty	[EMPTY]
 1060	  12564.75	   12.46	     36.27	content	'\n'
 1061	  12576.15	   11.41	         —	  empty	[EMPTY]
 1062	  12587.98	   11.83	         —	  empty	[EMPTY]
 1063	  12599.85	   11.86	     35.10	content	'\n'
 1064	  12611.79	   11.94	         —	  empty	[EMPTY]
 1065	  12623.79	   12.01	         —	  empty	[EMPTY]
 1066	  12635.59	   11.80	     35.75	content	'\n'
 1067	  12647.47	   11.88	         —	  empty	[EMPTY]
 1068	  12659.44	   11.97	         —	  empty	[EMPTY]
 1069	  12671.35	   11.91	     35.76	content	'\n'
 1070	  12683.16	   11.81	         —	  empty	[EMPTY]
 1071	  12695.01	   11.85	         —	  empty	[EMPTY]
 1072	  12706.88	   11.87	     35.53	content	'\n'
 1073	  12722.46	   15.58	         —	  empty	[EMPTY]
 1074	  12730.67	    8.22	         —	  empty	[EMPTY]
 1075	  12742.57	   11.90	     35.70	content	'\n'
 1076	  12754.59	   12.02	         —	  empty	[EMPTY]
 1077	  12766.41	   11.82	         —	  empty	[EMPTY]
 1078	  12778.34	   11.92	     35.76	content	'\n'
 1079	  12790.20	   11.86	         —	  empty	[EMPTY]
 1080	  12802.09	   11.90	         —	  empty	[EMPTY]
 1081	  12813.99	   11.90	     35.66	content	'\n'
 1082	  12825.94	   11.95	         —	  empty	[EMPTY]
 1083	  12837.75	   11.80	         —	  empty	[EMPTY]
 1084	  12849.73	   11.98	     35.74	content	'\n'
 1085	  12862.38	   12.65	         —	  empty	[EMPTY]
 1086	  12873.50	   11.12	         —	  empty	[EMPTY]
 1087	  12885.36	   11.86	     35.63	content	'\n'
 1088	  12897.27	   11.91	         —	  empty	[EMPTY]
 1089	  12909.14	   11.87	         —	  empty	[EMPTY]
 1090	  12922.14	   12.99	     36.78	content	'\n'
 1091	  12933.00	   10.86	         —	  empty	[EMPTY]
 1092	  12944.91	   11.91	         —	  empty	[EMPTY]
 1093	  12956.91	   12.00	     34.77	content	'\n'
 1094	  12970.28	   13.37	         —	  empty	[EMPTY]
 1095	  12980.66	   10.39	         —	  empty	[EMPTY]
 1096	  12992.50	   11.84	     35.59	content	'\n'
 1097	  13004.47	   11.98	         —	  empty	[EMPTY]
 1098	  13016.34	   11.87	         —	  empty	[EMPTY]
 1099	  13028.26	   11.92	     35.76	content	'\n'
 1100	  13040.14	   11.88	         —	  empty	[EMPTY]
 1101	  13052.14	   12.00	         —	  empty	[EMPTY]
 1102	  13064.06	   11.92	     35.80	content	'\n'
 1103	  13075.90	   11.84	         —	  empty	[EMPTY]
 1104	  13087.71	   11.81	         —	  empty	[EMPTY]
 1105	  13099.76	   12.05	     35.71	content	'\n'
 1106	  13111.72	   11.96	         —	  empty	[EMPTY]
 1107	  13123.60	   11.87	         —	  empty	[EMPTY]
 1108	  13135.51	   11.92	     35.75	content	'\n'
 1109	  13147.45	   11.93	         —	  empty	[EMPTY]
 1110	  13159.36	   11.91	         —	  empty	[EMPTY]
 1111	  13171.14	   11.78	     35.63	content	'\n'
 1112	  13183.10	   11.96	         —	  empty	[EMPTY]
 1113	  13194.98	   11.88	         —	  empty	[EMPTY]
 1114	  13206.86	   11.88	     35.72	content	'\n'
 1115	  13221.74	   14.88	         —	  empty	[EMPTY]
 1116	  13230.78	    9.04	         —	  empty	[EMPTY]
 1117	  13242.70	   11.92	     35.84	content	'\n'
 1118	  13254.63	   11.93	         —	  empty	[EMPTY]
 1119	  13266.46	   11.83	         —	  empty	[EMPTY]
 1120	  13278.39	   11.93	     35.69	content	'\n'
 1121	  13290.23	   11.85	         —	  empty	[EMPTY]
 1122	  13302.22	   11.99	         —	  empty	[EMPTY]
 1123	  13314.08	   11.86	     35.70	content	'\n'
 1124	  13326.02	   11.94	         —	  empty	[EMPTY]
 1125	  13337.91	   11.89	         —	  empty	[EMPTY]
 1126	  13349.86	   11.94	     35.78	content	'\n'
 1127	  13361.75	   11.89	         —	  empty	[EMPTY]
 1128	  13373.52	   11.77	         —	  empty	[EMPTY]
 1129	  13385.56	   12.03	     35.70	content	'\n'
 1130	  13397.41	   11.86	         —	  empty	[EMPTY]
 1131	  13409.31	   11.89	         —	  empty	[EMPTY]
 1132	  13421.94	   12.63	     36.38	content	'\n'
 1133	  13433.19	   11.25	         —	  empty	[EMPTY]
 1134	  13445.07	   11.88	         —	  empty	[EMPTY]
 1135	  13457.07	   12.00	     35.13	content	'\n'
 1136	  13470.43	   13.36	         —	  empty	[EMPTY]
 1137	  13480.85	   10.42	         —	  empty	[EMPTY]
 1138	  13492.68	   11.83	     35.62	content	'\n'
 1139	  13504.60	   11.92	         —	  empty	[EMPTY]
 1140	  13516.42	   11.81	         —	  empty	[EMPTY]
 1141	  13528.46	   12.05	     35.78	content	'\n'
 1142	  13540.32	   11.85	         —	  empty	[EMPTY]
 1143	  13552.24	   11.92	         —	  empty	[EMPTY]
 1144	  13564.25	   12.00	     35.78	content	'\n'
 1145	  13575.99	   11.74	         —	  empty	[EMPTY]
 1146	  13587.91	   11.92	         —	  empty	[EMPTY]
 1147	  13599.84	   11.93	     35.59	content	'\n'
 1148	  13611.65	   11.81	         —	  empty	[EMPTY]
 1149	  13623.68	   12.03	         —	  empty	[EMPTY]
 1150	  13635.49	   11.81	     35.65	content	'\n'
 1151	  13647.50	   12.00	         —	  empty	[EMPTY]
 1152	  13659.47	   11.97	         —	  empty	[EMPTY]
 1153	  13671.33	   11.86	     35.83	content	'\n'
 1154	  13683.14	   11.81	         —	  empty	[EMPTY]
 1155	  13694.98	   11.84	         —	  empty	[EMPTY]
 1156	  13706.92	   11.93	     35.59	content	'\n'
 1157	  13722.63	   15.72	         —	  empty	[EMPTY]
 1158	  13730.71	    8.08	         —	  empty	[EMPTY]
 1159	  13742.67	   11.96	     35.75	content	'\n'
 1160	  13754.59	   11.93	         —	  empty	[EMPTY]
 1161	  13766.48	   11.89	         —	  empty	[EMPTY]
 1162	  13778.38	   11.89	     35.71	content	'\n'
 1163	  13790.21	   11.84	         —	  empty	[EMPTY]
 1164	  13802.19	   11.98	         —	  empty	[EMPTY]
 1165	  13813.99	   11.79	     35.61	content	'\n'
 1166	  13825.99	   12.00	         —	  empty	[EMPTY]
 1167	  13837.93	   11.95	         —	  empty	[EMPTY]
 1168	  13849.77	   11.84	     35.78	content	'\n'
 1169	  13861.75	   11.98	         —	  empty	[EMPTY]
 1170	  13873.48	   11.73	         —	  empty	[EMPTY]
 1171	  13885.52	   12.04	     35.75	content	'\n'
 1172	  13897.41	   11.90	         —	  empty	[EMPTY]
 1173	  13909.29	   11.88	         —	  empty	[EMPTY]
 1174	  13921.24	   11.95	     35.73	content	'\n'
 1175	  13933.24	   11.99	         —	  empty	[EMPTY]
 1176	  13945.16	   11.92	         —	  empty	[EMPTY]
 1177	  13957.21	   12.06	     35.97	content	'\n'
 1178	  13971.02	   13.81	         —	  empty	[EMPTY]
 1179	  13980.86	    9.84	         —	  empty	[EMPTY]
 1180	  13992.81	   11.95	     35.60	content	'\n'
 1181	  14004.74	   11.92	         —	  empty	[EMPTY]
 1182	  14016.54	   11.80	         —	  empty	[EMPTY]
 1183	  14028.64	   12.10	     35.83	content	'\n'
 1184	  14040.52	   11.87	         —	  empty	[EMPTY]
 1185	  14052.53	   12.02	         —	  empty	[EMPTY]
 1186	  14064.48	   11.95	     35.84	content	'\n'
 1187	  14076.21	   11.73	         —	  empty	[EMPTY]
 1188	  14088.15	   11.94	         —	  empty	[EMPTY]
 1189	  14100.19	   12.04	     35.70	content	'\n'
 1190	  14113.50	   13.32	         —	  empty	[EMPTY]
 1191	  14123.96	   10.46	         —	  empty	[EMPTY]
 1192	  14135.83	   11.87	     35.64	content	'\n'
 1193	  14147.80	   11.97	         —	  empty	[EMPTY]
 1194	  14159.81	   12.02	         —	  empty	[EMPTY]
 1195	  14171.56	   11.75	     35.73	content	'\n'
 1196	  14183.57	   12.01	         —	  empty	[EMPTY]
 1197	  14195.52	   11.95	         —	  empty	[EMPTY]
 1198	  14207.43	   11.91	     35.87	content	'\n'
 1199	  14222.06	   14.63	         —	  empty	[EMPTY]
 1200	  14231.26	    9.20	         —	  empty	[EMPTY]
 1201	  14243.13	   11.87	     35.70	content	'\n'
 1202	  14255.20	   12.06	         —	  empty	[EMPTY]
 1203	  14267.03	   11.83	         —	  empty	[EMPTY]
 1204	  14278.99	   11.96	     35.85	content	'\n'
 1205	  14290.98	   12.00	         —	  empty	[EMPTY]
 1206	  14302.90	   11.92	         —	  empty	[EMPTY]
 1207	  14314.68	   11.78	     35.69	content	'\n'
 1208	  14326.70	   12.02	         —	  empty	[EMPTY]
 1209	  14338.56	   11.87	         —	  empty	[EMPTY]
 1210	  14350.51	   11.95	     35.84	content	'\n'
 1211	  14362.64	   12.13	         —	  empty	[EMPTY]
 1212	  14374.31	   11.67	         —	  empty	[EMPTY]
 1213	  14386.25	   11.94	     35.73	content	'\n'
 1214	  14398.30	   12.05	         —	  empty	[EMPTY]
 1215	  14410.10	   11.80	         —	  empty	[EMPTY]
 1216	  14422.54	   12.44	     36.29	content	'\n'
 1217	  14433.89	   11.35	         —	  empty	[EMPTY]
 1218	  14445.86	   11.97	         —	  empty	[EMPTY]
 1219	  14460.03	   14.17	     37.49	content	'\n'
 1220	  14470.75	   10.71	         —	  empty	[EMPTY]
 1221	  14481.58	   10.83	         —	  empty	[EMPTY]
 1222	  14493.54	   11.96	     33.50	content	'\n'
 1223	  14505.44	   11.90	         —	  empty	[EMPTY]
 1224	  14517.74	   12.30	         —	  empty	[EMPTY]
 1225	  14529.36	   11.62	     35.83	content	'\n'
 1226	  14541.27	   11.90	         —	  empty	[EMPTY]
 1227	  14553.27	   12.00	         —	  empty	[EMPTY]
 1228	  14565.09	   11.82	     35.73	content	'\n'
 1229	  14577.09	   11.99	         —	  empty	[EMPTY]
 1230	  14588.95	   11.87	         —	  empty	[EMPTY]
 1231	  14600.86	   11.91	     35.77	content	'\n'
 1232	  14612.75	   11.88	         —	  empty	[EMPTY]
 1233	  14624.74	   11.99	         —	  empty	[EMPTY]
 1234	  14636.60	   11.86	     35.74	content	'\n'
 1235	  14648.59	   11.99	         —	  empty	[EMPTY]
 1236	  14660.63	   12.04	         —	  empty	[EMPTY]
 1237	  14672.53	   11.90	     35.93	content	'\n'
 1238	  14684.37	   11.84	         —	  empty	[EMPTY]
 1239	  14696.25	   11.87	         —	  empty	[EMPTY]
 1240	  14708.17	   11.92	     35.64	content	'\n'
 1241	  14722.30	   14.14	         —	  empty	[EMPTY]
 1242	  14732.07	    9.77	         —	  empty	[EMPTY]
 1243	  14743.96	   11.89	     35.79	content	'\n'
 1244	  14755.95	   12.00	         —	  empty	[EMPTY]
 1245	  14770.59	   14.64	         —	  empty	[EMPTY]
 1246	  14779.75	    9.15	     35.79	content	'\n'
 1247	  14791.60	   11.85	         —	  empty	[EMPTY]
 1248	  14803.61	   12.02	         —	  empty	[EMPTY]
 1249	  14815.44	   11.83	     35.69	content	'\n'
 1250	  14827.32	   11.88	         —	  empty	[EMPTY]
 1251	  14839.30	   11.98	         —	  empty	[EMPTY]
 1252	  14851.21	   11.91	     35.77	content	'\n'
 1253	  14863.26	   12.05	         —	  empty	[EMPTY]
 1254	  14875.10	   11.85	         —	  empty	[EMPTY]
 1255	  14887.05	   11.95	     35.84	content	'\n'
 1256	  14898.95	   11.90	         —	  empty	[EMPTY]
 1257	  14911.01	   12.06	         —	  empty	[EMPTY]
 1258	  14922.78	   11.78	     35.73	content	'\n'
 1259	  14934.64	   11.86	         —	  empty	[EMPTY]
 1260	  14946.63	   11.99	         —	  empty	[EMPTY]
 1261	  14958.63	   12.00	     35.85	content	'\n'
 1262	  14970.93	   12.30	         —	  empty	[EMPTY]
 1263	  14982.35	   11.42	         —	  empty	[EMPTY]
 1264	  14994.31	   11.95	     35.68	content	'\n'
 1265	  15006.21	   11.90	         —	  empty	[EMPTY]
 1266	  15018.12	   11.91	         —	  empty	[EMPTY]
 1267	  15030.00	   11.88	     35.69	content	'\n'
 1268	  15042.04	   12.04	         —	  empty	[EMPTY]
 1269	  15053.84	   11.80	         —	  empty	[EMPTY]
 1270	  15065.89	   12.04	     35.88	content	'\n'
 1271	  15077.79	   11.91	         —	  empty	[EMPTY]
 1272	  15089.67	   11.88	         —	  empty	[EMPTY]
 1273	  15101.58	   11.91	     35.70	content	'\n'
 1274	  15113.54	   11.96	         —	  empty	[EMPTY]
 1275	  15125.36	   11.82	         —	  empty	[EMPTY]
 1276	  15137.37	   12.01	     35.78	content	'\n'
 1277	  15149.27	   11.91	         —	  empty	[EMPTY]
 1278	  15161.98	   12.71	         —	  empty	[EMPTY]
 1279	  15173.24	   11.26	     35.88	content	'\n'
 1280	  15185.09	   11.84	         —	  empty	[EMPTY]
 1281	  15197.08	   11.99	         —	  empty	[EMPTY]
 1282	  15209.08	   12.00	     35.83	content	'\n'
 1283	  15222.97	   13.89	         —	  empty	[EMPTY]
 1284	  15232.83	    9.87	         —	  empty	[EMPTY]
 1285	  15244.82	   11.98	     35.74	content	'\n'
 1286	  15256.83	   12.01	         —	  empty	[EMPTY]
 1287	  15271.23	   14.41	         —	  empty	[EMPTY]
 1288	  15280.40	    9.16	     35.58	content	'\n'
 1289	  15292.54	   12.14	         —	  empty	[EMPTY]
 1290	  15304.44	   11.90	         —	  empty	[EMPTY]
 1291	  15317.68	   13.24	     37.28	content	'\n'
 1292	  15328.36	   10.68	         —	  empty	[EMPTY]
 1293	  15340.17	   11.81	         —	  empty	[EMPTY]
 1294	  15352.49	   12.33	     34.81	content	'\n'
 1295	  15364.02	   11.53	         —	  empty	[EMPTY]
 1296	  15375.94	   11.91	         —	  empty	[EMPTY]
 1297	  15387.77	   11.83	     35.28	content	'\n'
 1298	  15399.69	   11.92	         —	  empty	[EMPTY]
 1299	  15411.60	   11.91	         —	  empty	[EMPTY]
 1300	  15423.63	   12.03	     35.86	content	'\n'
 1301	  15435.51	   11.88	         —	  empty	[EMPTY]
 1302	  15447.45	   11.94	         —	  empty	[EMPTY]
 1303	  15459.44	   11.99	     35.81	content	'\n'
 1304	  15471.39	   11.95	         —	  empty	[EMPTY]
 1305	  15483.24	   11.86	         —	  empty	[EMPTY]
 1306	  15495.15	   11.91	     35.72	content	'\n'
 1307	  15507.23	   12.07	         —	  empty	[EMPTY]
 1308	  15523.37	   16.14	         —	  empty	[EMPTY]
 1309	  15531.10	    7.73	     35.94	content	'\n'
 1310	  15542.94	   11.85	         —	  empty	[EMPTY]
 1311	  15554.89	   11.95	         —	  empty	[EMPTY]
 1312	  15566.86	   11.97	     35.76	content	'\n'
 1313	  15578.81	   11.95	         —	  empty	[EMPTY]
 1314	  15590.69	   11.88	         —	  empty	[EMPTY]
 1315	  15602.65	   11.96	     35.79	content	'\n'
 1316	  15614.59	   11.94	         —	  empty	[EMPTY]
 1317	  15626.58	   11.99	         —	  empty	[EMPTY]
 1318	  15638.45	   11.87	     35.79	content	'\n'
 1319	  15650.40	   11.95	         —	  empty	[EMPTY]
 1320	  15662.32	   11.92	         —	  empty	[EMPTY]
 1321	  15674.30	   11.98	     35.85	content	'\n'
 1322	  15686.18	   11.88	         —	  empty	[EMPTY]
 1323	  15698.17	   11.99	         —	  empty	[EMPTY]
 1324	  15710.14	   11.98	     35.85	content	'\n'
 1325	  15722.12	   11.98	         —	  empty	[EMPTY]
 1326	  15733.96	   11.84	         —	  empty	[EMPTY]
 1327	  15745.86	   11.90	     35.71	content	'\n'
 1328	  15758.03	   12.17	         —	  empty	[EMPTY]
 1329	  15770.92	   12.89	         —	  empty	[EMPTY]
 1330	  15781.72	   10.79	     35.86	content	'\n'
 1331	  15793.64	   11.93	         —	  empty	[EMPTY]
 1332	  15805.58	   11.94	         —	  empty	[EMPTY]
 1333	  15817.61	   12.03	     35.90	content	'\n'
 1334	  15829.52	   11.90	         —	  empty	[EMPTY]
 1335	  15841.35	   11.84	         —	  empty	[EMPTY]
 1336	  15853.24	   11.88	     35.62	content	'\n'
 1337	  15865.41	   12.17	         —	  empty	[EMPTY]
 1338	  15877.23	   11.82	         —	  empty	[EMPTY]
 1339	  15889.24	   12.01	     36.00	content	'\n'
 1340	  15901.08	   11.84	         —	  empty	[EMPTY]
 1341	  15912.98	   11.90	         —	  empty	[EMPTY]
 1342	  15925.02	   12.04	     35.78	content	'\n'
 1343	  15936.88	   11.86	         —	  empty	[EMPTY]
 1344	  15948.87	   11.99	         —	  empty	[EMPTY]
 1345	  15960.86	   11.99	     35.84	content	'\n'
 1346	  15972.84	   11.99	         —	  empty	[EMPTY]
 1347	  15984.68	   11.84	         —	  empty	[EMPTY]
 1348	  15996.69	   12.01	     35.83	content	'\n'
 1349	  16008.58	   11.89	         —	  empty	[EMPTY]
 1350	  16021.78	   13.21	         —	  empty	[EMPTY]
 1351	  16032.41	   10.63	     35.73	content	'\n'
 1352	  16044.34	   11.93	         —	  empty	[EMPTY]
 1353	  16056.40	   12.06	         —	  empty	[EMPTY]
 1354	  16070.78	   14.38	     38.37	content	'\n'
 1355	  16080.33	    9.55	         —	  empty	[EMPTY]
 1356	  16092.09	   11.75	         —	  empty	[EMPTY]
 1357	  16104.08	   11.99	     33.29	content	'\n'
 1358	  16115.97	   11.89	         —	  empty	[EMPTY]
 1359	  16127.99	   12.03	         —	  empty	[EMPTY]
 1360	  16139.84	   11.85	     35.77	content	'\n'
 1361	  16151.80	   11.96	         —	  empty	[EMPTY]
 1362	  16164.92	   13.12	         —	  empty	[EMPTY]
 1363	  16175.77	   10.85	     35.93	content	'\n'
 1364	  16187.66	   11.89	         —	  empty	[EMPTY]
 1365	  16199.60	   11.94	         —	  empty	[EMPTY]
 1366	  16211.50	   11.89	     35.72	content	'\n'
 1367	  16223.49	   12.00	         —	  empty	[EMPTY]
 1368	  16235.35	   11.86	         —	  empty	[EMPTY]
 1369	  16247.32	   11.97	     35.83	content	'\n'
 1370	  16259.35	   12.02	         —	  empty	[EMPTY]
 1371	  16271.31	   11.96	         —	  empty	[EMPTY]
 1372	  16283.19	   11.88	     35.86	content	'\n'
 1373	  16295.17	   11.98	         —	  empty	[EMPTY]
 1374	  16307.05	   11.88	         —	  empty	[EMPTY]
 1375	  16322.48	   15.44	     39.30	content	'\n'
 1376	  16330.99	    8.51	         —	  empty	[EMPTY]
 1377	  16342.98	   11.98	         —	  empty	[EMPTY]
 1378	  16354.91	   11.93	     32.43	content	'\n'
 1379	  16366.80	   11.89	         —	  empty	[EMPTY]
 1380	  16378.81	   12.01	         —	  empty	[EMPTY]
 1381	  16390.67	   11.86	     35.75	content	'\n'
 1382	  16402.59	   11.93	         —	  empty	[EMPTY]
 1383	  16415.01	   12.41	         —	  empty	[EMPTY]
 1384	  16426.94	   11.94	     36.28	content	'\n'
 1385	  16438.51	   11.57	         —	  empty	[EMPTY]
 1386	  16450.42	   11.90	         —	  empty	[EMPTY]
 1387	  16462.40	   11.98	     35.45	content	'\n'
 1388	  16474.39	   11.99	         —	  empty	[EMPTY]
 1389	  16486.51	   12.12	         —	  empty	[EMPTY]
 1390	  16498.45	   11.93	     36.05	content	'\n'
 1391	  16510.36	   11.92	         —	  empty	[EMPTY]
 1392	  16523.07	   12.71	         —	  empty	[EMPTY]
 1393	  16534.14	   11.07	     35.69	content	'\n'
 1394	  16546.23	   12.09	         —	  empty	[EMPTY]
 1395	  16558.21	   11.99	         —	  empty	[EMPTY]
 1396	  16571.01	   12.80	     36.88	content	'\n'
 1397	  16582.04	   11.03	         —	  empty	[EMPTY]
 1398	  16594.01	   11.97	         —	  empty	[EMPTY]
 1399	  16605.87	   11.86	     34.86	content	'\n'
 1400	  16622.47	   16.60	         —	  empty	[EMPTY]
 1401	  16629.61	    7.14	         —	  empty	[EMPTY]
 1402	  16641.73	   12.12	     35.85	content	'\n'
 1403	  16653.66	   11.94	         —	  empty	[EMPTY]
 1404	  16665.74	   12.08	         —	  empty	[EMPTY]
 1405	  16677.59	   11.85	     35.86	content	'\n'
 1406	  16689.46	   11.87	         —	  empty	[EMPTY]
 1407	  16701.37	   11.91	         —	  empty	[EMPTY]
 1408	  16713.33	   11.96	     35.74	content	'\n'
 1409	  16726.43	   13.10	         —	  empty	[EMPTY]
 1410	  16737.26	   10.83	         —	  empty	[EMPTY]
 1411	  16749.15	   11.89	     35.82	content	'\n'
 1412	  16761.28	   12.13	         —	  empty	[EMPTY]
 1413	  16773.18	   11.91	         —	  empty	[EMPTY]
 1414	  16785.14	   11.96	     35.99	content	'\n'
 1415	  16797.04	   11.90	         —	  empty	[EMPTY]
 1416	  16809.02	   11.98	         —	  empty	[EMPTY]
 1417	  16820.94	   11.92	     35.80	content	'\n'
 1418	  16832.74	   11.79	         —	  empty	[EMPTY]
 1419	  16844.78	   12.04	         —	  empty	[EMPTY]
 1420	  16856.74	   11.97	     35.80	content	'\n'
 1421	  16871.34	   14.60	         —	  empty	[EMPTY]
 1422	  16880.59	    9.25	         —	  empty	[EMPTY]
 1423	  16892.54	   11.95	     35.80	content	'\n'
 1424	  16904.52	   11.98	         —	  empty	[EMPTY]
 1425	  16916.38	   11.86	         —	  empty	[EMPTY]
 1426	  16928.40	   12.02	     35.86	content	'\n'
 1427	  16940.25	   11.84	         —	  empty	[EMPTY]
 1428	  16952.28	   12.03	         —	  empty	[EMPTY]
 1429	  16964.58	   12.30	     36.18	content	'\n'
 1430	  16976.18	   11.60	         —	  empty	[EMPTY]
 1431	  16988.06	   11.88	         —	  empty	[EMPTY]
 1432	  17000.02	   11.96	     35.44	content	'\n'
 1433	  17012.02	   12.00	         —	  empty	[EMPTY]
 1434	  17024.32	   12.30	         —	  empty	[EMPTY]
 1435	  17035.97	   11.65	     35.95	content	'\n'
 1436	  17047.73	   11.76	         —	  empty	[EMPTY]
 1437	  17059.80	   12.07	         —	  empty	[EMPTY]
 1438	  17071.81	   12.01	     35.84	content	'\n'
 1439	  17083.64	   11.83	         —	  empty	[EMPTY]
 1440	  17095.52	   11.88	         —	  empty	[EMPTY]
 1441	  17107.49	   11.98	     35.69	content	'\n'
 1442	  17120.48	   12.98	         —	  empty	[EMPTY]
 1443	  17131.31	   10.83	         —	  empty	[EMPTY]
 1444	  17143.25	   11.94	     35.76	content	'\n'
 1445	  17155.28	   12.03	         —	  empty	[EMPTY]
 1446	  17167.19	   11.90	         —	  empty	[EMPTY]
 1447	  17179.22	   12.04	     35.97	content	'\n'
 1448	  17191.04	   11.82	         —	  empty	[EMPTY]
 1449	  17203.03	   12.00	         —	  empty	[EMPTY]
 1450	  17214.95	   11.91	     35.72	content	'\n'
 1451	  17227.04	   12.10	         —	  empty	[EMPTY]
 1452	  17238.91	   11.87	         —	  empty	[EMPTY]
 1453	  17250.87	   11.96	     35.92	content	'\n'
 1454	  17262.90	   12.03	         —	  empty	[EMPTY]
 1455	  17274.85	   11.95	         —	  empty	[EMPTY]
 1456	  17286.76	   11.91	     35.89	content	'\n'
 1457	  17298.67	   11.91	         —	  empty	[EMPTY]
 1458	  17311.13	   12.46	         —	  empty	[EMPTY]
 1459	  17322.78	   11.65	     36.02	content	'\n'
 1460	  17334.52	   11.74	         —	  empty	[EMPTY]
 1461	  17346.46	   11.94	         —	  empty	[EMPTY]
 1462	  17358.48	   12.02	     35.70	content	'\n'
 1463	  17370.48	   12.00	         —	  empty	[EMPTY]
 1464	  17382.29	   11.82	         —	  empty	[EMPTY]
 1465	  17394.25	   11.96	     35.77	content	'\n'
 1466	  17406.24	   11.99	         —	  empty	[EMPTY]
 1467	  17420.18	   13.94	         —	  empty	[EMPTY]
 1468	  17430.10	    9.92	     35.85	content	'\n'
 1469	  17442.04	   11.94	         —	  empty	[EMPTY]
 1470	  17454.14	   12.10	         —	  empty	[EMPTY]
 1471	  17466.10	   11.96	     36.00	content	'\n'
 1472	  17478.02	   11.92	         —	  empty	[EMPTY]
 1473	  17489.94	   11.92	         —	  empty	[EMPTY]
 1474	  17501.93	   11.99	     35.83	content	'\n'
 1475	  17513.75	   11.82	         —	  empty	[EMPTY]
 1476	  17525.85	   12.10	         —	  empty	[EMPTY]
 1477	  17537.69	   11.84	     35.75	content	'\n'
 1478	  17549.60	   11.91	         —	  empty	[EMPTY]
 1479	  17561.72	   12.12	         —	  empty	[EMPTY]
 1480	  17573.63	   11.91	     35.94	content	'\n'
 1481	  17585.49	   11.86	         —	  empty	[EMPTY]
 1482	  17597.46	   11.97	         —	  empty	[EMPTY]
 1483	  17609.36	   11.90	     35.73	content	'\n'
 1484	  17621.47	   12.11	         —	  empty	[EMPTY]
 1485	  17633.33	   11.86	         —	  empty	[EMPTY]
 1486	  17645.28	   11.95	     35.92	content	'\n'
 1487	  17657.30	   12.01	         —	  empty	[EMPTY]
 1488	  17670.12	   12.82	         —	  empty	[EMPTY]
 1489	  17681.19	   11.07	     35.90	content	'\n'
 1490	  17693.07	   11.88	         —	  empty	[EMPTY]
 1491	  17705.06	   11.99	         —	  empty	[EMPTY]
 1492	  17717.14	   12.08	     35.95	content	'\n'
 1493	  17729.02	   11.88	         —	  empty	[EMPTY]
 1494	  17740.92	   11.91	         —	  empty	[EMPTY]
 1495	  17753.03	   12.10	     35.89	content	'\n'
 1496	  17765.21	   12.18	         —	  empty	[EMPTY]
 1497	  17776.90	   11.70	         —	  empty	[EMPTY]
 1498	  17788.74	   11.84	     35.71	content	'\n'
 1499	  17800.78	   12.04	         —	  empty	[EMPTY]
 1500	  17812.61	   11.83	         —	  empty	[EMPTY]
 1501	  17824.76	   12.15	     36.02	content	'\n'
 1502	  17836.58	   11.83	         —	  empty	[EMPTY]
 1503	  17848.52	   11.93	         —	  empty	[EMPTY]
 1504	  17860.76	   12.25	     36.01	content	'\n'
 1505	  17872.58	   11.82	         —	  empty	[EMPTY]
 1506	  17884.36	   11.78	         —	  empty	[EMPTY]
 1507	  17896.37	   12.01	     35.61	content	'\n'
 1508	  17908.29	   11.92	         —	  empty	[EMPTY]
 1509	  17920.36	   12.07	         —	  empty	[EMPTY]
 1510	  17932.21	   11.85	     35.84	content	'\n'
 1511	  17944.18	   11.97	         —	  empty	[EMPTY]
 1512	  17956.19	   12.01	         —	  empty	[EMPTY]
 1513	  17970.34	   14.15	     38.13	content	'\n'
 1514	  17979.99	    9.65	         —	  empty	[EMPTY]
 1515	  17991.89	   11.89	         —	  empty	[EMPTY]
 1516	  18003.89	   12.01	     33.55	content	'\n'
 1517	  18015.85	   11.96	         —	  empty	[EMPTY]
 1518	  18027.91	   12.06	         —	  empty	[EMPTY]
 1519	  18039.73	   11.82	     35.84	content	'\n'
 1520	  18051.62	   11.89	         —	  empty	[EMPTY]
 1521	  18063.69	   12.06	         —	  empty	[EMPTY]
 1522	  18075.69	   12.01	     35.96	content	'\n'
 1523	  18087.55	   11.86	         —	  empty	[EMPTY]
 1524	  18099.68	   12.13	         —	  empty	[EMPTY]
 1525	  18111.47	   11.79	     35.78	content	'\n'
 1526	  18123.49	   12.02	         —	  empty	[EMPTY]
 1527	  18135.42	   11.93	         —	  empty	[EMPTY]
 1528	  18147.27	   11.85	     35.80	content	'\n'
 1529	  18159.33	   12.06	         —	  empty	[EMPTY]
 1530	  18171.36	   12.03	         —	  empty	[EMPTY]
 1531	  18183.19	   11.82	     35.91	content	'\n'
 1532	  18195.14	   11.95	         —	  empty	[EMPTY]
 1533	  18207.11	   11.98	         —	  empty	[EMPTY]
 1534	  18220.19	   13.08	     37.00	content	'\n'
 1535	  18231.05	   10.86	         —	  empty	[EMPTY]
 1536	  18242.94	   11.90	         —	  empty	[EMPTY]
 1537	  18255.04	   12.10	     34.86	content	'\n'
 1538	  18266.96	   11.92	         —	  empty	[EMPTY]
 1539	  18278.90	   11.94	         —	  empty	[EMPTY]
 1540	  18290.83	   11.93	     35.78	content	'\n'
 1541	  18302.76	   11.93	         —	  empty	[EMPTY]
 1542	  18314.69	   11.94	         —	  empty	[EMPTY]
 1543	  18326.83	   12.13	     36.00	content	'\n'
 1544	  18338.72	   11.89	         —	  empty	[EMPTY]
 1545	  18350.63	   11.91	         —	  empty	[EMPTY]
 1546	  18363.15	   12.52	     36.33	content	'\n'
 1547	  18374.61	   11.46	         —	  empty	[EMPTY]
 1548	  18386.51	   11.90	         —	  empty	[EMPTY]
 1549	  18398.46	   11.95	     35.31	content	'\n'
 1550	  18410.40	   11.94	         —	  empty	[EMPTY]
 1551	  18422.49	   12.09	         —	  empty	[EMPTY]
 1552	  18434.30	   11.82	     35.84	content	'\n'
 1553	  18446.26	   11.96	         —	  empty	[EMPTY]
 1554	  18458.30	   12.04	         —	  empty	[EMPTY]
 1555	  18470.41	   12.11	     36.11	content	'\n'
 1556	  18482.18	   11.77	         —	  empty	[EMPTY]
 1557	  18494.07	   11.90	         —	  empty	[EMPTY]
 1558	  18506.04	   11.96	     35.63	content	'\n'
 1559	  18520.16	   14.12	         —	  empty	[EMPTY]
 1560	  18530.03	    9.87	         —	  empty	[EMPTY]
 1561	  18541.93	   11.91	     35.90	content	'\n'
 1562	  18553.88	   11.95	         —	  empty	[EMPTY]
 1563	  18565.88	   12.00	         —	  empty	[EMPTY]
 1564	  18577.92	   12.04	     35.99	content	'\n'
 1565	  18589.87	   11.95	         —	  empty	[EMPTY]
 1566	  18602.17	   12.30	         —	  empty	[EMPTY]
 1567	  18613.85	   11.68	     35.92	content	'\n'
 1568	  18625.82	   11.97	         —	  empty	[EMPTY]
 1569	  18637.53	   11.71	         —	  empty	[EMPTY]
 1570	  18649.49	   11.96	     35.64	content	'\n'
 1571	  18661.67	   12.18	         —	  empty	[EMPTY]
 1572	  18673.53	   11.86	         —	  empty	[EMPTY]
 1573	  18685.38	   11.85	     35.90	content	'\n'
 1574	  18697.34	   11.96	         —	  empty	[EMPTY]
 1575	  18709.26	   11.91	         —	  empty	[EMPTY]
 1576	  18721.28	   12.02	     35.89	content	'\n'
 1577	  18733.14	   11.86	         —	  empty	[EMPTY]
 1578	  18745.08	   11.95	         —	  empty	[EMPTY]
 1579	  18757.17	   12.09	     35.89	content	'\n'
 1580	  18770.86	   13.69	         —	  empty	[EMPTY]
 1581	  18780.93	   10.07	         —	  empty	[EMPTY]
 1582	  18792.93	   11.99	     35.75	content	'\n'
 1583	  18804.90	   11.98	         —	  empty	[EMPTY]
 1584	  18816.86	   11.95	         —	  empty	[EMPTY]
 1585	  18828.97	   12.11	     36.05	content	'\n'
 1586	  18840.76	   11.79	         —	  empty	[EMPTY]
 1587	  18852.79	   12.04	         —	  empty	[EMPTY]
 1588	  18864.73	   11.94	     35.76	content	'\n'
 1589	  18876.78	   12.05	         —	  empty	[EMPTY]
 1590	  18888.67	   11.89	         —	  empty	[EMPTY]
 1591	  18900.56	   11.88	     35.83	content	'\n'
 1592	  18912.97	   12.41	         —	  empty	[EMPTY]
 1593	  18924.58	   11.61	         —	  empty	[EMPTY]
 1594	  18936.41	   11.83	     35.86	content	'\n'
 1595	  18948.38	   11.97	         —	  empty	[EMPTY]
 1596	  18960.45	   12.07	         —	  empty	[EMPTY]
 1597	  18972.42	   11.97	     36.01	content	'\n'
 1598	  18984.28	   11.86	         —	  empty	[EMPTY]
 1599	  18996.27	   11.98	         —	  empty	[EMPTY]
 1600	  19008.23	   11.97	     35.81	content	'\n'
 1601	  19021.09	   12.86	         —	  empty	[EMPTY]
 1602	  19032.15	   11.06	         —	  empty	[EMPTY]
 1603	  19044.18	   12.03	     35.94	content	'\n'
 1604	  19056.23	   12.05	         —	  empty	[EMPTY]
 1605	  19070.58	   14.35	         —	  empty	[EMPTY]
 1606	  19080.05	    9.47	     35.87	content	'\n'
 1607	  19091.97	   11.92	         —	  empty	[EMPTY]
 1608	  19103.90	   11.93	         —	  empty	[EMPTY]
 1609	  19115.84	   11.94	     35.79	content	'\n'
 1610	  19127.90	   12.06	         —	  empty	[EMPTY]
 1611	  19139.74	   11.84	         —	  empty	[EMPTY]
 1612	  19151.74	   12.00	     35.90	content	'\n'
 1613	  19163.86	   12.12	         —	  empty	[EMPTY]
 1614	  19175.73	   11.87	         —	  empty	[EMPTY]
 1615	  19187.60	   11.86	     35.85	content	'\n'
 1616	  19199.60	   12.00	         —	  empty	[EMPTY]
 1617	  19211.70	   12.10	         —	  empty	[EMPTY]
 1618	  19223.64	   11.94	     36.04	content	'\n'
 1619	  19235.46	   11.82	         —	  empty	[EMPTY]
 1620	  19247.42	   11.96	         —	  empty	[EMPTY]
 1621	  19259.50	   12.08	     35.86	content	'\n'
 1622	  19271.88	   12.39	         —	  empty	[EMPTY]
 1623	  19283.28	   11.39	         —	  empty	[EMPTY]
 1624	  19295.32	   12.05	     35.83	content	'\n'
 1625	  19307.21	   11.88	         —	  empty	[EMPTY]
 1626	  19320.17	   12.97	         —	  empty	[EMPTY]
 1627	  19331.18	   11.01	     35.86	content	'\n'
 1628	  19343.16	   11.98	         —	  empty	[EMPTY]
 1629	  19355.27	   12.10	         —	  empty	[EMPTY]
 1630	  19367.07	   11.80	     35.89	content	'\n'
 1631	  19379.13	   12.06	         —	  empty	[EMPTY]
 1632	  19391.01	   11.88	         —	  empty	[EMPTY]
 1633	  19402.96	   11.95	     35.89	content	'\n'
 1634	  19414.91	   11.95	         —	  empty	[EMPTY]
 1635	  19426.98	   12.07	         —	  empty	[EMPTY]
 1636	  19438.85	   11.87	     35.90	content	'\n'
 1637	  19450.81	   11.96	         —	  empty	[EMPTY]
 1638	  19463.60	   12.79	         —	  empty	[EMPTY]
 1639	  19474.85	   11.25	     36.00	content	'\n'
 1640	  19486.79	   11.94	         —	  empty	[EMPTY]
 1641	  19498.65	   11.86	         —	  empty	[EMPTY]
 1642	  19510.61	   11.97	     35.76	content	'\n'
 1643	  19522.73	   12.12	         —	  empty	[EMPTY]
 1644	  19534.65	   11.91	         —	  empty	[EMPTY]
 1645	  19546.53	   11.88	     35.91	content	'\n'
 1646	  19558.79	   12.26	         —	  empty	[EMPTY]
 1647	  19570.92	   12.13	         —	  empty	[EMPTY]
 1648	  19582.42	   11.51	     35.89	content	'\n'
 1649	  19594.42	   11.99	         —	  empty	[EMPTY]
 1650	  19606.37	   11.96	         —	  empty	[EMPTY]
 1651	  19620.25	   13.87	     37.82	content	'\n'
 1652	  19630.33	   10.09	         —	  empty	[EMPTY]
 1653	  19642.25	   11.91	         —	  empty	[EMPTY]
 1654	  19654.32	   12.07	     34.07	content	'\n'
 1655	  19666.17	   11.86	         —	  empty	[EMPTY]
 1656	  19678.26	   12.09	         —	  empty	[EMPTY]
 1657	  19690.11	   11.85	     35.79	content	'\n'
 1658	  19702.11	   12.00	         —	  empty	[EMPTY]
 1659	  19714.01	   11.89	         —	  empty	[EMPTY]
 1660	  19726.05	   12.04	     35.94	content	'\n'
 1661	  19737.95	   11.90	         —	  empty	[EMPTY]
 1662	  19749.88	   11.92	         —	  empty	[EMPTY]
 1663	  19761.99	   12.12	     35.95	content	'\n'
 1664	  19776.18	   14.18	         —	  empty	[EMPTY]
 1665	  19785.82	    9.64	         —	  empty	[EMPTY]
 1666	  19797.93	   12.12	     35.94	content	'\n'
 1667	  19809.71	   11.78	         —	  empty	[EMPTY]
 1668	  19821.68	   11.97	         —	  empty	[EMPTY]
 1669	  19833.58	   11.90	     35.65	content	'\n'
 1670	  19845.57	   11.99	         —	  empty	[EMPTY]
 1671	  19857.58	   12.01	         —	  empty	[EMPTY]
 1672	  19870.29	   12.71	     36.71	content	'\n'
 1673	  19881.40	   11.11	         —	  empty	[EMPTY]
 1674	  19893.37	   11.97	         —	  empty	[EMPTY]
 1675	  19905.33	   11.95	     35.03	content	'\n'
 1676	  19920.18	   14.86	         —	  empty	[EMPTY]
 1677	  19929.32	    9.13	         —	  empty	[EMPTY]
 1678	  19941.17	   11.86	     35.85	content	'\n'
 1679	  19953.24	   12.07	         —	  empty	[EMPTY]
 1680	  19965.42	   12.17	         —	  empty	[EMPTY]
 1681	  19977.18	   11.77	     36.01	content	'\n'
 1682	  19989.05	   11.86	         —	  empty	[EMPTY]
 1683	  20001.02	   11.97	         —	  empty	[EMPTY]
 1684	  20013.00	   11.99	     35.82	content	'\n'
 1685	  20025.07	   12.07	         —	  empty	[EMPTY]
 1686	  20036.95	   11.88	         —	  empty	[EMPTY]
 1687	  20048.87	   11.91	     35.86	content	'\n'
 1688	  20061.28	   12.41	         —	  empty	[EMPTY]
 1689	  20073.02	   11.74	         —	  empty	[EMPTY]
 1690	  20084.82	   11.80	     35.95	content	'\n'
 1691	  20096.76	   11.95	         —	  empty	[EMPTY]
 1692	  20108.71	   11.94	         —	  empty	[EMPTY]
 1693	  20120.81	   12.10	     35.99	content	'\n'
 1694	  20132.65	   11.84	         —	  empty	[EMPTY]
 1695	  20144.65	   12.00	         —	  empty	[EMPTY]
 1696	  20156.75	   12.10	     35.94	content	'\n'
 1697	  20171.01	   14.26	         —	  empty	[EMPTY]
 1698	  20180.49	    9.49	         —	  empty	[EMPTY]
 1699	  20192.46	   11.97	     35.71	content	'\n'
 1700	  20204.41	   11.95	         —	  empty	[EMPTY]
 1701	  20216.42	   12.01	         —	  empty	[EMPTY]
 1702	  20228.44	   12.03	     35.98	content	'\n'
 1703	  20240.43	   11.99	         —	  empty	[EMPTY]
 1704	  20252.45	   12.02	         —	  empty	[EMPTY]
 1705	  20264.35	   11.90	     35.91	content	'\n'
 1706	  20276.36	   12.01	         —	  empty	[EMPTY]
 1707	  20288.22	   11.86	         —	  empty	[EMPTY]
 1708	  20300.19	   11.97	     35.84	content	'\n'
 1709	  20312.13	   11.94	         —	  empty	[EMPTY]
 1710	  20324.19	   12.06	         —	  empty	[EMPTY]
 1711	  20336.18	   11.99	     35.99	content	'\n'
 1712	  20348.05	   11.87	         —	  empty	[EMPTY]
 1713	  20360.71	   12.66	         —	  empty	[EMPTY]
 1714	  20372.11	   11.40	     35.93	content	'\n'
 1715	  20383.98	   11.86	         —	  empty	[EMPTY]
 1716	  20395.93	   11.95	         —	  empty	[EMPTY]
 1717	  20407.89	   11.96	     35.77	content	'\n'
 1718	  20420.77	   12.88	         —	  empty	[EMPTY]
 1719	  20431.84	   11.07	         —	  empty	[EMPTY]
 1720	  20443.79	   11.95	     35.90	content	'\n'
 1721	  20455.88	   12.09	         —	  empty	[EMPTY]
 1722	  20470.01	   14.13	         —	  empty	[EMPTY]
 1723	  20479.75	    9.74	     35.96	content	'\n'
 1724	  20491.69	   11.95	         —	  empty	[EMPTY]
 1725	  20503.62	   11.93	         —	  empty	[EMPTY]
 1726	  20515.57	   11.94	     35.82	content	'\n'
 1727	  20527.60	   12.04	         —	  empty	[EMPTY]
 1728	  20539.50	   11.89	         —	  empty	[EMPTY]
 1729	  20551.53	   12.03	     35.96	content	'\n'
 1730	  20564.21	   12.68	         —	  empty	[EMPTY]
 1731	  20575.45	   11.24	         —	  empty	[EMPTY]
 1732	  20587.31	   11.86	     35.79	content	'\n'
 1733	  20599.47	   12.16	         —	  empty	[EMPTY]
 1734	  20611.38	   11.91	         —	  empty	[EMPTY]
 1735	  20623.31	   11.93	     36.00	content	'\n'
 1736	  20635.19	   11.88	         —	  empty	[EMPTY]
 1737	  20647.21	   12.01	         —	  empty	[EMPTY]
 1738	  20659.31	   12.10	     36.00	content	'\n'
 1739	  20671.38	   12.08	         —	  empty	[EMPTY]
 1740	  20683.16	   11.78	         —	  empty	[EMPTY]
 1741	  20695.09	   11.93	     35.78	content	'\n'
 1742	  20707.07	   11.98	         —	  empty	[EMPTY]
 1743	  20720.06	   12.98	         —	  empty	[EMPTY]
 1744	  20730.95	   10.89	     35.86	content	'\n'
 1745	  20742.94	   11.99	         —	  empty	[EMPTY]
 1746	  20754.96	   12.03	         —	  empty	[EMPTY]
 1747	  20766.93	   11.97	     35.98	content	'\n'
 1748	  20778.98	   12.05	         —	  empty	[EMPTY]
 1749	  20790.86	   11.87	         —	  empty	[EMPTY]
 1750	  20802.75	   11.89	     35.82	content	'\n'
 1751	  20814.71	   11.96	         —	  empty	[EMPTY]
 1752	  20826.76	   12.04	         —	  empty	[EMPTY]
 1753	  20838.70	   11.94	     35.94	content	'\n'
 1754	  20850.66	   11.97	         —	  empty	[EMPTY]
 1755	  20862.78	   12.12	         —	  empty	[EMPTY]
 1756	  20874.87	   12.09	     36.18	content	'\n'
 1757	  20886.78	   11.90	         —	  empty	[EMPTY]
 1758	  20898.78	   12.00	         —	  empty	[EMPTY]
 1759	  20910.50	   11.72	     35.62	content	'\n'
 1760	  20922.47	   11.98	         —	  empty	[EMPTY]
 1761	  20934.32	   11.85	         —	  empty	[EMPTY]
 1762	  20946.30	   11.98	     35.81	content	'\n'
 1763	  20958.34	   12.04	         —	  empty	[EMPTY]
 1764	  20972.31	   13.97	         —	  empty	[EMPTY]
 1765	  20982.17	    9.86	     35.86	content	'\n'
 1766	  20994.10	   11.93	         —	  empty	[EMPTY]
 1767	  21006.04	   11.95	         —	  empty	[EMPTY]
 1768	  21018.03	   11.99	     35.86	content	'\n'
 1769	  21029.97	   11.94	         —	  empty	[EMPTY]
 1770	  21041.86	   11.89	         —	  empty	[EMPTY]
 1771	  21053.81	   11.95	     35.78	content	'\n'
 1772	  21066.10	   12.29	         —	  empty	[EMPTY]
 1773	  21077.80	   11.70	         —	  empty	[EMPTY]
 1774	  21089.68	   11.88	     35.88	content	'\n'
 1775	  21101.70	   12.01	         —	  empty	[EMPTY]
 1776	  21113.53	   11.83	         —	  empty	[EMPTY]
 1777	  21125.61	   12.08	     35.92	content	'\n'
 1778	  21137.54	   11.93	         —	  empty	[EMPTY]
 1779	  21149.43	   11.89	         —	  empty	[EMPTY]
 1780	  21161.52	   12.09	     35.91	content	'\n'
 1781	  21173.42	   11.90	         —	  empty	[EMPTY]
 1782	  21185.31	   11.89	         —	  empty	[EMPTY]
 1783	  21197.30	   11.99	     35.78	content	'\n'
 1784	  21209.27	   11.97	         —	  empty	[EMPTY]
 1785	  21221.21	   11.95	         —	  empty	[EMPTY]
 1786	  21233.12	   11.91	     35.82	content	'\n'
 1787	  21245.13	   12.01	         —	  empty	[EMPTY]
 1788	  21257.22	   12.09	         —	  empty	[EMPTY]
 1789	  21270.31	   13.09	     37.19	content	'\n'
 1790	  21280.96	   10.65	         —	  empty	[EMPTY]
 1791	  21292.92	   11.96	         —	  empty	[EMPTY]
 1792	  21304.92	   12.00	     34.61	content	'\n'
 1793	  21316.82	   11.91	         —	  empty	[EMPTY]
 1794	  21328.83	   12.00	         —	  empty	[EMPTY]
 1795	  21340.75	   11.92	     35.84	content	'\n'
 1796	  21352.71	   11.96	         —	  empty	[EMPTY]
 1797	  21364.88	   12.17	         —	  empty	[EMPTY]
 1798	  21376.71	   11.82	     35.96	content	'\n'
 1799	  21388.61	   11.90	         —	  empty	[EMPTY]
 1800	  21400.53	   11.93	         —	  empty	[EMPTY]
 1801	  21412.62	   12.09	     35.92	content	'\n'
 1802	  21424.66	   12.03	         —	  empty	[EMPTY]
 1803	  21436.45	   11.80	         —	  empty	[EMPTY]
 1804	  21448.41	   11.96	     35.79	content	'\n'
 1805	  21461.33	   12.92	         —	  empty	[EMPTY]
 1806	  21472.56	   11.23	         —	  empty	[EMPTY]
 1807	  21484.45	   11.90	     36.04	content	'\n'
 1808	  21496.31	   11.86	         —	  empty	[EMPTY]
 1809	  21508.24	   11.93	         —	  empty	[EMPTY]
 1810	  21520.94	   12.70	     36.48	content	'\n'
 1811	  21532.20	   11.26	         —	  empty	[EMPTY]
 1812	  21544.16	   11.97	         —	  empty	[EMPTY]
 1813	  21556.21	   12.05	     35.28	content	'\n'
 1814	  21570.25	   14.04	         —	  empty	[EMPTY]
 1815	  21580.00	    9.75	         —	  empty	[EMPTY]
 1816	  21592.06	   12.05	     35.84	content	'\n'
 1817	  21604.03	   11.98	         —	  empty	[EMPTY]
 1818	  21615.94	   11.91	         —	  empty	[EMPTY]
 1819	  21627.90	   11.97	     35.85	content	'\n'
 1820	  21639.87	   11.96	         —	  empty	[EMPTY]
 1821	  21651.74	   11.87	         —	  empty	[EMPTY]
 1822	  21664.03	   12.30	     36.13	content	'\n'
 1823	  21675.75	   11.72	         —	  empty	[EMPTY]
 1824	  21687.65	   11.90	         —	  empty	[EMPTY]
 1825	  21699.58	   11.92	     35.54	content	'\n'
 1826	  21711.58	   12.01	         —	  empty	[EMPTY]
 1827	  21723.58	   12.00	         —	  empty	[EMPTY]
 1828	  21735.39	   11.81	     35.82	content	'\n'
 1829	  21747.39	   11.99	         —	  empty	[EMPTY]
 1830	  21759.45	   12.06	         —	  empty	[EMPTY]
 1831	  21771.39	   11.94	     35.99	content	'\n'
 1832	  21783.28	   11.89	         —	  empty	[EMPTY]
 1833	  21795.20	   11.93	         —	  empty	[EMPTY]
 1834	  21807.15	   11.94	     35.76	content	'\n'
 1835	  21819.92	   12.77	         —	  empty	[EMPTY]
 1836	  21831.08	   11.16	         —	  empty	[EMPTY]
 1837	  21843.09	   12.01	     35.94	content	'\n'
 1838	  21855.14	   12.05	         —	  empty	[EMPTY]
 1839	  21866.98	   11.85	         —	  empty	[EMPTY]
 1840	  21878.98	   12.00	     35.89	content	'\n'
 1841	  21890.90	   11.92	         —	  empty	[EMPTY]
 1842	  21903.00	   12.10	         —	  empty	[EMPTY]
 1843	  21914.82	   11.81	     35.84	content	'\n'
 1844	  21926.78	   11.97	         —	  empty	[EMPTY]
 1845	  21938.74	   11.96	         —	  empty	[EMPTY]
 1846	  21950.69	   11.95	     35.88	content	'\n'
 1847	  21962.85	   12.16	         —	  empty	[EMPTY]
 1848	  21974.67	   11.81	         —	  empty	[EMPTY]
 1849	  21986.56	   11.89	     35.87	content	'\n'
 1850	  21998.45	   11.89	         —	  empty	[EMPTY]
 1851	  22010.43	   11.97	         —	  empty	[EMPTY]
 1852	  22022.58	   12.15	     36.02	content	'\n'
 1853	  22034.48	   11.90	         —	  empty	[EMPTY]
 1854	  22046.36	   11.88	         —	  empty	[EMPTY]
 1855	  22058.39	   12.04	     35.81	content	'\n'
 1856	  22070.35	   11.95	         —	  empty	[EMPTY]
 1857	  22082.23	   11.88	         —	  empty	[EMPTY]
 1858	  22094.22	   11.99	     35.83	content	'\n'
 1859	  22106.34	   12.12	         —	  empty	[EMPTY]
 1860	  22120.08	   13.74	         —	  empty	[EMPTY]
 1861	  22130.12	   10.03	     35.90	content	'\n'
 1862	  22142.12	   12.00	         —	  empty	[EMPTY]
 1863	  22154.09	   11.97	         —	  empty	[EMPTY]
 1864	  22166.55	   12.45	     36.43	content	'\n'
 1865	  22178.03	   11.49	         —	  empty	[EMPTY]
 1866	  22189.90	   11.87	         —	  empty	[EMPTY]
 1867	  22201.88	   11.98	     35.34	content	'\n'
 1868	  22213.81	   11.93	         —	  empty	[EMPTY]
 1869	  22225.87	   12.06	         —	  empty	[EMPTY]
 1870	  22237.85	   11.98	     35.97	content	'\n'
 1871	  22249.75	   11.90	         —	  empty	[EMPTY]
 1872	  22261.93	   12.18	         —	  empty	[EMPTY]
 1873	  22273.83	   11.89	     35.98	content	'\n'
 1874	  22285.56	   11.74	         —	  empty	[EMPTY]
 1875	  22297.68	   12.12	         —	  empty	[EMPTY]
 1876	  22309.89	   12.21	     36.07	content	'\n'
 1877	  22321.64	   11.75	         —	  empty	[EMPTY]
 1878	  22333.59	   11.95	         —	  empty	[EMPTY]
 1879	  22345.53	   11.94	     35.64	content	'\n'
 1880	  22359.78	   14.25	         —	  empty	[EMPTY]
 1881	  22370.58	   10.80	         —	  empty	[EMPTY]
 1882	  22381.46	   10.87	     35.92	content	'\n'
 1883	  22393.39	   11.93	         —	  empty	[EMPTY]
 1884	  22405.37	   11.98	         —	  empty	[EMPTY]
 1885	  22417.40	   12.03	     35.94	content	'\n'
 1886	  22429.41	   12.01	         —	  empty	[EMPTY]
 1887	  22441.26	   11.85	         —	  empty	[EMPTY]
 1888	  22453.25	   11.99	     35.85	content	'\n'
 1889	  22465.28	   12.03	         —	  empty	[EMPTY]
 1890	  22477.22	   11.93	         —	  empty	[EMPTY]
 1891	  22489.11	   11.89	     35.86	content	'\n'
 1892	  22501.05	   11.94	         —	  empty	[EMPTY]
 1893	  22513.05	   11.99	         —	  empty	[EMPTY]
 1894	  22525.11	   12.07	     36.00	content	'\n'
 1895	  22537.03	   11.91	         —	  empty	[EMPTY]
 1896	  22548.93	   11.90	         —	  empty	[EMPTY]
 1897	  22561.01	   12.08	     35.90	content	'\n'
 1898	  22573.01	   12.00	         —	  empty	[EMPTY]
 1899	  22584.81	   11.80	         —	  empty	[EMPTY]
 1900	  22596.79	   11.98	     35.78	content	'\n'
 1901	  22608.77	   11.99	         —	  empty	[EMPTY]
 1902	  22620.88	   12.10	         —	  empty	[EMPTY]
 1903	  22632.68	   11.81	     35.90	content	'\n'
 1904	  22644.62	   11.94	         —	  empty	[EMPTY]
 1905	  22656.74	   12.12	         —	  empty	[EMPTY]
 1906	  22670.70	   13.96	     38.01	content	'\n'
 1907	  22680.55	    9.85	         —	  empty	[EMPTY]
 1908	  22692.48	   11.93	         —	  empty	[EMPTY]
 1909	  22704.45	   11.97	     33.75	content	'\n'
 1910	  22716.44	   11.99	         —	  empty	[EMPTY]
 1911	  22728.56	   12.12	         —	  empty	[EMPTY]
 1912	  22740.35	   11.79	     35.90	content	'\n'
 1913	  22752.39	   12.04	         —	  empty	[EMPTY]
 1914	  22764.32	   11.93	         —	  empty	[EMPTY]
 1915	  22776.32	   12.00	     35.98	content	'\n'
 1916	  22788.25	   11.92	         —	  empty	[EMPTY]
 1917	  22800.18	   11.94	         —	  empty	[EMPTY]
 1918	  22812.20	   12.02	     35.88	content	'\n'
 1919	  22824.22	   12.02	         —	  empty	[EMPTY]
 1920	  22836.22	   12.00	         —	  empty	[EMPTY]
 1921	  22848.07	   11.85	     35.86	content	'\n'
 1922	  22860.09	   12.03	         —	  empty	[EMPTY]
 1923	  22872.10	   12.00	         —	  empty	[EMPTY]
 1924	  22883.95	   11.86	     35.89	content	'\n'
 1925	  22895.96	   12.01	         —	  empty	[EMPTY]
 1926	  22907.87	   11.91	         —	  empty	[EMPTY]
 1927	  22921.04	   13.17	     37.09	content	'\n'
 1928	  22931.74	   10.69	         —	  empty	[EMPTY]
 1929	  22943.71	   11.98	         —	  empty	[EMPTY]
 1930	  22955.88	   12.17	     34.84	content	'\n'
 1931	  22972.94	   17.06	         —	  empty	[EMPTY]
 1932	  22980.37	    7.42	         —	  empty	[EMPTY]
 1933	  22991.97	   11.61	     36.09	content	'\n'
 1934	  23003.75	   11.77	         —	  empty	[EMPTY]
 1935	  23015.32	   11.57	         —	  empty	[EMPTY]
 1936	  23027.12	   11.80	     35.15	content	'\n'
 1937	  23038.76	   11.64	         —	  empty	[EMPTY]
 1938	  23050.44	   11.68	         —	  empty	[EMPTY]
 1939	  23062.12	   11.68	     35.00	content	'\n'
 1940	  23073.93	   11.80	         —	  empty	[EMPTY]
 1941	  23085.48	   11.56	         —	  empty	[EMPTY]
 1942	  23097.20	   11.72	     35.08	content	'\n'
 1943	  23108.87	   11.67	         —	  empty	[EMPTY]
 1944	  23121.11	   12.24	         —	  empty	[EMPTY]
 1945	  23132.29	   11.18	     35.08	content	'\n'
 1946	  23143.98	   11.69	         —	  empty	[EMPTY]
 1947	  23155.79	   11.82	         —	  empty	[EMPTY]
 1948	  23170.34	   14.54	     38.05	content	'\n'
 1949	  23179.09	    8.76	         —	  empty	[EMPTY]
 1950	  23190.71	   11.61	         —	  empty	[EMPTY]
 1951	  23202.43	   11.72	     32.09	content	'\n'
 1952	  23214.15	   11.73	         —	  empty	[EMPTY]
 1953	  23226.03	   11.88	         —	  empty	[EMPTY]
 1954	  23237.58	   11.54	     35.15	content	'\n'
 1955	  23249.25	   11.68	         —	  empty	[EMPTY]
 1956	  23260.96	   11.70	         —	  empty	[EMPTY]
 1957	  23272.74	   11.78	     35.17	content	'\n'
 1958	  23284.33	   11.59	         —	  empty	[EMPTY]
 1959	  23296.02	   11.70	         —	  empty	[EMPTY]
 1960	  23307.73	   11.71	     34.99	content	'\n'
 1961	  23320.62	   12.89	         —	  empty	[EMPTY]
 1962	  23331.17	   10.54	         —	  empty	[EMPTY]
 1963	  23342.89	   11.73	     35.16	content	'\n'
 1964	  23354.54	   11.65	         —	  empty	[EMPTY]
 1965	  23366.29	   11.75	         —	  empty	[EMPTY]
 1966	  23378.06	   11.77	     35.16	content	'\n'
 1967	  23389.62	   11.56	         —	  empty	[EMPTY]
 1968	  23401.34	   11.72	         —	  empty	[EMPTY]
 1969	  23413.02	   11.68	     34.96	content	'\n'
 1970	  23424.82	   11.80	         —	  empty	[EMPTY]
 1971	  23436.43	   11.62	         —	  empty	[EMPTY]
 1972	  23448.23	   11.79	     35.21	content	'\n'
 1973	  23459.97	   11.74	         —	  empty	[EMPTY]
 1974	  23471.61	   11.64	         —	  empty	[EMPTY]
 1975	  23483.23	   11.62	     35.00	content	'\n'
 1976	  23494.97	   11.74	         —	  empty	[EMPTY]
 1977	  23506.67	   11.71	         —	  empty	[EMPTY]
 1978	  23520.47	   13.80	     37.24	content	'\n'
 1979	  23530.06	    9.59	         —	  empty	[EMPTY]
 1980	  23541.75	   11.69	         —	  empty	[EMPTY]
 1981	  23553.49	   11.73	     33.02	content	'\n'
 1982	  23565.19	   11.70	         —	  empty	[EMPTY]
 1983	  23576.92	   11.73	         —	  empty	[EMPTY]
 1984	  23588.52	   11.61	     35.04	content	'\n'
 1985	  23600.21	   11.69	         —	  empty	[EMPTY]
 1986	  23611.93	   11.72	         —	  empty	[EMPTY]
 1987	  23623.72	   11.79	     35.20	content	'\n'
 1988	  23635.29	   11.57	         —	  empty	[EMPTY]
 1989	  23647.02	   11.73	         —	  empty	[EMPTY]
 1990	  23658.77	   11.74	     35.04	content	'\n'
 1991	  23670.84	   12.07	         —	  empty	[EMPTY]
 1992	  23682.14	   11.30	         —	  empty	[EMPTY]
 1993	  23693.79	   11.65	     35.03	content	'\n'
 1994	  23705.47	   11.68	         —	  empty	[EMPTY]
 1995	  23717.29	   11.82	         —	  empty	[EMPTY]
 1996	  23728.90	   11.61	     35.11	content	'\n'
 1997	  23740.54	   11.64	         —	  empty	[EMPTY]
 1998	  23752.27	   11.73	         —	  empty	[EMPTY]
 1999	  23764.64	   12.37	     35.74	content	'\n'
 2000	  23776.01	   11.37	         —	 finish	[FINISH:length]
 2001	  23776.01	    0.00	         —	   DONE	[DONE]