{
  "load_summary": {
    "count": 120,
    "schedule_delay": {
      "mean": 53.34403783903302,
      "min": 0.0038760495372116566,
      "max": 103.13332721311599,
      "p0.1": 0.16308903494710103,
      "p1": 1.679915770990774,
      "p5": 7.1406795991119,
      "p10": 11.75067691882141,
      "p25": 28.54653027933091,
      "median": 55.36745891929604,
      "p75": 79.78823592420667,
      "p90": 95.85641567008571,
      "p95": 99.66211064378732,
      "p99": 102.17799645665568,
      "p99.9": 103.04881034207857
    },
    "send_duration": 219.08196984929964,
    "requested_rate": 1.0,
    "achieved_rate": 0.5477401909547583
  },
  "successes": {
    "count": 120,
    "latency": {
      "request_latency": {
        "mean": 1.8406205737070802,
        "min": 1.8384768110699952,
        "max": 1.8493324513547122,
        "p0.1": 1.8384939301884733,
        "p1": 1.8386431326437742,
        "p5": 1.8388811450917273,
        "p10": 1.8389365997631102,
        "p25": 1.8395837257849053,
        "median": 1.8401068532839417,
        "p75": 1.8414314946858212,
        "p90": 1.8428595771547407,
        "p95": 1.8440819955198093,
        "p99": 1.8451813820516692,
        "p99.9": 1.848847811450716
      },
      "normalized_time_per_output_token": {
        "mean": 0.007454335343920513,
        "min": 0.007324608809043806,
        "max": 0.008358730521815067,
        "p0.1": 0.007328261787122836,
        "p1": 0.0073553094021976,
        "p5": 0.007355834400095046,
        "p10": 0.00735832518581301,
        "p25": 0.0073617918947711585,
        "median": 0.0074216525874010505,
        "p75": 0.007507419801431195,
        "p90": 0.007572446597372124,
        "p95": 0.0076624251438382395,
        "p99": 0.007900699619917444,
        "p99.9": 0.008308908453061387
      },
      "time_per_output_token": {
        "mean": 0.007223146236098061,
        "min": 0.007205229423940182,
        "max": 0.0072438074480742215,
        "p0.1": 0.007205245516963304,
        "p1": 0.007205743597783148,
        "p5": 0.007211555080208928,
        "p10": 0.007216101800091564,
        "p25": 0.007222916767001152,
        "median": 0.007224056661128998,
        "p75": 0.007224816290661693,
        "p90": 0.007225967588275671,
        "p95": 0.0072274042699486014,
        "p99": 0.007239304466657341,
        "p99.9": 0.007243407671082765
      },
      "time_to_first_token": {
        "mean": 0.03394048440192516,
        "min": 0.03180632879957557,
        "max": 0.04036760097369552,
        "p0.1": 0.0318217653920874,
        "p1": 0.031937421737238764,
        "p5": 0.03220320343971252,
        "p10": 0.03240860290825367,
        "p25": 0.0326787147205323,
        "median": 0.03316618106327951,
        "p75": 0.03491045185364783,
        "p90": 0.03674102635122836,
        "p95": 0.037901223776862024,
        "p99": 0.03848456125240773,
        "p99.9": 0.04014731248095634
      },
      "inter_token_latency": {
        "mean": 0.007223146236098061,
        "min": 9.620096534490585e-06,
        "max": 0.014119744766503572,
        "p0.1": 1.0769784450531007e-05,
        "p1": 0.0021966456016525625,
        "p5": 0.004594203876331448,
        "p10": 0.006781082600355148,
        "p25": 0.0071876507718116045,
        "median": 0.007249239832162857,
        "p75": 0.007317381212487817,
        "p90": 0.007602395722642543,
        "p95": 0.009764684340916574,
        "p99": 0.011900747078470886,
        "p99.9": 0.012520486474502867
      }
    },
    "throughput": {
      "input_tokens_per_sec": 0.5476972994670897,
      "output_tokens_per_sec": 134.15867982566175,
      "total_tokens_per_sec": 134.70637712512882,
      "requests_per_sec": 0.5431708755045517
    },
    "prompt_len": {
      "mean": 1.0083333333333333,
      "min": 1.0,
      "max": 2.0,
      "p0.1": 1.0,
      "p1": 1.0,
      "p5": 1.0,
      "p10": 1.0,
      "p25": 1.0,
      "median": 1.0,
      "p75": 1.0,
      "p90": 1.0,
      "p95": 1.0,
      "p99": 1.0,
      "p99.9": 1.8810000000000144
    },
    "output_len": {
      "mean": 246.99166666666667,
      "min": 220.0,
      "max": 251.0,
      "p0.1": 221.428,
      "p1": 233.14,
      "p5": 240.0,
      "p10": 243.0,
      "p25": 245.0,
      "median": 248.0,
      "p75": 250.0,
      "p90": 250.0,
      "p95": 250.0,
      "p99": 250.0,
      "p99.9": 250.88100000000003
    }
  },
  "failures": {
    "count": 0,
    "request_latency": null,
    "prompt_len": null
  }
}