{
  "load_summary": {
    "count": 5400,
    "schedule_delay": {
      "mean": 0.00037659119392089823,
      "min": -0.0014759087935090065,
      "max": 0.0193261681124568,
      "p0.1": -0.001114643740467727,
      "p1": -0.0008981859870254993,
      "p5": -0.000631344155408442,
      "p10": -0.00045033018104732034,
      "p25": -0.00014675059355795383,
      "median": 0.00022111739963293076,
      "p75": 0.0006075933342799544,
      "p90": 0.0009784740861505275,
      "p95": 0.0012314819963648916,
      "p99": 0.006903881365433337,
      "p99.9": 0.01538994714943733
    },
    "send_duration": 119.96701124310493,
    "requested_rate": 45.0,
    "achieved_rate": 45.012374185577315
  },
  "successes": {
    "count": 5400,
    "latency": {
      "request_latency": {
        "mean": 5.715892983331707,
        "min": 2.293054430745542,
        "max": 15.56479673506692,
        "p0.1": 2.9728644380336626,
        "p1": 3.4568447845149786,
        "p5": 3.752117246366106,
        "p10": 3.9595917511265726,
        "p25": 4.423335425322875,
        "median": 5.181278005009517,
        "p75": 6.381306881667115,
        "p90": 8.211155434930697,
        "p95": 9.720889669330791,
        "p99": 12.740892769028434,
        "p99.9": 15.082167027056778
      },
      "normalized_time_per_output_token": {
        "mean": 0.023223506685589677,
        "min": 0.0006746719378401498,
        "max": 0.08745477590983843,
        "p0.1": 0.0007392312780502489,
        "p1": 0.01337194156348913,
        "p5": 0.01517269637228765,
        "p10": 0.016092969808273922,
        "p25": 0.017992793371453954,
        "median": 0.021134258238170077,
        "p75": 0.026018768735551236,
        "p90": 0.03352044622228452,
        "p95": 0.039625052062913876,
        "p99": 0.052652660838373284,
        "p99.9": 0.06249179824575738
      },
      "time_per_output_token": {
        "mean": 0.013257546659641763,
        "min": 0.008040642088279128,
        "max": 0.014595091015654036,
        "p0.1": 0.008438785619443282,
        "p1": 0.010193028043527157,
        "p5": 0.01196125080352649,
        "p10": 0.012240713643700812,
        "p25": 0.013015708916354925,
        "median": 0.013458029985712116,
        "p75": 0.01368724206648767,
        "p90": 0.013914607259076853,
        "p95": 0.014240480827161622,
        "p99": 0.014466774405006424,
        "p99.9": 0.014568805339314178
      },
      "time_to_first_token": {
        "mean": 2.38997377105566,
        "min": 0.23764873202890158,
        "max": 12.105964927002788,
        "p0.1": 0.262981113912072,
        "p1": 0.3153304390748963,
        "p5": 0.48859449916053566,
        "p10": 0.6799624001141638,
        "p25": 1.0886728689074516,
        "median": 1.842859720112756,
        "p75": 3.079963748692535,
        "p90": 4.900775118591265,
        "p95": 6.399110652320091,
        "p99": 9.23402826005593,
        "p99.9": 11.611538380421806
      },
      "inter_token_latency": {
        "mean": 0.013257166394125183,
        "min": 3.539957106113434e-06,
        "max": 0.05510065797716379,
        "p0.1": 5.7998113334178925e-06,
        "p1": 0.0022869246173650025,
        "p5": 0.0042196029331535104,
        "p10": 0.006857067067176104,
        "p25": 0.01090394554194063,
        "median": 0.013207664713263512,
        "p75": 0.014884091913700104,
        "p90": 0.019479475961998106,
        "p95": 0.02286436890717596,
        "p99": 0.029232333311811087,
        "p99.9": 0.03697431639814758
      }
    },
    "throughput": {
      "input_tokens_per_sec": 218793.50646640785,
      "output_tokens_per_sec": 12051.56504762631,
      "total_tokens_per_sec": 230845.07151403415,
      "requests_per_sec": 42.47067427857984
    },
    "prompt_len": {
      "mean": 5151.637222222223,
      "min": 5098.0,
      "max": 5212.0,
      "p0.1": 5104.399,
      "p1": 5116.0,
      "p5": 5127.0,
      "p10": 5132.0,
      "p25": 5141.0,
      "median": 5152.0,
      "p75": 5162.0,
      "p90": 5171.0,
      "p95": 5177.0,
      "p99": 5188.0,
      "p99.9": 5201.601000000001
    },
    "output_len": {
      "mean": 283.76203703703703,
      "min": 73.0,
      "max": 5432.0,
      "p0.1": 155.389,
      "p1": 223.0,
      "p5": 236.0,
      "p10": 240.0,
      "p25": 243.0,
      "median": 246.0,
      "p75": 248.0,
      "p90": 249.0,
      "p95": 250.0,
      "p99": 253.0,
      "p99.9": 5406.601000000001
    }
  },
  "failures": {
    "count": 0,
    "request_latency": null,
    "prompt_len": null
  }
}