{
  "load_summary": {
    "count": 120,
    "schedule_delay": {
      "mean": 14.606709365573867,
      "min": 0.0023396057076752186,
      "max": 26.493418864440173,
      "p0.1": 0.39463778409501543,
      "p1": 3.5195982171688227,
      "p5": 5.764797948836349,
      "p10": 6.634021593537182,
      "p25": 9.898509354447015,
      "median": 14.944657013053074,
      "p75": 18.98871776962187,
      "p90": 21.70763266752474,
      "p95": 23.789050800423137,
      "p99": 25.63407741833944,
      "p99.9": 26.407121154623116
    }
  },
  "successes": {
    "count": 120,
    "latency": {
      "request_latency": {
        "mean": 2.1377392084298967,
        "min": 2.0374853289686143,
        "max": 4.86512006027624,
        "p0.1": 2.0379332449990324,
        "p1": 2.0413045680196955,
        "p5": 2.042989296768792,
        "p10": 2.0443792616017165,
        "p25": 2.0460408700164407,
        "median": 2.0492308780085295,
        "p75": 2.0523545392788947,
        "p90": 2.0594875584356487,
        "p95": 2.898309782962315,
        "p99": 3.884590073325673,
        "p99.9": 4.762493399105979
      },
      "normalized_time_per_output_token": {
        "mean": 0.008755811746044551,
        "min": 0.0003806679159256649,
        "max": 0.020356150879816903,
        "p0.1": 0.0003807629591705499,
        "p1": 0.0018601640798830547,
        "p5": 0.008185064196798847,
        "p10": 0.008215711267071504,
        "p25": 0.00827272320795814,
        "median": 0.008368054286063631,
        "p75": 0.008486661252360868,
        "p90": 0.008806369168389894,
        "p95": 0.012033428995380763,
        "p99": 0.01848432423709129,
        "p99.9": 0.020191457346529808
      },
      "time_per_output_token": {
        "mean": 0.0073036615107984594,
        "min": 0.007275510951876641,
        "max": 0.007326272644102573,
        "p0.1": 0.007276615646015853,
        "p1": 0.007284809289295226,
        "p5": 0.007293899685982615,
        "p10": 0.00729954740293324,
        "p25": 0.007301541703287512,
        "median": 0.007303708009421825,
        "p75": 0.007305827973876148,
        "p90": 0.00730991149879992,
        "p95": 0.0073130303192883725,
        "p99": 0.00731730950223282,
        "p99.9": 0.0073252726503685115
      },
      "time_to_first_token": {
        "mean": 0.2999299528930957,
        "min": 0.2009996990673244,
        "max": 3.02714657317847,
        "p0.1": 0.20141283541359006,
        "p1": 0.20448553847614676,
        "p5": 0.2052681551547721,
        "p10": 0.20592784713953732,
        "p25": 0.2083679068600759,
        "median": 0.21205289498902857,
        "p75": 0.2148529888363555,
        "p90": 0.21893709534779193,
        "p95": 1.0580764998449013,
        "p99": 2.0439535637618986,
        "p99.9": 2.924113841184893
      },
      "inter_token_latency": {
        "mean": 0.0073036615107984594,
        "min": 9.339768439531326e-06,
        "max": 0.013507767114788294,
        "p0.1": 1.0809841565787792e-05,
        "p1": 0.0023204379715025423,
        "p5": 0.004697519657202065,
        "p10": 0.006915067229419947,
        "p25": 0.0072815860621631145,
        "median": 0.007346616126596928,
        "p75": 0.007416096283122897,
        "p90": 0.007652371656149631,
        "p95": 0.009749739803373814,
        "p99": 0.01186300121247768,
        "p99.9": 0.01253318006079644
      }
    },
    "throughput": {
      "input_tokens_per_sec": 2407.150312336559,
      "output_tokens_per_sec": 153.4371113081458,
      "total_tokens_per_sec": 2560.587423644705,
      "requests_per_sec": 0.46729743051057043
    },
    "prompt_len": {
      "mean": 5151.216666666666,
      "min": 5117.0,
      "max": 5190.0,
      "p0.1": 5117.357,
      "p1": 5120.19,
      "p5": 5126.0,
      "p10": 5132.0,
      "p25": 5141.75,
      "median": 5151.0,
      "p75": 5162.0,
      "p90": 5169.2,
      "p95": 5175.05,
      "p99": 5183.24,
      "p99.9": 5189.286
    },
    "output_len": {
      "mean": 328.35,
      "min": 108.0,
      "max": 5402.0,
      "p0.1": 110.618,
      "p1": 149.19,
      "p5": 235.85,
      "p10": 239.0,
      "p25": 242.0,
      "median": 246.0,
      "p75": 248.0,
      "p90": 249.0,
      "p95": 250.0,
      "p99": 4403.060000000011,
      "p99.9": 5399.025000000001
    }
  },
  "failures": {
    "count": 0,
    "request_latency": null,
    "prompt_len": null
  }
}