{
  "load_summary": {
    "count": 120,
    "schedule_delay": {
      "mean": 0.2598975993382434,
      "min": -0.00010012229904532433,
      "max": 2.8222819389775395,
      "p0.1": -9.166256757453084e-05,
      "p1": 4.4636861421167834e-05,
      "p5": 0.0006317291874438525,
      "p10": 0.0010569215752184392,
      "p25": 0.0028270144248381257,
      "median": 0.006532495841383934,
      "p75": 0.012993411743082106,
      "p90": 1.3315332349389792,
      "p95": 1.8769493511412292,
      "p99": 2.7259701822698124,
      "p99.9": 2.817068105314393
    },
    "send_duration": 1173.5223229997791,
    "requested_rate": 0.1,
    "achieved_rate": 0.10225625678193646
  },
  "successes": {
    "count": 120,
    "latency": {
      "request_latency": {
        "mean": 2.22697955040494,
        "min": 2.0923906760290265,
        "max": 5.247994118835777,
        "p0.1": 2.092442519916687,
        "p1": 2.0931199172418564,
        "p5": 2.102438718918711,
        "p10": 2.105643135588616,
        "p25": 2.112493009888567,
        "median": 2.1248756868299097,
        "p75": 2.150832457584329,
        "p90": 2.16542260274291,
        "p95": 3.1399438984692094,
        "p99": 3.932581565040164,
        "p99.9": 5.094281425239071
      },
      "normalized_time_per_output_token": {
        "mean": 0.009086071962346952,
        "min": 0.008304866424406924,
        "max": 0.020991976475343108,
        "p0.1": 0.008311941030090834,
        "p1": 0.008366819013562203,
        "p5": 0.008470172015892771,
        "p10": 0.008512098400387913,
        "p25": 0.0085709246583671,
        "median": 0.008692083220361402,
        "p75": 0.00876926667133004,
        "p90": 0.008984125119079894,
        "p95": 0.012913441897693261,
        "p99": 0.016250337045620514,
        "p99.9": 0.020439380062152276
      },
      "time_per_output_token": {
        "mean": 0.00728309550212286,
        "min": 0.00726230208389461,
        "max": 0.007298368131741882,
        "p0.1": 0.007263532593494281,
        "p1": 0.007272654501708396,
        "p5": 0.007274145203456282,
        "p10": 0.00727634797282517,
        "p25": 0.007279479085933417,
        "median": 0.007282395058311522,
        "p75": 0.007285132183693349,
        "p90": 0.007292561727762222,
        "p95": 0.0072945546936243775,
        "p99": 0.007296157274190336,
        "p99.9": 0.007298113932950423
      },
      "time_to_first_token": {
        "mean": 0.38300027868632847,
        "min": 0.24870050186291337,
        "max": 3.4006796148605645,
        "p0.1": 0.248785902232863,
        "p1": 0.2499480772577226,
        "p5": 0.2551755453692749,
        "p10": 0.2600334014277905,
        "p25": 0.26878993841819465,
        "median": 0.28139581508003175,
        "p75": 0.30733529827557504,
        "p90": 0.3234384474810213,
        "p95": 1.291635056212544,
        "p99": 2.088181732366793,
        "p99.9": 3.2473661976480113
      },
      "inter_token_latency": {
        "mean": 0.007283094981435334,
        "min": 4.00003045797348e-06,
        "max": 0.014319560956209898,
        "p0.1": 1.12197482958436e-05,
        "p1": 0.002178826127201319,
        "p5": 0.0045232647098600864,
        "p10": 0.006730410922318697,
        "p25": 0.007281563011929393,
        "median": 0.007345898076891899,
        "p75": 0.0074175759218633175,
        "p90": 0.007717507518827917,
        "p95": 0.009768815478309987,
        "p99": 0.011898250468075277,
        "p99.9": 0.012565158303827059
      }
    },
    "throughput": {
      "input_tokens_per_sec": 1051.8199420401193,
      "output_tokens_per_sec": 25.025205671348008,
      "total_tokens_per_sec": 1076.8451477114672,
      "requests_per_sec": 0.10207425834676279
    },
    "prompt_len": {
      "mean": 10304.458333333334,
      "min": 10257.0,
      "max": 10342.0,
      "p0.1": 10257.238,
      "p1": 10259.38,
      "p5": 10267.85,
      "p10": 10273.9,
      "p25": 10292.75,
      "median": 10305.5,
      "p75": 10320.0,
      "p90": 10332.1,
      "p95": 10337.0,
      "p99": 10340.62,
      "p99.9": 10341.881
    },
    "output_len": {
      "mean": 245.16666666666666,
      "min": 210.0,
      "max": 252.0,
      "p0.1": 212.856,
      "p1": 234.0,
      "p5": 239.85,
      "p10": 241.0,
      "p25": 243.75,
      "median": 246.0,
      "p75": 248.0,
      "p90": 249.0,
      "p95": 250.0,
      "p99": 251.0,
      "p99.9": 251.88100000000003
    }
  },
  "failures": {
    "count": 0,
    "request_latency": null,
    "prompt_len": null
  }
}