{
  "load_summary": {
    "count": 120,
    "schedule_delay": {
      "mean": 1.0980486641599176,
      "min": -0.0002619628794491291,
      "max": 3.769273044541478,
      "p0.1": -0.00024195116618648172,
      "p1": -8.018533233553171e-05,
      "p5": 0.00018334342166781428,
      "p10": 0.0006036159116774798,
      "p25": 0.2935186055256054,
      "median": 0.8371060551144183,
      "p75": 1.6858753161504865,
      "p90": 2.7642462236806753,
      "p95": 3.1068959791678936,
      "p99": 3.578863007957117,
      "p99.9": 3.755617169508712
    },
    "send_duration": 118.36007973086089,
    "requested_rate": 1.0,
    "achieved_rate": 1.0138553494798932
  },
  "successes": {
    "count": 120,
    "latency": {
      "request_latency": {
        "mean": 0.7759448769696368,
        "min": 0.7718612649478018,
        "max": 0.8714551380835474,
        "p0.1": 0.7718638496641069,
        "p1": 0.7719041928648949,
        "p5": 0.7723305423976854,
        "p10": 0.7727180629502982,
        "p25": 0.7734611036721617,
        "median": 0.7751037131529301,
        "p75": 0.776417910004966,
        "p90": 0.7774503746535629,
        "p95": 0.7783136489102617,
        "p99": 0.7880885884119198,
        "p99.9": 0.8617653188775305
      },
      "normalized_time_per_output_token": {
        "mean": 0.007763057591422217,
        "min": 0.0021491081446120283,
        "max": 0.008714551380835473,
        "p0.1": 0.0021525933112960314,
        "p1": 0.0032038571285240413,
        "p5": 0.00764862718844399,
        "p10": 0.007686094884843667,
        "p25": 0.007747477596858516,
        "median": 0.007830687490470632,
        "p75": 0.007913809513188519,
        "p90": 0.008078463974622233,
        "p95": 0.008140394950873757,
        "p99": 0.008250987220337576,
        "p99.9": 0.008659537922795373
      },
      "time_per_output_token": {
        "mean": 0.007182503389621464,
        "min": 0.007147847218438983,
        "max": 0.007200765898451209,
        "p0.1": 0.0071479735123412685,
        "p1": 0.0071503346170298755,
        "p5": 0.007163476993329823,
        "p10": 0.00717303417250514,
        "p25": 0.007181929599028081,
        "median": 0.007184448894113302,
        "p75": 0.007185989380814136,
        "p90": 0.007188559243455529,
        "p95": 0.007190229108789936,
        "p99": 0.007197843611054122,
        "p99.9": 0.0072005309261055665
      },
      "time_to_first_token": {
        "mean": 0.056657444879723094,
        "min": 0.05213685007765889,
        "max": 0.15208846936002374,
        "p0.1": 0.05217436221102253,
        "p1": 0.0524570443155244,
        "p5": 0.05291290779132396,
        "p10": 0.05323013090528548,
        "p25": 0.054061601869761944,
        "median": 0.05570871918462217,
        "p75": 0.057235873537138104,
        "p90": 0.058243152452632785,
        "p95": 0.05923499292694032,
        "p99": 0.06659745333716274,
        "p99.9": 0.1420393431680289
      },
      "inter_token_latency": {
        "mean": 0.007182503389621464,
        "min": 9.79006290435791e-06,
        "max": 0.013646943029016256,
        "p0.1": 1.0610022582113742e-05,
        "p1": 0.0027008383255452163,
        "p5": 0.00597579306922853,
        "p10": 0.007039595860987902,
        "p25": 0.007199926651082933,
        "median": 0.0072504261042922735,
        "p75": 0.007303070859052241,
        "p90": 0.007455879729241133,
        "p95": 0.00783125078305602,
        "p99": 0.009782741870731115,
        "p99.9": 0.010014066519681371
      }
    },
    "throughput": {
      "input_tokens_per_sec": 259.0933706657073,
      "output_tokens_per_sec": 103.8539029171568,
      "total_tokens_per_sec": 362.9472735828641,
      "requests_per_sec": 1.0072309342971646
    },
    "prompt_len": {
      "mean": 257.23333333333335,
      "min": 251.0,
      "max": 268.0,
      "p0.1": 251.0,
      "p1": 251.0,
      "p5": 252.0,
      "p10": 253.0,
      "p25": 254.75,
      "median": 257.0,
      "p75": 260.0,
      "p90": 262.0,
      "p95": 264.0,
      "p99": 266.62,
      "p99.9": 267.88100000000003
    },
    "output_len": {
      "mean": 103.10833333333333,
      "min": 94.0,
      "max": 361.0,
      "p0.1": 94.0,
      "p1": 94.19,
      "p5": 95.95,
      "p10": 96.0,
      "p25": 98.0,
      "median": 99.0,
      "p75": 100.0,
      "p90": 101.0,
      "p95": 101.0,
      "p99": 308.5500000000006,
      "p99.9": 360.52400000000006
    }
  },
  "failures": {
    "count": 0,
    "request_latency": null,
    "prompt_len": null
  }
}