{
  "load_summary": {
    "count": 120,
    "schedule_delay": {
      "mean": 1.1389233926932016,
      "min": -0.00017180247232317924,
      "max": 5.464741556439549,
      "p0.1": -0.00017065773624926804,
      "p1": -0.00015938533004373313,
      "p5": 6.87374733388424e-05,
      "p10": 0.0005412423983216287,
      "p25": 0.001822213176637888,
      "median": 0.6510389519389719,
      "p75": 1.6557105759857222,
      "p90": 3.3038616347126664,
      "p95": 4.2073868069564915,
      "p99": 4.812504418017343,
      "p99.9": 5.387501870318325
    }
  },
  "successes": {
    "count": 120,
    "latency": {
      "request_latency": {
        "mean": 0.7753476745254981,
        "min": 0.7712195040658116,
        "max": 0.7811882761307061,
        "p0.1": 0.7712639047307893,
        "p1": 0.7716474981280044,
        "p5": 0.7721958053763955,
        "p10": 0.7725056159775704,
        "p25": 0.7738719470798969,
        "median": 0.7754543083719909,
        "p75": 0.7767703478457406,
        "p90": 0.7776000908110291,
        "p95": 0.778260718495585,
        "p99": 0.7803056253446266,
        "p99.9": 0.7810882862773724
      },
      "normalized_time_per_output_token": {
        "mean": 0.007850243693784315,
        "min": 0.007556796010619807,
        "max": 0.008423317284525736,
        "p0.1": 0.007558486754580289,
        "p1": 0.007578804653284012,
        "p5": 0.007681678619125102,
        "p10": 0.007705377487668602,
        "p25": 0.007752828878583386,
        "median": 0.007832339640255228,
        "p75": 0.007914011753924494,
        "p90": 0.00805039058662563,
        "p95": 0.008137781443319432,
        "p99": 0.008292061260897557,
        "p99.9": 0.008408249212062974
      },
      "time_per_output_token": {
        "mean": 0.007183794500228639,
        "min": 0.007156886584125459,
        "max": 0.007210992439649999,
        "p0.1": 0.0071573252488952134,
        "p1": 0.00716169388750568,
        "p5": 0.007175918519264087,
        "p10": 0.007177185507956893,
        "p25": 0.007182355878176167,
        "median": 0.007184776046779006,
        "p75": 0.007186915306374431,
        "p90": 0.007188341393135488,
        "p95": 0.007188797443406656,
        "p99": 0.0071912027734331785,
        "p99.9": 0.007208651381232776
      },
      "time_to_first_token": {
        "mean": 0.05569250003512328,
        "min": 0.051578672137111425,
        "max": 0.06082302192226052,
        "p0.1": 0.05163229170115664,
        "p1": 0.05203103683888912,
        "p5": 0.05251719835214317,
        "p10": 0.052731612045317885,
        "p25": 0.054195968667045236,
        "median": 0.0556283590849489,
        "p75": 0.056915813591331244,
        "p90": 0.058251121733337644,
        "p95": 0.059446649299934505,
        "p99": 0.060624180198647085,
        "p99.9": 0.06080975006567314
      },
      "inter_token_latency": {
        "mean": 0.007183794500228638,
        "min": 4.389788955450058e-06,
        "max": 0.013542979955673218,
        "p0.1": 1.0640180204063655e-05,
        "p1": 0.0027196497097611676,
        "p5": 0.006129776546731593,
        "p10": 0.0071270358748734,
        "p25": 0.007214108482003212,
        "median": 0.007252505049109459,
        "p75": 0.007292799069546163,
        "p90": 0.00738687077537179,
        "p95": 0.007739252597093582,
        "p99": 0.009729551719501614,
        "p99.9": 0.010404087588191094
      }
    },
    "throughput": {
      "input_tokens_per_sec": 252.58163054605149,
      "output_tokens_per_sec": 96.86585190858762,
      "total_tokens_per_sec": 349.4474824546391,
      "requests_per_sec": 0.9804236023136399
    },
    "prompt_len": {
      "mean": 257.625,
      "min": 250.0,
      "max": 265.0,
      "p0.1": 250.238,
      "p1": 252.0,
      "p5": 252.0,
      "p10": 253.9,
      "p25": 255.0,
      "median": 257.0,
      "p75": 260.0,
      "p90": 263.0,
      "p95": 263.05,
      "p99": 265.0,
      "p99.9": 265.0
    },
    "output_len": {
      "mean": 98.8,
      "min": 92.0,
      "max": 103.0,
      "p0.1": 92.119,
      "p1": 93.19,
      "p5": 95.0,
      "p10": 96.0,
      "p25": 98.0,
      "median": 99.0,
      "p75": 100.0,
      "p90": 101.0,
      "p95": 101.0,
      "p99": 102.0,
      "p99.9": 102.88100000000001
    }
  },
  "failures": {
    "count": 0,
    "request_latency": null,
    "prompt_len": null
  }
}