{"level":"info","ts":1785054242.6303294,"caller":"inflightload/producer.go:210","msg":"Injected dynamic attribute into endpoint","key":"InFlightLoadDataKey/inflight-load-producer","endpoint":"dpikus-epd-sglang-bench/epd-nvidia-gpu-vllm-decode-d9d499948-ccdx2-rank-0"}
{"level":"info","ts":1785054242.6303723,"caller":"controller/pod_reconciler.go:99","msg":"Pod already exists","controller":"pod","controllerGroup":"","controllerKind":"Pod","Pod":{"name":"epd-nvidia-gpu-vllm-decode-d9d499948-ccdx2","namespace":"dpikus-epd-sglang-bench"},"namespace":"dpikus-epd-sglang-bench","name":"epd-nvidia-gpu-vllm-decode-d9d499948-ccdx2","reconcileID":"c1564255-9298-4131-84be-a88157be8d0a"}
{"level":"info","ts":1785054243.7630088,"caller":"inflightload/producer.go:210","msg":"Injected dynamic attribute into endpoint","key":"InFlightLoadDataKey/inflight-load-producer","endpoint":"dpikus-epd-sglang-bench/epd-nvidia-gpu-vllm-decode-slow-7b7f4bb875-5zmjg-rank-0"}
{"level":"info","ts":1785054243.763051,"caller":"controller/pod_reconciler.go:99","msg":"Pod already exists","controller":"pod","controllerGroup":"","controllerKind":"Pod","Pod":{"name":"epd-nvidia-gpu-vllm-decode-slow-7b7f4bb875-5zmjg","namespace":"dpikus-epd-sglang-bench"},"namespace":"dpikus-epd-sglang-bench","name":"epd-nvidia-gpu-vllm-decode-slow-7b7f4bb875-5zmjg","reconcileID":"b6776826-12fa-409a-bbe3-7d5fd358eee7"}
{"level":"info","ts":1785054248.0180326,"caller":"inflightload/producer.go:210","msg":"Injected dynamic attribute into endpoint","key":"InFlightLoadDataKey/inflight-load-producer","endpoint":"dpikus-epd-sglang-bench/epd-nvidia-gpu-vllm-decode-d9d499948-4fb9l-rank-0"}
{"level":"info","ts":1785054248.0180616,"caller":"controller/pod_reconciler.go:99","msg":"Pod already exists","controller":"pod","controllerGroup":"","controllerKind":"Pod","Pod":{"name":"epd-nvidia-gpu-vllm-decode-d9d499948-4fb9l","namespace":"dpikus-epd-sglang-bench"},"namespace":"dpikus-epd-sglang-bench","name":"epd-nvidia-gpu-vllm-decode-d9d499948-4fb9l","reconcileID":"ae99bed2-56c5-435c-8a61-b66468589d7f"}
{"level":"info","ts":1785054248.0443497,"caller":"inflightload/producer.go:210","msg":"Injected dynamic attribute into endpoint","key":"InFlightLoadDataKey/inflight-load-producer","endpoint":"dpikus-epd-sglang-bench/epd-nvidia-gpu-vllm-decode-slow-7b7f4bb875-6lk9k-rank-0"}
{"level":"info","ts":1785054248.0443778,"caller":"controller/pod_reconciler.go:99","msg":"Pod already exists","controller":"pod","controllerGroup":"","controllerKind":"Pod","Pod":{"name":"epd-nvidia-gpu-vllm-decode-slow-7b7f4bb875-6lk9k","namespace":"dpikus-epd-sglang-bench"},"namespace":"dpikus-epd-sglang-bench","name":"epd-nvidia-gpu-vllm-decode-slow-7b7f4bb875-6lk9k","reconcileID":"16be2afd-2ab1-4edc-8d70-350d7fb5782f"}
{"level":"info","ts":1785054248.5285757,"caller":"controller/pod_reconciler.go:97","msg":"Pod added","controller":"pod","controllerGroup":"","controllerKind":"Pod","Pod":{"name":"epd-nvidia-gpu-vllm-decode-d9d499948-4fb9l","namespace":"dpikus-epd-sglang-bench"},"namespace":"dpikus-epd-sglang-bench","name":"epd-nvidia-gpu-vllm-decode-d9d499948-4fb9l","reconcileID":"050069df-c4d6-4bf0-bec6-35d4306c6c26"}
{"level":"info","ts":1785054248.700562,"caller":"controller/pod_reconciler.go:97","msg":"Pod added","controller":"pod","controllerGroup":"","controllerKind":"Pod","Pod":{"name":"epd-nvidia-gpu-vllm-decode-slow-7b7f4bb875-6lk9k","namespace":"dpikus-epd-sglang-bench"},"namespace":"dpikus-epd-sglang-bench","name":"epd-nvidia-gpu-vllm-decode-slow-7b7f4bb875-6lk9k","reconcileID":"5ea9bf10-39c3-4656-beb8-67b6316b0c98"}
{"level":"info","ts":1785054304.644026,"caller":"controller/pod_reconciler.go:97","msg":"Pod added","controller":"pod","controllerGroup":"","controllerKind":"Pod","Pod":{"name":"epd-nvidia-gpu-vllm-decode-slow-7b7f4bb875-5zmjg","namespace":"dpikus-epd-sglang-bench"},"namespace":"dpikus-epd-sglang-bench","name":"epd-nvidia-gpu-vllm-decode-slow-7b7f4bb875-5zmjg","reconcileID":"3c8f5d4c-e80a-41d8-84db-63d0e9974a9f"}
{"level":"info","ts":1785054310.560465,"caller":"controller/pod_reconciler.go:97","msg":"Pod added","controller":"pod","controllerGroup":"","controllerKind":"Pod","Pod":{"name":"epd-nvidia-gpu-vllm-decode-slow-7b7f4bb875-6lk9k","namespace":"dpikus-epd-sglang-bench"},"namespace":"dpikus-epd-sglang-bench","name":"epd-nvidia-gpu-vllm-decode-slow-7b7f4bb875-6lk9k","reconcileID":"d1979d83-25b8-4b47-9623-5d4db591cf78"}
{"level":"info","ts":1785054393.645477,"caller":"controller/pod_reconciler.go:97","msg":"Pod added","controller":"pod","controllerGroup":"","controllerKind":"Pod","Pod":{"name":"epd-nvidia-gpu-vllm-decode-slow-7b7f4bb875-5zmjg","namespace":"dpikus-epd-sglang-bench"},"namespace":"dpikus-epd-sglang-bench","name":"epd-nvidia-gpu-vllm-decode-slow-7b7f4bb875-5zmjg","reconcileID":"0c419977-5634-493a-8024-8a5432181c09"}
{"level":"info","ts":1785054451.2588887,"caller":"controller/pod_reconciler.go:97","msg":"Pod added","controller":"pod","controllerGroup":"","controllerKind":"Pod","Pod":{"name":"epd-nvidia-gpu-vllm-decode-d9d499948-ccdx2","namespace":"dpikus-epd-sglang-bench"},"namespace":"dpikus-epd-sglang-bench","name":"epd-nvidia-gpu-vllm-decode-d9d499948-ccdx2","reconcileID":"0d9cdf59-812b-4888-bd33-f61aaa78e48b"}
{"level":"info","ts":1785054465.5683231,"caller":"controller/pod_reconciler.go:97","msg":"Pod added","controller":"pod","controllerGroup":"","controllerKind":"Pod","Pod":{"name":"epd-nvidia-gpu-vllm-decode-slow-7b7f4bb875-6lk9k","namespace":"dpikus-epd-sglang-bench"},"namespace":"dpikus-epd-sglang-bench","name":"epd-nvidia-gpu-vllm-decode-slow-7b7f4bb875-6lk9k","reconcileID":"cb4e04c5-59c9-424e-89e0-3ef311a5ee6f"}
{"level":"info","ts":1785054476.5442429,"caller":"controller/pod_reconciler.go:97","msg":"Pod added","controller":"pod","controllerGroup":"","controllerKind":"Pod","Pod":{"name":"epd-nvidia-gpu-vllm-decode-d9d499948-4fb9l","namespace":"dpikus-epd-sglang-bench"},"namespace":"dpikus-epd-sglang-bench","name":"epd-nvidia-gpu-vllm-decode-d9d499948-4fb9l","reconcileID":"01becf00-1881-44a7-95c2-530c5019c320"}
{"level":"info","ts":1785054530.2787752,"caller":"controller/pod_reconciler.go:97","msg":"Pod added","controller":"pod","controllerGroup":"","controllerKind":"Pod","Pod":{"name":"epd-nvidia-gpu-vllm-decode-d9d499948-ccdx2","namespace":"dpikus-epd-sglang-bench"},"namespace":"dpikus-epd-sglang-bench","name":"epd-nvidia-gpu-vllm-decode-d9d499948-ccdx2","reconcileID":"c488cdb6-a310-4695-8ef9-55f4cf196527"}
{"level":"info","ts":1785054559.5444188,"caller":"controller/pod_reconciler.go:97","msg":"Pod added","controller":"pod","controllerGroup":"","controllerKind":"Pod","Pod":{"name":"epd-nvidia-gpu-vllm-decode-d9d499948-4fb9l","namespace":"dpikus-epd-sglang-bench"},"namespace":"dpikus-epd-sglang-bench","name":"epd-nvidia-gpu-vllm-decode-d9d499948-4fb9l","reconcileID":"33742659-f966-4165-bd58-4e5804f987d0"}
{"level":"info","ts":1785054562.6429222,"caller":"controller/pod_reconciler.go:97","msg":"Pod added","controller":"pod","controllerGroup":"","controllerKind":"Pod","Pod":{"name":"epd-nvidia-gpu-vllm-decode-slow-7b7f4bb875-5zmjg","namespace":"dpikus-epd-sglang-bench"},"namespace":"dpikus-epd-sglang-bench","name":"epd-nvidia-gpu-vllm-decode-slow-7b7f4bb875-5zmjg","reconcileID":"3fde9a9e-9987-4bc2-8af9-ad6b2cb8bc44"}
{"level":"info","ts":1785054624.5606961,"caller":"controller/pod_reconciler.go:97","msg":"Pod added","controller":"pod","controllerGroup":"","controllerKind":"Pod","Pod":{"name":"epd-nvidia-gpu-vllm-decode-slow-7b7f4bb875-6lk9k","namespace":"dpikus-epd-sglang-bench"},"namespace":"dpikus-epd-sglang-bench","name":"epd-nvidia-gpu-vllm-decode-slow-7b7f4bb875-6lk9k","reconcileID":"a84e3d13-dcdb-4d9e-83f7-08d2d8861993"}
{"level":"info","ts":1785054626.5435896,"caller":"controller/pod_reconciler.go:97","msg":"Pod added","controller":"pod","controllerGroup":"","controllerKind":"Pod","Pod":{"name":"epd-nvidia-gpu-vllm-decode-d9d499948-4fb9l","namespace":"dpikus-epd-sglang-bench"},"namespace":"dpikus-epd-sglang-bench","name":"epd-nvidia-gpu-vllm-decode-d9d499948-4fb9l","reconcileID":"c38306a9-5594-40a1-8577-59d60bdea9ae"}
{"level":"info","ts":1785054648.6449668,"caller":"controller/pod_reconciler.go:97","msg":"Pod added","controller":"pod","controllerGroup":"","controllerKind":"Pod","Pod":{"name":"epd-nvidia-gpu-vllm-decode-slow-7b7f4bb875-5zmjg","namespace":"dpikus-epd-sglang-bench"},"namespace":"dpikus-epd-sglang-bench","name":"epd-nvidia-gpu-vllm-decode-slow-7b7f4bb875-5zmjg","reconcileID":"227be882-3d8b-44c9-b39b-16d95d081345"}
{"level":"info","ts":1785054689.5452473,"caller":"controller/pod_reconciler.go:97","msg":"Pod added","controller":"pod","controllerGroup":"","controllerKind":"Pod","Pod":{"name":"epd-nvidia-gpu-vllm-decode-d9d499948-4fb9l","namespace":"dpikus-epd-sglang-bench"},"namespace":"dpikus-epd-sglang-bench","name":"epd-nvidia-gpu-vllm-decode-d9d499948-4fb9l","reconcileID":"0c0ff679-e254-4fa6-8fbc-8b9e367b51ce"}
{"level":"info","ts":1785054774.5618343,"caller":"controller/pod_reconciler.go:97","msg":"Pod added","controller":"pod","controllerGroup":"","controllerKind":"Pod","Pod":{"name":"epd-nvidia-gpu-vllm-decode-slow-7b7f4bb875-6lk9k","namespace":"dpikus-epd-sglang-bench"},"namespace":"dpikus-epd-sglang-bench","name":"epd-nvidia-gpu-vllm-decode-slow-7b7f4bb875-6lk9k","reconcileID":"e9acb224-b167-4928-af1c-440f58e03a9b"}
{"level":"info","ts":1785054811.6426897,"caller":"controller/pod_reconciler.go:97","msg":"Pod added","controller":"pod","controllerGroup":"","controllerKind":"Pod","Pod":{"name":"epd-nvidia-gpu-vllm-decode-slow-7b7f4bb875-5zmjg","namespace":"dpikus-epd-sglang-bench"},"namespace":"dpikus-epd-sglang-bench","name":"epd-nvidia-gpu-vllm-decode-slow-7b7f4bb875-5zmjg","reconcileID":"e952080d-c8d0-4758-95bf-951c80cadac3"}
{"level":"info","ts":1785054841.560808,"caller":"controller/pod_reconciler.go:97","msg":"Pod added","controller":"pod","controllerGroup":"","controllerKind":"Pod","Pod":{"name":"epd-nvidia-gpu-vllm-decode-slow-7b7f4bb875-6lk9k","namespace":"dpikus-epd-sglang-bench"},"namespace":"dpikus-epd-sglang-bench","name":"epd-nvidia-gpu-vllm-decode-slow-7b7f4bb875-6lk9k","reconcileID":"c27d5798-721e-4190-87c7-77d0fdd17a15"}
{"level":"info","ts":1785054882.3612194,"caller":"handlers/server.go:368","msg":"EPP received request","x-request-id":"a2e3802e-12e2-45ba-942c-3dbedf54a267"}
{"level":"info","ts":1785054882.4981768,"caller":"handlers/server.go:626","msg":"EPP sent request body response(s) to proxy","x-request-id":"a2e3802e-12e2-45ba-942c-3dbedf54a267","modelName":"Qwen/Qwen3-VL-32B-Instruct","targetModelName":"Qwen/Qwen3-VL-32B-Instruct"}
{"level":"info","ts":1785054885.1802623,"caller":"handlers/server.go:654","msg":"EPP sent response body back to proxy","x-request-id":"a2e3802e-12e2-45ba-942c-3dbedf54a267"}
{"level":"info","ts":1785054887.6627564,"caller":"handlers/server.go:368","msg":"EPP received request","x-request-id":"8c581476-d9aa-48f2-8068-29bdccd08b5d"}
{"level":"info","ts":1785054887.763227,"caller":"handlers/server.go:626","msg":"EPP sent request body response(s) to proxy","x-request-id":"8c581476-d9aa-48f2-8068-29bdccd08b5d","modelName":"Qwen/Qwen3-VL-32B-Instruct","targetModelName":"Qwen/Qwen3-VL-32B-Instruct"}
{"level":"info","ts":1785054888.1558332,"caller":"handlers/server.go:368","msg":"EPP received request","x-request-id":"e4f5a730-0876-4445-9f91-ff844e5642c8"}
{"level":"info","ts":1785054888.218802,"caller":"handlers/server.go:626","msg":"EPP sent request body response(s) to proxy","x-request-id":"e4f5a730-0876-4445-9f91-ff844e5642c8","modelName":"Qwen/Qwen3-VL-32B-Instruct","targetModelName":"Qwen/Qwen3-VL-32B-Instruct"}
{"level":"info","ts":1785054888.298516,"caller":"handlers/server.go:368","msg":"EPP received request","x-request-id":"ea314c43-772f-4425-8959-b6839236ef59"}
{"level":"info","ts":1785054888.3924503,"caller":"handlers/server.go:626","msg":"EPP sent request body response(s) to proxy","x-request-id":"ea314c43-772f-4425-8959-b6839236ef59","modelName":"Qwen/Qwen3-VL-32B-Instruct","targetModelName":"Qwen/Qwen3-VL-32B-Instruct"}
{"level":"info","ts":1785054888.7000966,"caller":"handlers/server.go:368","msg":"EPP received request","x-request-id":"e2ed1a7d-43ad-479c-ac33-c6ce4c4746df"}
{"level":"info","ts":1785054888.7985432,"caller":"handlers/server.go:626","msg":"EPP sent request body response(s) to proxy","x-request-id":"e2ed1a7d-43ad-479c-ac33-c6ce4c4746df","modelName":"Qwen/Qwen3-VL-32B-Instruct","targetModelName":"Qwen/Qwen3-VL-32B-Instruct"}
{"level":"info","ts":1785054889.3329964,"caller":"handlers/server.go:368","msg":"EPP received request","x-request-id":"15e7f88b-02fb-4cc0-ac95-b152435d1a4c"}
{"level":"info","ts":1785054889.413607,"caller":"handlers/server.go:368","msg":"EPP received request","x-request-id":"9af25d56-4df0-4c22-888e-24808ae86280"}
{"level":"info","ts":1785054889.5000129,"caller":"handlers/server.go:626","msg":"EPP sent request body response(s) to proxy","x-request-id":"15e7f88b-02fb-4cc0-ac95-b152435d1a4c","modelName":"Qwen/Qwen3-VL-32B-Instruct","targetModelName":"Qwen/Qwen3-VL-32B-Instruct"}
{"level":"info","ts":1785054889.5771155,"caller":"handlers/server.go:626","msg":"EPP sent request body response(s) to proxy","x-request-id":"9af25d56-4df0-4c22-888e-24808ae86280","modelName":"Qwen/Qwen3-VL-32B-Instruct","targetModelName":"Qwen/Qwen3-VL-32B-Instruct"}
{"level":"info","ts":1785054890.2849264,"caller":"handlers/server.go:368","msg":"EPP received request","x-request-id":"f8f15bde-090b-4bbe-adba-3c656fa1f9b6"}
{"level":"info","ts":1785054890.416155,"caller":"handlers/server.go:626","msg":"EPP sent request body response(s) to proxy","x-request-id":"f8f15bde-090b-4bbe-adba-3c656fa1f9b6","modelName":"Qwen/Qwen3-VL-32B-Instruct","targetModelName":"Qwen/Qwen3-VL-32B-Instruct"}
{"level":"info","ts":1785054890.4995193,"caller":"handlers/server.go:368","msg":"EPP received request","x-request-id":"a6e9779c-7118-440c-9a6f-3d6831004c7f"}
{"level":"info","ts":1785054890.6570032,"caller":"handlers/server.go:626","msg":"EPP sent request body response(s) to proxy","x-request-id":"a6e9779c-7118-440c-9a6f-3d6831004c7f","modelName":"Qwen/Qwen3-VL-32B-Instruct","targetModelName":"Qwen/Qwen3-VL-32B-Instruct"}
{"level":"info","ts":1785054892.6437316,"caller":"controller/pod_reconciler.go:97","msg":"Pod added","controller":"pod","controllerGroup":"","controllerKind":"Pod","Pod":{"name":"epd-nvidia-gpu-vllm-decode-slow-7b7f4bb875-5zmjg","namespace":"dpikus-epd-sglang-bench"},"namespace":"dpikus-epd-sglang-bench","name":"epd-nvidia-gpu-vllm-decode-slow-7b7f4bb875-5zmjg","reconcileID":"f37319a2-7ede-47cc-b78e-80c5a189fc77"}
{"level":"info","ts":1785054913.502958,"caller":"handlers/server.go:654","msg":"EPP sent response body back to proxy","x-request-id":"e2ed1a7d-43ad-479c-ac33-c6ce4c4746df"}
{"level":"info","ts":1785054914.3352485,"caller":"handlers/server.go:654","msg":"EPP sent response body back to proxy","x-request-id":"e4f5a730-0876-4445-9f91-ff844e5642c8"}
{"level":"info","ts":1785054914.4228942,"caller":"handlers/server.go:654","msg":"EPP sent response body back to proxy","x-request-id":"ea314c43-772f-4425-8959-b6839236ef59"}
{"level":"info","ts":1785054914.4313955,"caller":"handlers/server.go:654","msg":"EPP sent response body back to proxy","x-request-id":"8c581476-d9aa-48f2-8068-29bdccd08b5d"}
{"level":"info","ts":1785054915.6039677,"caller":"handlers/server.go:654","msg":"EPP sent response body back to proxy","x-request-id":"f8f15bde-090b-4bbe-adba-3c656fa1f9b6"}
{"level":"info","ts":1785054915.9220202,"caller":"handlers/server.go:654","msg":"EPP sent response body back to proxy","x-request-id":"15e7f88b-02fb-4cc0-ac95-b152435d1a4c"}
{"level":"info","ts":1785054916.1249318,"caller":"handlers/server.go:654","msg":"EPP sent response body back to proxy","x-request-id":"9af25d56-4df0-4c22-888e-24808ae86280"}
{"level":"info","ts":1785054916.3951592,"caller":"handlers/server.go:654","msg":"EPP sent response body back to proxy","x-request-id":"a6e9779c-7118-440c-9a6f-3d6831004c7f"}
{"level":"info","ts":1785054993.9629939,"caller":"handlers/server.go:368","msg":"EPP received request","x-request-id":"935d1892-40e2-4270-ad31-77895351bc0c"}
{"level":"info","ts":1785054994.0991175,"caller":"handlers/server.go:626","msg":"EPP sent request body response(s) to proxy","x-request-id":"935d1892-40e2-4270-ad31-77895351bc0c","modelName":"Qwen/Qwen3-VL-32B-Instruct","targetModelName":"Qwen/Qwen3-VL-32B-Instruct"}
{"level":"info","ts":1785054995.4627476,"caller":"handlers/server.go:654","msg":"EPP sent response body back to proxy","x-request-id":"935d1892-40e2-4270-ad31-77895351bc0c"}
{"level":"info","ts":1785054995.5613754,"caller":"controller/pod_reconciler.go:97","msg":"Pod added","controller":"pod","controllerGroup":"","controllerKind":"Pod","Pod":{"name":"epd-nvidia-gpu-vllm-decode-slow-7b7f4bb875-6lk9k","namespace":"dpikus-epd-sglang-bench"},"namespace":"dpikus-epd-sglang-bench","name":"epd-nvidia-gpu-vllm-decode-slow-7b7f4bb875-6lk9k","reconcileID":"4518856d-84c4-437f-ab2a-cc2c9c57244a"}
{"level":"info","ts":1785054997.4885535,"caller":"handlers/server.go:368","msg":"EPP received request","x-request-id":"65c1bb25-dcee-4ca3-9581-c45f8ad5767b"}
{"level":"info","ts":1785054997.556511,"caller":"handlers/server.go:626","msg":"EPP sent request body response(s) to proxy","x-request-id":"65c1bb25-dcee-4ca3-9581-c45f8ad5767b","modelName":"Qwen/Qwen3-VL-32B-Instruct","targetModelName":"Qwen/Qwen3-VL-32B-Instruct"}
{"level":"info","ts":1785054997.8867867,"caller":"handlers/server.go:368","msg":"EPP received request","x-request-id":"5e661762-22b6-4bef-8009-6c68c1ac3689"}
{"level":"info","ts":1785054997.9343321,"caller":"handlers/server.go:368","msg":"EPP received request","x-request-id":"0a74fd08-8fcc-4a51-b86b-667dd2b70104"}
{"level":"info","ts":1785054997.9537761,"caller":"handlers/server.go:626","msg":"EPP sent request body response(s) to proxy","x-request-id":"5e661762-22b6-4bef-8009-6c68c1ac3689","modelName":"Qwen/Qwen3-VL-32B-Instruct","targetModelName":"Qwen/Qwen3-VL-32B-Instruct"}
{"level":"info","ts":1785054998.0394113,"caller":"handlers/server.go:626","msg":"EPP sent request body response(s) to proxy","x-request-id":"0a74fd08-8fcc-4a51-b86b-667dd2b70104","modelName":"Qwen/Qwen3-VL-32B-Instruct","targetModelName":"Qwen/Qwen3-VL-32B-Instruct"}
{"level":"info","ts":1785054998.2629547,"caller":"handlers/server.go:368","msg":"EPP received request","x-request-id":"58e1c02a-14b5-4731-bd4a-9399b706c655"}
{"level":"info","ts":1785054998.3286304,"caller":"handlers/server.go:626","msg":"EPP sent request body response(s) to proxy","x-request-id":"58e1c02a-14b5-4731-bd4a-9399b706c655","modelName":"Qwen/Qwen3-VL-32B-Instruct","targetModelName":"Qwen/Qwen3-VL-32B-Instruct"}
{"level":"info","ts":1785054998.4704537,"caller":"handlers/server.go:368","msg":"EPP received request","x-request-id":"38c70d11-c27e-4ca9-8438-3dabdc4a08e6"}
{"level":"info","ts":1785054998.5629683,"caller":"handlers/server.go:368","msg":"EPP received request","x-request-id":"6d861aff-ed3d-4b0a-8f15-cd28ed1b1b46"}
{"level":"info","ts":1785054998.5951836,"caller":"handlers/server.go:626","msg":"EPP sent request body response(s) to proxy","x-request-id":"38c70d11-c27e-4ca9-8438-3dabdc4a08e6","modelName":"Qwen/Qwen3-VL-32B-Instruct","targetModelName":"Qwen/Qwen3-VL-32B-Instruct"}
{"level":"info","ts":1785054998.6598465,"caller":"handlers/server.go:626","msg":"EPP sent request body response(s) to proxy","x-request-id":"6d861aff-ed3d-4b0a-8f15-cd28ed1b1b46","modelName":"Qwen/Qwen3-VL-32B-Instruct","targetModelName":"Qwen/Qwen3-VL-32B-Instruct"}
{"level":"info","ts":1785054999.0173209,"caller":"handlers/server.go:368","msg":"EPP received request","x-request-id":"54e226a2-c80b-4e45-b375-07c251ce377d"}
{"level":"info","ts":1785054999.111735,"caller":"handlers/server.go:626","msg":"EPP sent request body response(s) to proxy","x-request-id":"54e226a2-c80b-4e45-b375-07c251ce377d","modelName":"Qwen/Qwen3-VL-32B-Instruct","targetModelName":"Qwen/Qwen3-VL-32B-Instruct"}
{"level":"info","ts":1785054999.4509528,"caller":"handlers/server.go:368","msg":"EPP received request","x-request-id":"a2605073-5a90-42c1-a3d5-30812e503071"}
{"level":"info","ts":1785054999.605929,"caller":"handlers/server.go:626","msg":"EPP sent request body response(s) to proxy","x-request-id":"a2605073-5a90-42c1-a3d5-30812e503071","modelName":"Qwen/Qwen3-VL-32B-Instruct","targetModelName":"Qwen/Qwen3-VL-32B-Instruct"}
{"level":"info","ts":1785054999.6422155,"caller":"handlers/server.go:368","msg":"EPP received request","x-request-id":"e14d8b6b-9a7e-4c29-ac2d-1eadaecdd6c4"}
{"level":"info","ts":1785054999.8072858,"caller":"handlers/server.go:626","msg":"EPP sent request body response(s) to proxy","x-request-id":"e14d8b6b-9a7e-4c29-ac2d-1eadaecdd6c4","modelName":"Qwen/Qwen3-VL-32B-Instruct","targetModelName":"Qwen/Qwen3-VL-32B-Instruct"}
{"level":"info","ts":1785054999.958502,"caller":"handlers/server.go:368","msg":"EPP received request","x-request-id":"e630824b-40e1-4761-849b-191f9990e87c"}
{"level":"info","ts":1785055000.0545955,"caller":"handlers/server.go:626","msg":"EPP sent request body response(s) to proxy","x-request-id":"e630824b-40e1-4761-849b-191f9990e87c","modelName":"Qwen/Qwen3-VL-32B-Instruct","targetModelName":"Qwen/Qwen3-VL-32B-Instruct"}
{"level":"info","ts":1785055000.141957,"caller":"handlers/server.go:368","msg":"EPP received request","x-request-id":"6b34b1a0-9647-4a4b-9a19-444706062bdc"}
{"level":"info","ts":1785055000.2788312,"caller":"handlers/server.go:626","msg":"EPP sent request body response(s) to proxy","x-request-id":"6b34b1a0-9647-4a4b-9a19-444706062bdc","modelName":"Qwen/Qwen3-VL-32B-Instruct","targetModelName":"Qwen/Qwen3-VL-32B-Instruct"}
{"level":"info","ts":1785055000.2897034,"caller":"handlers/server.go:368","msg":"EPP received request","x-request-id":"6e745720-a964-4850-9fd0-9480c95038c6"}
{"level":"info","ts":1785055000.3844647,"caller":"handlers/server.go:626","msg":"EPP sent request body response(s) to proxy","x-request-id":"6e745720-a964-4850-9fd0-9480c95038c6","modelName":"Qwen/Qwen3-VL-32B-Instruct","targetModelName":"Qwen/Qwen3-VL-32B-Instruct"}
{"level":"info","ts":1785055000.5638757,"caller":"handlers/server.go:368","msg":"EPP received request","x-request-id":"2b0ec3d6-cc07-4898-934f-ce4e7f295cec"}
{"level":"info","ts":1785055000.716933,"caller":"handlers/server.go:626","msg":"EPP sent request body response(s) to proxy","x-request-id":"2b0ec3d6-cc07-4898-934f-ce4e7f295cec","modelName":"Qwen/Qwen3-VL-32B-Instruct","targetModelName":"Qwen/Qwen3-VL-32B-Instruct"}
{"level":"info","ts":1785055000.942175,"caller":"handlers/server.go:368","msg":"EPP received request","x-request-id":"904bbe7c-332f-4be3-86b7-c7ed58799233"}
{"level":"info","ts":1785055001.0649536,"caller":"handlers/server.go:626","msg":"EPP sent request body response(s) to proxy","x-request-id":"904bbe7c-332f-4be3-86b7-c7ed58799233","modelName":"Qwen/Qwen3-VL-32B-Instruct","targetModelName":"Qwen/Qwen3-VL-32B-Instruct"}
{"level":"info","ts":1785055001.3992848,"caller":"handlers/server.go:368","msg":"EPP received request","x-request-id":"f5297262-343c-4b31-9b43-ac50402d7857"}
{"level":"info","ts":1785055001.5604842,"caller":"handlers/server.go:626","msg":"EPP sent request body response(s) to proxy","x-request-id":"f5297262-343c-4b31-9b43-ac50402d7857","modelName":"Qwen/Qwen3-VL-32B-Instruct","targetModelName":"Qwen/Qwen3-VL-32B-Instruct"}
{"level":"info","ts":1785055002.2552824,"caller":"handlers/server.go:368","msg":"EPP received request","x-request-id":"efae2319-f9d6-4061-a27e-2cfe1f90b732"}
{"level":"info","ts":1785055002.407208,"caller":"handlers/server.go:626","msg":"EPP sent request body response(s) to proxy","x-request-id":"efae2319-f9d6-4061-a27e-2cfe1f90b732","modelName":"Qwen/Qwen3-VL-32B-Instruct","targetModelName":"Qwen/Qwen3-VL-32B-Instruct"}
{"level":"info","ts":1785055023.0741763,"caller":"handlers/server.go:654","msg":"EPP sent response body back to proxy","x-request-id":"65c1bb25-dcee-4ca3-9581-c45f8ad5767b"}
{"level":"info","ts":1785055023.9045281,"caller":"handlers/server.go:654","msg":"EPP sent response body back to proxy","x-request-id":"5e661762-22b6-4bef-8009-6c68c1ac3689"}
{"level":"info","ts":1785055024.2288837,"caller":"handlers/server.go:654","msg":"EPP sent response body back to proxy","x-request-id":"0a74fd08-8fcc-4a51-b86b-667dd2b70104"}
{"level":"info","ts":1785055024.4217439,"caller":"handlers/server.go:654","msg":"EPP sent response body back to proxy","x-request-id":"6d861aff-ed3d-4b0a-8f15-cd28ed1b1b46"}
{"level":"info","ts":1785055024.5487602,"caller":"handlers/server.go:654","msg":"EPP sent response body back to proxy","x-request-id":"58e1c02a-14b5-4731-bd4a-9399b706c655"}
{"level":"info","ts":1785055025.1849704,"caller":"handlers/server.go:654","msg":"EPP sent response body back to proxy","x-request-id":"38c70d11-c27e-4ca9-8438-3dabdc4a08e6"}
{"level":"info","ts":1785055025.4372127,"caller":"handlers/server.go:654","msg":"EPP sent response body back to proxy","x-request-id":"54e226a2-c80b-4e45-b375-07c251ce377d"}
{"level":"info","ts":1785055025.4944215,"caller":"handlers/server.go:654","msg":"EPP sent response body back to proxy","x-request-id":"e630824b-40e1-4761-849b-191f9990e87c"}
{"level":"info","ts":1785055025.9281566,"caller":"handlers/server.go:654","msg":"EPP sent response body back to proxy","x-request-id":"6e745720-a964-4850-9fd0-9480c95038c6"}
{"level":"info","ts":1785055026.2435944,"caller":"handlers/server.go:654","msg":"EPP sent response body back to proxy","x-request-id":"a2605073-5a90-42c1-a3d5-30812e503071"}
{"level":"info","ts":1785055026.3701503,"caller":"handlers/server.go:654","msg":"EPP sent response body back to proxy","x-request-id":"6b34b1a0-9647-4a4b-9a19-444706062bdc"}
{"level":"info","ts":1785055026.449048,"caller":"handlers/server.go:654","msg":"EPP sent response body back to proxy","x-request-id":"904bbe7c-332f-4be3-86b7-c7ed58799233"}
{"level":"info","ts":1785055026.4932213,"caller":"handlers/server.go:654","msg":"EPP sent response body back to proxy","x-request-id":"e14d8b6b-9a7e-4c29-ac2d-1eadaecdd6c4"}
{"level":"info","ts":1785055026.7053041,"caller":"handlers/server.go:654","msg":"EPP sent response body back to proxy","x-request-id":"2b0ec3d6-cc07-4898-934f-ce4e7f295cec"}
{"level":"info","ts":1785055027.329719,"caller":"handlers/server.go:654","msg":"EPP sent response body back to proxy","x-request-id":"f5297262-343c-4b31-9b43-ac50402d7857"}
{"level":"info","ts":1785055028.3514676,"caller":"handlers/server.go:654","msg":"EPP sent response body back to proxy","x-request-id":"efae2319-f9d6-4061-a27e-2cfe1f90b732"}
{"level":"info","ts":1785055085.5604115,"caller":"controller/pod_reconciler.go:97","msg":"Pod added","controller":"pod","controllerGroup":"","controllerKind":"Pod","Pod":{"name":"epd-nvidia-gpu-vllm-decode-slow-7b7f4bb875-6lk9k","namespace":"dpikus-epd-sglang-bench"},"namespace":"dpikus-epd-sglang-bench","name":"epd-nvidia-gpu-vllm-decode-slow-7b7f4bb875-6lk9k","reconcileID":"29aeb66f-a99e-48a1-8ad1-453c0a42e120"}
{"level":"info","ts":1785055110.6440687,"caller":"controller/pod_reconciler.go:97","msg":"Pod added","controller":"pod","controllerGroup":"","controllerKind":"Pod","Pod":{"name":"epd-nvidia-gpu-vllm-decode-slow-7b7f4bb875-5zmjg","namespace":"dpikus-epd-sglang-bench"},"namespace":"dpikus-epd-sglang-bench","name":"epd-nvidia-gpu-vllm-decode-slow-7b7f4bb875-5zmjg","reconcileID":"df6ba8fa-bff1-4e35-b69f-fa9774f2bb73"}
{"level":"info","ts":1785055113.5134044,"caller":"handlers/server.go:368","msg":"EPP received request","x-request-id":"b285437d-414f-4b40-9912-75c038c7b20a"}
{"level":"info","ts":1785055113.6473641,"caller":"handlers/server.go:626","msg":"EPP sent request body response(s) to proxy","x-request-id":"b285437d-414f-4b40-9912-75c038c7b20a","modelName":"Qwen/Qwen3-VL-32B-Instruct","targetModelName":"Qwen/Qwen3-VL-32B-Instruct"}
{"level":"info","ts":1785055114.76983,"caller":"handlers/server.go:654","msg":"EPP sent response body back to proxy","x-request-id":"b285437d-414f-4b40-9912-75c038c7b20a"}
{"level":"info","ts":1785055116.794982,"caller":"handlers/server.go:368","msg":"EPP received request","x-request-id":"fd554f0c-f4de-4aff-9b92-077e268fad64"}
{"level":"info","ts":1785055116.8667884,"caller":"handlers/server.go:626","msg":"EPP sent request body response(s) to proxy","x-request-id":"fd554f0c-f4de-4aff-9b92-077e268fad64","modelName":"Qwen/Qwen3-VL-32B-Instruct","targetModelName":"Qwen/Qwen3-VL-32B-Instruct"}
{"level":"info","ts":1785055117.4235687,"caller":"handlers/server.go:368","msg":"EPP received request","x-request-id":"218b63d9-6434-4983-8fed-67c12fbc63d0"}
{"level":"info","ts":1785055117.522473,"caller":"handlers/server.go:626","msg":"EPP sent request body response(s) to proxy","x-request-id":"218b63d9-6434-4983-8fed-67c12fbc63d0","modelName":"Qwen/Qwen3-VL-32B-Instruct","targetModelName":"Qwen/Qwen3-VL-32B-Instruct"}
{"level":"info","ts":1785055117.6845925,"caller":"handlers/server.go:368","msg":"EPP received request","x-request-id":"86492ee6-ef43-41c5-ab81-89c82ff94e8c"}
{"level":"info","ts":1785055117.688881,"caller":"handlers/server.go:368","msg":"EPP received request","x-request-id":"a5bc1016-3f71-41e4-9d42-42bf73df87da"}
{"level":"info","ts":1785055117.7837903,"caller":"handlers/server.go:626","msg":"EPP sent request body response(s) to proxy","x-request-id":"86492ee6-ef43-41c5-ab81-89c82ff94e8c","modelName":"Qwen/Qwen3-VL-32B-Instruct","targetModelName":"Qwen/Qwen3-VL-32B-Instruct"}
{"level":"info","ts":1785055117.819382,"caller":"handlers/server.go:626","msg":"EPP sent request body response(s) to proxy","x-request-id":"a5bc1016-3f71-41e4-9d42-42bf73df87da","modelName":"Qwen/Qwen3-VL-32B-Instruct","targetModelName":"Qwen/Qwen3-VL-32B-Instruct"}
{"level":"info","ts":1785055118.0207577,"caller":"handlers/server.go:368","msg":"EPP received request","x-request-id":"f687f3d2-cb9f-4801-9fd3-246da1e03953"}
{"level":"info","ts":1785055118.1118815,"caller":"handlers/server.go:626","msg":"EPP sent request body response(s) to proxy","x-request-id":"f687f3d2-cb9f-4801-9fd3-246da1e03953","modelName":"Qwen/Qwen3-VL-32B-Instruct","targetModelName":"Qwen/Qwen3-VL-32B-Instruct"}
{"level":"info","ts":1785055118.3623414,"caller":"handlers/server.go:368","msg":"EPP received request","x-request-id":"c2d9abe8-7ecf-4b82-b209-94a798966d70"}
{"level":"info","ts":1785055118.4637105,"caller":"handlers/server.go:626","msg":"EPP sent request body response(s) to proxy","x-request-id":"c2d9abe8-7ecf-4b82-b209-94a798966d70","modelName":"Qwen/Qwen3-VL-32B-Instruct","targetModelName":"Qwen/Qwen3-VL-32B-Instruct"}
{"level":"info","ts":1785055118.6089714,"caller":"handlers/server.go:368","msg":"EPP received request","x-request-id":"df36e8b4-6016-480f-9efa-5d1c81067387"}
{"level":"info","ts":1785055118.7047262,"caller":"handlers/server.go:626","msg":"EPP sent request body response(s) to proxy","x-request-id":"df36e8b4-6016-480f-9efa-5d1c81067387","modelName":"Qwen/Qwen3-VL-32B-Instruct","targetModelName":"Qwen/Qwen3-VL-32B-Instruct"}
{"level":"info","ts":1785055118.7322686,"caller":"handlers/server.go:368","msg":"EPP received request","x-request-id":"afb190cd-2a9c-4760-81a1-dbaca01cd5ba"}
{"level":"info","ts":1785055118.732698,"caller":"handlers/server.go:368","msg":"EPP received request","x-request-id":"72aa68a3-509a-4774-a6e1-03088e13399b"}
{"level":"info","ts":1785055118.7654886,"caller":"handlers/server.go:626","msg":"EPP sent request body response(s) to proxy","x-request-id":"afb190cd-2a9c-4760-81a1-dbaca01cd5ba","modelName":"Qwen/Qwen3-VL-32B-Instruct","targetModelName":"Qwen/Qwen3-VL-32B-Instruct"}
{"level":"info","ts":1785055118.7998164,"caller":"handlers/server.go:626","msg":"EPP sent request body response(s) to proxy","x-request-id":"72aa68a3-509a-4774-a6e1-03088e13399b","modelName":"Qwen/Qwen3-VL-32B-Instruct","targetModelName":"Qwen/Qwen3-VL-32B-Instruct"}
{"level":"info","ts":1785055118.894735,"caller":"handlers/server.go:368","msg":"EPP received request","x-request-id":"47dca134-e4bc-4e25-8082-ec470cba3b18"}
{"level":"info","ts":1785055119.0518131,"caller":"handlers/server.go:626","msg":"EPP sent request body response(s) to proxy","x-request-id":"47dca134-e4bc-4e25-8082-ec470cba3b18","modelName":"Qwen/Qwen3-VL-32B-Instruct","targetModelName":"Qwen/Qwen3-VL-32B-Instruct"}
{"level":"info","ts":1785055119.2973847,"caller":"handlers/server.go:368","msg":"EPP received request","x-request-id":"ddae3509-3b95-4413-8929-67e2c0667817"}
{"level":"info","ts":1785055119.3277724,"caller":"handlers/server.go:626","msg":"EPP sent request body response(s) to proxy","x-request-id":"ddae3509-3b95-4413-8929-67e2c0667817","modelName":"Qwen/Qwen3-VL-32B-Instruct","targetModelName":"Qwen/Qwen3-VL-32B-Instruct"}
{"level":"info","ts":1785055119.5821528,"caller":"handlers/server.go:368","msg":"EPP received request","x-request-id":"80720056-3cb6-4eee-a23a-c1d6b71e93c1"}
{"level":"info","ts":1785055119.5838308,"caller":"handlers/server.go:368","msg":"EPP received request","x-request-id":"e86f90f7-58da-4bea-8778-4a8035811070"}
{"level":"info","ts":1785055119.6133087,"caller":"handlers/server.go:626","msg":"EPP sent request body response(s) to proxy","x-request-id":"80720056-3cb6-4eee-a23a-c1d6b71e93c1","modelName":"Qwen/Qwen3-VL-32B-Instruct","targetModelName":"Qwen/Qwen3-VL-32B-Instruct"}
{"level":"info","ts":1785055119.6483088,"caller":"handlers/server.go:626","msg":"EPP sent request body response(s) to proxy","x-request-id":"e86f90f7-58da-4bea-8778-4a8035811070","modelName":"Qwen/Qwen3-VL-32B-Instruct","targetModelName":"Qwen/Qwen3-VL-32B-Instruct"}
{"level":"info","ts":1785055119.7429523,"caller":"handlers/server.go:368","msg":"EPP received request","x-request-id":"c590c765-75c1-4044-a114-bbec28935af1"}
{"level":"info","ts":1785055119.7956865,"caller":"handlers/server.go:368","msg":"EPP received request","x-request-id":"6656c71a-bcf8-4cce-9488-7118ac8dfc47"}
{"level":"info","ts":1785055119.855269,"caller":"handlers/server.go:626","msg":"EPP sent request body response(s) to proxy","x-request-id":"6656c71a-bcf8-4cce-9488-7118ac8dfc47","modelName":"Qwen/Qwen3-VL-32B-Instruct","targetModelName":"Qwen/Qwen3-VL-32B-Instruct"}
{"level":"info","ts":1785055119.9026272,"caller":"handlers/server.go:626","msg":"EPP sent request body response(s) to proxy","x-request-id":"c590c765-75c1-4044-a114-bbec28935af1","modelName":"Qwen/Qwen3-VL-32B-Instruct","targetModelName":"Qwen/Qwen3-VL-32B-Instruct"}
{"level":"info","ts":1785055119.9374611,"caller":"handlers/server.go:368","msg":"EPP received request","x-request-id":"720199ec-ed18-4e93-9a98-46c0c1e97a1d"}
{"level":"info","ts":1785055120.067564,"caller":"handlers/server.go:626","msg":"EPP sent request body response(s) to proxy","x-request-id":"720199ec-ed18-4e93-9a98-46c0c1e97a1d","modelName":"Qwen/Qwen3-VL-32B-Instruct","targetModelName":"Qwen/Qwen3-VL-32B-Instruct"}
{"level":"info","ts":1785055120.1636047,"caller":"handlers/server.go:368","msg":"EPP received request","x-request-id":"9b2fba88-014c-441b-9209-f8c563929cf6"}
{"level":"info","ts":1785055120.2887747,"caller":"handlers/server.go:626","msg":"EPP sent request body response(s) to proxy","x-request-id":"9b2fba88-014c-441b-9209-f8c563929cf6","modelName":"Qwen/Qwen3-VL-32B-Instruct","targetModelName":"Qwen/Qwen3-VL-32B-Instruct"}
{"level":"info","ts":1785055120.9522727,"caller":"handlers/server.go:368","msg":"EPP received request","x-request-id":"e806668c-9b77-470e-baa1-64bb08c09dd4"}
{"level":"info","ts":1785055120.952888,"caller":"handlers/server.go:368","msg":"EPP received request","x-request-id":"e5e08c98-e67f-4270-83bc-dce6a4dd5618"}
{"level":"info","ts":1785055121.0289538,"caller":"handlers/server.go:368","msg":"EPP received request","x-request-id":"5a9e07ab-9fee-4b7c-a087-1e39d069610b"}
{"level":"info","ts":1785055121.0351777,"caller":"handlers/server.go:368","msg":"EPP received request","x-request-id":"1554f61c-597f-4209-a891-bbb9ffb4ede6"}
{"level":"info","ts":1785055121.045815,"caller":"handlers/server.go:626","msg":"EPP sent request body response(s) to proxy","x-request-id":"e806668c-9b77-470e-baa1-64bb08c09dd4","modelName":"Qwen/Qwen3-VL-32B-Instruct","targetModelName":"Qwen/Qwen3-VL-32B-Instruct"}
{"level":"info","ts":1785055121.0770628,"caller":"handlers/server.go:626","msg":"EPP sent request body response(s) to proxy","x-request-id":"e5e08c98-e67f-4270-83bc-dce6a4dd5618","modelName":"Qwen/Qwen3-VL-32B-Instruct","targetModelName":"Qwen/Qwen3-VL-32B-Instruct"}
{"level":"info","ts":1785055121.093713,"caller":"handlers/server.go:626","msg":"EPP sent request body response(s) to proxy","x-request-id":"5a9e07ab-9fee-4b7c-a087-1e39d069610b","modelName":"Qwen/Qwen3-VL-32B-Instruct","targetModelName":"Qwen/Qwen3-VL-32B-Instruct"}
{"level":"info","ts":1785055121.1925192,"caller":"handlers/server.go:626","msg":"EPP sent request body response(s) to proxy","x-request-id":"1554f61c-597f-4209-a891-bbb9ffb4ede6","modelName":"Qwen/Qwen3-VL-32B-Instruct","targetModelName":"Qwen/Qwen3-VL-32B-Instruct"}
{"level":"info","ts":1785055121.2451706,"caller":"handlers/server.go:368","msg":"EPP received request","x-request-id":"3705ca16-96fa-4c2a-b89d-0255ccb03144"}
{"level":"info","ts":1785055121.2463543,"caller":"handlers/server.go:368","msg":"EPP received request","x-request-id":"9e3cd49e-98fb-431a-b4ff-e0322d1cdc22"}
{"level":"info","ts":1785055121.3430483,"caller":"handlers/server.go:626","msg":"EPP sent request body response(s) to proxy","x-request-id":"3705ca16-96fa-4c2a-b89d-0255ccb03144","modelName":"Qwen/Qwen3-VL-32B-Instruct","targetModelName":"Qwen/Qwen3-VL-32B-Instruct"}
{"level":"info","ts":1785055121.3669002,"caller":"handlers/server.go:626","msg":"EPP sent request body response(s) to proxy","x-request-id":"9e3cd49e-98fb-431a-b4ff-e0322d1cdc22","modelName":"Qwen/Qwen3-VL-32B-Instruct","targetModelName":"Qwen/Qwen3-VL-32B-Instruct"}
{"level":"info","ts":1785055122.1389,"caller":"handlers/server.go:368","msg":"EPP received request","x-request-id":"2689e7d3-09cf-4303-b531-3c64bfb7a21b"}
{"level":"info","ts":1785055122.193929,"caller":"handlers/server.go:368","msg":"EPP received request","x-request-id":"4f7fbd06-9655-46fd-80fe-171a900d1a25"}
{"level":"info","ts":1785055122.2334666,"caller":"handlers/server.go:368","msg":"EPP received request","x-request-id":"850a9c29-4864-44d3-a79a-b190232ff588"}
{"level":"info","ts":1785055122.260367,"caller":"handlers/server.go:626","msg":"EPP sent request body response(s) to proxy","x-request-id":"2689e7d3-09cf-4303-b531-3c64bfb7a21b","modelName":"Qwen/Qwen3-VL-32B-Instruct","targetModelName":"Qwen/Qwen3-VL-32B-Instruct"}
{"level":"info","ts":1785055122.3549697,"caller":"handlers/server.go:626","msg":"EPP sent request body response(s) to proxy","x-request-id":"4f7fbd06-9655-46fd-80fe-171a900d1a25","modelName":"Qwen/Qwen3-VL-32B-Instruct","targetModelName":"Qwen/Qwen3-VL-32B-Instruct"}
{"level":"info","ts":1785055122.386415,"caller":"handlers/server.go:626","msg":"EPP sent request body response(s) to proxy","x-request-id":"850a9c29-4864-44d3-a79a-b190232ff588","modelName":"Qwen/Qwen3-VL-32B-Instruct","targetModelName":"Qwen/Qwen3-VL-32B-Instruct"}
{"level":"info","ts":1785055122.7394755,"caller":"handlers/server.go:368","msg":"EPP received request","x-request-id":"a53917e0-0ca7-476f-bcf7-f9991c57e7e1"}
{"level":"info","ts":1785055122.7708724,"caller":"handlers/server.go:368","msg":"EPP received request","x-request-id":"a8bcfebc-a6d4-48d5-8882-414a853e3092"}
{"level":"info","ts":1785055122.8691897,"caller":"handlers/server.go:626","msg":"EPP sent request body response(s) to proxy","x-request-id":"a53917e0-0ca7-476f-bcf7-f9991c57e7e1","modelName":"Qwen/Qwen3-VL-32B-Instruct","targetModelName":"Qwen/Qwen3-VL-32B-Instruct"}
{"level":"info","ts":1785055122.8737833,"caller":"handlers/server.go:626","msg":"EPP sent request body response(s) to proxy","x-request-id":"a8bcfebc-a6d4-48d5-8882-414a853e3092","modelName":"Qwen/Qwen3-VL-32B-Instruct","targetModelName":"Qwen/Qwen3-VL-32B-Instruct"}
{"level":"info","ts":1785055122.9876153,"caller":"handlers/server.go:368","msg":"EPP received request","x-request-id":"b9b90d9a-5507-46de-935f-af656077f147"}
{"level":"info","ts":1785055123.150416,"caller":"handlers/server.go:626","msg":"EPP sent request body response(s) to proxy","x-request-id":"b9b90d9a-5507-46de-935f-af656077f147","modelName":"Qwen/Qwen3-VL-32B-Instruct","targetModelName":"Qwen/Qwen3-VL-32B-Instruct"}
{"level":"info","ts":1785055123.3687181,"caller":"handlers/server.go:368","msg":"EPP received request","x-request-id":"efd613b2-2aa1-4564-a81b-321d148b9fef"}
{"level":"info","ts":1785055123.5168922,"caller":"handlers/server.go:626","msg":"EPP sent request body response(s) to proxy","x-request-id":"efd613b2-2aa1-4564-a81b-321d148b9fef","modelName":"Qwen/Qwen3-VL-32B-Instruct","targetModelName":"Qwen/Qwen3-VL-32B-Instruct"}
{"level":"info","ts":1785055123.966798,"caller":"handlers/server.go:368","msg":"EPP received request","x-request-id":"f33e86f9-7bca-4a56-80aa-7a015dc56715"}
{"level":"info","ts":1785055124.0877225,"caller":"handlers/server.go:626","msg":"EPP sent request body response(s) to proxy","x-request-id":"f33e86f9-7bca-4a56-80aa-7a015dc56715","modelName":"Qwen/Qwen3-VL-32B-Instruct","targetModelName":"Qwen/Qwen3-VL-32B-Instruct"}
{"level":"info","ts":1785055124.225898,"caller":"handlers/server.go:368","msg":"EPP received request","x-request-id":"3adcb18a-58db-43a9-9374-7f3242f14d52"}
{"level":"info","ts":1785055124.3421497,"caller":"handlers/server.go:626","msg":"EPP sent request body response(s) to proxy","x-request-id":"3adcb18a-58db-43a9-9374-7f3242f14d52","modelName":"Qwen/Qwen3-VL-32B-Instruct","targetModelName":"Qwen/Qwen3-VL-32B-Instruct"}
{"level":"info","ts":1785055142.0039968,"caller":"handlers/server.go:654","msg":"EPP sent response body back to proxy","x-request-id":"fd554f0c-f4de-4aff-9b92-077e268fad64"}
{"level":"info","ts":1785055142.8336947,"caller":"handlers/server.go:654","msg":"EPP sent response body back to proxy","x-request-id":"a5bc1016-3f71-41e4-9d42-42bf73df87da"}
{"level":"info","ts":1785055143.994226,"caller":"handlers/server.go:654","msg":"EPP sent response body back to proxy","x-request-id":"afb190cd-2a9c-4760-81a1-dbaca01cd5ba"}
{"level":"info","ts":1785055144.077085,"caller":"handlers/server.go:654","msg":"EPP sent response body back to proxy","x-request-id":"c2d9abe8-7ecf-4b82-b209-94a798966d70"}
{"level":"info","ts":1785055144.2780821,"caller":"handlers/server.go:654","msg":"EPP sent response body back to proxy","x-request-id":"72aa68a3-509a-4774-a6e1-03088e13399b"}
{"level":"info","ts":1785055144.556123,"caller":"handlers/server.go:654","msg":"EPP sent response body back to proxy","x-request-id":"ddae3509-3b95-4413-8929-67e2c0667817"}
{"level":"info","ts":1785055145.7665427,"caller":"handlers/server.go:654","msg":"EPP sent response body back to proxy","x-request-id":"c590c765-75c1-4044-a114-bbec28935af1"}
{"level":"info","ts":1785055145.7956944,"caller":"handlers/server.go:654","msg":"EPP sent response body back to proxy","x-request-id":"720199ec-ed18-4e93-9a98-46c0c1e97a1d"}
{"level":"info","ts":1785055146.167296,"caller":"handlers/server.go:654","msg":"EPP sent response body back to proxy","x-request-id":"218b63d9-6434-4983-8fed-67c12fbc63d0"}
{"level":"info","ts":1785055146.8510685,"caller":"handlers/server.go:654","msg":"EPP sent response body back to proxy","x-request-id":"86492ee6-ef43-41c5-ab81-89c82ff94e8c"}
{"level":"info","ts":1785055147.3263695,"caller":"handlers/server.go:654","msg":"EPP sent response body back to proxy","x-request-id":"f687f3d2-cb9f-4801-9fd3-246da1e03953"}
{"level":"info","ts":1785055147.8039775,"caller":"handlers/server.go:654","msg":"EPP sent response body back to proxy","x-request-id":"df36e8b4-6016-480f-9efa-5d1c81067387"}
{"level":"info","ts":1785055148.4806983,"caller":"handlers/server.go:654","msg":"EPP sent response body back to proxy","x-request-id":"47dca134-e4bc-4e25-8082-ec470cba3b18"}
{"level":"info","ts":1785055148.5571947,"caller":"handlers/server.go:654","msg":"EPP sent response body back to proxy","x-request-id":"6656c71a-bcf8-4cce-9488-7118ac8dfc47"}
{"level":"info","ts":1785055148.7991517,"caller":"handlers/server.go:654","msg":"EPP sent response body back to proxy","x-request-id":"80720056-3cb6-4eee-a23a-c1d6b71e93c1"}
{"level":"info","ts":1785055149.1948233,"caller":"handlers/server.go:654","msg":"EPP sent response body back to proxy","x-request-id":"e86f90f7-58da-4bea-8778-4a8035811070"}
{"level":"info","ts":1785055149.7904813,"caller":"handlers/server.go:654","msg":"EPP sent response body back to proxy","x-request-id":"5a9e07ab-9fee-4b7c-a087-1e39d069610b"}
{"level":"info","ts":1785055150.2621217,"caller":"handlers/server.go:654","msg":"EPP sent response body back to proxy","x-request-id":"9e3cd49e-98fb-431a-b4ff-e0322d1cdc22"}
{"level":"info","ts":1785055151.025713,"caller":"handlers/server.go:654","msg":"EPP sent response body back to proxy","x-request-id":"e806668c-9b77-470e-baa1-64bb08c09dd4"}
{"level":"info","ts":1785055151.2791183,"caller":"handlers/server.go:654","msg":"EPP sent response body back to proxy","x-request-id":"4f7fbd06-9655-46fd-80fe-171a900d1a25"}
{"level":"info","ts":1785055151.55716,"caller":"handlers/server.go:654","msg":"EPP sent response body back to proxy","x-request-id":"850a9c29-4864-44d3-a79a-b190232ff588"}
{"level":"info","ts":1785055151.6341803,"caller":"handlers/server.go:654","msg":"EPP sent response body back to proxy","x-request-id":"1554f61c-597f-4209-a891-bbb9ffb4ede6"}
{"level":"info","ts":1785055151.8506105,"caller":"handlers/server.go:654","msg":"EPP sent response body back to proxy","x-request-id":"2689e7d3-09cf-4303-b531-3c64bfb7a21b"}
{"level":"info","ts":1785055152.7264178,"caller":"handlers/server.go:654","msg":"EPP sent response body back to proxy","x-request-id":"b9b90d9a-5507-46de-935f-af656077f147"}
{"level":"info","ts":1785055160.5610197,"caller":"controller/pod_reconciler.go:97","msg":"Pod added","controller":"pod","controllerGroup":"","controllerKind":"Pod","Pod":{"name":"epd-nvidia-gpu-vllm-decode-slow-7b7f4bb875-6lk9k","namespace":"dpikus-epd-sglang-bench"},"namespace":"dpikus-epd-sglang-bench","name":"epd-nvidia-gpu-vllm-decode-slow-7b7f4bb875-6lk9k","reconcileID":"58fec8c2-30ef-4e81-8d53-05c4e9d0d8d1"}
{"level":"info","ts":1785055166.3102486,"caller":"handlers/server.go:654","msg":"EPP sent response body back to proxy","x-request-id":"e5e08c98-e67f-4270-83bc-dce6a4dd5618"}
{"level":"info","ts":1785055166.4537008,"caller":"handlers/server.go:654","msg":"EPP sent response body back to proxy","x-request-id":"9b2fba88-014c-441b-9209-f8c563929cf6"}
{"level":"info","ts":1785055167.9842298,"caller":"handlers/server.go:654","msg":"EPP sent response body back to proxy","x-request-id":"3705ca16-96fa-4c2a-b89d-0255ccb03144"}
{"level":"info","ts":1785055170.6213434,"caller":"handlers/server.go:654","msg":"EPP sent response body back to proxy","x-request-id":"a53917e0-0ca7-476f-bcf7-f9991c57e7e1"}
{"level":"info","ts":1785055171.7627254,"caller":"handlers/server.go:654","msg":"EPP sent response body back to proxy","x-request-id":"a8bcfebc-a6d4-48d5-8882-414a853e3092"}
{"level":"info","ts":1785055172.457214,"caller":"handlers/server.go:654","msg":"EPP sent response body back to proxy","x-request-id":"efd613b2-2aa1-4564-a81b-321d148b9fef"}
{"level":"info","ts":1785055172.56195,"caller":"handlers/server.go:654","msg":"EPP sent response body back to proxy","x-request-id":"f33e86f9-7bca-4a56-80aa-7a015dc56715"}
{"level":"info","ts":1785055173.637524,"caller":"handlers/server.go:654","msg":"EPP sent response body back to proxy","x-request-id":"3adcb18a-58db-43a9-9374-7f3242f14d52"}
{"level":"info","ts":1785055200.6444714,"caller":"controller/pod_reconciler.go:97","msg":"Pod added","controller":"pod","controllerGroup":"","controllerKind":"Pod","Pod":{"name":"epd-nvidia-gpu-vllm-decode-slow-7b7f4bb875-5zmjg","namespace":"dpikus-epd-sglang-bench"},"namespace":"dpikus-epd-sglang-bench","name":"epd-nvidia-gpu-vllm-decode-slow-7b7f4bb875-5zmjg","reconcileID":"8394a496-aa34-4a40-a404-2db5c066a922"}
{"level":"info","ts":1785055235.5600228,"caller":"controller/pod_reconciler.go:97","msg":"Pod added","controller":"pod","controllerGroup":"","controllerKind":"Pod","Pod":{"name":"epd-nvidia-gpu-vllm-decode-slow-7b7f4bb875-6lk9k","namespace":"dpikus-epd-sglang-bench"},"namespace":"dpikus-epd-sglang-bench","name":"epd-nvidia-gpu-vllm-decode-slow-7b7f4bb875-6lk9k","reconcileID":"73db3fa9-70f6-4f6f-99fe-940cb1abeb83"}
{"level":"info","ts":1785055273.8108232,"caller":"handlers/server.go:368","msg":"EPP received request","x-request-id":"ce668ed2-d7f6-4970-bfeb-65de1ae15a33"}
{"level":"info","ts":1785055273.9560325,"caller":"handlers/server.go:626","msg":"EPP sent request body response(s) to proxy","x-request-id":"ce668ed2-d7f6-4970-bfeb-65de1ae15a33","modelName":"Qwen/Qwen3-VL-32B-Instruct","targetModelName":"Qwen/Qwen3-VL-32B-Instruct"}
{"level":"info","ts":1785055275.1066048,"caller":"handlers/server.go:654","msg":"EPP sent response body back to proxy","x-request-id":"ce668ed2-d7f6-4970-bfeb-65de1ae15a33"}
{"level":"info","ts":1785055277.2528148,"caller":"handlers/server.go:368","msg":"EPP received request","x-request-id":"1a927b36-c4c1-4f5b-9e6a-2c1ad8c8dea2"}
{"level":"info","ts":1785055277.32072,"caller":"handlers/server.go:626","msg":"EPP sent request body response(s) to proxy","x-request-id":"1a927b36-c4c1-4f5b-9e6a-2c1ad8c8dea2","modelName":"Qwen/Qwen3-VL-32B-Instruct","targetModelName":"Qwen/Qwen3-VL-32B-Instruct"}
{"level":"info","ts":1785055277.7352192,"caller":"handlers/server.go:368","msg":"EPP received request","x-request-id":"7f65c19e-1bbb-4745-8087-6de58b55b6fd"}
{"level":"info","ts":1785055277.8323307,"caller":"handlers/server.go:626","msg":"EPP sent request body response(s) to proxy","x-request-id":"7f65c19e-1bbb-4745-8087-6de58b55b6fd","modelName":"Qwen/Qwen3-VL-32B-Instruct","targetModelName":"Qwen/Qwen3-VL-32B-Instruct"}
{"level":"info","ts":1785055278.1095119,"caller":"handlers/server.go:368","msg":"EPP received request","x-request-id":"f607e983-137f-4b48-9102-52e9c48acff9"}
{"level":"info","ts":1785055278.239737,"caller":"handlers/server.go:626","msg":"EPP sent request body response(s) to proxy","x-request-id":"f607e983-137f-4b48-9102-52e9c48acff9","modelName":"Qwen/Qwen3-VL-32B-Instruct","targetModelName":"Qwen/Qwen3-VL-32B-Instruct"}
{"level":"info","ts":1785055278.2589514,"caller":"handlers/server.go:368","msg":"EPP received request","x-request-id":"15731f04-a47d-4b4f-bea4-fa0902992492"}
{"level":"info","ts":1785055278.356504,"caller":"handlers/server.go:626","msg":"EPP sent request body response(s) to proxy","x-request-id":"15731f04-a47d-4b4f-bea4-fa0902992492","modelName":"Qwen/Qwen3-VL-32B-Instruct","targetModelName":"Qwen/Qwen3-VL-32B-Instruct"}
{"level":"info","ts":1785055278.5783823,"caller":"handlers/server.go:368","msg":"EPP received request","x-request-id":"e1371c08-2570-4c66-8574-ab1d496aae77"}
{"level":"info","ts":1785055278.640585,"caller":"handlers/server.go:368","msg":"EPP received request","x-request-id":"efc04adc-45ce-455f-a8ae-6372626a3301"}
{"level":"info","ts":1785055278.6421907,"caller":"handlers/server.go:368","msg":"EPP received request","x-request-id":"c0cf84df-9b2a-4bb5-a853-7d56cb2b69db"}
{"level":"info","ts":1785055278.672616,"caller":"handlers/server.go:626","msg":"EPP sent request body response(s) to proxy","x-request-id":"e1371c08-2570-4c66-8574-ab1d496aae77","modelName":"Qwen/Qwen3-VL-32B-Instruct","targetModelName":"Qwen/Qwen3-VL-32B-Instruct"}
{"level":"info","ts":1785055278.6735291,"caller":"handlers/server.go:626","msg":"EPP sent request body response(s) to proxy","x-request-id":"efc04adc-45ce-455f-a8ae-6372626a3301","modelName":"Qwen/Qwen3-VL-32B-Instruct","targetModelName":"Qwen/Qwen3-VL-32B-Instruct"}
{"level":"info","ts":1785055278.7054985,"caller":"handlers/server.go:626","msg":"EPP sent request body response(s) to proxy","x-request-id":"c0cf84df-9b2a-4bb5-a853-7d56cb2b69db","modelName":"Qwen/Qwen3-VL-32B-Instruct","targetModelName":"Qwen/Qwen3-VL-32B-Instruct"}
{"level":"info","ts":1785055279.4409986,"caller":"handlers/server.go:368","msg":"EPP received request","x-request-id":"467a8fb5-15cf-47ed-86db-937cc81d5e4e"}
{"level":"info","ts":1785055279.5338423,"caller":"handlers/server.go:626","msg":"EPP sent request body response(s) to proxy","x-request-id":"467a8fb5-15cf-47ed-86db-937cc81d5e4e","modelName":"Qwen/Qwen3-VL-32B-Instruct","targetModelName":"Qwen/Qwen3-VL-32B-Instruct"}
{"level":"info","ts":1785055279.611763,"caller":"handlers/server.go:368","msg":"EPP received request","x-request-id":"8864371e-f720-45a1-b9f3-0b7de44f5083"}
{"level":"info","ts":1785055279.6730301,"caller":"handlers/server.go:626","msg":"EPP sent request body response(s) to proxy","x-request-id":"8864371e-f720-45a1-b9f3-0b7de44f5083","modelName":"Qwen/Qwen3-VL-32B-Instruct","targetModelName":"Qwen/Qwen3-VL-32B-Instruct"}
{"level":"info","ts":1785055279.889097,"caller":"handlers/server.go:368","msg":"EPP received request","x-request-id":"9d5d6bef-0e7a-4910-8a60-f4904f406a3a"}
{"level":"info","ts":1785055279.893861,"caller":"handlers/server.go:368","msg":"EPP received request","x-request-id":"abab7e67-6ebe-4bc9-bdf8-f1d4710ffedb"}
{"level":"info","ts":1785055279.9188256,"caller":"handlers/server.go:626","msg":"EPP sent request body response(s) to proxy","x-request-id":"9d5d6bef-0e7a-4910-8a60-f4904f406a3a","modelName":"Qwen/Qwen3-VL-32B-Instruct","targetModelName":"Qwen/Qwen3-VL-32B-Instruct"}
{"level":"info","ts":1785055279.9876409,"caller":"handlers/server.go:368","msg":"EPP received request","x-request-id":"941e7306-2833-4216-a5fb-9b4f553bd0c8"}
{"level":"info","ts":1785055279.998106,"caller":"handlers/server.go:368","msg":"EPP received request","x-request-id":"dbf3aa28-0a25-45b9-bc4a-4fc7796aafa3"}
{"level":"info","ts":1785055280.0203543,"caller":"handlers/server.go:626","msg":"EPP sent request body response(s) to proxy","x-request-id":"941e7306-2833-4216-a5fb-9b4f553bd0c8","modelName":"Qwen/Qwen3-VL-32B-Instruct","targetModelName":"Qwen/Qwen3-VL-32B-Instruct"}
{"level":"info","ts":1785055280.055052,"caller":"handlers/server.go:626","msg":"EPP sent request body response(s) to proxy","x-request-id":"abab7e67-6ebe-4bc9-bdf8-f1d4710ffedb","modelName":"Qwen/Qwen3-VL-32B-Instruct","targetModelName":"Qwen/Qwen3-VL-32B-Instruct"}
{"level":"info","ts":1785055280.1558778,"caller":"handlers/server.go:626","msg":"EPP sent request body response(s) to proxy","x-request-id":"dbf3aa28-0a25-45b9-bc4a-4fc7796aafa3","modelName":"Qwen/Qwen3-VL-32B-Instruct","targetModelName":"Qwen/Qwen3-VL-32B-Instruct"}
{"level":"info","ts":1785055280.2910151,"caller":"handlers/server.go:368","msg":"EPP received request","x-request-id":"01335b4c-93b5-4cf7-9e5f-04d544074a5c"}
{"level":"info","ts":1785055280.3911793,"caller":"handlers/server.go:626","msg":"EPP sent request body response(s) to proxy","x-request-id":"01335b4c-93b5-4cf7-9e5f-04d544074a5c","modelName":"Qwen/Qwen3-VL-32B-Instruct","targetModelName":"Qwen/Qwen3-VL-32B-Instruct"}
{"level":"info","ts":1785055280.4762607,"caller":"handlers/server.go:368","msg":"EPP received request","x-request-id":"8fa81779-e881-4c39-bcb3-179b6073b125"}
{"level":"info","ts":1785055280.537298,"caller":"handlers/server.go:626","msg":"EPP sent request body response(s) to proxy","x-request-id":"8fa81779-e881-4c39-bcb3-179b6073b125","modelName":"Qwen/Qwen3-VL-32B-Instruct","targetModelName":"Qwen/Qwen3-VL-32B-Instruct"}
{"level":"info","ts":1785055280.663032,"caller":"handlers/server.go:368","msg":"EPP received request","x-request-id":"9b8db341-590f-4f75-ad61-de14779cd8cc"}
{"level":"info","ts":1785055280.7106678,"caller":"handlers/server.go:368","msg":"EPP received request","x-request-id":"fa858116-0c7d-4afe-94b1-455e05bcdb5f"}
{"level":"info","ts":1785055280.725342,"caller":"handlers/server.go:626","msg":"EPP sent request body response(s) to proxy","x-request-id":"9b8db341-590f-4f75-ad61-de14779cd8cc","modelName":"Qwen/Qwen3-VL-32B-Instruct","targetModelName":"Qwen/Qwen3-VL-32B-Instruct"}
{"level":"info","ts":1785055280.802535,"caller":"handlers/server.go:368","msg":"EPP received request","x-request-id":"0f7d2d81-de2d-4f5d-a056-6c74d4355270"}
{"level":"info","ts":1785055280.8663032,"caller":"handlers/server.go:626","msg":"EPP sent request body response(s) to proxy","x-request-id":"fa858116-0c7d-4afe-94b1-455e05bcdb5f","modelName":"Qwen/Qwen3-VL-32B-Instruct","targetModelName":"Qwen/Qwen3-VL-32B-Instruct"}
{"level":"info","ts":1785055280.891983,"caller":"handlers/server.go:626","msg":"EPP sent request body response(s) to proxy","x-request-id":"0f7d2d81-de2d-4f5d-a056-6c74d4355270","modelName":"Qwen/Qwen3-VL-32B-Instruct","targetModelName":"Qwen/Qwen3-VL-32B-Instruct"}
{"level":"info","ts":1785055281.544011,"caller":"handlers/server.go:368","msg":"EPP received request","x-request-id":"3c78ac0a-2c5f-4ca3-9383-c4248f257d5d"}
{"level":"info","ts":1785055281.5515993,"caller":"handlers/server.go:368","msg":"EPP received request","x-request-id":"4694f6fa-b680-40c0-96ea-ac5d4368fe97"}
{"level":"info","ts":1785055281.5744846,"caller":"handlers/server.go:626","msg":"EPP sent request body response(s) to proxy","x-request-id":"3c78ac0a-2c5f-4ca3-9383-c4248f257d5d","modelName":"Qwen/Qwen3-VL-32B-Instruct","targetModelName":"Qwen/Qwen3-VL-32B-Instruct"}
{"level":"info","ts":1785055281.7152233,"caller":"handlers/server.go:626","msg":"EPP sent request body response(s) to proxy","x-request-id":"4694f6fa-b680-40c0-96ea-ac5d4368fe97","modelName":"Qwen/Qwen3-VL-32B-Instruct","targetModelName":"Qwen/Qwen3-VL-32B-Instruct"}
{"level":"info","ts":1785055281.9803643,"caller":"handlers/server.go:368","msg":"EPP received request","x-request-id":"a6f1c10a-e772-4cd8-8707-2ea229317456"}
{"level":"info","ts":1785055281.9860258,"caller":"handlers/server.go:368","msg":"EPP received request","x-request-id":"75507a5c-dac8-4642-b127-51c3324b85ce"}
{"level":"info","ts":1785055282.0143924,"caller":"handlers/server.go:626","msg":"EPP sent request body response(s) to proxy","x-request-id":"a6f1c10a-e772-4cd8-8707-2ea229317456","modelName":"Qwen/Qwen3-VL-32B-Instruct","targetModelName":"Qwen/Qwen3-VL-32B-Instruct"}
{"level":"info","ts":1785055282.0858498,"caller":"handlers/server.go:368","msg":"EPP received request","x-request-id":"6913d059-b6ab-4605-9f7e-0023f5e3e138"}
{"level":"info","ts":1785055282.09038,"caller":"handlers/server.go:368","msg":"EPP received request","x-request-id":"be2e32df-209f-48bb-a9eb-85cdb8255278"}
{"level":"info","ts":1785055282.1102204,"caller":"handlers/server.go:626","msg":"EPP sent request body response(s) to proxy","x-request-id":"75507a5c-dac8-4642-b127-51c3324b85ce","modelName":"Qwen/Qwen3-VL-32B-Instruct","targetModelName":"Qwen/Qwen3-VL-32B-Instruct"}
{"level":"info","ts":1785055282.115484,"caller":"handlers/server.go:626","msg":"EPP sent request body response(s) to proxy","x-request-id":"6913d059-b6ab-4605-9f7e-0023f5e3e138","modelName":"Qwen/Qwen3-VL-32B-Instruct","targetModelName":"Qwen/Qwen3-VL-32B-Instruct"}
{"level":"info","ts":1785055282.157721,"caller":"handlers/server.go:368","msg":"EPP received request","x-request-id":"44114f2a-6342-4a81-8cd5-282af5d9deca"}
{"level":"info","ts":1785055282.2100463,"caller":"handlers/server.go:626","msg":"EPP sent request body response(s) to proxy","x-request-id":"be2e32df-209f-48bb-a9eb-85cdb8255278","modelName":"Qwen/Qwen3-VL-32B-Instruct","targetModelName":"Qwen/Qwen3-VL-32B-Instruct"}
{"level":"info","ts":1785055282.247662,"caller":"handlers/server.go:626","msg":"EPP sent request body response(s) to proxy","x-request-id":"44114f2a-6342-4a81-8cd5-282af5d9deca","modelName":"Qwen/Qwen3-VL-32B-Instruct","targetModelName":"Qwen/Qwen3-VL-32B-Instruct"}
{"level":"info","ts":1785055282.4824545,"caller":"handlers/server.go:368","msg":"EPP received request","x-request-id":"70c9a8c2-e1f5-42e3-a855-4917b84db3fa"}
{"level":"info","ts":1785055282.4866827,"caller":"handlers/server.go:368","msg":"EPP received request","x-request-id":"3dce248d-8ab8-43aa-b317-69ab8238265d"}
{"level":"info","ts":1785055282.5562057,"caller":"handlers/server.go:626","msg":"EPP sent request body response(s) to proxy","x-request-id":"70c9a8c2-e1f5-42e3-a855-4917b84db3fa","modelName":"Qwen/Qwen3-VL-32B-Instruct","targetModelName":"Qwen/Qwen3-VL-32B-Instruct"}
{"level":"info","ts":1785055282.617151,"caller":"handlers/server.go:626","msg":"EPP sent request body response(s) to proxy","x-request-id":"3dce248d-8ab8-43aa-b317-69ab8238265d","modelName":"Qwen/Qwen3-VL-32B-Instruct","targetModelName":"Qwen/Qwen3-VL-32B-Instruct"}
{"level":"info","ts":1785055282.6497595,"caller":"handlers/server.go:368","msg":"EPP received request","x-request-id":"92b557a9-0796-4e85-9375-4f0ff169cf3e"}
{"level":"info","ts":1785055282.653993,"caller":"handlers/server.go:368","msg":"EPP received request","x-request-id":"088f3d9b-0b6d-4bae-8ce6-abf7a882d492"}
{"level":"info","ts":1785055282.6810775,"caller":"handlers/server.go:626","msg":"EPP sent request body response(s) to proxy","x-request-id":"92b557a9-0796-4e85-9375-4f0ff169cf3e","modelName":"Qwen/Qwen3-VL-32B-Instruct","targetModelName":"Qwen/Qwen3-VL-32B-Instruct"}
{"level":"info","ts":1785055282.777829,"caller":"handlers/server.go:368","msg":"EPP received request","x-request-id":"c4375031-72cf-4266-806c-d93d9ee02693"}
{"level":"info","ts":1785055282.780798,"caller":"handlers/server.go:626","msg":"EPP sent request body response(s) to proxy","x-request-id":"088f3d9b-0b6d-4bae-8ce6-abf7a882d492","modelName":"Qwen/Qwen3-VL-32B-Instruct","targetModelName":"Qwen/Qwen3-VL-32B-Instruct"}
{"level":"info","ts":1785055282.8757842,"caller":"handlers/server.go:626","msg":"EPP sent request body response(s) to proxy","x-request-id":"c4375031-72cf-4266-806c-d93d9ee02693","modelName":"Qwen/Qwen3-VL-32B-Instruct","targetModelName":"Qwen/Qwen3-VL-32B-Instruct"}
{"level":"info","ts":1785055283.2404459,"caller":"handlers/server.go:368","msg":"EPP received request","x-request-id":"28ba27f8-4c65-4a56-9a01-f64a1f12ae05"}
{"level":"info","ts":1785055283.2408357,"caller":"handlers/server.go:368","msg":"EPP received request","x-request-id":"10005a80-9e0b-4071-a80f-8644f6314e54"}
{"level":"info","ts":1785055283.2995212,"caller":"handlers/server.go:626","msg":"EPP sent request body response(s) to proxy","x-request-id":"28ba27f8-4c65-4a56-9a01-f64a1f12ae05","modelName":"Qwen/Qwen3-VL-32B-Instruct","targetModelName":"Qwen/Qwen3-VL-32B-Instruct"}
{"level":"info","ts":1785055283.299881,"caller":"handlers/server.go:626","msg":"EPP sent request body response(s) to proxy","x-request-id":"10005a80-9e0b-4071-a80f-8644f6314e54","modelName":"Qwen/Qwen3-VL-32B-Instruct","targetModelName":"Qwen/Qwen3-VL-32B-Instruct"}
{"level":"info","ts":1785055283.3735623,"caller":"handlers/server.go:368","msg":"EPP received request","x-request-id":"896bd5ee-1f66-43f1-91ce-7dd860519e09"}
{"level":"info","ts":1785055283.491911,"caller":"handlers/server.go:626","msg":"EPP sent request body response(s) to proxy","x-request-id":"896bd5ee-1f66-43f1-91ce-7dd860519e09","modelName":"Qwen/Qwen3-VL-32B-Instruct","targetModelName":"Qwen/Qwen3-VL-32B-Instruct"}
{"level":"info","ts":1785055283.5902088,"caller":"handlers/server.go:368","msg":"EPP received request","x-request-id":"9e1d9632-9789-47ae-b7e7-4181766c339a"}
{"level":"info","ts":1785055283.5956268,"caller":"handlers/server.go:368","msg":"EPP received request","x-request-id":"b1bb82ae-cdac-42b6-ac97-fe390720bb94"}
{"level":"info","ts":1785055283.6523926,"caller":"handlers/server.go:626","msg":"EPP sent request body response(s) to proxy","x-request-id":"9e1d9632-9789-47ae-b7e7-4181766c339a","modelName":"Qwen/Qwen3-VL-32B-Instruct","targetModelName":"Qwen/Qwen3-VL-32B-Instruct"}
{"level":"info","ts":1785055283.754269,"caller":"handlers/server.go:626","msg":"EPP sent request body response(s) to proxy","x-request-id":"b1bb82ae-cdac-42b6-ac97-fe390720bb94","modelName":"Qwen/Qwen3-VL-32B-Instruct","targetModelName":"Qwen/Qwen3-VL-32B-Instruct"}
{"level":"info","ts":1785055283.7767687,"caller":"handlers/server.go:368","msg":"EPP received request","x-request-id":"62541a27-5180-43fb-a62f-bdf03188ba34"}
{"level":"info","ts":1785055283.8755856,"caller":"handlers/server.go:626","msg":"EPP sent request body response(s) to proxy","x-request-id":"62541a27-5180-43fb-a62f-bdf03188ba34","modelName":"Qwen/Qwen3-VL-32B-Instruct","targetModelName":"Qwen/Qwen3-VL-32B-Instruct"}
{"level":"info","ts":1785055283.9894645,"caller":"handlers/server.go:368","msg":"EPP received request","x-request-id":"860f4d29-ef50-4be7-a48a-bc92f92de428"}
{"level":"info","ts":1785055283.9942474,"caller":"handlers/server.go:368","msg":"EPP received request","x-request-id":"d383f801-296e-44c5-a22b-edb79898104f"}
{"level":"info","ts":1785055284.0228229,"caller":"handlers/server.go:626","msg":"EPP sent request body response(s) to proxy","x-request-id":"860f4d29-ef50-4be7-a48a-bc92f92de428","modelName":"Qwen/Qwen3-VL-32B-Instruct","targetModelName":"Qwen/Qwen3-VL-32B-Instruct"}
{"level":"info","ts":1785055284.124754,"caller":"handlers/server.go:626","msg":"EPP sent request body response(s) to proxy","x-request-id":"d383f801-296e-44c5-a22b-edb79898104f","modelName":"Qwen/Qwen3-VL-32B-Instruct","targetModelName":"Qwen/Qwen3-VL-32B-Instruct"}
{"level":"info","ts":1785055284.406902,"caller":"handlers/server.go:368","msg":"EPP received request","x-request-id":"1000c396-e716-45a5-9a97-606e0c86780b"}
{"level":"info","ts":1785055284.5752456,"caller":"handlers/server.go:626","msg":"EPP sent request body response(s) to proxy","x-request-id":"1000c396-e716-45a5-9a97-606e0c86780b","modelName":"Qwen/Qwen3-VL-32B-Instruct","targetModelName":"Qwen/Qwen3-VL-32B-Instruct"}
{"level":"info","ts":1785055284.5857885,"caller":"handlers/server.go:368","msg":"EPP received request","x-request-id":"f11d75c8-a089-46dc-8d73-20a56ac23b88"}
{"level":"info","ts":1785055284.6864939,"caller":"handlers/server.go:626","msg":"EPP sent request body response(s) to proxy","x-request-id":"f11d75c8-a089-46dc-8d73-20a56ac23b88","modelName":"Qwen/Qwen3-VL-32B-Instruct","targetModelName":"Qwen/Qwen3-VL-32B-Instruct"}
{"level":"info","ts":1785055284.7834795,"caller":"handlers/server.go:368","msg":"EPP received request","x-request-id":"cf786845-2ca1-4d89-b968-58612567cb39"}
{"level":"info","ts":1785055284.9228482,"caller":"handlers/server.go:626","msg":"EPP sent request body response(s) to proxy","x-request-id":"cf786845-2ca1-4d89-b968-58612567cb39","modelName":"Qwen/Qwen3-VL-32B-Instruct","targetModelName":"Qwen/Qwen3-VL-32B-Instruct"}
{"level":"info","ts":1785055284.9714255,"caller":"handlers/server.go:368","msg":"EPP received request","x-request-id":"0aa2895c-8f60-49b9-ada8-f1cf643d7b0b"}
{"level":"info","ts":1785055285.032025,"caller":"handlers/server.go:626","msg":"EPP sent request body response(s) to proxy","x-request-id":"0aa2895c-8f60-49b9-ada8-f1cf643d7b0b","modelName":"Qwen/Qwen3-VL-32B-Instruct","targetModelName":"Qwen/Qwen3-VL-32B-Instruct"}
{"level":"info","ts":1785055285.1450577,"caller":"handlers/server.go:368","msg":"EPP received request","x-request-id":"c77d7a08-c40d-4947-a972-6f01bb22b35e"}
{"level":"info","ts":1785055285.2071688,"caller":"handlers/server.go:626","msg":"EPP sent request body response(s) to proxy","x-request-id":"c77d7a08-c40d-4947-a972-6f01bb22b35e","modelName":"Qwen/Qwen3-VL-32B-Instruct","targetModelName":"Qwen/Qwen3-VL-32B-Instruct"}
{"level":"info","ts":1785055285.3817735,"caller":"handlers/server.go:368","msg":"EPP received request","x-request-id":"6ea80b6e-4154-4d21-a168-3a9a4d048ae0"}
{"level":"info","ts":1785055285.386155,"caller":"handlers/server.go:368","msg":"EPP received request","x-request-id":"a9621062-f145-47c7-baa6-7cb368b075ec"}
{"level":"info","ts":1785055285.4424462,"caller":"handlers/server.go:626","msg":"EPP sent request body response(s) to proxy","x-request-id":"6ea80b6e-4154-4d21-a168-3a9a4d048ae0","modelName":"Qwen/Qwen3-VL-32B-Instruct","targetModelName":"Qwen/Qwen3-VL-32B-Instruct"}
{"level":"info","ts":1785055285.5349717,"caller":"handlers/server.go:626","msg":"EPP sent request body response(s) to proxy","x-request-id":"a9621062-f145-47c7-baa6-7cb368b075ec","modelName":"Qwen/Qwen3-VL-32B-Instruct","targetModelName":"Qwen/Qwen3-VL-32B-Instruct"}
{"level":"info","ts":1785055285.5891907,"caller":"handlers/server.go:368","msg":"EPP received request","x-request-id":"4e20caeb-4749-4771-b991-421c2a025f83"}
{"level":"info","ts":1785055285.7417448,"caller":"handlers/server.go:626","msg":"EPP sent request body response(s) to proxy","x-request-id":"4e20caeb-4749-4771-b991-421c2a025f83","modelName":"Qwen/Qwen3-VL-32B-Instruct","targetModelName":"Qwen/Qwen3-VL-32B-Instruct"}
{"level":"info","ts":1785055285.7689137,"caller":"handlers/server.go:368","msg":"EPP received request","x-request-id":"0b66d58b-d79a-47c5-9c15-0da8ce984deb"}
{"level":"info","ts":1785055285.889989,"caller":"handlers/server.go:626","msg":"EPP sent request body response(s) to proxy","x-request-id":"0b66d58b-d79a-47c5-9c15-0da8ce984deb","modelName":"Qwen/Qwen3-VL-32B-Instruct","targetModelName":"Qwen/Qwen3-VL-32B-Instruct"}
{"level":"info","ts":1785055285.8952112,"caller":"handlers/server.go:368","msg":"EPP received request","x-request-id":"787866e4-0da1-4bd5-9e8a-ec0d21dcd26a"}
{"level":"info","ts":1785055285.8952417,"caller":"handlers/server.go:368","msg":"EPP received request","x-request-id":"52671b69-7fb4-4e52-93dc-a4ec63b0bb62"}
{"level":"info","ts":1785055285.958461,"caller":"handlers/server.go:626","msg":"EPP sent request body response(s) to proxy","x-request-id":"787866e4-0da1-4bd5-9e8a-ec0d21dcd26a","modelName":"Qwen/Qwen3-VL-32B-Instruct","targetModelName":"Qwen/Qwen3-VL-32B-Instruct"}
{"level":"info","ts":1785055285.959362,"caller":"handlers/server.go:626","msg":"EPP sent request body response(s) to proxy","x-request-id":"52671b69-7fb4-4e52-93dc-a4ec63b0bb62","modelName":"Qwen/Qwen3-VL-32B-Instruct","targetModelName":"Qwen/Qwen3-VL-32B-Instruct"}
{"level":"info","ts":1785055286.1892664,"caller":"handlers/server.go:368","msg":"EPP received request","x-request-id":"f2fc3497-a3b2-4e82-9607-960f0a99d6f3"}
{"level":"info","ts":1785055286.3132923,"caller":"handlers/server.go:626","msg":"EPP sent request body response(s) to proxy","x-request-id":"f2fc3497-a3b2-4e82-9607-960f0a99d6f3","modelName":"Qwen/Qwen3-VL-32B-Instruct","targetModelName":"Qwen/Qwen3-VL-32B-Instruct"}
{"level":"info","ts":1785055286.3701584,"caller":"handlers/server.go:368","msg":"EPP received request","x-request-id":"e1808003-6104-471d-995e-945b14b2da3b"}
{"level":"info","ts":1785055286.5010872,"caller":"handlers/server.go:626","msg":"EPP sent request body response(s) to proxy","x-request-id":"e1808003-6104-471d-995e-945b14b2da3b","modelName":"Qwen/Qwen3-VL-32B-Instruct","targetModelName":"Qwen/Qwen3-VL-32B-Instruct"}
{"level":"info","ts":1785055286.763997,"caller":"handlers/server.go:368","msg":"EPP received request","x-request-id":"646a3f57-e097-4808-9071-70fbd9a9b3bb"}
{"level":"info","ts":1785055286.8961241,"caller":"handlers/server.go:626","msg":"EPP sent request body response(s) to proxy","x-request-id":"646a3f57-e097-4808-9071-70fbd9a9b3bb","modelName":"Qwen/Qwen3-VL-32B-Instruct","targetModelName":"Qwen/Qwen3-VL-32B-Instruct"}
{"level":"info","ts":1785055286.9733846,"caller":"handlers/server.go:368","msg":"EPP received request","x-request-id":"3f3a50aa-fb76-4d02-9237-3db1e32b6939"}
{"level":"info","ts":1785055287.0798345,"caller":"handlers/server.go:626","msg":"EPP sent request body response(s) to proxy","x-request-id":"3f3a50aa-fb76-4d02-9237-3db1e32b6939","modelName":"Qwen/Qwen3-VL-32B-Instruct","targetModelName":"Qwen/Qwen3-VL-32B-Instruct"}
{"level":"info","ts":1785055287.093249,"caller":"handlers/server.go:368","msg":"EPP received request","x-request-id":"0c9252e3-8684-473f-a6b2-f088f645e00a"}
{"level":"info","ts":1785055287.224247,"caller":"handlers/server.go:626","msg":"EPP sent request body response(s) to proxy","x-request-id":"0c9252e3-8684-473f-a6b2-f088f645e00a","modelName":"Qwen/Qwen3-VL-32B-Instruct","targetModelName":"Qwen/Qwen3-VL-32B-Instruct"}
{"level":"info","ts":1785055287.366154,"caller":"handlers/server.go:368","msg":"EPP received request","x-request-id":"63a11a64-9f90-4ac8-98d5-b1f7154076fa"}
{"level":"info","ts":1785055287.505544,"caller":"handlers/server.go:626","msg":"EPP sent request body response(s) to proxy","x-request-id":"63a11a64-9f90-4ac8-98d5-b1f7154076fa","modelName":"Qwen/Qwen3-VL-32B-Instruct","targetModelName":"Qwen/Qwen3-VL-32B-Instruct"}
{"level":"info","ts":1785055287.5641816,"caller":"handlers/server.go:368","msg":"EPP received request","x-request-id":"0cc46331-2c94-493e-8e2c-57a0fbb534e1"}
{"level":"info","ts":1785055287.6867192,"caller":"handlers/server.go:626","msg":"EPP sent request body response(s) to proxy","x-request-id":"0cc46331-2c94-493e-8e2c-57a0fbb534e1","modelName":"Qwen/Qwen3-VL-32B-Instruct","targetModelName":"Qwen/Qwen3-VL-32B-Instruct"}
{"level":"info","ts":1785055287.689785,"caller":"handlers/server.go:368","msg":"EPP received request","x-request-id":"b967e962-43f8-40d7-a552-80f0e034135f"}
{"level":"info","ts":1785055287.8040195,"caller":"handlers/server.go:368","msg":"EPP received request","x-request-id":"3ec55c4b-8e2d-42dd-97e9-9babe99d5398"}
{"level":"info","ts":1785055287.8254786,"caller":"handlers/server.go:626","msg":"EPP sent request body response(s) to proxy","x-request-id":"b967e962-43f8-40d7-a552-80f0e034135f","modelName":"Qwen/Qwen3-VL-32B-Instruct","targetModelName":"Qwen/Qwen3-VL-32B-Instruct"}
{"level":"info","ts":1785055287.9376087,"caller":"handlers/server.go:626","msg":"EPP sent request body response(s) to proxy","x-request-id":"3ec55c4b-8e2d-42dd-97e9-9babe99d5398","modelName":"Qwen/Qwen3-VL-32B-Instruct","targetModelName":"Qwen/Qwen3-VL-32B-Instruct"}
{"level":"info","ts":1785055288.172708,"caller":"handlers/server.go:368","msg":"EPP received request","x-request-id":"e772b07a-e4e2-442e-8526-8307f2e59983"}
{"level":"info","ts":1785055288.2968848,"caller":"handlers/server.go:626","msg":"EPP sent request body response(s) to proxy","x-request-id":"e772b07a-e4e2-442e-8526-8307f2e59983","modelName":"Qwen/Qwen3-VL-32B-Instruct","targetModelName":"Qwen/Qwen3-VL-32B-Instruct"}
{"level":"info","ts":1785055288.304994,"caller":"handlers/server.go:368","msg":"EPP received request","x-request-id":"093e3960-0bc8-41f7-9220-59bebaac12d7"}
{"level":"info","ts":1785055288.471284,"caller":"handlers/server.go:626","msg":"EPP sent request body response(s) to proxy","x-request-id":"093e3960-0bc8-41f7-9220-59bebaac12d7","modelName":"Qwen/Qwen3-VL-32B-Instruct","targetModelName":"Qwen/Qwen3-VL-32B-Instruct"}
{"level":"info","ts":1785055288.473529,"caller":"handlers/server.go:368","msg":"EPP received request","x-request-id":"f5d827d6-329f-4143-9576-e4cd9dde29c4"}
{"level":"info","ts":1785055288.639546,"caller":"handlers/server.go:626","msg":"EPP sent request body response(s) to proxy","x-request-id":"f5d827d6-329f-4143-9576-e4cd9dde29c4","modelName":"Qwen/Qwen3-VL-32B-Instruct","targetModelName":"Qwen/Qwen3-VL-32B-Instruct"}
{"level":"info","ts":1785055288.8837972,"caller":"handlers/server.go:368","msg":"EPP received request","x-request-id":"4a3bfd77-85d2-4e56-b101-162267fa9c61"}
{"level":"info","ts":1785055289.0208077,"caller":"handlers/server.go:626","msg":"EPP sent request body response(s) to proxy","x-request-id":"4a3bfd77-85d2-4e56-b101-162267fa9c61","modelName":"Qwen/Qwen3-VL-32B-Instruct","targetModelName":"Qwen/Qwen3-VL-32B-Instruct"}
{"level":"info","ts":1785055289.5035236,"caller":"handlers/server.go:368","msg":"EPP received request","x-request-id":"82f128bf-a4d9-4fa0-bd67-83ff86ef79bd"}
{"level":"info","ts":1785055289.6686249,"caller":"handlers/server.go:626","msg":"EPP sent request body response(s) to proxy","x-request-id":"82f128bf-a4d9-4fa0-bd67-83ff86ef79bd","modelName":"Qwen/Qwen3-VL-32B-Instruct","targetModelName":"Qwen/Qwen3-VL-32B-Instruct"}
{"level":"info","ts":1785055290.0793157,"caller":"handlers/server.go:368","msg":"EPP received request","x-request-id":"70971034-ed93-48dc-a4b7-52cc3fcdbd66"}
{"level":"info","ts":1785055290.2424061,"caller":"handlers/server.go:626","msg":"EPP sent request body response(s) to proxy","x-request-id":"70971034-ed93-48dc-a4b7-52cc3fcdbd66","modelName":"Qwen/Qwen3-VL-32B-Instruct","targetModelName":"Qwen/Qwen3-VL-32B-Instruct"}
{"level":"info","ts":1785055303.0167892,"caller":"handlers/server.go:654","msg":"EPP sent response body back to proxy","x-request-id":"1a927b36-c4c1-4f5b-9e6a-2c1ad8c8dea2"}
{"level":"info","ts":1785055303.6315491,"caller":"handlers/server.go:654","msg":"EPP sent response body back to proxy","x-request-id":"15731f04-a47d-4b4f-bea4-fa0902992492"}
{"level":"info","ts":1785055303.7180889,"caller":"handlers/server.go:654","msg":"EPP sent response body back to proxy","x-request-id":"efc04adc-45ce-455f-a8ae-6372626a3301"}
{"level":"info","ts":1785055304.3155928,"caller":"handlers/server.go:654","msg":"EPP sent response body back to proxy","x-request-id":"f607e983-137f-4b48-9102-52e9c48acff9"}
{"level":"info","ts":1785055304.5913496,"caller":"handlers/server.go:654","msg":"EPP sent response body back to proxy","x-request-id":"e1371c08-2570-4c66-8574-ab1d496aae77"}
{"level":"info","ts":1785055304.6698227,"caller":"handlers/server.go:654","msg":"EPP sent response body back to proxy","x-request-id":"c0cf84df-9b2a-4bb5-a853-7d56cb2b69db"}
{"level":"info","ts":1785055305.249723,"caller":"handlers/server.go:654","msg":"EPP sent response body back to proxy","x-request-id":"9d5d6bef-0e7a-4910-8a60-f4904f406a3a"}
{"level":"info","ts":1785055305.2521555,"caller":"handlers/server.go:654","msg":"EPP sent response body back to proxy","x-request-id":"7f65c19e-1bbb-4745-8087-6de58b55b6fd"}
{"level":"info","ts":1785055305.5628555,"caller":"controller/pod_reconciler.go:97","msg":"Pod added","controller":"pod","controllerGroup":"","controllerKind":"Pod","Pod":{"name":"epd-nvidia-gpu-vllm-decode-slow-7b7f4bb875-6lk9k","namespace":"dpikus-epd-sglang-bench"},"namespace":"dpikus-epd-sglang-bench","name":"epd-nvidia-gpu-vllm-decode-slow-7b7f4bb875-6lk9k","reconcileID":"2018906a-8635-47c6-b4b2-dbf55e1e2260"}
{"level":"info","ts":1785055305.9292042,"caller":"handlers/server.go:654","msg":"EPP sent response body back to proxy","x-request-id":"941e7306-2833-4216-a5fb-9b4f553bd0c8"}
{"level":"info","ts":1785055306.169197,"caller":"handlers/server.go:654","msg":"EPP sent response body back to proxy","x-request-id":"dbf3aa28-0a25-45b9-bc4a-4fc7796aafa3"}
{"level":"info","ts":1785055306.3649383,"caller":"handlers/server.go:654","msg":"EPP sent response body back to proxy","x-request-id":"abab7e67-6ebe-4bc9-bdf8-f1d4710ffedb"}
{"level":"info","ts":1785055306.556363,"caller":"handlers/server.go:654","msg":"EPP sent response body back to proxy","x-request-id":"8fa81779-e881-4c39-bcb3-179b6073b125"}
{"level":"info","ts":1785055306.805757,"caller":"handlers/server.go:654","msg":"EPP sent response body back to proxy","x-request-id":"01335b4c-93b5-4cf7-9e5f-04d544074a5c"}
{"level":"info","ts":1785055307.2506716,"caller":"handlers/server.go:654","msg":"EPP sent response body back to proxy","x-request-id":"467a8fb5-15cf-47ed-86db-937cc81d5e4e"}
{"level":"info","ts":1785055307.4697595,"caller":"handlers/server.go:654","msg":"EPP sent response body back to proxy","x-request-id":"8864371e-f720-45a1-b9f3-0b7de44f5083"}
{"level":"info","ts":1785055307.8783467,"caller":"handlers/server.go:654","msg":"EPP sent response body back to proxy","x-request-id":"3c78ac0a-2c5f-4ca3-9383-c4248f257d5d"}
{"level":"info","ts":1785055308.4799538,"caller":"handlers/server.go:654","msg":"EPP sent response body back to proxy","x-request-id":"9b8db341-590f-4f75-ad61-de14779cd8cc"}
{"level":"info","ts":1785055308.5906553,"caller":"handlers/server.go:654","msg":"EPP sent response body back to proxy","x-request-id":"a6f1c10a-e772-4cd8-8707-2ea229317456"}
{"level":"info","ts":1785055308.970787,"caller":"handlers/server.go:654","msg":"EPP sent response body back to proxy","x-request-id":"0f7d2d81-de2d-4f5d-a056-6c74d4355270"}
{"level":"info","ts":1785055309.4261467,"caller":"handlers/server.go:654","msg":"EPP sent response body back to proxy","x-request-id":"be2e32df-209f-48bb-a9eb-85cdb8255278"}
{"level":"info","ts":1785055309.5671546,"caller":"handlers/server.go:654","msg":"EPP sent response body back to proxy","x-request-id":"92b557a9-0796-4e85-9375-4f0ff169cf3e"}
{"level":"info","ts":1785055310.4874322,"caller":"handlers/server.go:654","msg":"EPP sent response body back to proxy","x-request-id":"75507a5c-dac8-4642-b127-51c3324b85ce"}
{"level":"info","ts":1785055310.7853456,"caller":"handlers/server.go:654","msg":"EPP sent response body back to proxy","x-request-id":"44114f2a-6342-4a81-8cd5-282af5d9deca"}
{"level":"info","ts":1785055311.2417665,"caller":"handlers/server.go:654","msg":"EPP sent response body back to proxy","x-request-id":"3dce248d-8ab8-43aa-b317-69ab8238265d"}
{"level":"info","ts":1785055329.3086598,"caller":"handlers/server.go:654","msg":"EPP sent response body back to proxy","x-request-id":"c77d7a08-c40d-4947-a972-6f01bb22b35e"}
{"level":"info","ts":1785055329.4394858,"caller":"handlers/server.go:654","msg":"EPP sent response body back to proxy","x-request-id":"6913d059-b6ab-4605-9f7e-0023f5e3e138"}
{"level":"info","ts":1785055329.4951644,"caller":"handlers/server.go:654","msg":"EPP sent response body back to proxy","x-request-id":"fa858116-0c7d-4afe-94b1-455e05bcdb5f"}
{"level":"info","ts":1785055329.791656,"caller":"handlers/server.go:654","msg":"EPP sent response body back to proxy","x-request-id":"4694f6fa-b680-40c0-96ea-ac5d4368fe97"}
{"level":"info","ts":1785055330.8051567,"caller":"handlers/server.go:654","msg":"EPP sent response body back to proxy","x-request-id":"9e1d9632-9789-47ae-b7e7-4181766c339a"}
{"level":"info","ts":1785055331.5272028,"caller":"handlers/server.go:654","msg":"EPP sent response body back to proxy","x-request-id":"f11d75c8-a089-46dc-8d73-20a56ac23b88"}
{"level":"info","ts":1785055331.610013,"caller":"handlers/server.go:654","msg":"EPP sent response body back to proxy","x-request-id":"70c9a8c2-e1f5-42e3-a855-4917b84db3fa"}
{"level":"info","ts":1785055331.7726967,"caller":"handlers/server.go:654","msg":"EPP sent response body back to proxy","x-request-id":"0aa2895c-8f60-49b9-ada8-f1cf643d7b0b"}
{"level":"info","ts":1785055331.8212771,"caller":"handlers/server.go:654","msg":"EPP sent response body back to proxy","x-request-id":"1000c396-e716-45a5-9a97-606e0c86780b"}
{"level":"info","ts":1785055333.001806,"caller":"handlers/server.go:654","msg":"EPP sent response body back to proxy","x-request-id":"28ba27f8-4c65-4a56-9a01-f64a1f12ae05"}
{"level":"info","ts":1785055333.6464624,"caller":"handlers/server.go:654","msg":"EPP sent response body back to proxy","x-request-id":"6ea80b6e-4154-4d21-a168-3a9a4d048ae0"}
{"level":"info","ts":1785055334.8094065,"caller":"handlers/server.go:654","msg":"EPP sent response body back to proxy","x-request-id":"088f3d9b-0b6d-4bae-8ce6-abf7a882d492"}
{"level":"info","ts":1785055335.1758156,"caller":"handlers/server.go:654","msg":"EPP sent response body back to proxy","x-request-id":"c4375031-72cf-4266-806c-d93d9ee02693"}
{"level":"info","ts":1785055335.2536857,"caller":"handlers/server.go:654","msg":"EPP sent response body back to proxy","x-request-id":"10005a80-9e0b-4071-a80f-8644f6314e54"}
{"level":"info","ts":1785055335.5451362,"caller":"handlers/server.go:654","msg":"EPP sent response body back to proxy","x-request-id":"a9621062-f145-47c7-baa6-7cb368b075ec"}
{"level":"info","ts":1785055336.1346679,"caller":"handlers/server.go:654","msg":"EPP sent response body back to proxy","x-request-id":"896bd5ee-1f66-43f1-91ce-7dd860519e09"}
{"level":"info","ts":1785055336.4050965,"caller":"handlers/server.go:654","msg":"EPP sent response body back to proxy","x-request-id":"b1bb82ae-cdac-42b6-ac97-fe390720bb94"}
{"level":"info","ts":1785055336.4099896,"caller":"handlers/server.go:654","msg":"EPP sent response body back to proxy","x-request-id":"4e20caeb-4749-4771-b991-421c2a025f83"}
{"level":"info","ts":1785055336.8620641,"caller":"handlers/server.go:654","msg":"EPP sent response body back to proxy","x-request-id":"0b66d58b-d79a-47c5-9c15-0da8ce984deb"}
{"level":"info","ts":1785055337.4569387,"caller":"handlers/server.go:654","msg":"EPP sent response body back to proxy","x-request-id":"787866e4-0da1-4bd5-9e8a-ec0d21dcd26a"}
{"level":"info","ts":1785055337.5269442,"caller":"handlers/server.go:654","msg":"EPP sent response body back to proxy","x-request-id":"52671b69-7fb4-4e52-93dc-a4ec63b0bb62"}
{"level":"info","ts":1785055337.5649917,"caller":"handlers/server.go:654","msg":"EPP sent response body back to proxy","x-request-id":"62541a27-5180-43fb-a62f-bdf03188ba34"}
{"level":"info","ts":1785055337.7029655,"caller":"handlers/server.go:654","msg":"EPP sent response body back to proxy","x-request-id":"860f4d29-ef50-4be7-a48a-bc92f92de428"}
{"level":"info","ts":1785055338.0883772,"caller":"handlers/server.go:654","msg":"EPP sent response body back to proxy","x-request-id":"d383f801-296e-44c5-a22b-edb79898104f"}
{"level":"info","ts":1785055338.542918,"caller":"controller/pod_reconciler.go:97","msg":"Pod added","controller":"pod","controllerGroup":"","controllerKind":"Pod","Pod":{"name":"epd-nvidia-gpu-vllm-decode-d9d499948-4fb9l","namespace":"dpikus-epd-sglang-bench"},"namespace":"dpikus-epd-sglang-bench","name":"epd-nvidia-gpu-vllm-decode-d9d499948-4fb9l","reconcileID":"856c4649-e95f-4f65-a848-36bde44d7a5a"}
{"level":"info","ts":1785055354.9896038,"caller":"handlers/server.go:654","msg":"EPP sent response body back to proxy","x-request-id":"cf786845-2ca1-4d89-b968-58612567cb39"}
{"level":"info","ts":1785055355.19246,"caller":"handlers/server.go:654","msg":"EPP sent response body back to proxy","x-request-id":"3f3a50aa-fb76-4d02-9237-3db1e32b6939"}
{"level":"info","ts":1785055355.2960012,"caller":"handlers/server.go:654","msg":"EPP sent response body back to proxy","x-request-id":"f2fc3497-a3b2-4e82-9607-960f0a99d6f3"}
{"level":"info","ts":1785055355.5599635,"caller":"handlers/server.go:654","msg":"EPP sent response body back to proxy","x-request-id":"82f128bf-a4d9-4fa0-bd67-83ff86ef79bd"}
{"level":"info","ts":1785055355.6437974,"caller":"controller/pod_reconciler.go:97","msg":"Pod added","controller":"pod","controllerGroup":"","controllerKind":"Pod","Pod":{"name":"epd-nvidia-gpu-vllm-decode-slow-7b7f4bb875-5zmjg","namespace":"dpikus-epd-sglang-bench"},"namespace":"dpikus-epd-sglang-bench","name":"epd-nvidia-gpu-vllm-decode-slow-7b7f4bb875-5zmjg","reconcileID":"49867147-41b4-4bba-99de-bad0d16c3f20"}
{"level":"info","ts":1785055355.7872121,"caller":"handlers/server.go:654","msg":"EPP sent response body back to proxy","x-request-id":"e1808003-6104-471d-995e-945b14b2da3b"}
{"level":"info","ts":1785055356.5803177,"caller":"handlers/server.go:654","msg":"EPP sent response body back to proxy","x-request-id":"0c9252e3-8684-473f-a6b2-f088f645e00a"}
{"level":"info","ts":1785055356.956403,"caller":"handlers/server.go:654","msg":"EPP sent response body back to proxy","x-request-id":"70971034-ed93-48dc-a4b7-52cc3fcdbd66"}
{"level":"info","ts":1785055357.5345576,"caller":"handlers/server.go:654","msg":"EPP sent response body back to proxy","x-request-id":"646a3f57-e097-4808-9071-70fbd9a9b3bb"}
{"level":"info","ts":1785055357.6083376,"caller":"handlers/server.go:654","msg":"EPP sent response body back to proxy","x-request-id":"0cc46331-2c94-493e-8e2c-57a0fbb534e1"}
{"level":"info","ts":1785055357.6173053,"caller":"handlers/server.go:654","msg":"EPP sent response body back to proxy","x-request-id":"63a11a64-9f90-4ac8-98d5-b1f7154076fa"}
{"level":"info","ts":1785055366.5619953,"caller":"controller/pod_reconciler.go:97","msg":"Pod added","controller":"pod","controllerGroup":"","controllerKind":"Pod","Pod":{"name":"epd-nvidia-gpu-vllm-decode-slow-7b7f4bb875-6lk9k","namespace":"dpikus-epd-sglang-bench"},"namespace":"dpikus-epd-sglang-bench","name":"epd-nvidia-gpu-vllm-decode-slow-7b7f4bb875-6lk9k","reconcileID":"0decf6b4-f102-4297-8425-c7f0636ef850"}
{"level":"info","ts":1785055379.9584813,"caller":"handlers/server.go:654","msg":"EPP sent response body back to proxy","x-request-id":"f5d827d6-329f-4143-9576-e4cd9dde29c4"}
{"level":"info","ts":1785055380.119068,"caller":"handlers/server.go:654","msg":"EPP sent response body back to proxy","x-request-id":"4a3bfd77-85d2-4e56-b101-162267fa9c61"}
{"level":"info","ts":1785055381.0801225,"caller":"handlers/server.go:654","msg":"EPP sent response body back to proxy","x-request-id":"b967e962-43f8-40d7-a552-80f0e034135f"}
{"level":"info","ts":1785055381.1055074,"caller":"handlers/server.go:654","msg":"EPP sent response body back to proxy","x-request-id":"3ec55c4b-8e2d-42dd-97e9-9babe99d5398"}
{"level":"info","ts":1785055382.2652876,"caller":"handlers/server.go:654","msg":"EPP sent response body back to proxy","x-request-id":"e772b07a-e4e2-442e-8526-8307f2e59983"}
{"level":"info","ts":1785055383.057452,"caller":"handlers/server.go:654","msg":"EPP sent response body back to proxy","x-request-id":"093e3960-0bc8-41f7-9220-59bebaac12d7"}
{"level":"info","ts":1785055386.259157,"caller":"controller/pod_reconciler.go:97","msg":"Pod added","controller":"pod","controllerGroup":"","controllerKind":"Pod","Pod":{"name":"epd-nvidia-gpu-vllm-decode-d9d499948-ccdx2","namespace":"dpikus-epd-sglang-bench"},"namespace":"dpikus-epd-sglang-bench","name":"epd-nvidia-gpu-vllm-decode-d9d499948-ccdx2","reconcileID":"821747c8-b46b-4df5-b225-664842e9274f"}
{"level":"info","ts":1785055413.543606,"caller":"controller/pod_reconciler.go:97","msg":"Pod added","controller":"pod","controllerGroup":"","controllerKind":"Pod","Pod":{"name":"epd-nvidia-gpu-vllm-decode-d9d499948-4fb9l","namespace":"dpikus-epd-sglang-bench"},"namespace":"dpikus-epd-sglang-bench","name":"epd-nvidia-gpu-vllm-decode-d9d499948-4fb9l","reconcileID":"3a5bb645-8bb4-4fa9-bfa8-216fe805424f"}
{"level":"info","ts":1785055422.6435022,"caller":"controller/pod_reconciler.go:97","msg":"Pod added","controller":"pod","controllerGroup":"","controllerKind":"Pod","Pod":{"name":"epd-nvidia-gpu-vllm-decode-slow-7b7f4bb875-5zmjg","namespace":"dpikus-epd-sglang-bench"},"namespace":"dpikus-epd-sglang-bench","name":"epd-nvidia-gpu-vllm-decode-slow-7b7f4bb875-5zmjg","reconcileID":"82a0cd4b-37ad-40fd-bf47-94192437d502"}
{"level":"info","ts":1785055453.5604966,"caller":"controller/pod_reconciler.go:97","msg":"Pod added","controller":"pod","controllerGroup":"","controllerKind":"Pod","Pod":{"name":"epd-nvidia-gpu-vllm-decode-slow-7b7f4bb875-6lk9k","namespace":"dpikus-epd-sglang-bench"},"namespace":"dpikus-epd-sglang-bench","name":"epd-nvidia-gpu-vllm-decode-slow-7b7f4bb875-6lk9k","reconcileID":"497012af-52a3-4aaf-a482-df20af4e64aa"}
{"level":"info","ts":1785055513.3374727,"caller":"handlers/server.go:368","msg":"EPP received request","x-request-id":"4e9df5fa-b3d9-44d4-b02b-1d603f6f8f26"}
{"level":"info","ts":1785055513.4696395,"caller":"handlers/server.go:626","msg":"EPP sent request body response(s) to proxy","x-request-id":"4e9df5fa-b3d9-44d4-b02b-1d603f6f8f26","modelName":"Qwen/Qwen3-VL-32B-Instruct","targetModelName":"Qwen/Qwen3-VL-32B-Instruct"}
{"level":"info","ts":1785055514.5831187,"caller":"handlers/server.go:654","msg":"EPP sent response body back to proxy","x-request-id":"4e9df5fa-b3d9-44d4-b02b-1d603f6f8f26"}
{"level":"info","ts":1785055516.9215622,"caller":"handlers/server.go:368","msg":"EPP received request","x-request-id":"4db817df-6ac4-4ffa-9005-2048860f8f28"}
{"level":"info","ts":1785055517.0059123,"caller":"handlers/server.go:626","msg":"EPP sent request body response(s) to proxy","x-request-id":"4db817df-6ac4-4ffa-9005-2048860f8f28","modelName":"Qwen/Qwen3-VL-32B-Instruct","targetModelName":"Qwen/Qwen3-VL-32B-Instruct"}
{"level":"info","ts":1785055517.220957,"caller":"handlers/server.go:368","msg":"EPP received request","x-request-id":"250a8e81-d122-4cf6-8355-2af76f00c0e3"}
{"level":"info","ts":1785055517.3208866,"caller":"handlers/server.go:626","msg":"EPP sent request body response(s) to proxy","x-request-id":"250a8e81-d122-4cf6-8355-2af76f00c0e3","modelName":"Qwen/Qwen3-VL-32B-Instruct","targetModelName":"Qwen/Qwen3-VL-32B-Instruct"}
{"level":"info","ts":1785055517.989901,"caller":"handlers/server.go:368","msg":"EPP received request","x-request-id":"8096dca4-65db-45d9-b405-514406411c48"}
{"level":"info","ts":1785055518.055585,"caller":"handlers/server.go:368","msg":"EPP received request","x-request-id":"5baf1a74-895e-40da-b23d-c8e18a78b65c"}
{"level":"info","ts":1785055518.0830505,"caller":"handlers/server.go:368","msg":"EPP received request","x-request-id":"85151e43-9c9c-4d16-a1e0-51d9c9c7d2ff"}
{"level":"info","ts":1785055518.116802,"caller":"handlers/server.go:626","msg":"EPP sent request body response(s) to proxy","x-request-id":"85151e43-9c9c-4d16-a1e0-51d9c9c7d2ff","modelName":"Qwen/Qwen3-VL-32B-Instruct","targetModelName":"Qwen/Qwen3-VL-32B-Instruct"}
{"level":"info","ts":1785055518.1195998,"caller":"handlers/server.go:626","msg":"EPP sent request body response(s) to proxy","x-request-id":"5baf1a74-895e-40da-b23d-c8e18a78b65c","modelName":"Qwen/Qwen3-VL-32B-Instruct","targetModelName":"Qwen/Qwen3-VL-32B-Instruct"}
{"level":"info","ts":1785055518.1206129,"caller":"handlers/server.go:626","msg":"EPP sent request body response(s) to proxy","x-request-id":"8096dca4-65db-45d9-b405-514406411c48","modelName":"Qwen/Qwen3-VL-32B-Instruct","targetModelName":"Qwen/Qwen3-VL-32B-Instruct"}
{"level":"info","ts":1785055518.1467474,"caller":"handlers/server.go:368","msg":"EPP received request","x-request-id":"cc30cc9f-65d9-4710-b4b5-cf5a9be563c4"}
{"level":"info","ts":1785055518.2427435,"caller":"handlers/server.go:626","msg":"EPP sent request body response(s) to proxy","x-request-id":"cc30cc9f-65d9-4710-b4b5-cf5a9be563c4","modelName":"Qwen/Qwen3-VL-32B-Instruct","targetModelName":"Qwen/Qwen3-VL-32B-Instruct"}
{"level":"info","ts":1785055518.3268647,"caller":"handlers/server.go:368","msg":"EPP received request","x-request-id":"834ffeff-2ada-46db-89ce-f23d9ff10ca5"}
{"level":"info","ts":1785055518.3884223,"caller":"handlers/server.go:626","msg":"EPP sent request body response(s) to proxy","x-request-id":"834ffeff-2ada-46db-89ce-f23d9ff10ca5","modelName":"Qwen/Qwen3-VL-32B-Instruct","targetModelName":"Qwen/Qwen3-VL-32B-Instruct"}
{"level":"info","ts":1785055519.020843,"caller":"handlers/server.go:368","msg":"EPP received request","x-request-id":"7a64d605-fb50-4a2e-8fe2-003a8ac24113"}
{"level":"info","ts":1785055519.1149304,"caller":"handlers/server.go:626","msg":"EPP sent request body response(s) to proxy","x-request-id":"7a64d605-fb50-4a2e-8fe2-003a8ac24113","modelName":"Qwen/Qwen3-VL-32B-Instruct","targetModelName":"Qwen/Qwen3-VL-32B-Instruct"}
{"level":"info","ts":1785055519.1722069,"caller":"handlers/server.go:368","msg":"EPP received request","x-request-id":"f4fbe2f6-6032-4175-842f-c60cf19ca0c4"}
{"level":"info","ts":1785055519.1993911,"caller":"handlers/server.go:368","msg":"EPP received request","x-request-id":"44f701d2-9808-4066-9ab7-c139a37c7556"}
{"level":"info","ts":1785055519.2318816,"caller":"handlers/server.go:626","msg":"EPP sent request body response(s) to proxy","x-request-id":"44f701d2-9808-4066-9ab7-c139a37c7556","modelName":"Qwen/Qwen3-VL-32B-Instruct","targetModelName":"Qwen/Qwen3-VL-32B-Instruct"}
{"level":"info","ts":1785055519.2653468,"caller":"handlers/server.go:626","msg":"EPP sent request body response(s) to proxy","x-request-id":"f4fbe2f6-6032-4175-842f-c60cf19ca0c4","modelName":"Qwen/Qwen3-VL-32B-Instruct","targetModelName":"Qwen/Qwen3-VL-32B-Instruct"}
{"level":"info","ts":1785055519.4031649,"caller":"handlers/server.go:368","msg":"EPP received request","x-request-id":"fac87d91-8830-4698-86df-a36b194977fb"}
{"level":"info","ts":1785055519.4966836,"caller":"handlers/server.go:626","msg":"EPP sent request body response(s) to proxy","x-request-id":"fac87d91-8830-4698-86df-a36b194977fb","modelName":"Qwen/Qwen3-VL-32B-Instruct","targetModelName":"Qwen/Qwen3-VL-32B-Instruct"}
{"level":"info","ts":1785055519.5932078,"caller":"handlers/server.go:368","msg":"EPP received request","x-request-id":"270cead9-b0d1-4866-abef-3c7b706c23f5"}
{"level":"info","ts":1785055519.6252227,"caller":"handlers/server.go:626","msg":"EPP sent request body response(s) to proxy","x-request-id":"270cead9-b0d1-4866-abef-3c7b706c23f5","modelName":"Qwen/Qwen3-VL-32B-Instruct","targetModelName":"Qwen/Qwen3-VL-32B-Instruct"}
{"level":"info","ts":1785055520.2748399,"caller":"handlers/server.go:368","msg":"EPP received request","x-request-id":"8fb757cb-8c78-4678-9875-87acf3d2cdb9"}
{"level":"info","ts":1785055520.3960884,"caller":"handlers/server.go:626","msg":"EPP sent request body response(s) to proxy","x-request-id":"8fb757cb-8c78-4678-9875-87acf3d2cdb9","modelName":"Qwen/Qwen3-VL-32B-Instruct","targetModelName":"Qwen/Qwen3-VL-32B-Instruct"}
{"level":"info","ts":1785055520.6533053,"caller":"handlers/server.go:368","msg":"EPP received request","x-request-id":"af7a4de5-a03c-4e1a-baf0-7a48bde9b85b"}
{"level":"info","ts":1785055520.7221377,"caller":"handlers/server.go:368","msg":"EPP received request","x-request-id":"2a3f2ed7-83de-42a7-a477-b1c8cc8d8cc9"}
{"level":"info","ts":1785055520.8211207,"caller":"handlers/server.go:626","msg":"EPP sent request body response(s) to proxy","x-request-id":"af7a4de5-a03c-4e1a-baf0-7a48bde9b85b","modelName":"Qwen/Qwen3-VL-32B-Instruct","targetModelName":"Qwen/Qwen3-VL-32B-Instruct"}
{"level":"info","ts":1785055520.882254,"caller":"handlers/server.go:626","msg":"EPP sent request body response(s) to proxy","x-request-id":"2a3f2ed7-83de-42a7-a477-b1c8cc8d8cc9","modelName":"Qwen/Qwen3-VL-32B-Instruct","targetModelName":"Qwen/Qwen3-VL-32B-Instruct"}
{"level":"info","ts":1785055521.182934,"caller":"handlers/server.go:368","msg":"EPP received request","x-request-id":"515af9e5-f3ec-410f-8ecb-571c45a232b7"}
{"level":"info","ts":1785055521.216917,"caller":"handlers/server.go:368","msg":"EPP received request","x-request-id":"dac9eada-7b00-49cd-9d29-f8242d7a0e3b"}
{"level":"info","ts":1785055521.2584171,"caller":"controller/pod_reconciler.go:97","msg":"Pod added","controller":"pod","controllerGroup":"","controllerKind":"Pod","Pod":{"name":"epd-nvidia-gpu-vllm-decode-d9d499948-ccdx2","namespace":"dpikus-epd-sglang-bench"},"namespace":"dpikus-epd-sglang-bench","name":"epd-nvidia-gpu-vllm-decode-d9d499948-ccdx2","reconcileID":"aa5944e9-2017-46fe-93a4-18189643d6a6"}
{"level":"info","ts":1785055521.3256686,"caller":"handlers/server.go:626","msg":"EPP sent request body response(s) to proxy","x-request-id":"dac9eada-7b00-49cd-9d29-f8242d7a0e3b","modelName":"Qwen/Qwen3-VL-32B-Instruct","targetModelName":"Qwen/Qwen3-VL-32B-Instruct"}
{"level":"info","ts":1785055521.3316138,"caller":"handlers/server.go:368","msg":"EPP received request","x-request-id":"84820f21-e054-49eb-96bc-d3349e56515f"}
{"level":"info","ts":1785055521.3327556,"caller":"handlers/server.go:368","msg":"EPP received request","x-request-id":"4246eeb7-c1c4-4b8c-99b0-1ef5cdac8b66"}
{"level":"info","ts":1785055521.3439498,"caller":"handlers/server.go:626","msg":"EPP sent request body response(s) to proxy","x-request-id":"515af9e5-f3ec-410f-8ecb-571c45a232b7","modelName":"Qwen/Qwen3-VL-32B-Instruct","targetModelName":"Qwen/Qwen3-VL-32B-Instruct"}
{"level":"info","ts":1785055521.366706,"caller":"handlers/server.go:626","msg":"EPP sent request body response(s) to proxy","x-request-id":"84820f21-e054-49eb-96bc-d3349e56515f","modelName":"Qwen/Qwen3-VL-32B-Instruct","targetModelName":"Qwen/Qwen3-VL-32B-Instruct"}
{"level":"info","ts":1785055521.4012794,"caller":"handlers/server.go:626","msg":"EPP sent request body response(s) to proxy","x-request-id":"4246eeb7-c1c4-4b8c-99b0-1ef5cdac8b66","modelName":"Qwen/Qwen3-VL-32B-Instruct","targetModelName":"Qwen/Qwen3-VL-32B-Instruct"}
{"level":"info","ts":1785055521.6869159,"caller":"handlers/server.go:368","msg":"EPP received request","x-request-id":"1730c62d-ae19-49cf-a0d2-78f4260e5877"}
{"level":"info","ts":1785055521.6880553,"caller":"handlers/server.go:368","msg":"EPP received request","x-request-id":"ab2e3878-6fdc-46c2-9194-3ce745d17937"}
{"level":"info","ts":1785055521.7165413,"caller":"handlers/server.go:626","msg":"EPP sent request body response(s) to proxy","x-request-id":"1730c62d-ae19-49cf-a0d2-78f4260e5877","modelName":"Qwen/Qwen3-VL-32B-Instruct","targetModelName":"Qwen/Qwen3-VL-32B-Instruct"}
{"level":"info","ts":1785055521.7499208,"caller":"handlers/server.go:626","msg":"EPP sent request body response(s) to proxy","x-request-id":"ab2e3878-6fdc-46c2-9194-3ce745d17937","modelName":"Qwen/Qwen3-VL-32B-Instruct","targetModelName":"Qwen/Qwen3-VL-32B-Instruct"}
{"level":"info","ts":1785055521.962236,"caller":"handlers/server.go:368","msg":"EPP received request","x-request-id":"78068a96-4ebc-473d-9028-d0bcfce8876a"}
{"level":"info","ts":1785055522.086422,"caller":"handlers/server.go:626","msg":"EPP sent request body response(s) to proxy","x-request-id":"78068a96-4ebc-473d-9028-d0bcfce8876a","modelName":"Qwen/Qwen3-VL-32B-Instruct","targetModelName":"Qwen/Qwen3-VL-32B-Instruct"}
{"level":"info","ts":1785055522.3142145,"caller":"handlers/server.go:368","msg":"EPP received request","x-request-id":"c2d3e528-72e6-4060-a641-16003162b6fc"}
{"level":"info","ts":1785055522.4096832,"caller":"handlers/server.go:626","msg":"EPP sent request body response(s) to proxy","x-request-id":"c2d3e528-72e6-4060-a641-16003162b6fc","modelName":"Qwen/Qwen3-VL-32B-Instruct","targetModelName":"Qwen/Qwen3-VL-32B-Instruct"}
{"level":"info","ts":1785055522.4842372,"caller":"handlers/server.go:368","msg":"EPP received request","x-request-id":"c0c363f9-af86-48d7-8b48-2cd7447f5ac5"}
{"level":"info","ts":1785055522.6156094,"caller":"handlers/server.go:626","msg":"EPP sent request body response(s) to proxy","x-request-id":"c0c363f9-af86-48d7-8b48-2cd7447f5ac5","modelName":"Qwen/Qwen3-VL-32B-Instruct","targetModelName":"Qwen/Qwen3-VL-32B-Instruct"}
{"level":"info","ts":1785055522.6461673,"caller":"handlers/server.go:368","msg":"EPP received request","x-request-id":"67bf41f6-5aa1-4ec4-b258-f809487b00cc"}
{"level":"info","ts":1785055522.7442946,"caller":"handlers/server.go:626","msg":"EPP sent request body response(s) to proxy","x-request-id":"67bf41f6-5aa1-4ec4-b258-f809487b00cc","modelName":"Qwen/Qwen3-VL-32B-Instruct","targetModelName":"Qwen/Qwen3-VL-32B-Instruct"}
{"level":"info","ts":1785055523.084809,"caller":"handlers/server.go:368","msg":"EPP received request","x-request-id":"cba1427a-279b-4cbd-99b7-d96e41a47497"}
{"level":"info","ts":1785055523.2104473,"caller":"handlers/server.go:626","msg":"EPP sent request body response(s) to proxy","x-request-id":"cba1427a-279b-4cbd-99b7-d96e41a47497","modelName":"Qwen/Qwen3-VL-32B-Instruct","targetModelName":"Qwen/Qwen3-VL-32B-Instruct"}
{"level":"info","ts":1785055523.368793,"caller":"handlers/server.go:368","msg":"EPP received request","x-request-id":"32083ce8-8816-4e84-a5ea-882ecf48eb09"}
{"level":"info","ts":1785055523.470933,"caller":"handlers/server.go:368","msg":"EPP received request","x-request-id":"fd15e424-ef66-496d-a0a8-8242334ef2b3"}
{"level":"info","ts":1785055523.4747102,"caller":"handlers/server.go:368","msg":"EPP received request","x-request-id":"b17be9df-cf5d-434a-986a-f8ec43ca0a84"}
{"level":"info","ts":1785055523.5232468,"caller":"handlers/server.go:626","msg":"EPP sent request body response(s) to proxy","x-request-id":"32083ce8-8816-4e84-a5ea-882ecf48eb09","modelName":"Qwen/Qwen3-VL-32B-Instruct","targetModelName":"Qwen/Qwen3-VL-32B-Instruct"}
{"level":"info","ts":1785055523.5336952,"caller":"handlers/server.go:626","msg":"EPP sent request body response(s) to proxy","x-request-id":"fd15e424-ef66-496d-a0a8-8242334ef2b3","modelName":"Qwen/Qwen3-VL-32B-Instruct","targetModelName":"Qwen/Qwen3-VL-32B-Instruct"}
{"level":"info","ts":1785055523.599803,"caller":"handlers/server.go:626","msg":"EPP sent request body response(s) to proxy","x-request-id":"b17be9df-cf5d-434a-986a-f8ec43ca0a84","modelName":"Qwen/Qwen3-VL-32B-Instruct","targetModelName":"Qwen/Qwen3-VL-32B-Instruct"}
{"level":"info","ts":1785055523.8599262,"caller":"handlers/server.go:368","msg":"EPP received request","x-request-id":"27a6895d-0854-4b52-a72e-e8a0be6d37e0"}
{"level":"info","ts":1785055523.9154658,"caller":"handlers/server.go:368","msg":"EPP received request","x-request-id":"fbff28e6-be2f-415d-ace2-5692ec64827e"}
{"level":"info","ts":1785055523.9162788,"caller":"handlers/server.go:368","msg":"EPP received request","x-request-id":"be22b698-b513-4c67-b1dc-47f19bf59643"}
{"level":"info","ts":1785055523.9187355,"caller":"handlers/server.go:368","msg":"EPP received request","x-request-id":"441af3ab-1593-470e-88e7-beed066d253e"}
{"level":"info","ts":1785055523.950696,"caller":"handlers/server.go:626","msg":"EPP sent request body response(s) to proxy","x-request-id":"fbff28e6-be2f-415d-ace2-5692ec64827e","modelName":"Qwen/Qwen3-VL-32B-Instruct","targetModelName":"Qwen/Qwen3-VL-32B-Instruct"}
{"level":"info","ts":1785055523.950999,"caller":"handlers/server.go:626","msg":"EPP sent request body response(s) to proxy","x-request-id":"be22b698-b513-4c67-b1dc-47f19bf59643","modelName":"Qwen/Qwen3-VL-32B-Instruct","targetModelName":"Qwen/Qwen3-VL-32B-Instruct"}
{"level":"info","ts":1785055524.0187967,"caller":"handlers/server.go:626","msg":"EPP sent request body response(s) to proxy","x-request-id":"441af3ab-1593-470e-88e7-beed066d253e","modelName":"Qwen/Qwen3-VL-32B-Instruct","targetModelName":"Qwen/Qwen3-VL-32B-Instruct"}
{"level":"info","ts":1785055524.0266137,"caller":"handlers/server.go:626","msg":"EPP sent request body response(s) to proxy","x-request-id":"27a6895d-0854-4b52-a72e-e8a0be6d37e0","modelName":"Qwen/Qwen3-VL-32B-Instruct","targetModelName":"Qwen/Qwen3-VL-32B-Instruct"}
{"level":"info","ts":1785055524.4391723,"caller":"handlers/server.go:368","msg":"EPP received request","x-request-id":"c8025a99-eab3-40ee-9246-7c43832bd20d"}
{"level":"info","ts":1785055524.5129302,"caller":"handlers/server.go:368","msg":"EPP received request","x-request-id":"962ad4aa-c958-4b66-b02f-26910c623468"}
{"level":"info","ts":1785055524.5129757,"caller":"handlers/server.go:368","msg":"EPP received request","x-request-id":"6113cc90-bcf3-41bf-8168-115fbe29e746"}
{"level":"info","ts":1785055524.5322263,"caller":"handlers/server.go:626","msg":"EPP sent request body response(s) to proxy","x-request-id":"c8025a99-eab3-40ee-9246-7c43832bd20d","modelName":"Qwen/Qwen3-VL-32B-Instruct","targetModelName":"Qwen/Qwen3-VL-32B-Instruct"}
{"level":"info","ts":1785055524.5723312,"caller":"handlers/server.go:626","msg":"EPP sent request body response(s) to proxy","x-request-id":"6113cc90-bcf3-41bf-8168-115fbe29e746","modelName":"Qwen/Qwen3-VL-32B-Instruct","targetModelName":"Qwen/Qwen3-VL-32B-Instruct"}
{"level":"info","ts":1785055524.5723674,"caller":"handlers/server.go:626","msg":"EPP sent request body response(s) to proxy","x-request-id":"962ad4aa-c958-4b66-b02f-26910c623468","modelName":"Qwen/Qwen3-VL-32B-Instruct","targetModelName":"Qwen/Qwen3-VL-32B-Instruct"}
{"level":"info","ts":1785055524.6952364,"caller":"handlers/server.go:368","msg":"EPP received request","x-request-id":"8031bb3b-c588-4f1a-b4bf-7369bdaba773"}
{"level":"info","ts":1785055524.7007623,"caller":"handlers/server.go:368","msg":"EPP received request","x-request-id":"2bc94f55-d9e1-41c3-b394-ae39d546e690"}
{"level":"info","ts":1785055524.754177,"caller":"handlers/server.go:626","msg":"EPP sent request body response(s) to proxy","x-request-id":"8031bb3b-c588-4f1a-b4bf-7369bdaba773","modelName":"Qwen/Qwen3-VL-32B-Instruct","targetModelName":"Qwen/Qwen3-VL-32B-Instruct"}
{"level":"info","ts":1785055524.8530855,"caller":"handlers/server.go:626","msg":"EPP sent request body response(s) to proxy","x-request-id":"2bc94f55-d9e1-41c3-b394-ae39d546e690","modelName":"Qwen/Qwen3-VL-32B-Instruct","targetModelName":"Qwen/Qwen3-VL-32B-Instruct"}
{"level":"info","ts":1785055525.0501559,"caller":"handlers/server.go:368","msg":"EPP received request","x-request-id":"eb3f0a4a-8685-4b9f-a9ae-594d9881b31e"}
{"level":"info","ts":1785055525.0548959,"caller":"handlers/server.go:368","msg":"EPP received request","x-request-id":"6865578a-b0d3-4581-9e5c-276127cedb9d"}
{"level":"info","ts":1785055525.1032953,"caller":"handlers/server.go:368","msg":"EPP received request","x-request-id":"ceafff15-c6d2-4366-829d-b13ed20ebf08"}
{"level":"info","ts":1785055525.1141422,"caller":"handlers/server.go:626","msg":"EPP sent request body response(s) to proxy","x-request-id":"eb3f0a4a-8685-4b9f-a9ae-594d9881b31e","modelName":"Qwen/Qwen3-VL-32B-Instruct","targetModelName":"Qwen/Qwen3-VL-32B-Instruct"}
{"level":"info","ts":1785055525.2326295,"caller":"handlers/server.go:626","msg":"EPP sent request body response(s) to proxy","x-request-id":"6865578a-b0d3-4581-9e5c-276127cedb9d","modelName":"Qwen/Qwen3-VL-32B-Instruct","targetModelName":"Qwen/Qwen3-VL-32B-Instruct"}
{"level":"info","ts":1785055525.233905,"caller":"handlers/server.go:626","msg":"EPP sent request body response(s) to proxy","x-request-id":"ceafff15-c6d2-4366-829d-b13ed20ebf08","modelName":"Qwen/Qwen3-VL-32B-Instruct","targetModelName":"Qwen/Qwen3-VL-32B-Instruct"}
{"level":"info","ts":1785055525.2667377,"caller":"handlers/server.go:368","msg":"EPP received request","x-request-id":"eb22568f-d625-4bc9-ad35-78c47880460e"}
{"level":"info","ts":1785055525.2994716,"caller":"handlers/server.go:626","msg":"EPP sent request body response(s) to proxy","x-request-id":"eb22568f-d625-4bc9-ad35-78c47880460e","modelName":"Qwen/Qwen3-VL-32B-Instruct","targetModelName":"Qwen/Qwen3-VL-32B-Instruct"}
{"level":"info","ts":1785055525.5644836,"caller":"handlers/server.go:368","msg":"EPP received request","x-request-id":"4f37ce89-1f66-4741-8c3d-471dfc195f3a"}
{"level":"info","ts":1785055525.5649316,"caller":"handlers/server.go:368","msg":"EPP received request","x-request-id":"89e14f62-9496-4e35-ba20-04044c7c29f9"}
{"level":"info","ts":1785055525.5649369,"caller":"handlers/server.go:368","msg":"EPP received request","x-request-id":"9baf6360-38ca-4a4f-bee1-f1d25d5ce710"}
{"level":"info","ts":1785055525.5982184,"caller":"handlers/server.go:626","msg":"EPP sent request body response(s) to proxy","x-request-id":"4f37ce89-1f66-4741-8c3d-471dfc195f3a","modelName":"Qwen/Qwen3-VL-32B-Instruct","targetModelName":"Qwen/Qwen3-VL-32B-Instruct"}
{"level":"info","ts":1785055525.5982866,"caller":"handlers/server.go:626","msg":"EPP sent request body response(s) to proxy","x-request-id":"89e14f62-9496-4e35-ba20-04044c7c29f9","modelName":"Qwen/Qwen3-VL-32B-Instruct","targetModelName":"Qwen/Qwen3-VL-32B-Instruct"}
{"level":"info","ts":1785055525.5983765,"caller":"handlers/server.go:626","msg":"EPP sent request body response(s) to proxy","x-request-id":"9baf6360-38ca-4a4f-bee1-f1d25d5ce710","modelName":"Qwen/Qwen3-VL-32B-Instruct","targetModelName":"Qwen/Qwen3-VL-32B-Instruct"}
{"level":"info","ts":1785055525.709242,"caller":"handlers/server.go:368","msg":"EPP received request","x-request-id":"03a7953f-0365-4bdd-ad8a-d529d81cbe8e"}
{"level":"info","ts":1785055525.8366473,"caller":"handlers/server.go:626","msg":"EPP sent request body response(s) to proxy","x-request-id":"03a7953f-0365-4bdd-ad8a-d529d81cbe8e","modelName":"Qwen/Qwen3-VL-32B-Instruct","targetModelName":"Qwen/Qwen3-VL-32B-Instruct"}
{"level":"info","ts":1785055525.8757935,"caller":"handlers/server.go:368","msg":"EPP received request","x-request-id":"08446368-9437-4433-8edf-76f465abd6d5"}
{"level":"info","ts":1785055526.0015237,"caller":"handlers/server.go:626","msg":"EPP sent request body response(s) to proxy","x-request-id":"08446368-9437-4433-8edf-76f465abd6d5","modelName":"Qwen/Qwen3-VL-32B-Instruct","targetModelName":"Qwen/Qwen3-VL-32B-Instruct"}
{"level":"info","ts":1785055526.1370625,"caller":"handlers/server.go:368","msg":"EPP received request","x-request-id":"2b35c2d8-a744-4a13-b456-92d03121af7d"}
{"level":"info","ts":1785055526.1376407,"caller":"handlers/server.go:368","msg":"EPP received request","x-request-id":"28aa4b10-c738-4852-b13a-eeb38d5d76ee"}
{"level":"info","ts":1785055526.1389477,"caller":"handlers/server.go:368","msg":"EPP received request","x-request-id":"bf29c8f6-1181-4ac4-9871-0bf39558cf11"}
{"level":"info","ts":1785055526.172645,"caller":"handlers/server.go:626","msg":"EPP sent request body response(s) to proxy","x-request-id":"2b35c2d8-a744-4a13-b456-92d03121af7d","modelName":"Qwen/Qwen3-VL-32B-Instruct","targetModelName":"Qwen/Qwen3-VL-32B-Instruct"}
{"level":"info","ts":1785055526.1741583,"caller":"handlers/server.go:626","msg":"EPP sent request body response(s) to proxy","x-request-id":"28aa4b10-c738-4852-b13a-eeb38d5d76ee","modelName":"Qwen/Qwen3-VL-32B-Instruct","targetModelName":"Qwen/Qwen3-VL-32B-Instruct"}
{"level":"info","ts":1785055526.2049289,"caller":"handlers/server.go:626","msg":"EPP sent request body response(s) to proxy","x-request-id":"bf29c8f6-1181-4ac4-9871-0bf39558cf11","modelName":"Qwen/Qwen3-VL-32B-Instruct","targetModelName":"Qwen/Qwen3-VL-32B-Instruct"}
{"level":"info","ts":1785055526.2913055,"caller":"handlers/server.go:368","msg":"EPP received request","x-request-id":"1bbcbf6d-4dc0-44dd-a07c-df8d1c7d2af2"}
{"level":"info","ts":1785055526.2945478,"caller":"handlers/server.go:368","msg":"EPP received request","x-request-id":"49cece3f-d817-4e18-bcf3-b418604b9ff0"}
{"level":"info","ts":1785055526.299658,"caller":"handlers/server.go:368","msg":"EPP received request","x-request-id":"69ab659d-94b4-405e-98d7-ab48b0b0caae"}
{"level":"info","ts":1785055526.358281,"caller":"handlers/server.go:626","msg":"EPP sent request body response(s) to proxy","x-request-id":"69ab659d-94b4-405e-98d7-ab48b0b0caae","modelName":"Qwen/Qwen3-VL-32B-Instruct","targetModelName":"Qwen/Qwen3-VL-32B-Instruct"}
{"level":"info","ts":1785055526.3594458,"caller":"handlers/server.go:626","msg":"EPP sent request body response(s) to proxy","x-request-id":"1bbcbf6d-4dc0-44dd-a07c-df8d1c7d2af2","modelName":"Qwen/Qwen3-VL-32B-Instruct","targetModelName":"Qwen/Qwen3-VL-32B-Instruct"}
{"level":"info","ts":1785055526.4220715,"caller":"handlers/server.go:626","msg":"EPP sent request body response(s) to proxy","x-request-id":"49cece3f-d817-4e18-bcf3-b418604b9ff0","modelName":"Qwen/Qwen3-VL-32B-Instruct","targetModelName":"Qwen/Qwen3-VL-32B-Instruct"}
{"level":"info","ts":1785055526.714397,"caller":"handlers/server.go:368","msg":"EPP received request","x-request-id":"ba4fb42f-c455-467f-bde1-5a5ed9350964"}
{"level":"info","ts":1785055526.8091812,"caller":"handlers/server.go:626","msg":"EPP sent request body response(s) to proxy","x-request-id":"ba4fb42f-c455-467f-bde1-5a5ed9350964","modelName":"Qwen/Qwen3-VL-32B-Instruct","targetModelName":"Qwen/Qwen3-VL-32B-Instruct"}
{"level":"info","ts":1785055526.9324107,"caller":"handlers/server.go:368","msg":"EPP received request","x-request-id":"51f23085-19c5-4b5b-be77-3349d44fce6b"}
{"level":"info","ts":1785055527.1170638,"caller":"handlers/server.go:626","msg":"EPP sent request body response(s) to proxy","x-request-id":"51f23085-19c5-4b5b-be77-3349d44fce6b","modelName":"Qwen/Qwen3-VL-32B-Instruct","targetModelName":"Qwen/Qwen3-VL-32B-Instruct"}
{"level":"info","ts":1785055527.2873363,"caller":"handlers/server.go:368","msg":"EPP received request","x-request-id":"01d85314-e1d4-460c-b6de-d327ef77aaf3"}
{"level":"info","ts":1785055527.3513732,"caller":"handlers/server.go:626","msg":"EPP sent request body response(s) to proxy","x-request-id":"01d85314-e1d4-460c-b6de-d327ef77aaf3","modelName":"Qwen/Qwen3-VL-32B-Instruct","targetModelName":"Qwen/Qwen3-VL-32B-Instruct"}
{"level":"info","ts":1785055527.481878,"caller":"handlers/server.go:368","msg":"EPP received request","x-request-id":"6db7ab18-b588-4749-a939-ba4a5eebb201"}
{"level":"info","ts":1785055527.4859338,"caller":"handlers/server.go:368","msg":"EPP received request","x-request-id":"d1f47182-5aeb-4a16-9d22-80c736a94f4d"}
{"level":"info","ts":1785055527.5410652,"caller":"handlers/server.go:626","msg":"EPP sent request body response(s) to proxy","x-request-id":"6db7ab18-b588-4749-a939-ba4a5eebb201","modelName":"Qwen/Qwen3-VL-32B-Instruct","targetModelName":"Qwen/Qwen3-VL-32B-Instruct"}
{"level":"info","ts":1785055527.5423813,"caller":"handlers/server.go:368","msg":"EPP received request","x-request-id":"1d85c6ae-9c1c-40f8-93ab-57ca69ef4781"}
{"level":"info","ts":1785055527.6221087,"caller":"handlers/server.go:626","msg":"EPP sent request body response(s) to proxy","x-request-id":"d1f47182-5aeb-4a16-9d22-80c736a94f4d","modelName":"Qwen/Qwen3-VL-32B-Instruct","targetModelName":"Qwen/Qwen3-VL-32B-Instruct"}
{"level":"info","ts":1785055527.6817658,"caller":"handlers/server.go:626","msg":"EPP sent request body response(s) to proxy","x-request-id":"1d85c6ae-9c1c-40f8-93ab-57ca69ef4781","modelName":"Qwen/Qwen3-VL-32B-Instruct","targetModelName":"Qwen/Qwen3-VL-32B-Instruct"}
{"level":"info","ts":1785055527.872701,"caller":"handlers/server.go:368","msg":"EPP received request","x-request-id":"85d584e4-da38-4277-8cd1-605805e9735e"}
{"level":"info","ts":1785055527.8794336,"caller":"handlers/server.go:368","msg":"EPP received request","x-request-id":"fbfa7621-b88d-4559-b2c4-0e4c78bb3a75"}
{"level":"info","ts":1785055527.9067411,"caller":"handlers/server.go:626","msg":"EPP sent request body response(s) to proxy","x-request-id":"85d584e4-da38-4277-8cd1-605805e9735e","modelName":"Qwen/Qwen3-VL-32B-Instruct","targetModelName":"Qwen/Qwen3-VL-32B-Instruct"}
{"level":"info","ts":1785055528.0126014,"caller":"handlers/server.go:368","msg":"EPP received request","x-request-id":"f42e0f29-7fd6-4551-8f57-94fc33050cb3"}
{"level":"info","ts":1785055528.0145366,"caller":"handlers/server.go:368","msg":"EPP received request","x-request-id":"d0ca363a-8a8c-4496-9956-0a93c1ce7f4c"}
{"level":"info","ts":1785055528.0179207,"caller":"handlers/server.go:626","msg":"EPP sent request body response(s) to proxy","x-request-id":"fbfa7621-b88d-4559-b2c4-0e4c78bb3a75","modelName":"Qwen/Qwen3-VL-32B-Instruct","targetModelName":"Qwen/Qwen3-VL-32B-Instruct"}
{"level":"info","ts":1785055528.0451393,"caller":"handlers/server.go:626","msg":"EPP sent request body response(s) to proxy","x-request-id":"f42e0f29-7fd6-4551-8f57-94fc33050cb3","modelName":"Qwen/Qwen3-VL-32B-Instruct","targetModelName":"Qwen/Qwen3-VL-32B-Instruct"}
{"level":"info","ts":1785055528.0801203,"caller":"handlers/server.go:626","msg":"EPP sent request body response(s) to proxy","x-request-id":"d0ca363a-8a8c-4496-9956-0a93c1ce7f4c","modelName":"Qwen/Qwen3-VL-32B-Instruct","targetModelName":"Qwen/Qwen3-VL-32B-Instruct"}
{"level":"info","ts":1785055528.095212,"caller":"handlers/server.go:368","msg":"EPP received request","x-request-id":"b64f8461-1398-44b8-b45e-14b4e8811964"}
{"level":"info","ts":1785055528.0953627,"caller":"handlers/server.go:368","msg":"EPP received request","x-request-id":"b9c4c016-9538-46e0-ac75-a2a8193b0c33"}
{"level":"info","ts":1785055528.160457,"caller":"handlers/server.go:626","msg":"EPP sent request body response(s) to proxy","x-request-id":"b9c4c016-9538-46e0-ac75-a2a8193b0c33","modelName":"Qwen/Qwen3-VL-32B-Instruct","targetModelName":"Qwen/Qwen3-VL-32B-Instruct"}
{"level":"info","ts":1785055528.1615202,"caller":"handlers/server.go:626","msg":"EPP sent request body response(s) to proxy","x-request-id":"b64f8461-1398-44b8-b45e-14b4e8811964","modelName":"Qwen/Qwen3-VL-32B-Instruct","targetModelName":"Qwen/Qwen3-VL-32B-Instruct"}
{"level":"info","ts":1785055528.4592044,"caller":"handlers/server.go:368","msg":"EPP received request","x-request-id":"4c2ebff1-56fe-46c0-baf2-b9897f9fed0b"}
{"level":"info","ts":1785055528.5883474,"caller":"handlers/server.go:626","msg":"EPP sent request body response(s) to proxy","x-request-id":"4c2ebff1-56fe-46c0-baf2-b9897f9fed0b","modelName":"Qwen/Qwen3-VL-32B-Instruct","targetModelName":"Qwen/Qwen3-VL-32B-Instruct"}
{"level":"info","ts":1785055528.6452086,"caller":"handlers/server.go:368","msg":"EPP received request","x-request-id":"b2edaa03-e461-9739-b6b2-9cd48c4c4d59"}
{"level":"info","ts":1785055528.651773,"caller":"handlers/server.go:368","msg":"EPP received request","x-request-id":"f7a266ad-8563-4317-962f-bc220325dbd1"}
{"level":"info","ts":1785055528.679358,"caller":"handlers/server.go:626","msg":"EPP sent request body response(s) to proxy","x-request-id":"b2edaa03-e461-9739-b6b2-9cd48c4c4d59","modelName":"Qwen/Qwen3-VL-32B-Instruct","targetModelName":"Qwen/Qwen3-VL-32B-Instruct"}
{"level":"info","ts":1785055528.6917071,"caller":"handlers/server.go:368","msg":"EPP received request","x-request-id":"aec06c7c-7251-4265-8aca-95ac542af002"}
{"level":"info","ts":1785055528.724564,"caller":"handlers/server.go:626","msg":"EPP sent request body response(s) to proxy","x-request-id":"aec06c7c-7251-4265-8aca-95ac542af002","modelName":"Qwen/Qwen3-VL-32B-Instruct","targetModelName":"Qwen/Qwen3-VL-32B-Instruct"}
{"level":"info","ts":1785055528.8158128,"caller":"handlers/server.go:626","msg":"EPP sent request body response(s) to proxy","x-request-id":"f7a266ad-8563-4317-962f-bc220325dbd1","modelName":"Qwen/Qwen3-VL-32B-Instruct","targetModelName":"Qwen/Qwen3-VL-32B-Instruct"}
{"level":"info","ts":1785055529.0275595,"caller":"handlers/server.go:368","msg":"EPP received request","x-request-id":"b8562c6f-b4b2-42d3-b7c3-8c6ff4d33af2"}
{"level":"info","ts":1785055529.0276444,"caller":"handlers/server.go:368","msg":"EPP received request","x-request-id":"25598a01-0cba-4c11-9a33-45bcc1d65a07"}
{"level":"info","ts":1785055529.0905957,"caller":"handlers/server.go:626","msg":"EPP sent request body response(s) to proxy","x-request-id":"25598a01-0cba-4c11-9a33-45bcc1d65a07","modelName":"Qwen/Qwen3-VL-32B-Instruct","targetModelName":"Qwen/Qwen3-VL-32B-Instruct"}
{"level":"info","ts":1785055529.0926905,"caller":"handlers/server.go:626","msg":"EPP sent request body response(s) to proxy","x-request-id":"b8562c6f-b4b2-42d3-b7c3-8c6ff4d33af2","modelName":"Qwen/Qwen3-VL-32B-Instruct","targetModelName":"Qwen/Qwen3-VL-32B-Instruct"}
{"level":"info","ts":1785055529.171045,"caller":"handlers/server.go:368","msg":"EPP received request","x-request-id":"15aebb3a-4148-4797-98b8-75404a85fa96"}
{"level":"info","ts":1785055529.171411,"caller":"handlers/server.go:368","msg":"EPP received request","x-request-id":"2507e896-b371-4e65-b22f-4f10af05eaeb"}
{"level":"info","ts":1785055529.2022188,"caller":"handlers/server.go:626","msg":"EPP sent request body response(s) to proxy","x-request-id":"2507e896-b371-4e65-b22f-4f10af05eaeb","modelName":"Qwen/Qwen3-VL-32B-Instruct","targetModelName":"Qwen/Qwen3-VL-32B-Instruct"}
{"level":"info","ts":1785055529.2024386,"caller":"handlers/server.go:626","msg":"EPP sent request body response(s) to proxy","x-request-id":"15aebb3a-4148-4797-98b8-75404a85fa96","modelName":"Qwen/Qwen3-VL-32B-Instruct","targetModelName":"Qwen/Qwen3-VL-32B-Instruct"}
{"level":"info","ts":1785055529.2850995,"caller":"handlers/server.go:368","msg":"EPP received request","x-request-id":"1cdf3ab4-ceaf-4310-af4b-9df8fb53b321"}
{"level":"info","ts":1785055529.2854986,"caller":"handlers/server.go:368","msg":"EPP received request","x-request-id":"e8982255-4543-40bc-af69-c65ff1f54e9e"}
{"level":"info","ts":1785055529.2891786,"caller":"handlers/server.go:368","msg":"EPP received request","x-request-id":"9e8666bf-6c75-4725-8188-e7e1f1e90da2"}
{"level":"info","ts":1785055529.314423,"caller":"handlers/server.go:626","msg":"EPP sent request body response(s) to proxy","x-request-id":"1cdf3ab4-ceaf-4310-af4b-9df8fb53b321","modelName":"Qwen/Qwen3-VL-32B-Instruct","targetModelName":"Qwen/Qwen3-VL-32B-Instruct"}
{"level":"info","ts":1785055529.3483925,"caller":"handlers/server.go:626","msg":"EPP sent request body response(s) to proxy","x-request-id":"e8982255-4543-40bc-af69-c65ff1f54e9e","modelName":"Qwen/Qwen3-VL-32B-Instruct","targetModelName":"Qwen/Qwen3-VL-32B-Instruct"}
{"level":"info","ts":1785055529.4075472,"caller":"handlers/server.go:626","msg":"EPP sent request body response(s) to proxy","x-request-id":"9e8666bf-6c75-4725-8188-e7e1f1e90da2","modelName":"Qwen/Qwen3-VL-32B-Instruct","targetModelName":"Qwen/Qwen3-VL-32B-Instruct"}
{"level":"info","ts":1785055529.6043897,"caller":"handlers/server.go:368","msg":"EPP received request","x-request-id":"49ab0c5a-b7bf-4f37-9183-8ddad0040459"}
{"level":"info","ts":1785055529.6927552,"caller":"handlers/server.go:626","msg":"EPP sent request body response(s) to proxy","x-request-id":"49ab0c5a-b7bf-4f37-9183-8ddad0040459","modelName":"Qwen/Qwen3-VL-32B-Instruct","targetModelName":"Qwen/Qwen3-VL-32B-Instruct"}
{"level":"info","ts":1785055529.7735586,"caller":"handlers/server.go:368","msg":"EPP received request","x-request-id":"32446d0e-9632-49a4-b248-5f0389c1349c"}
{"level":"info","ts":1785055529.7773473,"caller":"handlers/server.go:368","msg":"EPP received request","x-request-id":"6d4cc143-15d5-4f62-873f-3d9bd3f0b0e4"}
{"level":"info","ts":1785055529.8046675,"caller":"handlers/server.go:626","msg":"EPP sent request body response(s) to proxy","x-request-id":"32446d0e-9632-49a4-b248-5f0389c1349c","modelName":"Qwen/Qwen3-VL-32B-Instruct","targetModelName":"Qwen/Qwen3-VL-32B-Instruct"}
{"level":"info","ts":1785055529.9024324,"caller":"handlers/server.go:368","msg":"EPP received request","x-request-id":"f960ab9c-c006-4dd3-b2d9-07b64f480aea"}
{"level":"info","ts":1785055529.9088087,"caller":"handlers/server.go:626","msg":"EPP sent request body response(s) to proxy","x-request-id":"6d4cc143-15d5-4f62-873f-3d9bd3f0b0e4","modelName":"Qwen/Qwen3-VL-32B-Instruct","targetModelName":"Qwen/Qwen3-VL-32B-Instruct"}
{"level":"info","ts":1785055530.029079,"caller":"handlers/server.go:626","msg":"EPP sent request body response(s) to proxy","x-request-id":"f960ab9c-c006-4dd3-b2d9-07b64f480aea","modelName":"Qwen/Qwen3-VL-32B-Instruct","targetModelName":"Qwen/Qwen3-VL-32B-Instruct"}
{"level":"info","ts":1785055530.189892,"caller":"handlers/server.go:368","msg":"EPP received request","x-request-id":"3af8e5a3-3ad0-4e70-986e-2d356b0b4710"}
{"level":"info","ts":1785055530.2971637,"caller":"handlers/server.go:626","msg":"EPP sent request body response(s) to proxy","x-request-id":"3af8e5a3-3ad0-4e70-986e-2d356b0b4710","modelName":"Qwen/Qwen3-VL-32B-Instruct","targetModelName":"Qwen/Qwen3-VL-32B-Instruct"}
{"level":"info","ts":1785055530.3519049,"caller":"handlers/server.go:368","msg":"EPP received request","x-request-id":"7be2f322-8cbf-4676-94e0-edaf4812d32f"}
{"level":"info","ts":1785055530.3523705,"caller":"handlers/server.go:368","msg":"EPP received request","x-request-id":"557bcb38-d5fc-46de-91dd-9979a18a9771"}
{"level":"info","ts":1785055530.353351,"caller":"handlers/server.go:368","msg":"EPP received request","x-request-id":"c43112a3-bf66-4e4c-8a46-f950632b111b"}
{"level":"info","ts":1785055530.3831284,"caller":"handlers/server.go:626","msg":"EPP sent request body response(s) to proxy","x-request-id":"7be2f322-8cbf-4676-94e0-edaf4812d32f","modelName":"Qwen/Qwen3-VL-32B-Instruct","targetModelName":"Qwen/Qwen3-VL-32B-Instruct"}
{"level":"info","ts":1785055530.3852446,"caller":"handlers/server.go:626","msg":"EPP sent request body response(s) to proxy","x-request-id":"557bcb38-d5fc-46de-91dd-9979a18a9771","modelName":"Qwen/Qwen3-VL-32B-Instruct","targetModelName":"Qwen/Qwen3-VL-32B-Instruct"}
{"level":"info","ts":1785055530.4192383,"caller":"handlers/server.go:626","msg":"EPP sent request body response(s) to proxy","x-request-id":"c43112a3-bf66-4e4c-8a46-f950632b111b","modelName":"Qwen/Qwen3-VL-32B-Instruct","targetModelName":"Qwen/Qwen3-VL-32B-Instruct"}
{"level":"info","ts":1785055530.4767747,"caller":"handlers/server.go:368","msg":"EPP received request","x-request-id":"958c1de4-ef8f-4604-9fca-ba846e90d77f"}
{"level":"info","ts":1785055530.5089886,"caller":"handlers/server.go:626","msg":"EPP sent request body response(s) to proxy","x-request-id":"958c1de4-ef8f-4604-9fca-ba846e90d77f","modelName":"Qwen/Qwen3-VL-32B-Instruct","targetModelName":"Qwen/Qwen3-VL-32B-Instruct"}
{"level":"info","ts":1785055530.5605674,"caller":"controller/pod_reconciler.go:97","msg":"Pod added","controller":"pod","controllerGroup":"","controllerKind":"Pod","Pod":{"name":"epd-nvidia-gpu-vllm-decode-slow-7b7f4bb875-6lk9k","namespace":"dpikus-epd-sglang-bench"},"namespace":"dpikus-epd-sglang-bench","name":"epd-nvidia-gpu-vllm-decode-slow-7b7f4bb875-6lk9k","reconcileID":"8d06ce5d-f9e5-4534-8c1a-8517af7a1710"}
{"level":"info","ts":1785055530.7770133,"caller":"handlers/server.go:368","msg":"EPP received request","x-request-id":"28ead407-9867-47a9-8498-1a1278645432"}
{"level":"info","ts":1785055530.9507766,"caller":"handlers/server.go:626","msg":"EPP sent request body response(s) to proxy","x-request-id":"28ead407-9867-47a9-8498-1a1278645432","modelName":"Qwen/Qwen3-VL-32B-Instruct","targetModelName":"Qwen/Qwen3-VL-32B-Instruct"}
{"level":"info","ts":1785055531.0812547,"caller":"handlers/server.go:368","msg":"EPP received request","x-request-id":"3a682fa9-214f-42ba-84b7-2cb0d1822db2"}
{"level":"info","ts":1785055531.1067336,"caller":"handlers/server.go:368","msg":"EPP received request","x-request-id":"0e4ae35e-bd2b-46f8-a0ce-3ce294dd474e"}
{"level":"info","ts":1785055531.1068351,"caller":"handlers/server.go:368","msg":"EPP received request","x-request-id":"ecaff1d6-7236-436f-90f9-6e5eaf01264b"}
{"level":"info","ts":1785055531.1737168,"caller":"handlers/server.go:626","msg":"EPP sent request body response(s) to proxy","x-request-id":"ecaff1d6-7236-436f-90f9-6e5eaf01264b","modelName":"Qwen/Qwen3-VL-32B-Instruct","targetModelName":"Qwen/Qwen3-VL-32B-Instruct"}
{"level":"info","ts":1785055531.173956,"caller":"handlers/server.go:626","msg":"EPP sent request body response(s) to proxy","x-request-id":"0e4ae35e-bd2b-46f8-a0ce-3ce294dd474e","modelName":"Qwen/Qwen3-VL-32B-Instruct","targetModelName":"Qwen/Qwen3-VL-32B-Instruct"}
{"level":"info","ts":1785055531.2130787,"caller":"handlers/server.go:626","msg":"EPP sent request body response(s) to proxy","x-request-id":"3a682fa9-214f-42ba-84b7-2cb0d1822db2","modelName":"Qwen/Qwen3-VL-32B-Instruct","targetModelName":"Qwen/Qwen3-VL-32B-Instruct"}
{"level":"info","ts":1785055531.5353682,"caller":"handlers/server.go:368","msg":"EPP received request","x-request-id":"b84a141d-4bee-47a3-b225-ccde30ed877f"}
{"level":"info","ts":1785055531.667344,"caller":"handlers/server.go:626","msg":"EPP sent request body response(s) to proxy","x-request-id":"b84a141d-4bee-47a3-b225-ccde30ed877f","modelName":"Qwen/Qwen3-VL-32B-Instruct","targetModelName":"Qwen/Qwen3-VL-32B-Instruct"}
{"level":"info","ts":1785055531.6743083,"caller":"handlers/server.go:368","msg":"EPP received request","x-request-id":"5fc8addd-c052-46ec-af02-2251cc4a16f0"}
{"level":"info","ts":1785055531.8122084,"caller":"handlers/server.go:626","msg":"EPP sent request body response(s) to proxy","x-request-id":"5fc8addd-c052-46ec-af02-2251cc4a16f0","modelName":"Qwen/Qwen3-VL-32B-Instruct","targetModelName":"Qwen/Qwen3-VL-32B-Instruct"}
{"level":"info","ts":1785055532.1310437,"caller":"handlers/server.go:368","msg":"EPP received request","x-request-id":"cc7d255a-ae07-4cdf-bde3-10bc0a2c9918"}
{"level":"info","ts":1785055532.268779,"caller":"handlers/server.go:626","msg":"EPP sent request body response(s) to proxy","x-request-id":"cc7d255a-ae07-4cdf-bde3-10bc0a2c9918","modelName":"Qwen/Qwen3-VL-32B-Instruct","targetModelName":"Qwen/Qwen3-VL-32B-Instruct"}
{"level":"info","ts":1785055532.2834895,"caller":"handlers/server.go:368","msg":"EPP received request","x-request-id":"33275778-d12a-4ede-91e7-a53585ca6be6"}
{"level":"info","ts":1785055532.352759,"caller":"handlers/server.go:368","msg":"EPP received request","x-request-id":"91cd7232-38ba-4d54-8fd4-f17579ba7368"}
{"level":"info","ts":1785055532.42073,"caller":"handlers/server.go:626","msg":"EPP sent request body response(s) to proxy","x-request-id":"33275778-d12a-4ede-91e7-a53585ca6be6","modelName":"Qwen/Qwen3-VL-32B-Instruct","targetModelName":"Qwen/Qwen3-VL-32B-Instruct"}
{"level":"info","ts":1785055532.5120976,"caller":"handlers/server.go:626","msg":"EPP sent request body response(s) to proxy","x-request-id":"91cd7232-38ba-4d54-8fd4-f17579ba7368","modelName":"Qwen/Qwen3-VL-32B-Instruct","targetModelName":"Qwen/Qwen3-VL-32B-Instruct"}
{"level":"info","ts":1785055532.7095683,"caller":"handlers/server.go:368","msg":"EPP received request","x-request-id":"3a5c6496-c7f1-417e-a00b-b3636de0dc38"}
{"level":"info","ts":1785055532.712301,"caller":"handlers/server.go:368","msg":"EPP received request","x-request-id":"33d2f57d-a321-4d29-bd00-6968e565c68b"}
{"level":"info","ts":1785055532.7814283,"caller":"handlers/server.go:626","msg":"EPP sent request body response(s) to proxy","x-request-id":"3a5c6496-c7f1-417e-a00b-b3636de0dc38","modelName":"Qwen/Qwen3-VL-32B-Instruct","targetModelName":"Qwen/Qwen3-VL-32B-Instruct"}
{"level":"info","ts":1785055532.8503034,"caller":"handlers/server.go:626","msg":"EPP sent request body response(s) to proxy","x-request-id":"33d2f57d-a321-4d29-bd00-6968e565c68b","modelName":"Qwen/Qwen3-VL-32B-Instruct","targetModelName":"Qwen/Qwen3-VL-32B-Instruct"}
{"level":"info","ts":1785055532.875071,"caller":"handlers/server.go:368","msg":"EPP received request","x-request-id":"698ea949-ba00-473b-a582-0a3506df8539"}
{"level":"info","ts":1785055532.939838,"caller":"handlers/server.go:368","msg":"EPP received request","x-request-id":"8d802bf1-b731-4ca9-b073-285b5cafc242"}
{"level":"info","ts":1785055532.9801626,"caller":"handlers/server.go:626","msg":"EPP sent request body response(s) to proxy","x-request-id":"698ea949-ba00-473b-a582-0a3506df8539","modelName":"Qwen/Qwen3-VL-32B-Instruct","targetModelName":"Qwen/Qwen3-VL-32B-Instruct"}
{"level":"info","ts":1785055533.0682561,"caller":"handlers/server.go:626","msg":"EPP sent request body response(s) to proxy","x-request-id":"8d802bf1-b731-4ca9-b073-285b5cafc242","modelName":"Qwen/Qwen3-VL-32B-Instruct","targetModelName":"Qwen/Qwen3-VL-32B-Instruct"}
{"level":"info","ts":1785055533.291627,"caller":"handlers/server.go:368","msg":"EPP received request","x-request-id":"8f2de8d0-f3be-41d2-89f6-e4b9d5c0aa2b"}
{"level":"info","ts":1785055533.3882778,"caller":"handlers/server.go:626","msg":"EPP sent request body response(s) to proxy","x-request-id":"8f2de8d0-f3be-41d2-89f6-e4b9d5c0aa2b","modelName":"Qwen/Qwen3-VL-32B-Instruct","targetModelName":"Qwen/Qwen3-VL-32B-Instruct"}
{"level":"info","ts":1785055533.4997785,"caller":"handlers/server.go:368","msg":"EPP received request","x-request-id":"395354eb-c125-4863-82de-2ea86178821e"}
{"level":"info","ts":1785055533.5014255,"caller":"handlers/server.go:368","msg":"EPP received request","x-request-id":"b4577f38-c56f-45fe-be54-35992427f1f1"}
{"level":"info","ts":1785055533.5416477,"caller":"handlers/server.go:368","msg":"EPP received request","x-request-id":"b09cf570-dce5-4bb8-9bf0-7c13be8d42c9"}
{"level":"info","ts":1785055533.5966785,"caller":"handlers/server.go:626","msg":"EPP sent request body response(s) to proxy","x-request-id":"395354eb-c125-4863-82de-2ea86178821e","modelName":"Qwen/Qwen3-VL-32B-Instruct","targetModelName":"Qwen/Qwen3-VL-32B-Instruct"}
{"level":"info","ts":1785055533.6520786,"caller":"handlers/server.go:626","msg":"EPP sent request body response(s) to proxy","x-request-id":"b4577f38-c56f-45fe-be54-35992427f1f1","modelName":"Qwen/Qwen3-VL-32B-Instruct","targetModelName":"Qwen/Qwen3-VL-32B-Instruct"}
{"level":"info","ts":1785055533.6605709,"caller":"handlers/server.go:626","msg":"EPP sent request body response(s) to proxy","x-request-id":"b09cf570-dce5-4bb8-9bf0-7c13be8d42c9","modelName":"Qwen/Qwen3-VL-32B-Instruct","targetModelName":"Qwen/Qwen3-VL-32B-Instruct"}
{"level":"info","ts":1785055533.8839152,"caller":"handlers/server.go:368","msg":"EPP received request","x-request-id":"2bb2a590-f4fc-4b8c-beb9-e31b187e2d1c"}
{"level":"info","ts":1785055533.9044352,"caller":"handlers/server.go:368","msg":"EPP received request","x-request-id":"7d63a846-8248-4bf5-8866-dacb4a1e7a67"}
{"level":"info","ts":1785055533.9787416,"caller":"handlers/server.go:626","msg":"EPP sent request body response(s) to proxy","x-request-id":"2bb2a590-f4fc-4b8c-beb9-e31b187e2d1c","modelName":"Qwen/Qwen3-VL-32B-Instruct","targetModelName":"Qwen/Qwen3-VL-32B-Instruct"}
{"level":"info","ts":1785055533.994444,"caller":"handlers/server.go:626","msg":"EPP sent request body response(s) to proxy","x-request-id":"7d63a846-8248-4bf5-8866-dacb4a1e7a67","modelName":"Qwen/Qwen3-VL-32B-Instruct","targetModelName":"Qwen/Qwen3-VL-32B-Instruct"}
{"level":"info","ts":1785055534.1577592,"caller":"handlers/server.go:368","msg":"EPP received request","x-request-id":"e3b63095-275c-4da6-ab65-98124ab91a5a"}
{"level":"info","ts":1785055534.3190298,"caller":"handlers/server.go:626","msg":"EPP sent request body response(s) to proxy","x-request-id":"e3b63095-275c-4da6-ab65-98124ab91a5a","modelName":"Qwen/Qwen3-VL-32B-Instruct","targetModelName":"Qwen/Qwen3-VL-32B-Instruct"}
{"level":"info","ts":1785055534.4782066,"caller":"handlers/server.go:368","msg":"EPP received request","x-request-id":"37e97ea0-eca4-4871-857b-37397cbb8216"}
{"level":"info","ts":1785055534.6448748,"caller":"handlers/server.go:626","msg":"EPP sent request body response(s) to proxy","x-request-id":"37e97ea0-eca4-4871-857b-37397cbb8216","modelName":"Qwen/Qwen3-VL-32B-Instruct","targetModelName":"Qwen/Qwen3-VL-32B-Instruct"}
{"level":"info","ts":1785055534.7357535,"caller":"handlers/server.go:368","msg":"EPP received request","x-request-id":"1f1a5603-bf53-4927-bd16-499f90394787"}
{"level":"info","ts":1785055534.8320613,"caller":"handlers/server.go:626","msg":"EPP sent request body response(s) to proxy","x-request-id":"1f1a5603-bf53-4927-bd16-499f90394787","modelName":"Qwen/Qwen3-VL-32B-Instruct","targetModelName":"Qwen/Qwen3-VL-32B-Instruct"}
{"level":"info","ts":1785055535.0640526,"caller":"handlers/server.go:368","msg":"EPP received request","x-request-id":"6cf4b3fe-5a6c-4119-a2ce-f3fb7b427ffe"}
{"level":"info","ts":1785055535.1306806,"caller":"handlers/server.go:368","msg":"EPP received request","x-request-id":"cacd630b-544c-47c8-b340-2e3bd54896aa"}
{"level":"info","ts":1785055535.1584475,"caller":"handlers/server.go:626","msg":"EPP sent request body response(s) to proxy","x-request-id":"6cf4b3fe-5a6c-4119-a2ce-f3fb7b427ffe","modelName":"Qwen/Qwen3-VL-32B-Instruct","targetModelName":"Qwen/Qwen3-VL-32B-Instruct"}
{"level":"info","ts":1785055535.2948022,"caller":"handlers/server.go:626","msg":"EPP sent request body response(s) to proxy","x-request-id":"cacd630b-544c-47c8-b340-2e3bd54896aa","modelName":"Qwen/Qwen3-VL-32B-Instruct","targetModelName":"Qwen/Qwen3-VL-32B-Instruct"}
{"level":"info","ts":1785055535.3401296,"caller":"handlers/server.go:368","msg":"EPP received request","x-request-id":"17ff4047-e9cc-4e15-a110-bdfb77e64bcb"}
{"level":"info","ts":1785055535.4621952,"caller":"handlers/server.go:626","msg":"EPP sent request body response(s) to proxy","x-request-id":"17ff4047-e9cc-4e15-a110-bdfb77e64bcb","modelName":"Qwen/Qwen3-VL-32B-Instruct","targetModelName":"Qwen/Qwen3-VL-32B-Instruct"}
{"level":"info","ts":1785055535.6989095,"caller":"handlers/server.go:368","msg":"EPP received request","x-request-id":"8ab43a18-1d01-40b3-aa0f-757fed951c84"}
{"level":"info","ts":1785055535.710879,"caller":"handlers/server.go:368","msg":"EPP received request","x-request-id":"f67a0d94-8fbe-4892-a4d8-3f3de30f2e81"}
{"level":"info","ts":1785055535.7117736,"caller":"handlers/server.go:368","msg":"EPP received request","x-request-id":"afa07ace-c311-4562-8639-b561128905c9"}
{"level":"info","ts":1785055535.8090987,"caller":"handlers/server.go:626","msg":"EPP sent request body response(s) to proxy","x-request-id":"f67a0d94-8fbe-4892-a4d8-3f3de30f2e81","modelName":"Qwen/Qwen3-VL-32B-Instruct","targetModelName":"Qwen/Qwen3-VL-32B-Instruct"}
{"level":"info","ts":1785055535.812686,"caller":"handlers/server.go:626","msg":"EPP sent request body response(s) to proxy","x-request-id":"afa07ace-c311-4562-8639-b561128905c9","modelName":"Qwen/Qwen3-VL-32B-Instruct","targetModelName":"Qwen/Qwen3-VL-32B-Instruct"}
{"level":"info","ts":1785055535.8742309,"caller":"handlers/server.go:626","msg":"EPP sent request body response(s) to proxy","x-request-id":"8ab43a18-1d01-40b3-aa0f-757fed951c84","modelName":"Qwen/Qwen3-VL-32B-Instruct","targetModelName":"Qwen/Qwen3-VL-32B-Instruct"}
{"level":"info","ts":1785055535.8975265,"caller":"handlers/server.go:368","msg":"EPP received request","x-request-id":"9eb177d3-f758-481d-8b04-daf7e05f8dfe"}
{"level":"info","ts":1785055536.034717,"caller":"handlers/server.go:626","msg":"EPP sent request body response(s) to proxy","x-request-id":"9eb177d3-f758-481d-8b04-daf7e05f8dfe","modelName":"Qwen/Qwen3-VL-32B-Instruct","targetModelName":"Qwen/Qwen3-VL-32B-Instruct"}
{"level":"info","ts":1785055536.2826757,"caller":"handlers/server.go:368","msg":"EPP received request","x-request-id":"ecd96c9c-874c-4b34-928e-5ed8ebd71638"}
{"level":"info","ts":1785055536.3177736,"caller":"handlers/server.go:368","msg":"EPP received request","x-request-id":"22a4d297-6dd7-4a32-950c-48e03e96983e"}
{"level":"info","ts":1785055536.414235,"caller":"handlers/server.go:626","msg":"EPP sent request body response(s) to proxy","x-request-id":"22a4d297-6dd7-4a32-950c-48e03e96983e","modelName":"Qwen/Qwen3-VL-32B-Instruct","targetModelName":"Qwen/Qwen3-VL-32B-Instruct"}
{"level":"info","ts":1785055536.415832,"caller":"handlers/server.go:626","msg":"EPP sent request body response(s) to proxy","x-request-id":"ecd96c9c-874c-4b34-928e-5ed8ebd71638","modelName":"Qwen/Qwen3-VL-32B-Instruct","targetModelName":"Qwen/Qwen3-VL-32B-Instruct"}
{"level":"info","ts":1785055536.52653,"caller":"handlers/server.go:368","msg":"EPP received request","x-request-id":"f6d72c23-8ef5-4934-9fb1-e3e74b3d2f65"}
{"level":"info","ts":1785055536.6984737,"caller":"handlers/server.go:626","msg":"EPP sent request body response(s) to proxy","x-request-id":"f6d72c23-8ef5-4934-9fb1-e3e74b3d2f65","modelName":"Qwen/Qwen3-VL-32B-Instruct","targetModelName":"Qwen/Qwen3-VL-32B-Instruct"}
{"level":"info","ts":1785055536.9017487,"caller":"handlers/server.go:368","msg":"EPP received request","x-request-id":"c7e0a3d8-d779-4a4c-80de-96241197071e"}
{"level":"info","ts":1785055536.909283,"caller":"handlers/server.go:368","msg":"EPP received request","x-request-id":"e6120616-e2bb-4e3f-89d0-ac97819e1289"}
{"level":"info","ts":1785055537.077891,"caller":"handlers/server.go:626","msg":"EPP sent request body response(s) to proxy","x-request-id":"c7e0a3d8-d779-4a4c-80de-96241197071e","modelName":"Qwen/Qwen3-VL-32B-Instruct","targetModelName":"Qwen/Qwen3-VL-32B-Instruct"}
{"level":"info","ts":1785055537.0798392,"caller":"handlers/server.go:626","msg":"EPP sent request body response(s) to proxy","x-request-id":"e6120616-e2bb-4e3f-89d0-ac97819e1289","modelName":"Qwen/Qwen3-VL-32B-Instruct","targetModelName":"Qwen/Qwen3-VL-32B-Instruct"}
{"level":"info","ts":1785055537.5055847,"caller":"handlers/server.go:368","msg":"EPP received request","x-request-id":"1e514e01-f93a-4215-b370-11852b71919d"}
{"level":"info","ts":1785055537.6428185,"caller":"handlers/server.go:626","msg":"EPP sent request body response(s) to proxy","x-request-id":"1e514e01-f93a-4215-b370-11852b71919d","modelName":"Qwen/Qwen3-VL-32B-Instruct","targetModelName":"Qwen/Qwen3-VL-32B-Instruct"}
{"level":"info","ts":1785055537.7173216,"caller":"handlers/server.go:368","msg":"EPP received request","x-request-id":"f22123f5-1329-41ae-9ee8-b68f11095180"}
{"level":"info","ts":1785055537.891649,"caller":"handlers/server.go:626","msg":"EPP sent request body response(s) to proxy","x-request-id":"f22123f5-1329-41ae-9ee8-b68f11095180","modelName":"Qwen/Qwen3-VL-32B-Instruct","targetModelName":"Qwen/Qwen3-VL-32B-Instruct"}
{"level":"info","ts":1785055538.1173997,"caller":"handlers/server.go:368","msg":"EPP received request","x-request-id":"f6d869d0-5769-4dc4-8121-b38f462ccbcb"}
{"level":"info","ts":1785055538.2418966,"caller":"handlers/server.go:368","msg":"EPP received request","x-request-id":"b6c156dd-1f98-45bf-a6c4-f32b5cdbdd2a"}
{"level":"info","ts":1785055538.299715,"caller":"handlers/server.go:626","msg":"EPP sent request body response(s) to proxy","x-request-id":"f6d869d0-5769-4dc4-8121-b38f462ccbcb","modelName":"Qwen/Qwen3-VL-32B-Instruct","targetModelName":"Qwen/Qwen3-VL-32B-Instruct"}
{"level":"info","ts":1785055538.3261216,"caller":"handlers/server.go:368","msg":"EPP received request","x-request-id":"6c9ffe92-61ae-4aba-9594-7355d84d22e6"}
{"level":"info","ts":1785055538.3995929,"caller":"handlers/server.go:626","msg":"EPP sent request body response(s) to proxy","x-request-id":"b6c156dd-1f98-45bf-a6c4-f32b5cdbdd2a","modelName":"Qwen/Qwen3-VL-32B-Instruct","targetModelName":"Qwen/Qwen3-VL-32B-Instruct"}
{"level":"info","ts":1785055538.4931083,"caller":"handlers/server.go:626","msg":"EPP sent request body response(s) to proxy","x-request-id":"6c9ffe92-61ae-4aba-9594-7355d84d22e6","modelName":"Qwen/Qwen3-VL-32B-Instruct","targetModelName":"Qwen/Qwen3-VL-32B-Instruct"}
{"level":"info","ts":1785055538.7062228,"caller":"handlers/server.go:368","msg":"EPP received request","x-request-id":"28441641-48e5-456d-be0f-270ab015621f"}
{"level":"info","ts":1785055538.723474,"caller":"handlers/server.go:368","msg":"EPP received request","x-request-id":"6ad4e4e8-1974-4d9d-ac67-6745eaa543c7"}
{"level":"info","ts":1785055538.8321571,"caller":"handlers/server.go:626","msg":"EPP sent request body response(s) to proxy","x-request-id":"28441641-48e5-456d-be0f-270ab015621f","modelName":"Qwen/Qwen3-VL-32B-Instruct","targetModelName":"Qwen/Qwen3-VL-32B-Instruct"}
{"level":"info","ts":1785055538.886661,"caller":"handlers/server.go:626","msg":"EPP sent request body response(s) to proxy","x-request-id":"6ad4e4e8-1974-4d9d-ac67-6745eaa543c7","modelName":"Qwen/Qwen3-VL-32B-Instruct","targetModelName":"Qwen/Qwen3-VL-32B-Instruct"}
{"level":"info","ts":1785055539.3183758,"caller":"handlers/server.go:368","msg":"EPP received request","x-request-id":"4473ac41-87dd-44b6-80d7-39185f4c9211"}
{"level":"info","ts":1785055539.4426656,"caller":"handlers/server.go:626","msg":"EPP sent request body response(s) to proxy","x-request-id":"4473ac41-87dd-44b6-80d7-39185f4c9211","modelName":"Qwen/Qwen3-VL-32B-Instruct","targetModelName":"Qwen/Qwen3-VL-32B-Instruct"}
{"level":"info","ts":1785055539.7306943,"caller":"handlers/server.go:368","msg":"EPP received request","x-request-id":"4d2d9d90-b2a1-4b67-83c0-1cdb90bc1a6d"}
{"level":"info","ts":1785055539.8908112,"caller":"handlers/server.go:626","msg":"EPP sent request body response(s) to proxy","x-request-id":"4d2d9d90-b2a1-4b67-83c0-1cdb90bc1a6d","modelName":"Qwen/Qwen3-VL-32B-Instruct","targetModelName":"Qwen/Qwen3-VL-32B-Instruct"}
{"level":"info","ts":1785055542.278463,"caller":"handlers/server.go:654","msg":"EPP sent response body back to proxy","x-request-id":"4db817df-6ac4-4ffa-9005-2048860f8f28"}
{"level":"info","ts":1785055542.8023994,"caller":"handlers/server.go:654","msg":"EPP sent response body back to proxy","x-request-id":"250a8e81-d122-4cf6-8355-2af76f00c0e3"}
{"level":"info","ts":1785055543.7809558,"caller":"handlers/server.go:654","msg":"EPP sent response body back to proxy","x-request-id":"834ffeff-2ada-46db-89ce-f23d9ff10ca5"}
{"level":"info","ts":1785055544.9119942,"caller":"handlers/server.go:654","msg":"EPP sent response body back to proxy","x-request-id":"f4fbe2f6-6032-4175-842f-c60cf19ca0c4"}
{"level":"info","ts":1785055544.9205515,"caller":"handlers/server.go:654","msg":"EPP sent response body back to proxy","x-request-id":"5baf1a74-895e-40da-b23d-c8e18a78b65c"}
{"level":"info","ts":1785055544.9401267,"caller":"handlers/server.go:654","msg":"EPP sent response body back to proxy","x-request-id":"7a64d605-fb50-4a2e-8fe2-003a8ac24113"}
{"level":"info","ts":1785055545.0998976,"caller":"handlers/server.go:654","msg":"EPP sent response body back to proxy","x-request-id":"44f701d2-9808-4066-9ab7-c139a37c7556"}
{"level":"info","ts":1785055545.2149007,"caller":"handlers/server.go:654","msg":"EPP sent response body back to proxy","x-request-id":"85151e43-9c9c-4d16-a1e0-51d9c9c7d2ff"}
{"level":"info","ts":1785055545.327172,"caller":"handlers/server.go:654","msg":"EPP sent response body back to proxy","x-request-id":"cc30cc9f-65d9-4710-b4b5-cf5a9be563c4"}
{"level":"info","ts":1785055545.991466,"caller":"handlers/server.go:654","msg":"EPP sent response body back to proxy","x-request-id":"8096dca4-65db-45d9-b405-514406411c48"}
{"level":"info","ts":1785055546.5997145,"caller":"handlers/server.go:654","msg":"EPP sent response body back to proxy","x-request-id":"270cead9-b0d1-4866-abef-3c7b706c23f5"}
{"level":"info","ts":1785055546.752066,"caller":"handlers/server.go:654","msg":"EPP sent response body back to proxy","x-request-id":"af7a4de5-a03c-4e1a-baf0-7a48bde9b85b"}
{"level":"info","ts":1785055547.1755075,"caller":"handlers/server.go:654","msg":"EPP sent response body back to proxy","x-request-id":"2a3f2ed7-83de-42a7-a477-b1c8cc8d8cc9"}
{"level":"info","ts":1785055547.3374162,"caller":"handlers/server.go:654","msg":"EPP sent response body back to proxy","x-request-id":"fac87d91-8830-4698-86df-a36b194977fb"}
{"level":"info","ts":1785055548.0257938,"caller":"handlers/server.go:654","msg":"EPP sent response body back to proxy","x-request-id":"8fb757cb-8c78-4678-9875-87acf3d2cdb9"}
{"level":"info","ts":1785055548.9210336,"caller":"handlers/server.go:654","msg":"EPP sent response body back to proxy","x-request-id":"1730c62d-ae19-49cf-a0d2-78f4260e5877"}
{"level":"info","ts":1785055549.4466844,"caller":"handlers/server.go:654","msg":"EPP sent response body back to proxy","x-request-id":"dac9eada-7b00-49cd-9d29-f8242d7a0e3b"}
{"level":"info","ts":1785055549.5610642,"caller":"handlers/server.go:654","msg":"EPP sent response body back to proxy","x-request-id":"4246eeb7-c1c4-4b8c-99b0-1ef5cdac8b66"}
{"level":"info","ts":1785055549.8958817,"caller":"handlers/server.go:654","msg":"EPP sent response body back to proxy","x-request-id":"ab2e3878-6fdc-46c2-9194-3ce745d17937"}
{"level":"info","ts":1785055550.0985754,"caller":"handlers/server.go:654","msg":"EPP sent response body back to proxy","x-request-id":"78068a96-4ebc-473d-9028-d0bcfce8876a"}
{"level":"info","ts":1785055550.3412135,"caller":"handlers/server.go:654","msg":"EPP sent response body back to proxy","x-request-id":"c2d3e528-72e6-4060-a641-16003162b6fc"}
{"level":"info","ts":1785055550.598666,"caller":"handlers/server.go:654","msg":"EPP sent response body back to proxy","x-request-id":"67bf41f6-5aa1-4ec4-b258-f809487b00cc"}
{"level":"info","ts":1785055551.0790272,"caller":"handlers/server.go:654","msg":"EPP sent response body back to proxy","x-request-id":"c0c363f9-af86-48d7-8b48-2cd7447f5ac5"}
{"level":"info","ts":1785055551.738691,"caller":"handlers/server.go:654","msg":"EPP sent response body back to proxy","x-request-id":"cba1427a-279b-4cbd-99b7-d96e41a47497"}
{"level":"info","ts":1785055566.6549625,"caller":"handlers/server.go:654","msg":"EPP sent response body back to proxy","x-request-id":"84820f21-e054-49eb-96bc-d3349e56515f"}
{"level":"info","ts":1785055568.3942661,"caller":"handlers/server.go:654","msg":"EPP sent response body back to proxy","x-request-id":"6113cc90-bcf3-41bf-8168-115fbe29e746"}
{"level":"info","ts":1785055568.7574909,"caller":"handlers/server.go:654","msg":"EPP sent response body back to proxy","x-request-id":"515af9e5-f3ec-410f-8ecb-571c45a232b7"}
{"level":"info","ts":1785055569.364802,"caller":"handlers/server.go:654","msg":"EPP sent response body back to proxy","x-request-id":"8031bb3b-c588-4f1a-b4bf-7369bdaba773"}
{"level":"info","ts":1785055570.6787064,"caller":"handlers/server.go:654","msg":"EPP sent response body back to proxy","x-request-id":"c8025a99-eab3-40ee-9246-7c43832bd20d"}
{"level":"info","ts":1785055570.9581237,"caller":"handlers/server.go:654","msg":"EPP sent response body back to proxy","x-request-id":"962ad4aa-c958-4b66-b02f-26910c623468"}
{"level":"info","ts":1785055571.1371217,"caller":"handlers/server.go:654","msg":"EPP sent response body back to proxy","x-request-id":"eb3f0a4a-8685-4b9f-a9ae-594d9881b31e"}
{"level":"info","ts":1785055572.0925298,"caller":"handlers/server.go:654","msg":"EPP sent response body back to proxy","x-request-id":"be22b698-b513-4c67-b1dc-47f19bf59643"}
{"level":"info","ts":1785055572.5463405,"caller":"handlers/server.go:654","msg":"EPP sent response body back to proxy","x-request-id":"b17be9df-cf5d-434a-986a-f8ec43ca0a84"}
{"level":"info","ts":1785055572.980411,"caller":"handlers/server.go:654","msg":"EPP sent response body back to proxy","x-request-id":"2bc94f55-d9e1-41c3-b394-ae39d546e690"}
{"level":"info","ts":1785055573.6142187,"caller":"handlers/server.go:654","msg":"EPP sent response body back to proxy","x-request-id":"fbff28e6-be2f-415d-ace2-5692ec64827e"}
{"level":"info","ts":1785055574.452009,"caller":"handlers/server.go:654","msg":"EPP sent response body back to proxy","x-request-id":"fd15e424-ef66-496d-a0a8-8242334ef2b3"}
{"level":"info","ts":1785055575.0414147,"caller":"handlers/server.go:654","msg":"EPP sent response body back to proxy","x-request-id":"441af3ab-1593-470e-88e7-beed066d253e"}
{"level":"info","ts":1785055575.2338035,"caller":"handlers/server.go:654","msg":"EPP sent response body back to proxy","x-request-id":"32083ce8-8816-4e84-a5ea-882ecf48eb09"}
{"level":"info","ts":1785055576.0819385,"caller":"handlers/server.go:654","msg":"EPP sent response body back to proxy","x-request-id":"49cece3f-d817-4e18-bcf3-b418604b9ff0"}
{"level":"info","ts":1785055576.3333411,"caller":"handlers/server.go:654","msg":"EPP sent response body back to proxy","x-request-id":"27a6895d-0854-4b52-a72e-e8a0be6d37e0"}
{"level":"info","ts":1785055577.0921555,"caller":"handlers/server.go:654","msg":"EPP sent response body back to proxy","x-request-id":"01d85314-e1d4-460c-b6de-d327ef77aaf3"}
{"level":"info","ts":1785055577.3218658,"caller":"handlers/server.go:654","msg":"EPP sent response body back to proxy","x-request-id":"6db7ab18-b588-4749-a939-ba4a5eebb201"}
{"level":"info","ts":1785055577.5310082,"caller":"handlers/server.go:654","msg":"EPP sent response body back to proxy","x-request-id":"1d85c6ae-9c1c-40f8-93ab-57ca69ef4781"}
{"level":"info","ts":1785055578.3362556,"caller":"handlers/server.go:654","msg":"EPP sent response body back to proxy","x-request-id":"4f37ce89-1f66-4741-8c3d-471dfc195f3a"}
{"level":"info","ts":1785055578.5194561,"caller":"handlers/server.go:654","msg":"EPP sent response body back to proxy","x-request-id":"ba4fb42f-c455-467f-bde1-5a5ed9350964"}
{"level":"info","ts":1785055578.78855,"caller":"handlers/server.go:654","msg":"EPP sent response body back to proxy","x-request-id":"51f23085-19c5-4b5b-be77-3349d44fce6b"}
{"level":"info","ts":1785055579.8702662,"caller":"handlers/server.go:654","msg":"EPP sent response body back to proxy","x-request-id":"d1f47182-5aeb-4a16-9d22-80c736a94f4d"}
{"level":"info","ts":1785055580.495904,"caller":"handlers/server.go:654","msg":"EPP sent response body back to proxy","x-request-id":"85d584e4-da38-4277-8cd1-605805e9735e"}
{"level":"info","ts":1785055591.2218885,"caller":"handlers/server.go:654","msg":"EPP sent response body back to proxy","x-request-id":"08446368-9437-4433-8edf-76f465abd6d5"}
{"level":"info","ts":1785055592.8254066,"caller":"handlers/server.go:654","msg":"EPP sent response body back to proxy","x-request-id":"2b35c2d8-a744-4a13-b456-92d03121af7d"}
{"level":"info","ts":1785055593.8388848,"caller":"handlers/server.go:654","msg":"EPP sent response body back to proxy","x-request-id":"28aa4b10-c738-4852-b13a-eeb38d5d76ee"}
{"level":"info","ts":1785055593.9129612,"caller":"handlers/server.go:654","msg":"EPP sent response body back to proxy","x-request-id":"ceafff15-c6d2-4366-829d-b13ed20ebf08"}
{"level":"info","ts":1785055595.6095538,"caller":"handlers/server.go:654","msg":"EPP sent response body back to proxy","x-request-id":"6865578a-b0d3-4581-9e5c-276127cedb9d"}
{"level":"info","ts":1785055595.7363045,"caller":"handlers/server.go:654","msg":"EPP sent response body back to proxy","x-request-id":"bf29c8f6-1181-4ac4-9871-0bf39558cf11"}
{"level":"info","ts":1785055595.8364692,"caller":"handlers/server.go:654","msg":"EPP sent response body back to proxy","x-request-id":"eb22568f-d625-4bc9-ad35-78c47880460e"}
{"level":"info","ts":1785055597.9446666,"caller":"handlers/server.go:654","msg":"EPP sent response body back to proxy","x-request-id":"89e14f62-9496-4e35-ba20-04044c7c29f9"}
{"level":"info","ts":1785055598.6467774,"caller":"handlers/server.go:654","msg":"EPP sent response body back to proxy","x-request-id":"4c2ebff1-56fe-46c0-baf2-b9897f9fed0b"}
{"level":"info","ts":1785055598.9324408,"caller":"handlers/server.go:654","msg":"EPP sent response body back to proxy","x-request-id":"b2edaa03-e461-9739-b6b2-9cd48c4c4d59"}
{"level":"info","ts":1785055599.9987533,"caller":"handlers/server.go:654","msg":"EPP sent response body back to proxy","x-request-id":"aec06c7c-7251-4265-8aca-95ac542af002"}
{"level":"info","ts":1785055601.4568863,"caller":"handlers/server.go:654","msg":"EPP sent response body back to proxy","x-request-id":"f7a266ad-8563-4317-962f-bc220325dbd1"}
{"level":"info","ts":1785055601.9463387,"caller":"handlers/server.go:654","msg":"EPP sent response body back to proxy","x-request-id":"fbfa7621-b88d-4559-b2c4-0e4c78bb3a75"}
{"level":"info","ts":1785055602.3822553,"caller":"handlers/server.go:654","msg":"EPP sent response body back to proxy","x-request-id":"25598a01-0cba-4c11-9a33-45bcc1d65a07"}
{"level":"info","ts":1785055602.560268,"caller":"controller/pod_reconciler.go:97","msg":"Pod added","controller":"pod","controllerGroup":"","controllerKind":"Pod","Pod":{"name":"epd-nvidia-gpu-vllm-decode-slow-7b7f4bb875-6lk9k","namespace":"dpikus-epd-sglang-bench"},"namespace":"dpikus-epd-sglang-bench","name":"epd-nvidia-gpu-vllm-decode-slow-7b7f4bb875-6lk9k","reconcileID":"9cf1c7d5-68a3-4a9b-9844-685d35952c73"}
{"level":"info","ts":1785055602.723694,"caller":"handlers/server.go:654","msg":"EPP sent response body back to proxy","x-request-id":"f42e0f29-7fd6-4551-8f57-94fc33050cb3"}
{"level":"info","ts":1785055603.2604172,"caller":"controller/pod_reconciler.go:97","msg":"Pod added","controller":"pod","controllerGroup":"","controllerKind":"Pod","Pod":{"name":"epd-nvidia-gpu-vllm-decode-d9d499948-ccdx2","namespace":"dpikus-epd-sglang-bench"},"namespace":"dpikus-epd-sglang-bench","name":"epd-nvidia-gpu-vllm-decode-d9d499948-ccdx2","reconcileID":"5ec80cb3-d53e-4047-b0f9-22d67e9d1134"}
{"level":"info","ts":1785055603.5685284,"caller":"handlers/server.go:654","msg":"EPP sent response body back to proxy","x-request-id":"b8562c6f-b4b2-42d3-b7c3-8c6ff4d33af2"}
{"level":"info","ts":1785055603.8762822,"caller":"handlers/server.go:654","msg":"EPP sent response body back to proxy","x-request-id":"d0ca363a-8a8c-4496-9956-0a93c1ce7f4c"}
{"level":"info","ts":1785055603.9218402,"caller":"handlers/server.go:654","msg":"EPP sent response body back to proxy","x-request-id":"15aebb3a-4148-4797-98b8-75404a85fa96"}
{"level":"info","ts":1785055604.2381577,"caller":"handlers/server.go:654","msg":"EPP sent response body back to proxy","x-request-id":"2507e896-b371-4e65-b22f-4f10af05eaeb"}
{"level":"info","ts":1785055605.9311345,"caller":"handlers/server.go:654","msg":"EPP sent response body back to proxy","x-request-id":"b9c4c016-9538-46e0-ac75-a2a8193b0c33"}
{"level":"info","ts":1785055606.1604445,"caller":"handlers/server.go:654","msg":"EPP sent response body back to proxy","x-request-id":"b64f8461-1398-44b8-b45e-14b4e8811964"}
{"level":"info","ts":1785055606.5547411,"caller":"handlers/server.go:654","msg":"EPP sent response body back to proxy","x-request-id":"5fc8addd-c052-46ec-af02-2251cc4a16f0"}
{"level":"info","ts":1785055607.63824,"caller":"handlers/server.go:654","msg":"EPP sent response body back to proxy","x-request-id":"cc7d255a-ae07-4cdf-bde3-10bc0a2c9918"}
{"level":"info","ts":1785055608.2732642,"caller":"handlers/server.go:654","msg":"EPP sent response body back to proxy","x-request-id":"33275778-d12a-4ede-91e7-a53585ca6be6"}
{"level":"info","ts":1785055616.2130332,"caller":"handlers/server.go:654","msg":"EPP sent response body back to proxy","x-request-id":"69ab659d-94b4-405e-98d7-ab48b0b0caae"}
{"level":"info","ts":1785055617.917435,"caller":"handlers/server.go:654","msg":"EPP sent response body back to proxy","x-request-id":"1bbcbf6d-4dc0-44dd-a07c-df8d1c7d2af2"}
{"level":"info","ts":1785055618.7700033,"caller":"handlers/server.go:654","msg":"EPP sent response body back to proxy","x-request-id":"9baf6360-38ca-4a4f-bee1-f1d25d5ce710"}
{"level":"info","ts":1785055618.8970609,"caller":"handlers/server.go:654","msg":"EPP sent response body back to proxy","x-request-id":"49ab0c5a-b7bf-4f37-9183-8ddad0040459"}
{"level":"info","ts":1785055620.660997,"caller":"handlers/server.go:654","msg":"EPP sent response body back to proxy","x-request-id":"03a7953f-0365-4bdd-ad8a-d529d81cbe8e"}
{"level":"info","ts":1785055620.6811633,"caller":"handlers/server.go:654","msg":"EPP sent response body back to proxy","x-request-id":"6d4cc143-15d5-4f62-873f-3d9bd3f0b0e4"}
{"level":"info","ts":1785055620.9409902,"caller":"handlers/server.go:654","msg":"EPP sent response body back to proxy","x-request-id":"9e8666bf-6c75-4725-8188-e7e1f1e90da2"}
{"level":"info","ts":1785055622.9699469,"caller":"handlers/server.go:654","msg":"EPP sent response body back to proxy","x-request-id":"32446d0e-9632-49a4-b248-5f0389c1349c"}
{"level":"info","ts":1785055625.9024632,"caller":"handlers/server.go:654","msg":"EPP sent response body back to proxy","x-request-id":"1cdf3ab4-ceaf-4310-af4b-9df8fb53b321"}
{"level":"info","ts":1785055626.4277384,"caller":"handlers/server.go:654","msg":"EPP sent response body back to proxy","x-request-id":"e8982255-4543-40bc-af69-c65ff1f54e9e"}
{"level":"info","ts":1785055627.4681458,"caller":"handlers/server.go:654","msg":"EPP sent response body back to proxy","x-request-id":"f67a0d94-8fbe-4892-a4d8-3f3de30f2e81"}
{"level":"info","ts":1785055628.9168787,"caller":"handlers/server.go:654","msg":"EPP sent response body back to proxy","x-request-id":"afa07ace-c311-4562-8639-b561128905c9"}
{"level":"info","ts":1785055629.7066069,"caller":"handlers/server.go:654","msg":"EPP sent response body back to proxy","x-request-id":"8ab43a18-1d01-40b3-aa0f-757fed951c84"}
{"level":"info","ts":1785055630.6135774,"caller":"handlers/server.go:654","msg":"EPP sent response body back to proxy","x-request-id":"9eb177d3-f758-481d-8b04-daf7e05f8dfe"}
{"level":"info","ts":1785055630.7695897,"caller":"handlers/server.go:654","msg":"EPP sent response body back to proxy","x-request-id":"22a4d297-6dd7-4a32-950c-48e03e96983e"}
{"level":"info","ts":1785055630.948446,"caller":"handlers/server.go:654","msg":"EPP sent response body back to proxy","x-request-id":"ecd96c9c-874c-4b34-928e-5ed8ebd71638"}
{"level":"info","ts":1785055631.138101,"caller":"handlers/server.go:654","msg":"EPP sent response body back to proxy","x-request-id":"91cd7232-38ba-4d54-8fd4-f17579ba7368"}
{"level":"info","ts":1785055631.9171793,"caller":"handlers/server.go:654","msg":"EPP sent response body back to proxy","x-request-id":"3a5c6496-c7f1-417e-a00b-b3636de0dc38"}
{"level":"info","ts":1785055633.2138736,"caller":"handlers/server.go:654","msg":"EPP sent response body back to proxy","x-request-id":"33d2f57d-a321-4d29-bd00-6968e565c68b"}
{"level":"info","ts":1785055635.2282562,"caller":"handlers/server.go:654","msg":"EPP sent response body back to proxy","x-request-id":"698ea949-ba00-473b-a582-0a3506df8539"}
{"level":"info","ts":1785055635.328036,"caller":"handlers/server.go:654","msg":"EPP sent response body back to proxy","x-request-id":"8d802bf1-b731-4ca9-b073-285b5cafc242"}
{"level":"info","ts":1785055635.5170107,"caller":"handlers/server.go:654","msg":"EPP sent response body back to proxy","x-request-id":"8f2de8d0-f3be-41d2-89f6-e4b9d5c0aa2b"}
{"level":"info","ts":1785055636.405043,"caller":"handlers/server.go:654","msg":"EPP sent response body back to proxy","x-request-id":"395354eb-c125-4863-82de-2ea86178821e"}
{"level":"info","ts":1785055636.8361394,"caller":"handlers/server.go:654","msg":"EPP sent response body back to proxy","x-request-id":"b4577f38-c56f-45fe-be54-35992427f1f1"}
{"level":"info","ts":1785055640.664776,"caller":"handlers/server.go:654","msg":"EPP sent response body back to proxy","x-request-id":"3af8e5a3-3ad0-4e70-986e-2d356b0b4710"}
{"level":"info","ts":1785055642.204417,"caller":"handlers/server.go:654","msg":"EPP sent response body back to proxy","x-request-id":"557bcb38-d5fc-46de-91dd-9979a18a9771"}
{"level":"info","ts":1785055643.3704247,"caller":"handlers/server.go:654","msg":"EPP sent response body back to proxy","x-request-id":"7be2f322-8cbf-4676-94e0-edaf4812d32f"}
{"level":"info","ts":1785055644.1624455,"caller":"handlers/server.go:654","msg":"EPP sent response body back to proxy","x-request-id":"f960ab9c-c006-4dd3-b2d9-07b64f480aea"}
{"level":"info","ts":1785055645.430035,"caller":"handlers/server.go:654","msg":"EPP sent response body back to proxy","x-request-id":"c43112a3-bf66-4e4c-8a46-f950632b111b"}
{"level":"info","ts":1785055646.0425665,"caller":"handlers/server.go:654","msg":"EPP sent response body back to proxy","x-request-id":"28ead407-9867-47a9-8498-1a1278645432"}
{"level":"info","ts":1785055646.2489648,"caller":"handlers/server.go:654","msg":"EPP sent response body back to proxy","x-request-id":"ecaff1d6-7236-436f-90f9-6e5eaf01264b"}
{"level":"info","ts":1785055648.3418455,"caller":"handlers/server.go:654","msg":"EPP sent response body back to proxy","x-request-id":"0e4ae35e-bd2b-46f8-a0ce-3ce294dd474e"}
{"level":"info","ts":1785055649.7617173,"caller":"handlers/server.go:654","msg":"EPP sent response body back to proxy","x-request-id":"f6d72c23-8ef5-4934-9fb1-e3e74b3d2f65"}
{"level":"info","ts":1785055656.2682588,"caller":"handlers/server.go:654","msg":"EPP sent response body back to proxy","x-request-id":"b09cf570-dce5-4bb8-9bf0-7c13be8d42c9"}
{"level":"info","ts":1785055656.7594075,"caller":"handlers/server.go:654","msg":"EPP sent response body back to proxy","x-request-id":"2bb2a590-f4fc-4b8c-beb9-e31b187e2d1c"}
{"level":"info","ts":1785055657.6726782,"caller":"handlers/server.go:654","msg":"EPP sent response body back to proxy","x-request-id":"7d63a846-8248-4bf5-8866-dacb4a1e7a67"}
{"level":"info","ts":1785055666.1665714,"caller":"handlers/server.go:654","msg":"EPP sent response body back to proxy","x-request-id":"958c1de4-ef8f-4604-9fca-ba846e90d77f"}
{"level":"info","ts":1785055668.0687883,"caller":"handlers/server.go:654","msg":"EPP sent response body back to proxy","x-request-id":"e3b63095-275c-4da6-ab65-98124ab91a5a"}
{"level":"info","ts":1785055669.345022,"caller":"handlers/server.go:654","msg":"EPP sent response body back to proxy","x-request-id":"37e97ea0-eca4-4871-857b-37397cbb8216"}
{"level":"info","ts":1785055670.0764544,"caller":"handlers/server.go:654","msg":"EPP sent response body back to proxy","x-request-id":"3a682fa9-214f-42ba-84b7-2cb0d1822db2"}
{"level":"info","ts":1785055670.5603755,"caller":"controller/pod_reconciler.go:97","msg":"Pod added","controller":"pod","controllerGroup":"","controllerKind":"Pod","Pod":{"name":"epd-nvidia-gpu-vllm-decode-slow-7b7f4bb875-6lk9k","namespace":"dpikus-epd-sglang-bench"},"namespace":"dpikus-epd-sglang-bench","name":"epd-nvidia-gpu-vllm-decode-slow-7b7f4bb875-6lk9k","reconcileID":"49367db9-3c31-4967-97fe-2e8065e8a16e"}
{"level":"info","ts":1785055671.3532367,"caller":"handlers/server.go:654","msg":"EPP sent response body back to proxy","x-request-id":"1f1a5603-bf53-4927-bd16-499f90394787"}
{"level":"info","ts":1785055672.004773,"caller":"handlers/server.go:654","msg":"EPP sent response body back to proxy","x-request-id":"b84a141d-4bee-47a3-b225-ccde30ed877f"}
{"level":"info","ts":1785055672.2608743,"caller":"handlers/server.go:654","msg":"EPP sent response body back to proxy","x-request-id":"6cf4b3fe-5a6c-4119-a2ce-f3fb7b427ffe"}
{"level":"info","ts":1785055674.5162842,"caller":"handlers/server.go:654","msg":"EPP sent response body back to proxy","x-request-id":"cacd630b-544c-47c8-b340-2e3bd54896aa"}
{"level":"info","ts":1785055692.7270916,"caller":"handlers/server.go:654","msg":"EPP sent response body back to proxy","x-request-id":"c7e0a3d8-d779-4a4c-80de-96241197071e"}
{"level":"info","ts":1785055694.3150375,"caller":"handlers/server.go:654","msg":"EPP sent response body back to proxy","x-request-id":"e6120616-e2bb-4e3f-89d0-ac97819e1289"}
{"level":"info","ts":1785055695.257204,"caller":"handlers/server.go:654","msg":"EPP sent response body back to proxy","x-request-id":"1e514e01-f93a-4215-b370-11852b71919d"}
{"level":"info","ts":1785055696.5250285,"caller":"handlers/server.go:654","msg":"EPP sent response body back to proxy","x-request-id":"17ff4047-e9cc-4e15-a110-bdfb77e64bcb"}
{"level":"info","ts":1785055696.9513488,"caller":"handlers/server.go:654","msg":"EPP sent response body back to proxy","x-request-id":"f22123f5-1329-41ae-9ee8-b68f11095180"}
{"level":"info","ts":1785055698.4438703,"caller":"handlers/server.go:654","msg":"EPP sent response body back to proxy","x-request-id":"f6d869d0-5769-4dc4-8121-b38f462ccbcb"}
{"level":"info","ts":1785055698.6821954,"caller":"handlers/server.go:654","msg":"EPP sent response body back to proxy","x-request-id":"b6c156dd-1f98-45bf-a6c4-f32b5cdbdd2a"}
{"level":"info","ts":1785055700.8542628,"caller":"handlers/server.go:654","msg":"EPP sent response body back to proxy","x-request-id":"6c9ffe92-61ae-4aba-9594-7355d84d22e6"}
{"level":"info","ts":1785055722.6588283,"caller":"handlers/server.go:654","msg":"EPP sent response body back to proxy","x-request-id":"28441641-48e5-456d-be0f-270ab015621f"}
{"level":"info","ts":1785055724.3734775,"caller":"handlers/server.go:654","msg":"EPP sent response body back to proxy","x-request-id":"6ad4e4e8-1974-4d9d-ac67-6745eaa543c7"}
{"level":"info","ts":1785055724.394866,"caller":"handlers/server.go:654","msg":"EPP sent response body back to proxy","x-request-id":"4473ac41-87dd-44b6-80d7-39185f4c9211"}
{"level":"info","ts":1785055726.2640412,"caller":"handlers/server.go:654","msg":"EPP sent response body back to proxy","x-request-id":"4d2d9d90-b2a1-4b67-83c0-1cdb90bc1a6d"}
{"level":"info","ts":1785055734.5600548,"caller":"controller/pod_reconciler.go:97","msg":"Pod added","controller":"pod","controllerGroup":"","controllerKind":"Pod","Pod":{"name":"epd-nvidia-gpu-vllm-decode-slow-7b7f4bb875-6lk9k","namespace":"dpikus-epd-sglang-bench"},"namespace":"dpikus-epd-sglang-bench","name":"epd-nvidia-gpu-vllm-decode-slow-7b7f4bb875-6lk9k","reconcileID":"70908cdc-24cc-4b07-b9df-1c4e08a95dc0"}
{"level":"info","ts":1785055735.258226,"caller":"controller/pod_reconciler.go:97","msg":"Pod added","controller":"pod","controllerGroup":"","controllerKind":"Pod","Pod":{"name":"epd-nvidia-gpu-vllm-decode-d9d499948-ccdx2","namespace":"dpikus-epd-sglang-bench"},"namespace":"dpikus-epd-sglang-bench","name":"epd-nvidia-gpu-vllm-decode-d9d499948-ccdx2","reconcileID":"6ea776d8-02a2-4a30-93e0-17cc17a68a86"}
{"level":"info","ts":1785055795.6425374,"caller":"controller/pod_reconciler.go:97","msg":"Pod added","controller":"pod","controllerGroup":"","controllerKind":"Pod","Pod":{"name":"epd-nvidia-gpu-vllm-decode-slow-7b7f4bb875-5zmjg","namespace":"dpikus-epd-sglang-bench"},"namespace":"dpikus-epd-sglang-bench","name":"epd-nvidia-gpu-vllm-decode-slow-7b7f4bb875-5zmjg","reconcileID":"0dbb73f2-db0d-4645-b4a9-b5797942ec8d"}
{"level":"info","ts":1785055800.2594457,"caller":"controller/pod_reconciler.go:97","msg":"Pod added","controller":"pod","controllerGroup":"","controllerKind":"Pod","Pod":{"name":"epd-nvidia-gpu-vllm-decode-d9d499948-ccdx2","namespace":"dpikus-epd-sglang-bench"},"namespace":"dpikus-epd-sglang-bench","name":"epd-nvidia-gpu-vllm-decode-d9d499948-ccdx2","reconcileID":"d6c53a9a-7973-4f26-a726-631600cca7ae"}
{"level":"info","ts":1785055872.2576802,"caller":"controller/pod_reconciler.go:97","msg":"Pod added","controller":"pod","controllerGroup":"","controllerKind":"Pod","Pod":{"name":"epd-nvidia-gpu-vllm-decode-d9d499948-ccdx2","namespace":"dpikus-epd-sglang-bench"},"namespace":"dpikus-epd-sglang-bench","name":"epd-nvidia-gpu-vllm-decode-d9d499948-ccdx2","reconcileID":"4f394667-372f-479e-8120-a831c2a1df33"}
{"level":"info","ts":1785055885.6436856,"caller":"controller/pod_reconciler.go:97","msg":"Pod added","controller":"pod","controllerGroup":"","controllerKind":"Pod","Pod":{"name":"epd-nvidia-gpu-vllm-decode-slow-7b7f4bb875-5zmjg","namespace":"dpikus-epd-sglang-bench"},"namespace":"dpikus-epd-sglang-bench","name":"epd-nvidia-gpu-vllm-decode-slow-7b7f4bb875-5zmjg","reconcileID":"998ba422-1df9-400e-8535-91ee9ba3f858"}
{"level":"info","ts":1785055903.5596356,"caller":"controller/pod_reconciler.go:97","msg":"Pod added","controller":"pod","controllerGroup":"","controllerKind":"Pod","Pod":{"name":"epd-nvidia-gpu-vllm-decode-slow-7b7f4bb875-6lk9k","namespace":"dpikus-epd-sglang-bench"},"namespace":"dpikus-epd-sglang-bench","name":"epd-nvidia-gpu-vllm-decode-slow-7b7f4bb875-6lk9k","reconcileID":"bb357c2d-1375-4bb1-a13e-71e8e4974116"}
{"level":"info","ts":1785055913.2652788,"caller":"handlers/server.go:368","msg":"EPP received request","x-request-id":"2cedc6d0-97fe-4167-8bca-97607cd14553"}
{"level":"info","ts":1785055913.3986065,"caller":"handlers/server.go:626","msg":"EPP sent request body response(s) to proxy","x-request-id":"2cedc6d0-97fe-4167-8bca-97607cd14553","modelName":"Qwen/Qwen3-VL-32B-Instruct","targetModelName":"Qwen/Qwen3-VL-32B-Instruct"}
{"level":"info","ts":1785055914.5183372,"caller":"handlers/server.go:654","msg":"EPP sent response body back to proxy","x-request-id":"2cedc6d0-97fe-4167-8bca-97607cd14553"}
{"level":"info","ts":1785055916.7771852,"caller":"handlers/server.go:368","msg":"EPP received request","x-request-id":"16cfd76b-0f1c-48c7-9640-acac612fe3c8"}
{"level":"info","ts":1785055916.8518796,"caller":"handlers/server.go:626","msg":"EPP sent request body response(s) to proxy","x-request-id":"16cfd76b-0f1c-48c7-9640-acac612fe3c8","modelName":"Qwen/Qwen3-VL-32B-Instruct","targetModelName":"Qwen/Qwen3-VL-32B-Instruct"}
{"level":"info","ts":1785055917.4798849,"caller":"handlers/server.go:368","msg":"EPP received request","x-request-id":"bfe055b2-4ffa-40d2-ada0-fc92d2c22cc3"}
{"level":"info","ts":1785055917.5729275,"caller":"handlers/server.go:368","msg":"EPP received request","x-request-id":"17f31f01-3f0b-4ec8-8f5a-66e80fb3d2de"}
{"level":"info","ts":1785055917.5862365,"caller":"handlers/server.go:626","msg":"EPP sent request body response(s) to proxy","x-request-id":"bfe055b2-4ffa-40d2-ada0-fc92d2c22cc3","modelName":"Qwen/Qwen3-VL-32B-Instruct","targetModelName":"Qwen/Qwen3-VL-32B-Instruct"}
{"level":"info","ts":1785055917.60942,"caller":"handlers/server.go:626","msg":"EPP sent request body response(s) to proxy","x-request-id":"17f31f01-3f0b-4ec8-8f5a-66e80fb3d2de","modelName":"Qwen/Qwen3-VL-32B-Instruct","targetModelName":"Qwen/Qwen3-VL-32B-Instruct"}
{"level":"info","ts":1785055918.045853,"caller":"handlers/server.go:368","msg":"EPP received request","x-request-id":"e16e4ba6-07bf-406f-a0fb-dbaf8027542a"}
{"level":"info","ts":1785055918.1801631,"caller":"handlers/server.go:626","msg":"EPP sent request body response(s) to proxy","x-request-id":"e16e4ba6-07bf-406f-a0fb-dbaf8027542a","modelName":"Qwen/Qwen3-VL-32B-Instruct","targetModelName":"Qwen/Qwen3-VL-32B-Instruct"}
{"level":"info","ts":1785055918.3348143,"caller":"handlers/server.go:368","msg":"EPP received request","x-request-id":"fdf618b5-9c9a-4481-89e8-8f97a770e9f3"}
{"level":"info","ts":1785055918.4332502,"caller":"handlers/server.go:626","msg":"EPP sent request body response(s) to proxy","x-request-id":"fdf618b5-9c9a-4481-89e8-8f97a770e9f3","modelName":"Qwen/Qwen3-VL-32B-Instruct","targetModelName":"Qwen/Qwen3-VL-32B-Instruct"}
{"level":"info","ts":1785055918.6453466,"caller":"handlers/server.go:368","msg":"EPP received request","x-request-id":"1507037d-f98e-4704-bd46-185606dcf102"}
{"level":"info","ts":1785055918.7410731,"caller":"handlers/server.go:626","msg":"EPP sent request body response(s) to proxy","x-request-id":"1507037d-f98e-4704-bd46-185606dcf102","modelName":"Qwen/Qwen3-VL-32B-Instruct","targetModelName":"Qwen/Qwen3-VL-32B-Instruct"}
{"level":"info","ts":1785055918.7911317,"caller":"handlers/server.go:368","msg":"EPP received request","x-request-id":"ce2fecef-6c14-4e79-8104-f448ec44d235"}
{"level":"info","ts":1785055918.88769,"caller":"handlers/server.go:626","msg":"EPP sent request body response(s) to proxy","x-request-id":"ce2fecef-6c14-4e79-8104-f448ec44d235","modelName":"Qwen/Qwen3-VL-32B-Instruct","targetModelName":"Qwen/Qwen3-VL-32B-Instruct"}
{"level":"info","ts":1785055919.4695208,"caller":"handlers/server.go:368","msg":"EPP received request","x-request-id":"c08a1bc0-b542-4c66-933a-8390d8f16744"}
{"level":"info","ts":1785055919.5360148,"caller":"handlers/server.go:626","msg":"EPP sent request body response(s) to proxy","x-request-id":"c08a1bc0-b542-4c66-933a-8390d8f16744","modelName":"Qwen/Qwen3-VL-32B-Instruct","targetModelName":"Qwen/Qwen3-VL-32B-Instruct"}
{"level":"info","ts":1785055919.759942,"caller":"handlers/server.go:368","msg":"EPP received request","x-request-id":"78442a31-6d67-4c69-9d61-5f6e5f30b7a7"}
{"level":"info","ts":1785055919.8886745,"caller":"handlers/server.go:368","msg":"EPP received request","x-request-id":"1a5cb83c-20d6-482d-acfb-2f1be47b95b4"}
{"level":"info","ts":1785055919.921744,"caller":"handlers/server.go:626","msg":"EPP sent request body response(s) to proxy","x-request-id":"78442a31-6d67-4c69-9d61-5f6e5f30b7a7","modelName":"Qwen/Qwen3-VL-32B-Instruct","targetModelName":"Qwen/Qwen3-VL-32B-Instruct"}
{"level":"info","ts":1785055919.9851987,"caller":"handlers/server.go:626","msg":"EPP sent request body response(s) to proxy","x-request-id":"1a5cb83c-20d6-482d-acfb-2f1be47b95b4","modelName":"Qwen/Qwen3-VL-32B-Instruct","targetModelName":"Qwen/Qwen3-VL-32B-Instruct"}
{"level":"info","ts":1785055920.064003,"caller":"handlers/server.go:368","msg":"EPP received request","x-request-id":"0c4cd1f8-1680-43fa-b39a-612946935aad"}
{"level":"info","ts":1785055920.122939,"caller":"handlers/server.go:626","msg":"EPP sent request body response(s) to proxy","x-request-id":"0c4cd1f8-1680-43fa-b39a-612946935aad","modelName":"Qwen/Qwen3-VL-32B-Instruct","targetModelName":"Qwen/Qwen3-VL-32B-Instruct"}
{"level":"info","ts":1785055920.1799257,"caller":"handlers/server.go:368","msg":"EPP received request","x-request-id":"5f848e8c-7f49-4f5b-89f9-85d6796608a2"}
{"level":"info","ts":1785055920.209628,"caller":"handlers/server.go:626","msg":"EPP sent request body response(s) to proxy","x-request-id":"5f848e8c-7f49-4f5b-89f9-85d6796608a2","modelName":"Qwen/Qwen3-VL-32B-Instruct","targetModelName":"Qwen/Qwen3-VL-32B-Instruct"}
{"level":"info","ts":1785055920.2776082,"caller":"handlers/server.go:368","msg":"EPP received request","x-request-id":"3aa1f22a-a8df-4a31-a337-9056bec9fe33"}
{"level":"info","ts":1785055920.3063397,"caller":"handlers/server.go:368","msg":"EPP received request","x-request-id":"273ef248-e4aa-4f8d-87f4-2435d786bc63"}
{"level":"info","ts":1785055920.3370302,"caller":"handlers/server.go:626","msg":"EPP sent request body response(s) to proxy","x-request-id":"3aa1f22a-a8df-4a31-a337-9056bec9fe33","modelName":"Qwen/Qwen3-VL-32B-Instruct","targetModelName":"Qwen/Qwen3-VL-32B-Instruct"}
{"level":"info","ts":1785055920.33729,"caller":"handlers/server.go:626","msg":"EPP sent request body response(s) to proxy","x-request-id":"273ef248-e4aa-4f8d-87f4-2435d786bc63","modelName":"Qwen/Qwen3-VL-32B-Instruct","targetModelName":"Qwen/Qwen3-VL-32B-Instruct"}
{"level":"info","ts":1785055920.82337,"caller":"handlers/server.go:368","msg":"EPP received request","x-request-id":"088d7e6a-131b-49e3-9fea-94ab6b0727de"}
{"level":"info","ts":1785055920.9535146,"caller":"handlers/server.go:626","msg":"EPP sent request body response(s) to proxy","x-request-id":"088d7e6a-131b-49e3-9fea-94ab6b0727de","modelName":"Qwen/Qwen3-VL-32B-Instruct","targetModelName":"Qwen/Qwen3-VL-32B-Instruct"}
{"level":"info","ts":1785055921.7120645,"caller":"handlers/server.go:368","msg":"EPP received request","x-request-id":"6a296d46-ab9e-4350-b8e2-55275afc8e75"}
{"level":"info","ts":1785055921.8650656,"caller":"handlers/server.go:626","msg":"EPP sent request body response(s) to proxy","x-request-id":"6a296d46-ab9e-4350-b8e2-55275afc8e75","modelName":"Qwen/Qwen3-VL-32B-Instruct","targetModelName":"Qwen/Qwen3-VL-32B-Instruct"}
{"level":"info","ts":1785055921.9829917,"caller":"handlers/server.go:368","msg":"EPP received request","x-request-id":"7a624d49-6652-43cf-a9c0-283f563e26d9"}
{"level":"info","ts":1785055922.042968,"caller":"handlers/server.go:626","msg":"EPP sent request body response(s) to proxy","x-request-id":"7a624d49-6652-43cf-a9c0-283f563e26d9","modelName":"Qwen/Qwen3-VL-32B-Instruct","targetModelName":"Qwen/Qwen3-VL-32B-Instruct"}
{"level":"info","ts":1785055922.177511,"caller":"handlers/server.go:368","msg":"EPP received request","x-request-id":"a169036e-1a5f-4d60-8bc1-907fd0f60a26"}
{"level":"info","ts":1785055922.2108474,"caller":"handlers/server.go:626","msg":"EPP sent request body response(s) to proxy","x-request-id":"a169036e-1a5f-4d60-8bc1-907fd0f60a26","modelName":"Qwen/Qwen3-VL-32B-Instruct","targetModelName":"Qwen/Qwen3-VL-32B-Instruct"}
{"level":"info","ts":1785055922.2174702,"caller":"handlers/server.go:368","msg":"EPP received request","x-request-id":"2c873390-2f24-4f76-a26a-409b35066a20"}
{"level":"info","ts":1785055922.299701,"caller":"handlers/server.go:368","msg":"EPP received request","x-request-id":"aa01de9b-1a99-4453-aba2-d05d7210fdbe"}
{"level":"info","ts":1785055922.3166347,"caller":"handlers/server.go:368","msg":"EPP received request","x-request-id":"c301f751-e7a3-4ef4-985e-c546d6b29e78"}
{"level":"info","ts":1785055922.3509617,"caller":"handlers/server.go:626","msg":"EPP sent request body response(s) to proxy","x-request-id":"c301f751-e7a3-4ef4-985e-c546d6b29e78","modelName":"Qwen/Qwen3-VL-32B-Instruct","targetModelName":"Qwen/Qwen3-VL-32B-Instruct"}
{"level":"info","ts":1785055922.3752394,"caller":"handlers/server.go:626","msg":"EPP sent request body response(s) to proxy","x-request-id":"2c873390-2f24-4f76-a26a-409b35066a20","modelName":"Qwen/Qwen3-VL-32B-Instruct","targetModelName":"Qwen/Qwen3-VL-32B-Instruct"}
{"level":"info","ts":1785055922.4575367,"caller":"handlers/server.go:626","msg":"EPP sent request body response(s) to proxy","x-request-id":"aa01de9b-1a99-4453-aba2-d05d7210fdbe","modelName":"Qwen/Qwen3-VL-32B-Instruct","targetModelName":"Qwen/Qwen3-VL-32B-Instruct"}
{"level":"info","ts":1785055922.7275896,"caller":"handlers/server.go:368","msg":"EPP received request","x-request-id":"917fbfbe-cd4b-424f-a61b-3072570a9de1"}
{"level":"info","ts":1785055922.8200967,"caller":"handlers/server.go:626","msg":"EPP sent request body response(s) to proxy","x-request-id":"917fbfbe-cd4b-424f-a61b-3072570a9de1","modelName":"Qwen/Qwen3-VL-32B-Instruct","targetModelName":"Qwen/Qwen3-VL-32B-Instruct"}
{"level":"info","ts":1785055923.580829,"caller":"handlers/server.go:368","msg":"EPP received request","x-request-id":"8bb1773b-dc32-45b3-bfba-c547558d48d5"}
{"level":"info","ts":1785055923.5923028,"caller":"handlers/server.go:368","msg":"EPP received request","x-request-id":"725f5ebc-1838-4501-b298-0a05344a31e3"}
{"level":"info","ts":1785055923.7077072,"caller":"handlers/server.go:626","msg":"EPP sent request body response(s) to proxy","x-request-id":"8bb1773b-dc32-45b3-bfba-c547558d48d5","modelName":"Qwen/Qwen3-VL-32B-Instruct","targetModelName":"Qwen/Qwen3-VL-32B-Instruct"}
{"level":"info","ts":1785055923.7186625,"caller":"handlers/server.go:626","msg":"EPP sent request body response(s) to proxy","x-request-id":"725f5ebc-1838-4501-b298-0a05344a31e3","modelName":"Qwen/Qwen3-VL-32B-Instruct","targetModelName":"Qwen/Qwen3-VL-32B-Instruct"}
{"level":"info","ts":1785055923.8402104,"caller":"handlers/server.go:368","msg":"EPP received request","x-request-id":"8e43f5a7-5c26-4998-9b4f-28e3a26297ed"}
{"level":"info","ts":1785055923.9981587,"caller":"handlers/server.go:626","msg":"EPP sent request body response(s) to proxy","x-request-id":"8e43f5a7-5c26-4998-9b4f-28e3a26297ed","modelName":"Qwen/Qwen3-VL-32B-Instruct","targetModelName":"Qwen/Qwen3-VL-32B-Instruct"}
{"level":"info","ts":1785055924.343157,"caller":"handlers/server.go:368","msg":"EPP received request","x-request-id":"cf04b251-6d14-4be0-b21a-5e2fa98b15c9"}
{"level":"info","ts":1785055924.3923945,"caller":"handlers/server.go:368","msg":"EPP received request","x-request-id":"6b195ed9-e266-4fc7-8fff-7a7346b62a45"}
{"level":"info","ts":1785055924.4337525,"caller":"handlers/server.go:626","msg":"EPP sent request body response(s) to proxy","x-request-id":"cf04b251-6d14-4be0-b21a-5e2fa98b15c9","modelName":"Qwen/Qwen3-VL-32B-Instruct","targetModelName":"Qwen/Qwen3-VL-32B-Instruct"}
{"level":"info","ts":1785055924.5076172,"caller":"handlers/server.go:626","msg":"EPP sent request body response(s) to proxy","x-request-id":"6b195ed9-e266-4fc7-8fff-7a7346b62a45","modelName":"Qwen/Qwen3-VL-32B-Instruct","targetModelName":"Qwen/Qwen3-VL-32B-Instruct"}
{"level":"info","ts":1785055924.5112584,"caller":"handlers/server.go:368","msg":"EPP received request","x-request-id":"af03d075-ff08-42fe-bccb-c366541d42c0"}
{"level":"info","ts":1785055924.5694256,"caller":"handlers/server.go:626","msg":"EPP sent request body response(s) to proxy","x-request-id":"af03d075-ff08-42fe-bccb-c366541d42c0","modelName":"Qwen/Qwen3-VL-32B-Instruct","targetModelName":"Qwen/Qwen3-VL-32B-Instruct"}
{"level":"info","ts":1785055924.5799024,"caller":"handlers/server.go:368","msg":"EPP received request","x-request-id":"a9de2f06-2b69-4fc4-b8bd-eb5f4a8b5c06"}
{"level":"info","ts":1785055924.6399975,"caller":"handlers/server.go:626","msg":"EPP sent request body response(s) to proxy","x-request-id":"a9de2f06-2b69-4fc4-b8bd-eb5f4a8b5c06","modelName":"Qwen/Qwen3-VL-32B-Instruct","targetModelName":"Qwen/Qwen3-VL-32B-Instruct"}
{"level":"info","ts":1785055924.9546683,"caller":"handlers/server.go:368","msg":"EPP received request","x-request-id":"5e23c324-82be-4838-9459-0c90b6f45055"}
{"level":"info","ts":1785055925.0800445,"caller":"handlers/server.go:626","msg":"EPP sent request body response(s) to proxy","x-request-id":"5e23c324-82be-4838-9459-0c90b6f45055","modelName":"Qwen/Qwen3-VL-32B-Instruct","targetModelName":"Qwen/Qwen3-VL-32B-Instruct"}
{"level":"info","ts":1785055925.0817354,"caller":"handlers/server.go:368","msg":"EPP received request","x-request-id":"6d7f6c35-f8c4-4177-8a6c-5189758b01aa"}
{"level":"info","ts":1785055925.179604,"caller":"handlers/server.go:626","msg":"EPP sent request body response(s) to proxy","x-request-id":"6d7f6c35-f8c4-4177-8a6c-5189758b01aa","modelName":"Qwen/Qwen3-VL-32B-Instruct","targetModelName":"Qwen/Qwen3-VL-32B-Instruct"}
{"level":"info","ts":1785055925.1905293,"caller":"handlers/server.go:368","msg":"EPP received request","x-request-id":"08a02583-0757-4895-9e32-ead81c1b60e2"}
{"level":"info","ts":1785055925.2563667,"caller":"handlers/server.go:626","msg":"EPP sent request body response(s) to proxy","x-request-id":"08a02583-0757-4895-9e32-ead81c1b60e2","modelName":"Qwen/Qwen3-VL-32B-Instruct","targetModelName":"Qwen/Qwen3-VL-32B-Instruct"}
{"level":"info","ts":1785055925.3889039,"caller":"handlers/server.go:368","msg":"EPP received request","x-request-id":"d97f70fa-74ed-4573-9a2c-563149f8ec38"}
{"level":"info","ts":1785055925.4892256,"caller":"handlers/server.go:626","msg":"EPP sent request body response(s) to proxy","x-request-id":"d97f70fa-74ed-4573-9a2c-563149f8ec38","modelName":"Qwen/Qwen3-VL-32B-Instruct","targetModelName":"Qwen/Qwen3-VL-32B-Instruct"}
{"level":"info","ts":1785055925.532386,"caller":"handlers/server.go:368","msg":"EPP received request","x-request-id":"06f8322d-412b-48b9-aa6c-7b107bad6179"}
{"level":"info","ts":1785055925.6009705,"caller":"handlers/server.go:368","msg":"EPP received request","x-request-id":"b47e9276-eb42-46c5-9d9d-e040e7233d05"}
{"level":"info","ts":1785055925.6019495,"caller":"handlers/server.go:368","msg":"EPP received request","x-request-id":"06de499c-9043-440b-bfd2-6a6d2b910777"}
{"level":"info","ts":1785055925.602172,"caller":"handlers/server.go:368","msg":"EPP received request","x-request-id":"946c682e-7310-40ae-9c12-6f52eb5fe345"}
{"level":"info","ts":1785055925.633612,"caller":"handlers/server.go:626","msg":"EPP sent request body response(s) to proxy","x-request-id":"06f8322d-412b-48b9-aa6c-7b107bad6179","modelName":"Qwen/Qwen3-VL-32B-Instruct","targetModelName":"Qwen/Qwen3-VL-32B-Instruct"}
{"level":"info","ts":1785055925.6367168,"caller":"handlers/server.go:626","msg":"EPP sent request body response(s) to proxy","x-request-id":"b47e9276-eb42-46c5-9d9d-e040e7233d05","modelName":"Qwen/Qwen3-VL-32B-Instruct","targetModelName":"Qwen/Qwen3-VL-32B-Instruct"}
{"level":"info","ts":1785055925.6379519,"caller":"handlers/server.go:626","msg":"EPP sent request body response(s) to proxy","x-request-id":"946c682e-7310-40ae-9c12-6f52eb5fe345","modelName":"Qwen/Qwen3-VL-32B-Instruct","targetModelName":"Qwen/Qwen3-VL-32B-Instruct"}
{"level":"info","ts":1785055925.6669638,"caller":"handlers/server.go:626","msg":"EPP sent request body response(s) to proxy","x-request-id":"06de499c-9043-440b-bfd2-6a6d2b910777","modelName":"Qwen/Qwen3-VL-32B-Instruct","targetModelName":"Qwen/Qwen3-VL-32B-Instruct"}
{"level":"info","ts":1785055926.1201773,"caller":"handlers/server.go:368","msg":"EPP received request","x-request-id":"519d559f-23b0-4a31-8d85-4fa0075c80ec"}
{"level":"info","ts":1785055926.1495936,"caller":"handlers/server.go:626","msg":"EPP sent request body response(s) to proxy","x-request-id":"519d559f-23b0-4a31-8d85-4fa0075c80ec","modelName":"Qwen/Qwen3-VL-32B-Instruct","targetModelName":"Qwen/Qwen3-VL-32B-Instruct"}
{"level":"info","ts":1785055926.1663432,"caller":"handlers/server.go:368","msg":"EPP received request","x-request-id":"f1c5b2ca-dbdd-4222-9b51-8bd1783d5a00"}
{"level":"info","ts":1785055926.225472,"caller":"handlers/server.go:626","msg":"EPP sent request body response(s) to proxy","x-request-id":"f1c5b2ca-dbdd-4222-9b51-8bd1783d5a00","modelName":"Qwen/Qwen3-VL-32B-Instruct","targetModelName":"Qwen/Qwen3-VL-32B-Instruct"}
{"level":"info","ts":1785055926.3798723,"caller":"handlers/server.go:368","msg":"EPP received request","x-request-id":"ec286c2e-ab8c-4276-a9c8-b7290074a4bc"}
{"level":"info","ts":1785055926.3826942,"caller":"handlers/server.go:368","msg":"EPP received request","x-request-id":"ac88d302-87ce-493a-910b-128e9c8c5a57"}
{"level":"info","ts":1785055926.446121,"caller":"handlers/server.go:626","msg":"EPP sent request body response(s) to proxy","x-request-id":"ec286c2e-ab8c-4276-a9c8-b7290074a4bc","modelName":"Qwen/Qwen3-VL-32B-Instruct","targetModelName":"Qwen/Qwen3-VL-32B-Instruct"}
{"level":"info","ts":1785055926.5171797,"caller":"handlers/server.go:626","msg":"EPP sent request body response(s) to proxy","x-request-id":"ac88d302-87ce-493a-910b-128e9c8c5a57","modelName":"Qwen/Qwen3-VL-32B-Instruct","targetModelName":"Qwen/Qwen3-VL-32B-Instruct"}
{"level":"info","ts":1785055926.5526853,"caller":"handlers/server.go:368","msg":"EPP received request","x-request-id":"5c9bf331-8b10-48ae-80d3-0dff3527b58c"}
{"level":"info","ts":1785055926.6942112,"caller":"handlers/server.go:626","msg":"EPP sent request body response(s) to proxy","x-request-id":"5c9bf331-8b10-48ae-80d3-0dff3527b58c","modelName":"Qwen/Qwen3-VL-32B-Instruct","targetModelName":"Qwen/Qwen3-VL-32B-Instruct"}
{"level":"info","ts":1785055926.7303936,"caller":"handlers/server.go:368","msg":"EPP received request","x-request-id":"3b8970de-fcda-4395-bbe3-b96758b4993a"}
{"level":"info","ts":1785055926.9061606,"caller":"handlers/server.go:626","msg":"EPP sent request body response(s) to proxy","x-request-id":"3b8970de-fcda-4395-bbe3-b96758b4993a","modelName":"Qwen/Qwen3-VL-32B-Instruct","targetModelName":"Qwen/Qwen3-VL-32B-Instruct"}
{"level":"info","ts":1785055927.1829522,"caller":"handlers/server.go:368","msg":"EPP received request","x-request-id":"f73acfbe-e244-4d18-956e-55a5f3450386"}
{"level":"info","ts":1785055927.3568003,"caller":"handlers/server.go:368","msg":"EPP received request","x-request-id":"efb75546-a185-45f7-9d6d-9eca7d283c36"}
{"level":"info","ts":1785055927.3593616,"caller":"handlers/server.go:368","msg":"EPP received request","x-request-id":"75adc8aa-0808-47ef-926d-16af8be525a9"}
{"level":"info","ts":1785055927.3645675,"caller":"handlers/server.go:626","msg":"EPP sent request body response(s) to proxy","x-request-id":"f73acfbe-e244-4d18-956e-55a5f3450386","modelName":"Qwen/Qwen3-VL-32B-Instruct","targetModelName":"Qwen/Qwen3-VL-32B-Instruct"}
{"level":"info","ts":1785055927.4197986,"caller":"handlers/server.go:626","msg":"EPP sent request body response(s) to proxy","x-request-id":"efb75546-a185-45f7-9d6d-9eca7d283c36","modelName":"Qwen/Qwen3-VL-32B-Instruct","targetModelName":"Qwen/Qwen3-VL-32B-Instruct"}
{"level":"info","ts":1785055927.4942956,"caller":"handlers/server.go:626","msg":"EPP sent request body response(s) to proxy","x-request-id":"75adc8aa-0808-47ef-926d-16af8be525a9","modelName":"Qwen/Qwen3-VL-32B-Instruct","targetModelName":"Qwen/Qwen3-VL-32B-Instruct"}
{"level":"info","ts":1785055927.7442107,"caller":"handlers/server.go:368","msg":"EPP received request","x-request-id":"ee344a58-2540-47c1-8999-6768f8dc280a"}
{"level":"info","ts":1785055927.7487128,"caller":"handlers/server.go:368","msg":"EPP received request","x-request-id":"5afd29f5-93be-4259-86bd-a472a2d97275"}
{"level":"info","ts":1785055927.7773683,"caller":"handlers/server.go:626","msg":"EPP sent request body response(s) to proxy","x-request-id":"ee344a58-2540-47c1-8999-6768f8dc280a","modelName":"Qwen/Qwen3-VL-32B-Instruct","targetModelName":"Qwen/Qwen3-VL-32B-Instruct"}
{"level":"info","ts":1785055927.8704824,"caller":"handlers/server.go:368","msg":"EPP received request","x-request-id":"0700d9f1-06d1-4570-ac88-569ef3c7fe85"}
{"level":"info","ts":1785055927.8722563,"caller":"handlers/server.go:368","msg":"EPP received request","x-request-id":"143e102f-6701-41b2-9057-77aef932db3d"}
{"level":"info","ts":1785055927.8902822,"caller":"handlers/server.go:626","msg":"EPP sent request body response(s) to proxy","x-request-id":"5afd29f5-93be-4259-86bd-a472a2d97275","modelName":"Qwen/Qwen3-VL-32B-Instruct","targetModelName":"Qwen/Qwen3-VL-32B-Instruct"}
{"level":"info","ts":1785055927.904921,"caller":"handlers/server.go:626","msg":"EPP sent request body response(s) to proxy","x-request-id":"0700d9f1-06d1-4570-ac88-569ef3c7fe85","modelName":"Qwen/Qwen3-VL-32B-Instruct","targetModelName":"Qwen/Qwen3-VL-32B-Instruct"}
{"level":"info","ts":1785055927.937942,"caller":"handlers/server.go:626","msg":"EPP sent request body response(s) to proxy","x-request-id":"143e102f-6701-41b2-9057-77aef932db3d","modelName":"Qwen/Qwen3-VL-32B-Instruct","targetModelName":"Qwen/Qwen3-VL-32B-Instruct"}
{"level":"info","ts":1785055928.1918733,"caller":"handlers/server.go:368","msg":"EPP received request","x-request-id":"b0d5a1d6-bb9f-4836-986f-9f2e0b5b8f61"}
{"level":"info","ts":1785055928.192169,"caller":"handlers/server.go:368","msg":"EPP received request","x-request-id":"8a352732-ccb0-4b30-b124-1c7885fadf35"}
{"level":"info","ts":1785055928.1962698,"caller":"handlers/server.go:368","msg":"EPP received request","x-request-id":"b6918e6a-f989-45e0-af10-27451ebd800f"}
{"level":"info","ts":1785055928.2229788,"caller":"handlers/server.go:626","msg":"EPP sent request body response(s) to proxy","x-request-id":"8a352732-ccb0-4b30-b124-1c7885fadf35","modelName":"Qwen/Qwen3-VL-32B-Instruct","targetModelName":"Qwen/Qwen3-VL-32B-Instruct"}
{"level":"info","ts":1785055928.223378,"caller":"handlers/server.go:626","msg":"EPP sent request body response(s) to proxy","x-request-id":"b0d5a1d6-bb9f-4836-986f-9f2e0b5b8f61","modelName":"Qwen/Qwen3-VL-32B-Instruct","targetModelName":"Qwen/Qwen3-VL-32B-Instruct"}
{"level":"info","ts":1785055928.3305655,"caller":"handlers/server.go:626","msg":"EPP sent request body response(s) to proxy","x-request-id":"b6918e6a-f989-45e0-af10-27451ebd800f","modelName":"Qwen/Qwen3-VL-32B-Instruct","targetModelName":"Qwen/Qwen3-VL-32B-Instruct"}
{"level":"info","ts":1785055928.3596573,"caller":"handlers/server.go:368","msg":"EPP received request","x-request-id":"bc5634f1-1a16-4183-9da9-15c73cc55cd9"}
{"level":"info","ts":1785055928.3655698,"caller":"handlers/server.go:368","msg":"EPP received request","x-request-id":"8a9f6c9c-45e3-42fb-8d2d-8dd8d5a7904a"}
{"level":"info","ts":1785055928.3914232,"caller":"handlers/server.go:626","msg":"EPP sent request body response(s) to proxy","x-request-id":"bc5634f1-1a16-4183-9da9-15c73cc55cd9","modelName":"Qwen/Qwen3-VL-32B-Instruct","targetModelName":"Qwen/Qwen3-VL-32B-Instruct"}
{"level":"info","ts":1785055928.4617758,"caller":"handlers/server.go:368","msg":"EPP received request","x-request-id":"a6a662a3-96cf-4a56-90a1-7734c6384dbb"}
{"level":"info","ts":1785055928.5252583,"caller":"handlers/server.go:626","msg":"EPP sent request body response(s) to proxy","x-request-id":"a6a662a3-96cf-4a56-90a1-7734c6384dbb","modelName":"Qwen/Qwen3-VL-32B-Instruct","targetModelName":"Qwen/Qwen3-VL-32B-Instruct"}
{"level":"info","ts":1785055928.540647,"caller":"handlers/server.go:626","msg":"EPP sent request body response(s) to proxy","x-request-id":"8a9f6c9c-45e3-42fb-8d2d-8dd8d5a7904a","modelName":"Qwen/Qwen3-VL-32B-Instruct","targetModelName":"Qwen/Qwen3-VL-32B-Instruct"}
{"level":"info","ts":1785055928.7493064,"caller":"handlers/server.go:368","msg":"EPP received request","x-request-id":"fd0cfa65-04b2-4352-8efd-9f3e30e40f8b"}
{"level":"info","ts":1785055928.8131561,"caller":"handlers/server.go:626","msg":"EPP sent request body response(s) to proxy","x-request-id":"fd0cfa65-04b2-4352-8efd-9f3e30e40f8b","modelName":"Qwen/Qwen3-VL-32B-Instruct","targetModelName":"Qwen/Qwen3-VL-32B-Instruct"}
{"level":"info","ts":1785055928.9462254,"caller":"handlers/server.go:368","msg":"EPP received request","x-request-id":"507cc8a9-0416-468d-87a0-713a2fbda4a1"}
{"level":"info","ts":1785055928.9771566,"caller":"handlers/server.go:626","msg":"EPP sent request body response(s) to proxy","x-request-id":"507cc8a9-0416-468d-87a0-713a2fbda4a1","modelName":"Qwen/Qwen3-VL-32B-Instruct","targetModelName":"Qwen/Qwen3-VL-32B-Instruct"}
{"level":"info","ts":1785055929.067833,"caller":"handlers/server.go:368","msg":"EPP received request","x-request-id":"f342e492-fe64-4de1-8bc9-f3ed8d23e8d6"}
{"level":"info","ts":1785055929.0733604,"caller":"handlers/server.go:368","msg":"EPP received request","x-request-id":"79468626-6310-4271-bad0-c5dd9a8432ee"}
{"level":"info","ts":1785055929.0813875,"caller":"handlers/server.go:368","msg":"EPP received request","x-request-id":"1b10c702-e0cc-4516-bbfc-9450bfa468d4"}
{"level":"info","ts":1785055929.0819893,"caller":"handlers/server.go:368","msg":"EPP received request","x-request-id":"f73cfa77-9dae-40a2-86d7-1f29193cce96"}
{"level":"info","ts":1785055929.1024737,"caller":"handlers/server.go:626","msg":"EPP sent request body response(s) to proxy","x-request-id":"f342e492-fe64-4de1-8bc9-f3ed8d23e8d6","modelName":"Qwen/Qwen3-VL-32B-Instruct","targetModelName":"Qwen/Qwen3-VL-32B-Instruct"}
{"level":"info","ts":1785055929.1509495,"caller":"handlers/server.go:626","msg":"EPP sent request body response(s) to proxy","x-request-id":"f73cfa77-9dae-40a2-86d7-1f29193cce96","modelName":"Qwen/Qwen3-VL-32B-Instruct","targetModelName":"Qwen/Qwen3-VL-32B-Instruct"}
{"level":"info","ts":1785055929.1513755,"caller":"handlers/server.go:626","msg":"EPP sent request body response(s) to proxy","x-request-id":"1b10c702-e0cc-4516-bbfc-9450bfa468d4","modelName":"Qwen/Qwen3-VL-32B-Instruct","targetModelName":"Qwen/Qwen3-VL-32B-Instruct"}
{"level":"info","ts":1785055929.2041662,"caller":"handlers/server.go:626","msg":"EPP sent request body response(s) to proxy","x-request-id":"79468626-6310-4271-bad0-c5dd9a8432ee","modelName":"Qwen/Qwen3-VL-32B-Instruct","targetModelName":"Qwen/Qwen3-VL-32B-Instruct"}
{"level":"info","ts":1785055929.3034928,"caller":"handlers/server.go:368","msg":"EPP received request","x-request-id":"149845cb-9e13-452d-a1eb-3c78088ee1b0"}
{"level":"info","ts":1785055929.3048916,"caller":"handlers/server.go:368","msg":"EPP received request","x-request-id":"bbc67666-89df-4204-b822-0b35cd243ca8"}
{"level":"info","ts":1785055929.3364992,"caller":"handlers/server.go:626","msg":"EPP sent request body response(s) to proxy","x-request-id":"149845cb-9e13-452d-a1eb-3c78088ee1b0","modelName":"Qwen/Qwen3-VL-32B-Instruct","targetModelName":"Qwen/Qwen3-VL-32B-Instruct"}
{"level":"info","ts":1785055929.369946,"caller":"handlers/server.go:626","msg":"EPP sent request body response(s) to proxy","x-request-id":"bbc67666-89df-4204-b822-0b35cd243ca8","modelName":"Qwen/Qwen3-VL-32B-Instruct","targetModelName":"Qwen/Qwen3-VL-32B-Instruct"}
{"level":"info","ts":1785055929.582401,"caller":"handlers/server.go:368","msg":"EPP received request","x-request-id":"9de550a1-8052-4bee-ab79-fdcb73c2c0ac"}
{"level":"info","ts":1785055929.684351,"caller":"handlers/server.go:368","msg":"EPP received request","x-request-id":"17ce4dd4-d4c7-417e-af38-f0c4c60b5543"}
{"level":"info","ts":1785055929.7263591,"caller":"handlers/server.go:626","msg":"EPP sent request body response(s) to proxy","x-request-id":"9de550a1-8052-4bee-ab79-fdcb73c2c0ac","modelName":"Qwen/Qwen3-VL-32B-Instruct","targetModelName":"Qwen/Qwen3-VL-32B-Instruct"}
{"level":"info","ts":1785055929.771973,"caller":"handlers/server.go:368","msg":"EPP received request","x-request-id":"a99fd8b0-2b55-4ccd-b800-f46bc5851f4a"}
{"level":"info","ts":1785055929.7927134,"caller":"handlers/server.go:626","msg":"EPP sent request body response(s) to proxy","x-request-id":"17ce4dd4-d4c7-417e-af38-f0c4c60b5543","modelName":"Qwen/Qwen3-VL-32B-Instruct","targetModelName":"Qwen/Qwen3-VL-32B-Instruct"}
{"level":"info","ts":1785055929.804642,"caller":"handlers/server.go:626","msg":"EPP sent request body response(s) to proxy","x-request-id":"a99fd8b0-2b55-4ccd-b800-f46bc5851f4a","modelName":"Qwen/Qwen3-VL-32B-Instruct","targetModelName":"Qwen/Qwen3-VL-32B-Instruct"}
{"level":"info","ts":1785055929.8982577,"caller":"handlers/server.go:368","msg":"EPP received request","x-request-id":"699ed700-e924-4624-9533-7af27d02025e"}
{"level":"info","ts":1785055929.9028075,"caller":"handlers/server.go:368","msg":"EPP received request","x-request-id":"619dce79-0d8f-44b6-be71-673142f753bf"}
{"level":"info","ts":1785055929.9309173,"caller":"handlers/server.go:626","msg":"EPP sent request body response(s) to proxy","x-request-id":"699ed700-e924-4624-9533-7af27d02025e","modelName":"Qwen/Qwen3-VL-32B-Instruct","targetModelName":"Qwen/Qwen3-VL-32B-Instruct"}
{"level":"info","ts":1785055930.0411987,"caller":"handlers/server.go:626","msg":"EPP sent request body response(s) to proxy","x-request-id":"619dce79-0d8f-44b6-be71-673142f753bf","modelName":"Qwen/Qwen3-VL-32B-Instruct","targetModelName":"Qwen/Qwen3-VL-32B-Instruct"}
{"level":"info","ts":1785055930.5878317,"caller":"handlers/server.go:368","msg":"EPP received request","x-request-id":"923e6c60-ace4-40c2-a51f-a5f8f826f6ad"}
{"level":"info","ts":1785055930.591894,"caller":"handlers/server.go:368","msg":"EPP received request","x-request-id":"fec2fe49-a2aa-455e-962f-5fe0bc075a98"}
{"level":"info","ts":1785055930.6578155,"caller":"handlers/server.go:626","msg":"EPP sent request body response(s) to proxy","x-request-id":"923e6c60-ace4-40c2-a51f-a5f8f826f6ad","modelName":"Qwen/Qwen3-VL-32B-Instruct","targetModelName":"Qwen/Qwen3-VL-32B-Instruct"}
{"level":"info","ts":1785055930.7671762,"caller":"handlers/server.go:626","msg":"EPP sent request body response(s) to proxy","x-request-id":"fec2fe49-a2aa-455e-962f-5fe0bc075a98","modelName":"Qwen/Qwen3-VL-32B-Instruct","targetModelName":"Qwen/Qwen3-VL-32B-Instruct"}
{"level":"info","ts":1785055930.8427722,"caller":"handlers/server.go:368","msg":"EPP received request","x-request-id":"5dd36fcd-fbbe-4983-b5aa-067f353837dc"}
{"level":"info","ts":1785055930.8429832,"caller":"handlers/server.go:368","msg":"EPP received request","x-request-id":"de8bc5fe-1701-46b2-9b39-a64ee45335f4"}
{"level":"info","ts":1785055930.847223,"caller":"handlers/server.go:368","msg":"EPP received request","x-request-id":"03973a00-7ef3-4a47-a0a2-fe6e309a0091"}
{"level":"info","ts":1785055930.8766518,"caller":"handlers/server.go:626","msg":"EPP sent request body response(s) to proxy","x-request-id":"5dd36fcd-fbbe-4983-b5aa-067f353837dc","modelName":"Qwen/Qwen3-VL-32B-Instruct","targetModelName":"Qwen/Qwen3-VL-32B-Instruct"}
{"level":"info","ts":1785055930.8772073,"caller":"handlers/server.go:626","msg":"EPP sent request body response(s) to proxy","x-request-id":"de8bc5fe-1701-46b2-9b39-a64ee45335f4","modelName":"Qwen/Qwen3-VL-32B-Instruct","targetModelName":"Qwen/Qwen3-VL-32B-Instruct"}
{"level":"info","ts":1785055930.9914956,"caller":"handlers/server.go:626","msg":"EPP sent request body response(s) to proxy","x-request-id":"03973a00-7ef3-4a47-a0a2-fe6e309a0091","modelName":"Qwen/Qwen3-VL-32B-Instruct","targetModelName":"Qwen/Qwen3-VL-32B-Instruct"}
{"level":"info","ts":1785055931.135711,"caller":"handlers/server.go:368","msg":"EPP received request","x-request-id":"06d3822d-755e-4413-bbb8-32ebd33168be"}
{"level":"info","ts":1785055931.1375155,"caller":"handlers/server.go:368","msg":"EPP received request","x-request-id":"ac4069b3-0025-4e96-a2f9-6050795b21bf"}
{"level":"info","ts":1785055931.1418974,"caller":"handlers/server.go:368","msg":"EPP received request","x-request-id":"fe0d7927-c800-431d-be84-2f468abd8b59"}
{"level":"info","ts":1785055931.1668992,"caller":"handlers/server.go:626","msg":"EPP sent request body response(s) to proxy","x-request-id":"06d3822d-755e-4413-bbb8-32ebd33168be","modelName":"Qwen/Qwen3-VL-32B-Instruct","targetModelName":"Qwen/Qwen3-VL-32B-Instruct"}
{"level":"info","ts":1785055931.201672,"caller":"handlers/server.go:626","msg":"EPP sent request body response(s) to proxy","x-request-id":"ac4069b3-0025-4e96-a2f9-6050795b21bf","modelName":"Qwen/Qwen3-VL-32B-Instruct","targetModelName":"Qwen/Qwen3-VL-32B-Instruct"}
{"level":"info","ts":1785055931.3020947,"caller":"handlers/server.go:626","msg":"EPP sent request body response(s) to proxy","x-request-id":"fe0d7927-c800-431d-be84-2f468abd8b59","modelName":"Qwen/Qwen3-VL-32B-Instruct","targetModelName":"Qwen/Qwen3-VL-32B-Instruct"}
{"level":"info","ts":1785055931.722228,"caller":"handlers/server.go:368","msg":"EPP received request","x-request-id":"c015a7d9-2dd7-48fe-b1b9-fe2f54c36c22"}
{"level":"info","ts":1785055931.7226064,"caller":"handlers/server.go:368","msg":"EPP received request","x-request-id":"17c6b418-a139-4ef9-b380-68bd8d5df7ab"}
{"level":"info","ts":1785055931.7479317,"caller":"handlers/server.go:368","msg":"EPP received request","x-request-id":"4fc6dead-8b06-4b9a-a304-1badac9b9966"}
{"level":"info","ts":1785055931.7846758,"caller":"handlers/server.go:626","msg":"EPP sent request body response(s) to proxy","x-request-id":"c015a7d9-2dd7-48fe-b1b9-fe2f54c36c22","modelName":"Qwen/Qwen3-VL-32B-Instruct","targetModelName":"Qwen/Qwen3-VL-32B-Instruct"}
{"level":"info","ts":1785055931.784971,"caller":"handlers/server.go:626","msg":"EPP sent request body response(s) to proxy","x-request-id":"17c6b418-a139-4ef9-b380-68bd8d5df7ab","modelName":"Qwen/Qwen3-VL-32B-Instruct","targetModelName":"Qwen/Qwen3-VL-32B-Instruct"}
{"level":"info","ts":1785055931.8641744,"caller":"handlers/server.go:626","msg":"EPP sent request body response(s) to proxy","x-request-id":"4fc6dead-8b06-4b9a-a304-1badac9b9966","modelName":"Qwen/Qwen3-VL-32B-Instruct","targetModelName":"Qwen/Qwen3-VL-32B-Instruct"}
{"level":"info","ts":1785055932.0496664,"caller":"handlers/server.go:368","msg":"EPP received request","x-request-id":"2545e3e3-81dd-4d26-af4c-90def8b57ca8"}
{"level":"info","ts":1785055932.1830983,"caller":"handlers/server.go:626","msg":"EPP sent request body response(s) to proxy","x-request-id":"2545e3e3-81dd-4d26-af4c-90def8b57ca8","modelName":"Qwen/Qwen3-VL-32B-Instruct","targetModelName":"Qwen/Qwen3-VL-32B-Instruct"}
{"level":"info","ts":1785055932.2849097,"caller":"handlers/server.go:368","msg":"EPP received request","x-request-id":"7efdb90b-563e-4038-bf1c-59448016b56c"}
{"level":"info","ts":1785055932.34989,"caller":"handlers/server.go:368","msg":"EPP received request","x-request-id":"524433e4-5404-49fd-a917-11a9cf5f868d"}
{"level":"info","ts":1785055932.3905566,"caller":"handlers/server.go:626","msg":"EPP sent request body response(s) to proxy","x-request-id":"7efdb90b-563e-4038-bf1c-59448016b56c","modelName":"Qwen/Qwen3-VL-32B-Instruct","targetModelName":"Qwen/Qwen3-VL-32B-Instruct"}
{"level":"info","ts":1785055932.4864154,"caller":"handlers/server.go:626","msg":"EPP sent request body response(s) to proxy","x-request-id":"524433e4-5404-49fd-a917-11a9cf5f868d","modelName":"Qwen/Qwen3-VL-32B-Instruct","targetModelName":"Qwen/Qwen3-VL-32B-Instruct"}
{"level":"info","ts":1785055932.5488935,"caller":"handlers/server.go:368","msg":"EPP received request","x-request-id":"5ad3f41f-0986-97d0-9eea-8f314c59c9fb"}
{"level":"info","ts":1785055932.5489268,"caller":"handlers/server.go:368","msg":"EPP received request","x-request-id":"855569c8-03a3-4002-afb8-df4aa6e9d151"}
{"level":"info","ts":1785055932.5492284,"caller":"handlers/server.go:368","msg":"EPP received request","x-request-id":"fed2de8b-fb80-4b5e-b52c-f33a071f5369"}
{"level":"info","ts":1785055932.5545835,"caller":"handlers/server.go:368","msg":"EPP received request","x-request-id":"9a3beb4c-3083-46c4-ad81-e462776d8da8"}
{"level":"info","ts":1785055932.5810692,"caller":"handlers/server.go:626","msg":"EPP sent request body response(s) to proxy","x-request-id":"855569c8-03a3-4002-afb8-df4aa6e9d151","modelName":"Qwen/Qwen3-VL-32B-Instruct","targetModelName":"Qwen/Qwen3-VL-32B-Instruct"}
{"level":"info","ts":1785055932.5814855,"caller":"handlers/server.go:626","msg":"EPP sent request body response(s) to proxy","x-request-id":"5ad3f41f-0986-97d0-9eea-8f314c59c9fb","modelName":"Qwen/Qwen3-VL-32B-Instruct","targetModelName":"Qwen/Qwen3-VL-32B-Instruct"}
{"level":"info","ts":1785055932.5833747,"caller":"handlers/server.go:626","msg":"EPP sent request body response(s) to proxy","x-request-id":"fed2de8b-fb80-4b5e-b52c-f33a071f5369","modelName":"Qwen/Qwen3-VL-32B-Instruct","targetModelName":"Qwen/Qwen3-VL-32B-Instruct"}
{"level":"info","ts":1785055932.6832979,"caller":"handlers/server.go:626","msg":"EPP sent request body response(s) to proxy","x-request-id":"9a3beb4c-3083-46c4-ad81-e462776d8da8","modelName":"Qwen/Qwen3-VL-32B-Instruct","targetModelName":"Qwen/Qwen3-VL-32B-Instruct"}
{"level":"info","ts":1785055932.8851511,"caller":"handlers/server.go:368","msg":"EPP received request","x-request-id":"27990412-2dee-4233-9430-48949331d718"}
{"level":"info","ts":1785055932.965877,"caller":"handlers/server.go:368","msg":"EPP received request","x-request-id":"4a834d73-b0ec-40a4-9191-d3eccfe832f3"}
{"level":"info","ts":1785055932.968625,"caller":"handlers/server.go:368","msg":"EPP received request","x-request-id":"000922f9-3fe3-4caa-8ee4-f974957b43b9"}
{"level":"info","ts":1785055933.0275338,"caller":"handlers/server.go:626","msg":"EPP sent request body response(s) to proxy","x-request-id":"27990412-2dee-4233-9430-48949331d718","modelName":"Qwen/Qwen3-VL-32B-Instruct","targetModelName":"Qwen/Qwen3-VL-32B-Instruct"}
{"level":"info","ts":1785055933.031937,"caller":"handlers/server.go:626","msg":"EPP sent request body response(s) to proxy","x-request-id":"4a834d73-b0ec-40a4-9191-d3eccfe832f3","modelName":"Qwen/Qwen3-VL-32B-Instruct","targetModelName":"Qwen/Qwen3-VL-32B-Instruct"}
{"level":"info","ts":1785055933.1123471,"caller":"handlers/server.go:626","msg":"EPP sent request body response(s) to proxy","x-request-id":"000922f9-3fe3-4caa-8ee4-f974957b43b9","modelName":"Qwen/Qwen3-VL-32B-Instruct","targetModelName":"Qwen/Qwen3-VL-32B-Instruct"}
{"level":"info","ts":1785055933.4788709,"caller":"handlers/server.go:368","msg":"EPP received request","x-request-id":"e2996beb-9c18-467b-8283-fb5063234733"}
{"level":"info","ts":1785055933.4793906,"caller":"handlers/server.go:368","msg":"EPP received request","x-request-id":"db4c13b9-b2a3-4164-bc5e-68c4b62eee11"}
{"level":"info","ts":1785055933.532582,"caller":"handlers/server.go:368","msg":"EPP received request","x-request-id":"885e9d59-cf4b-4643-ab39-991ee8b625ba"}
{"level":"info","ts":1785055933.545557,"caller":"handlers/server.go:626","msg":"EPP sent request body response(s) to proxy","x-request-id":"e2996beb-9c18-467b-8283-fb5063234733","modelName":"Qwen/Qwen3-VL-32B-Instruct","targetModelName":"Qwen/Qwen3-VL-32B-Instruct"}
{"level":"info","ts":1785055933.5709796,"caller":"handlers/server.go:626","msg":"EPP sent request body response(s) to proxy","x-request-id":"885e9d59-cf4b-4643-ab39-991ee8b625ba","modelName":"Qwen/Qwen3-VL-32B-Instruct","targetModelName":"Qwen/Qwen3-VL-32B-Instruct"}
{"level":"info","ts":1785055933.5809572,"caller":"handlers/server.go:626","msg":"EPP sent request body response(s) to proxy","x-request-id":"db4c13b9-b2a3-4164-bc5e-68c4b62eee11","modelName":"Qwen/Qwen3-VL-32B-Instruct","targetModelName":"Qwen/Qwen3-VL-32B-Instruct"}
{"level":"info","ts":1785055933.7514014,"caller":"handlers/server.go:368","msg":"EPP received request","x-request-id":"1c01277b-1dbb-49b1-8d77-cb03c57df63c"}
{"level":"info","ts":1785055933.922442,"caller":"handlers/server.go:626","msg":"EPP sent request body response(s) to proxy","x-request-id":"1c01277b-1dbb-49b1-8d77-cb03c57df63c","modelName":"Qwen/Qwen3-VL-32B-Instruct","targetModelName":"Qwen/Qwen3-VL-32B-Instruct"}
{"level":"info","ts":1785055934.065293,"caller":"handlers/server.go:368","msg":"EPP received request","x-request-id":"2101e939-6606-4ed8-9bb2-448bb3c8f440"}
{"level":"info","ts":1785055934.1486015,"caller":"handlers/server.go:368","msg":"EPP received request","x-request-id":"93215155-0e04-4ef9-8991-61dafa0ef452"}
{"level":"info","ts":1785055934.200785,"caller":"handlers/server.go:626","msg":"EPP sent request body response(s) to proxy","x-request-id":"2101e939-6606-4ed8-9bb2-448bb3c8f440","modelName":"Qwen/Qwen3-VL-32B-Instruct","targetModelName":"Qwen/Qwen3-VL-32B-Instruct"}
{"level":"info","ts":1785055934.2352252,"caller":"handlers/server.go:368","msg":"EPP received request","x-request-id":"e88641a1-0a04-4830-896f-205a38afb9d2"}
{"level":"info","ts":1785055934.2363355,"caller":"handlers/server.go:368","msg":"EPP received request","x-request-id":"675de616-3860-44f0-8283-c47a14220112"}
{"level":"info","ts":1785055934.2378414,"caller":"handlers/server.go:368","msg":"EPP received request","x-request-id":"fa4f7eeb-c3c0-4056-aa2c-0a70ed87efd8"}
{"level":"info","ts":1785055934.2601652,"caller":"controller/pod_reconciler.go:97","msg":"Pod added","controller":"pod","controllerGroup":"","controllerKind":"Pod","Pod":{"name":"epd-nvidia-gpu-vllm-decode-d9d499948-ccdx2","namespace":"dpikus-epd-sglang-bench"},"namespace":"dpikus-epd-sglang-bench","name":"epd-nvidia-gpu-vllm-decode-d9d499948-ccdx2","reconcileID":"fd49836a-8afe-4a3f-b522-b434198ce99e"}
{"level":"info","ts":1785055934.2683184,"caller":"handlers/server.go:626","msg":"EPP sent request body response(s) to proxy","x-request-id":"e88641a1-0a04-4830-896f-205a38afb9d2","modelName":"Qwen/Qwen3-VL-32B-Instruct","targetModelName":"Qwen/Qwen3-VL-32B-Instruct"}
{"level":"info","ts":1785055934.3024704,"caller":"handlers/server.go:626","msg":"EPP sent request body response(s) to proxy","x-request-id":"675de616-3860-44f0-8283-c47a14220112","modelName":"Qwen/Qwen3-VL-32B-Instruct","targetModelName":"Qwen/Qwen3-VL-32B-Instruct"}
{"level":"info","ts":1785055934.3195586,"caller":"handlers/server.go:626","msg":"EPP sent request body response(s) to proxy","x-request-id":"93215155-0e04-4ef9-8991-61dafa0ef452","modelName":"Qwen/Qwen3-VL-32B-Instruct","targetModelName":"Qwen/Qwen3-VL-32B-Instruct"}
{"level":"info","ts":1785055934.3442862,"caller":"handlers/server.go:626","msg":"EPP sent request body response(s) to proxy","x-request-id":"fa4f7eeb-c3c0-4056-aa2c-0a70ed87efd8","modelName":"Qwen/Qwen3-VL-32B-Instruct","targetModelName":"Qwen/Qwen3-VL-32B-Instruct"}
{"level":"info","ts":1785055934.6639047,"caller":"handlers/server.go:368","msg":"EPP received request","x-request-id":"9174ca41-4a09-44dd-8bc1-2e26a7d5c57c"}
{"level":"info","ts":1785055934.7387927,"caller":"handlers/server.go:368","msg":"EPP received request","x-request-id":"03e39ba4-1c05-4889-8a1c-b3574c95da23"}
{"level":"info","ts":1785055934.769346,"caller":"handlers/server.go:626","msg":"EPP sent request body response(s) to proxy","x-request-id":"9174ca41-4a09-44dd-8bc1-2e26a7d5c57c","modelName":"Qwen/Qwen3-VL-32B-Instruct","targetModelName":"Qwen/Qwen3-VL-32B-Instruct"}
{"level":"info","ts":1785055934.8347998,"caller":"handlers/server.go:626","msg":"EPP sent request body response(s) to proxy","x-request-id":"03e39ba4-1c05-4889-8a1c-b3574c95da23","modelName":"Qwen/Qwen3-VL-32B-Instruct","targetModelName":"Qwen/Qwen3-VL-32B-Instruct"}
{"level":"info","ts":1785055935.0512192,"caller":"handlers/server.go:368","msg":"EPP received request","x-request-id":"727012d2-4449-4f01-8e4e-912473bdae20"}
{"level":"info","ts":1785055935.2081099,"caller":"handlers/server.go:626","msg":"EPP sent request body response(s) to proxy","x-request-id":"727012d2-4449-4f01-8e4e-912473bdae20","modelName":"Qwen/Qwen3-VL-32B-Instruct","targetModelName":"Qwen/Qwen3-VL-32B-Instruct"}
{"level":"info","ts":1785055935.247574,"caller":"handlers/server.go:368","msg":"EPP received request","x-request-id":"6b830674-5737-4db4-9ad2-e2a2599a8dd5"}
{"level":"info","ts":1785055935.365479,"caller":"handlers/server.go:626","msg":"EPP sent request body response(s) to proxy","x-request-id":"6b830674-5737-4db4-9ad2-e2a2599a8dd5","modelName":"Qwen/Qwen3-VL-32B-Instruct","targetModelName":"Qwen/Qwen3-VL-32B-Instruct"}
{"level":"info","ts":1785055935.3708487,"caller":"handlers/server.go:368","msg":"EPP received request","x-request-id":"a763f010-1cfd-4589-8bc3-4f2bf1f316bc"}
{"level":"info","ts":1785055935.525449,"caller":"handlers/server.go:626","msg":"EPP sent request body response(s) to proxy","x-request-id":"a763f010-1cfd-4589-8bc3-4f2bf1f316bc","modelName":"Qwen/Qwen3-VL-32B-Instruct","targetModelName":"Qwen/Qwen3-VL-32B-Instruct"}
{"level":"info","ts":1785055935.817006,"caller":"handlers/server.go:368","msg":"EPP received request","x-request-id":"d1af69fc-201c-4ac4-9ac1-6cda84000efe"}
{"level":"info","ts":1785055935.8205001,"caller":"handlers/server.go:368","msg":"EPP received request","x-request-id":"10a4bafa-c026-4282-867c-a72e74a2ec39"}
{"level":"info","ts":1785055935.8477602,"caller":"handlers/server.go:626","msg":"EPP sent request body response(s) to proxy","x-request-id":"d1af69fc-201c-4ac4-9ac1-6cda84000efe","modelName":"Qwen/Qwen3-VL-32B-Instruct","targetModelName":"Qwen/Qwen3-VL-32B-Instruct"}
{"level":"info","ts":1785055935.868854,"caller":"handlers/server.go:368","msg":"EPP received request","x-request-id":"3dbc476f-4e1a-48f6-bf02-fdf9ff3a536c"}
{"level":"info","ts":1785055935.8738358,"caller":"handlers/server.go:368","msg":"EPP received request","x-request-id":"814eb6bd-8f92-4af9-a3e6-c8397c0d05e6"}
{"level":"info","ts":1785055935.9018147,"caller":"handlers/server.go:626","msg":"EPP sent request body response(s) to proxy","x-request-id":"3dbc476f-4e1a-48f6-bf02-fdf9ff3a536c","modelName":"Qwen/Qwen3-VL-32B-Instruct","targetModelName":"Qwen/Qwen3-VL-32B-Instruct"}
{"level":"info","ts":1785055935.9085798,"caller":"handlers/server.go:626","msg":"EPP sent request body response(s) to proxy","x-request-id":"10a4bafa-c026-4282-867c-a72e74a2ec39","modelName":"Qwen/Qwen3-VL-32B-Instruct","targetModelName":"Qwen/Qwen3-VL-32B-Instruct"}
{"level":"info","ts":1785055935.9605052,"caller":"handlers/server.go:368","msg":"EPP received request","x-request-id":"b2fb1092-0976-4dfb-9a71-0e5a18d42938"}
{"level":"info","ts":1785055935.9999387,"caller":"handlers/server.go:626","msg":"EPP sent request body response(s) to proxy","x-request-id":"814eb6bd-8f92-4af9-a3e6-c8397c0d05e6","modelName":"Qwen/Qwen3-VL-32B-Instruct","targetModelName":"Qwen/Qwen3-VL-32B-Instruct"}
{"level":"info","ts":1785055936.0592782,"caller":"handlers/server.go:626","msg":"EPP sent request body response(s) to proxy","x-request-id":"b2fb1092-0976-4dfb-9a71-0e5a18d42938","modelName":"Qwen/Qwen3-VL-32B-Instruct","targetModelName":"Qwen/Qwen3-VL-32B-Instruct"}
{"level":"info","ts":1785055936.3907568,"caller":"handlers/server.go:368","msg":"EPP received request","x-request-id":"90576f1d-5c40-4070-b831-858d5dde4eb7"}
{"level":"info","ts":1785055936.493386,"caller":"handlers/server.go:626","msg":"EPP sent request body response(s) to proxy","x-request-id":"90576f1d-5c40-4070-b831-858d5dde4eb7","modelName":"Qwen/Qwen3-VL-32B-Instruct","targetModelName":"Qwen/Qwen3-VL-32B-Instruct"}
{"level":"info","ts":1785055936.5623965,"caller":"handlers/server.go:368","msg":"EPP received request","x-request-id":"4d3766e2-0e21-45c5-a11b-e211db335577"}
{"level":"info","ts":1785055936.5626588,"caller":"handlers/server.go:368","msg":"EPP received request","x-request-id":"62323fce-aa3d-47bc-b963-9186e0f44653"}
{"level":"info","ts":1785055936.663456,"caller":"handlers/server.go:626","msg":"EPP sent request body response(s) to proxy","x-request-id":"62323fce-aa3d-47bc-b963-9186e0f44653","modelName":"Qwen/Qwen3-VL-32B-Instruct","targetModelName":"Qwen/Qwen3-VL-32B-Instruct"}
{"level":"info","ts":1785055936.6668835,"caller":"handlers/server.go:626","msg":"EPP sent request body response(s) to proxy","x-request-id":"4d3766e2-0e21-45c5-a11b-e211db335577","modelName":"Qwen/Qwen3-VL-32B-Instruct","targetModelName":"Qwen/Qwen3-VL-32B-Instruct"}
{"level":"info","ts":1785055936.990017,"caller":"handlers/server.go:368","msg":"EPP received request","x-request-id":"96855017-5f11-4103-b81d-96e30dba4ff1"}
{"level":"info","ts":1785055937.107113,"caller":"handlers/server.go:368","msg":"EPP received request","x-request-id":"706a4574-129a-4dc2-b4b1-213ce6cbc066"}
{"level":"info","ts":1785055937.1075346,"caller":"handlers/server.go:368","msg":"EPP received request","x-request-id":"2a898355-02b6-4cff-9a9a-f1401d3c7322"}
{"level":"info","ts":1785055937.119903,"caller":"handlers/server.go:626","msg":"EPP sent request body response(s) to proxy","x-request-id":"96855017-5f11-4103-b81d-96e30dba4ff1","modelName":"Qwen/Qwen3-VL-32B-Instruct","targetModelName":"Qwen/Qwen3-VL-32B-Instruct"}
{"level":"info","ts":1785055937.1404426,"caller":"handlers/server.go:626","msg":"EPP sent request body response(s) to proxy","x-request-id":"2a898355-02b6-4cff-9a9a-f1401d3c7322","modelName":"Qwen/Qwen3-VL-32B-Instruct","targetModelName":"Qwen/Qwen3-VL-32B-Instruct"}
{"level":"info","ts":1785055937.1426008,"caller":"handlers/server.go:626","msg":"EPP sent request body response(s) to proxy","x-request-id":"706a4574-129a-4dc2-b4b1-213ce6cbc066","modelName":"Qwen/Qwen3-VL-32B-Instruct","targetModelName":"Qwen/Qwen3-VL-32B-Instruct"}
{"level":"info","ts":1785055937.1730356,"caller":"handlers/server.go:368","msg":"EPP received request","x-request-id":"71f70452-31e3-4cdd-95fa-0f36bb9d59af"}
{"level":"info","ts":1785055937.1735845,"caller":"handlers/server.go:368","msg":"EPP received request","x-request-id":"b1ffeed0-8c19-9c17-8683-4c1c76623a61"}
{"level":"info","ts":1785055937.1790044,"caller":"handlers/server.go:368","msg":"EPP received request","x-request-id":"1f59e39a-b914-49e0-9a50-2b287e3b57e0"}
{"level":"info","ts":1785055937.2059472,"caller":"handlers/server.go:626","msg":"EPP sent request body response(s) to proxy","x-request-id":"71f70452-31e3-4cdd-95fa-0f36bb9d59af","modelName":"Qwen/Qwen3-VL-32B-Instruct","targetModelName":"Qwen/Qwen3-VL-32B-Instruct"}
{"level":"info","ts":1785055937.2061152,"caller":"handlers/server.go:626","msg":"EPP sent request body response(s) to proxy","x-request-id":"b1ffeed0-8c19-9c17-8683-4c1c76623a61","modelName":"Qwen/Qwen3-VL-32B-Instruct","targetModelName":"Qwen/Qwen3-VL-32B-Instruct"}
{"level":"info","ts":1785055937.3531706,"caller":"handlers/server.go:626","msg":"EPP sent request body response(s) to proxy","x-request-id":"1f59e39a-b914-49e0-9a50-2b287e3b57e0","modelName":"Qwen/Qwen3-VL-32B-Instruct","targetModelName":"Qwen/Qwen3-VL-32B-Instruct"}
{"level":"info","ts":1785055937.573581,"caller":"handlers/server.go:368","msg":"EPP received request","x-request-id":"41900c8c-0256-4547-8e7b-22111eb0dd46"}
{"level":"info","ts":1785055937.5740561,"caller":"handlers/server.go:368","msg":"EPP received request","x-request-id":"6918f7ec-7c09-4caa-b1fc-f49782b7d4ae"}
{"level":"info","ts":1785055937.642729,"caller":"handlers/server.go:626","msg":"EPP sent request body response(s) to proxy","x-request-id":"41900c8c-0256-4547-8e7b-22111eb0dd46","modelName":"Qwen/Qwen3-VL-32B-Instruct","targetModelName":"Qwen/Qwen3-VL-32B-Instruct"}
{"level":"info","ts":1785055937.645157,"caller":"handlers/server.go:626","msg":"EPP sent request body response(s) to proxy","x-request-id":"6918f7ec-7c09-4caa-b1fc-f49782b7d4ae","modelName":"Qwen/Qwen3-VL-32B-Instruct","targetModelName":"Qwen/Qwen3-VL-32B-Instruct"}
{"level":"info","ts":1785055937.7134302,"caller":"handlers/server.go:368","msg":"EPP received request","x-request-id":"d2ce3582-284d-4476-91ee-303cbeb93374"}
{"level":"info","ts":1785055937.7177334,"caller":"handlers/server.go:368","msg":"EPP received request","x-request-id":"71c5c0aa-f2b7-42e0-a1d8-3bd5e708bf31"}
{"level":"info","ts":1785055937.7290013,"caller":"handlers/server.go:368","msg":"EPP received request","x-request-id":"64f817db-2712-4426-930d-b8bde9bc1591"}
{"level":"info","ts":1785055937.7460928,"caller":"handlers/server.go:626","msg":"EPP sent request body response(s) to proxy","x-request-id":"d2ce3582-284d-4476-91ee-303cbeb93374","modelName":"Qwen/Qwen3-VL-32B-Instruct","targetModelName":"Qwen/Qwen3-VL-32B-Instruct"}
{"level":"info","ts":1785055937.8295586,"caller":"handlers/server.go:626","msg":"EPP sent request body response(s) to proxy","x-request-id":"64f817db-2712-4426-930d-b8bde9bc1591","modelName":"Qwen/Qwen3-VL-32B-Instruct","targetModelName":"Qwen/Qwen3-VL-32B-Instruct"}
{"level":"info","ts":1785055937.8595304,"caller":"handlers/server.go:626","msg":"EPP sent request body response(s) to proxy","x-request-id":"71c5c0aa-f2b7-42e0-a1d8-3bd5e708bf31","modelName":"Qwen/Qwen3-VL-32B-Instruct","targetModelName":"Qwen/Qwen3-VL-32B-Instruct"}
{"level":"info","ts":1785055937.9439027,"caller":"handlers/server.go:368","msg":"EPP received request","x-request-id":"9682f59c-f6ee-49c7-9ad8-a3323cf05179"}
{"level":"info","ts":1785055937.9441793,"caller":"handlers/server.go:368","msg":"EPP received request","x-request-id":"da20f265-f798-43bd-9471-6b44518bc356"}
{"level":"info","ts":1785055937.977423,"caller":"handlers/server.go:626","msg":"EPP sent request body response(s) to proxy","x-request-id":"da20f265-f798-43bd-9471-6b44518bc356","modelName":"Qwen/Qwen3-VL-32B-Instruct","targetModelName":"Qwen/Qwen3-VL-32B-Instruct"}
{"level":"info","ts":1785055937.9782548,"caller":"handlers/server.go:626","msg":"EPP sent request body response(s) to proxy","x-request-id":"9682f59c-f6ee-49c7-9ad8-a3323cf05179","modelName":"Qwen/Qwen3-VL-32B-Instruct","targetModelName":"Qwen/Qwen3-VL-32B-Instruct"}
{"level":"info","ts":1785055938.1097784,"caller":"handlers/server.go:368","msg":"EPP received request","x-request-id":"6965fee7-7d7b-40a0-87e9-9c81e494dcfd"}
{"level":"info","ts":1785055938.1128886,"caller":"handlers/server.go:368","msg":"EPP received request","x-request-id":"9f5ac4dc-22ad-44de-b548-06c1fe7696eb"}
{"level":"info","ts":1785055938.1444588,"caller":"handlers/server.go:626","msg":"EPP sent request body response(s) to proxy","x-request-id":"6965fee7-7d7b-40a0-87e9-9c81e494dcfd","modelName":"Qwen/Qwen3-VL-32B-Instruct","targetModelName":"Qwen/Qwen3-VL-32B-Instruct"}
{"level":"info","ts":1785055938.2118428,"caller":"handlers/server.go:626","msg":"EPP sent request body response(s) to proxy","x-request-id":"9f5ac4dc-22ad-44de-b548-06c1fe7696eb","modelName":"Qwen/Qwen3-VL-32B-Instruct","targetModelName":"Qwen/Qwen3-VL-32B-Instruct"}
{"level":"info","ts":1785055938.3478684,"caller":"handlers/server.go:368","msg":"EPP received request","x-request-id":"e1e3d699-f35e-43d5-9758-a20967f2684b"}
{"level":"info","ts":1785055938.4854896,"caller":"handlers/server.go:626","msg":"EPP sent request body response(s) to proxy","x-request-id":"e1e3d699-f35e-43d5-9758-a20967f2684b","modelName":"Qwen/Qwen3-VL-32B-Instruct","targetModelName":"Qwen/Qwen3-VL-32B-Instruct"}
{"level":"info","ts":1785055938.7144034,"caller":"handlers/server.go:368","msg":"EPP received request","x-request-id":"261f3f6a-dc4d-4712-87af-4f3a3179c8ab"}
{"level":"info","ts":1785055938.7471879,"caller":"handlers/server.go:626","msg":"EPP sent request body response(s) to proxy","x-request-id":"261f3f6a-dc4d-4712-87af-4f3a3179c8ab","modelName":"Qwen/Qwen3-VL-32B-Instruct","targetModelName":"Qwen/Qwen3-VL-32B-Instruct"}
{"level":"info","ts":1785055938.9274735,"caller":"handlers/server.go:368","msg":"EPP received request","x-request-id":"fb63e05e-42c0-4b43-bff0-c5b0063c7dc8"}
{"level":"info","ts":1785055939.0015929,"caller":"handlers/server.go:368","msg":"EPP received request","x-request-id":"6f4ac110-79cd-95b7-ac7c-bf24c5ec0f4d"}
{"level":"info","ts":1785055939.006911,"caller":"handlers/server.go:368","msg":"EPP received request","x-request-id":"e7788032-d3e0-4b18-bd1b-020d405de827"}
{"level":"info","ts":1785055939.0291986,"caller":"handlers/server.go:626","msg":"EPP sent request body response(s) to proxy","x-request-id":"fb63e05e-42c0-4b43-bff0-c5b0063c7dc8","modelName":"Qwen/Qwen3-VL-32B-Instruct","targetModelName":"Qwen/Qwen3-VL-32B-Instruct"}
{"level":"info","ts":1785055939.0342965,"caller":"handlers/server.go:626","msg":"EPP sent request body response(s) to proxy","x-request-id":"6f4ac110-79cd-95b7-ac7c-bf24c5ec0f4d","modelName":"Qwen/Qwen3-VL-32B-Instruct","targetModelName":"Qwen/Qwen3-VL-32B-Instruct"}
{"level":"info","ts":1785055939.175187,"caller":"handlers/server.go:626","msg":"EPP sent request body response(s) to proxy","x-request-id":"e7788032-d3e0-4b18-bd1b-020d405de827","modelName":"Qwen/Qwen3-VL-32B-Instruct","targetModelName":"Qwen/Qwen3-VL-32B-Instruct"}
{"level":"info","ts":1785055939.3086812,"caller":"handlers/server.go:368","msg":"EPP received request","x-request-id":"78157fb2-f386-4022-a36e-d4e594f5ad8c"}
{"level":"info","ts":1785055939.3107169,"caller":"handlers/server.go:368","msg":"EPP received request","x-request-id":"39a401fa-6a8c-4401-bb93-78b61842a324"}
{"level":"info","ts":1785055939.3128548,"caller":"handlers/server.go:368","msg":"EPP received request","x-request-id":"efa5dcdb-1b11-4075-9775-73bb28b94d71"}
{"level":"info","ts":1785055939.3428788,"caller":"handlers/server.go:626","msg":"EPP sent request body response(s) to proxy","x-request-id":"78157fb2-f386-4022-a36e-d4e594f5ad8c","modelName":"Qwen/Qwen3-VL-32B-Instruct","targetModelName":"Qwen/Qwen3-VL-32B-Instruct"}
{"level":"info","ts":1785055939.3789253,"caller":"handlers/server.go:626","msg":"EPP sent request body response(s) to proxy","x-request-id":"39a401fa-6a8c-4401-bb93-78b61842a324","modelName":"Qwen/Qwen3-VL-32B-Instruct","targetModelName":"Qwen/Qwen3-VL-32B-Instruct"}
{"level":"info","ts":1785055939.4463043,"caller":"handlers/server.go:626","msg":"EPP sent request body response(s) to proxy","x-request-id":"efa5dcdb-1b11-4075-9775-73bb28b94d71","modelName":"Qwen/Qwen3-VL-32B-Instruct","targetModelName":"Qwen/Qwen3-VL-32B-Instruct"}
{"level":"info","ts":1785055939.4592545,"caller":"handlers/server.go:368","msg":"EPP received request","x-request-id":"0f42a365-7419-4d3c-9c02-475210969bb2"}
{"level":"info","ts":1785055939.4618406,"caller":"handlers/server.go:368","msg":"EPP received request","x-request-id":"bcb5a8fe-d9fe-40d6-9d9c-d984c99d4f92"}
{"level":"info","ts":1785055939.490969,"caller":"handlers/server.go:626","msg":"EPP sent request body response(s) to proxy","x-request-id":"0f42a365-7419-4d3c-9c02-475210969bb2","modelName":"Qwen/Qwen3-VL-32B-Instruct","targetModelName":"Qwen/Qwen3-VL-32B-Instruct"}
{"level":"info","ts":1785055939.5626864,"caller":"handlers/server.go:626","msg":"EPP sent request body response(s) to proxy","x-request-id":"bcb5a8fe-d9fe-40d6-9d9c-d984c99d4f92","modelName":"Qwen/Qwen3-VL-32B-Instruct","targetModelName":"Qwen/Qwen3-VL-32B-Instruct"}
{"level":"info","ts":1785055939.8333097,"caller":"handlers/server.go:368","msg":"EPP received request","x-request-id":"c21d93cd-ba54-4520-bbb8-3e25197aefbf"}
{"level":"info","ts":1785055939.8333948,"caller":"handlers/server.go:368","msg":"EPP received request","x-request-id":"5b561ca8-07e5-9058-a1c7-dfd4f8fb4092"}
{"level":"info","ts":1785055939.8658977,"caller":"handlers/server.go:626","msg":"EPP sent request body response(s) to proxy","x-request-id":"c21d93cd-ba54-4520-bbb8-3e25197aefbf","modelName":"Qwen/Qwen3-VL-32B-Instruct","targetModelName":"Qwen/Qwen3-VL-32B-Instruct"}
{"level":"info","ts":1785055939.8670974,"caller":"handlers/server.go:626","msg":"EPP sent request body response(s) to proxy","x-request-id":"5b561ca8-07e5-9058-a1c7-dfd4f8fb4092","modelName":"Qwen/Qwen3-VL-32B-Instruct","targetModelName":"Qwen/Qwen3-VL-32B-Instruct"}
{"level":"info","ts":1785055940.0776854,"caller":"handlers/server.go:368","msg":"EPP received request","x-request-id":"c873ea33-1f74-4ea9-83be-3c61565ae6a9"}
{"level":"info","ts":1785055940.082841,"caller":"handlers/server.go:368","msg":"EPP received request","x-request-id":"493e7839-1422-4fb3-9601-8051fd0bb11f"}
{"level":"info","ts":1785055940.1129844,"caller":"handlers/server.go:626","msg":"EPP sent request body response(s) to proxy","x-request-id":"c873ea33-1f74-4ea9-83be-3c61565ae6a9","modelName":"Qwen/Qwen3-VL-32B-Instruct","targetModelName":"Qwen/Qwen3-VL-32B-Instruct"}
{"level":"info","ts":1785055940.2225552,"caller":"handlers/server.go:626","msg":"EPP sent request body response(s) to proxy","x-request-id":"493e7839-1422-4fb3-9601-8051fd0bb11f","modelName":"Qwen/Qwen3-VL-32B-Instruct","targetModelName":"Qwen/Qwen3-VL-32B-Instruct"}
{"level":"info","ts":1785055940.2502437,"caller":"handlers/server.go:368","msg":"EPP received request","x-request-id":"55cb315f-a4f2-408c-be56-4f880d191344"}
{"level":"info","ts":1785055940.429023,"caller":"handlers/server.go:368","msg":"EPP received request","x-request-id":"46bbcb5e-0bae-4b6a-ba9f-932b6b5f1c05"}
{"level":"info","ts":1785055940.4299555,"caller":"handlers/server.go:626","msg":"EPP sent request body response(s) to proxy","x-request-id":"55cb315f-a4f2-408c-be56-4f880d191344","modelName":"Qwen/Qwen3-VL-32B-Instruct","targetModelName":"Qwen/Qwen3-VL-32B-Instruct"}
{"level":"info","ts":1785055940.4933152,"caller":"handlers/server.go:626","msg":"EPP sent request body response(s) to proxy","x-request-id":"46bbcb5e-0bae-4b6a-ba9f-932b6b5f1c05","modelName":"Qwen/Qwen3-VL-32B-Instruct","targetModelName":"Qwen/Qwen3-VL-32B-Instruct"}
{"level":"info","ts":1785055940.6062021,"caller":"handlers/server.go:368","msg":"EPP received request","x-request-id":"d65dcc1f-6115-42ef-970b-9da2e668f75b"}
{"level":"info","ts":1785055940.7376988,"caller":"handlers/server.go:626","msg":"EPP sent request body response(s) to proxy","x-request-id":"d65dcc1f-6115-42ef-970b-9da2e668f75b","modelName":"Qwen/Qwen3-VL-32B-Instruct","targetModelName":"Qwen/Qwen3-VL-32B-Instruct"}
{"level":"info","ts":1785055940.8478737,"caller":"handlers/server.go:368","msg":"EPP received request","x-request-id":"44b2b3d7-8b38-4bf8-91d3-0bae84493916"}
{"level":"info","ts":1785055941.005402,"caller":"handlers/server.go:626","msg":"EPP sent request body response(s) to proxy","x-request-id":"44b2b3d7-8b38-4bf8-91d3-0bae84493916","modelName":"Qwen/Qwen3-VL-32B-Instruct","targetModelName":"Qwen/Qwen3-VL-32B-Instruct"}
{"level":"info","ts":1785055941.010147,"caller":"handlers/server.go:368","msg":"EPP received request","x-request-id":"d50666d3-06d6-485f-b799-beac79c75613"}
{"level":"info","ts":1785055941.0122566,"caller":"handlers/server.go:368","msg":"EPP received request","x-request-id":"c78637b1-92dc-4eb9-8a02-9d52400c32f6"}
{"level":"info","ts":1785055941.0145538,"caller":"handlers/server.go:368","msg":"EPP received request","x-request-id":"a4575aca-fa50-45ba-aabb-815f4a6ca773"}
{"level":"info","ts":1785055941.043846,"caller":"handlers/server.go:626","msg":"EPP sent request body response(s) to proxy","x-request-id":"d50666d3-06d6-485f-b799-beac79c75613","modelName":"Qwen/Qwen3-VL-32B-Instruct","targetModelName":"Qwen/Qwen3-VL-32B-Instruct"}
{"level":"info","ts":1785055941.0758443,"caller":"handlers/server.go:626","msg":"EPP sent request body response(s) to proxy","x-request-id":"c78637b1-92dc-4eb9-8a02-9d52400c32f6","modelName":"Qwen/Qwen3-VL-32B-Instruct","targetModelName":"Qwen/Qwen3-VL-32B-Instruct"}
{"level":"info","ts":1785055941.1405902,"caller":"handlers/server.go:626","msg":"EPP sent request body response(s) to proxy","x-request-id":"a4575aca-fa50-45ba-aabb-815f4a6ca773","modelName":"Qwen/Qwen3-VL-32B-Instruct","targetModelName":"Qwen/Qwen3-VL-32B-Instruct"}
{"level":"info","ts":1785055941.448598,"caller":"handlers/server.go:368","msg":"EPP received request","x-request-id":"b4d5801c-14f0-4eaf-99ef-bef8b46504cb"}
{"level":"info","ts":1785055941.4487019,"caller":"handlers/server.go:368","msg":"EPP received request","x-request-id":"183faa38-9c41-44f5-b1fc-4edfb7a46b9a"}
{"level":"info","ts":1785055941.4510744,"caller":"handlers/server.go:368","msg":"EPP received request","x-request-id":"572fecb7-7215-4224-8e07-d15ff82cc36e"}
{"level":"info","ts":1785055941.4791822,"caller":"handlers/server.go:626","msg":"EPP sent request body response(s) to proxy","x-request-id":"183faa38-9c41-44f5-b1fc-4edfb7a46b9a","modelName":"Qwen/Qwen3-VL-32B-Instruct","targetModelName":"Qwen/Qwen3-VL-32B-Instruct"}
{"level":"info","ts":1785055941.4794586,"caller":"handlers/server.go:626","msg":"EPP sent request body response(s) to proxy","x-request-id":"b4d5801c-14f0-4eaf-99ef-bef8b46504cb","modelName":"Qwen/Qwen3-VL-32B-Instruct","targetModelName":"Qwen/Qwen3-VL-32B-Instruct"}
{"level":"info","ts":1785055941.5522635,"caller":"handlers/server.go:626","msg":"EPP sent request body response(s) to proxy","x-request-id":"572fecb7-7215-4224-8e07-d15ff82cc36e","modelName":"Qwen/Qwen3-VL-32B-Instruct","targetModelName":"Qwen/Qwen3-VL-32B-Instruct"}
{"level":"info","ts":1785055941.5691295,"caller":"handlers/server.go:368","msg":"EPP received request","x-request-id":"2f77431a-c24d-4279-bdf6-6233dfdf2f87"}
{"level":"info","ts":1785055941.6346958,"caller":"handlers/server.go:626","msg":"EPP sent request body response(s) to proxy","x-request-id":"2f77431a-c24d-4279-bdf6-6233dfdf2f87","modelName":"Qwen/Qwen3-VL-32B-Instruct","targetModelName":"Qwen/Qwen3-VL-32B-Instruct"}
{"level":"info","ts":1785055941.8294845,"caller":"handlers/server.go:368","msg":"EPP received request","x-request-id":"c0c528d1-2de8-4567-9206-c9037f60ec1e"}
{"level":"info","ts":1785055941.9896007,"caller":"handlers/server.go:626","msg":"EPP sent request body response(s) to proxy","x-request-id":"c0c528d1-2de8-4567-9206-c9037f60ec1e","modelName":"Qwen/Qwen3-VL-32B-Instruct","targetModelName":"Qwen/Qwen3-VL-32B-Instruct"}
{"level":"info","ts":1785055942.2034783,"caller":"handlers/server.go:368","msg":"EPP received request","x-request-id":"70a7a68f-38ce-4c89-a09d-d9142e521817"}
{"level":"info","ts":1785055942.3568757,"caller":"handlers/server.go:626","msg":"EPP sent request body response(s) to proxy","x-request-id":"70a7a68f-38ce-4c89-a09d-d9142e521817","modelName":"Qwen/Qwen3-VL-32B-Instruct","targetModelName":"Qwen/Qwen3-VL-32B-Instruct"}
{"level":"info","ts":1785055942.3975792,"caller":"handlers/server.go:368","msg":"EPP received request","x-request-id":"b860883b-50c7-4e1b-a254-7b91b74e27a3"}
{"level":"info","ts":1785055942.4022582,"caller":"handlers/server.go:368","msg":"EPP received request","x-request-id":"bf20de51-b89f-4c6d-95b1-6e3b92c3d2bd"}
{"level":"info","ts":1785055942.4302113,"caller":"handlers/server.go:626","msg":"EPP sent request body response(s) to proxy","x-request-id":"b860883b-50c7-4e1b-a254-7b91b74e27a3","modelName":"Qwen/Qwen3-VL-32B-Instruct","targetModelName":"Qwen/Qwen3-VL-32B-Instruct"}
{"level":"info","ts":1785055942.5300806,"caller":"handlers/server.go:626","msg":"EPP sent request body response(s) to proxy","x-request-id":"bf20de51-b89f-4c6d-95b1-6e3b92c3d2bd","modelName":"Qwen/Qwen3-VL-32B-Instruct","targetModelName":"Qwen/Qwen3-VL-32B-Instruct"}
{"level":"info","ts":1785055942.6047635,"caller":"handlers/server.go:654","msg":"EPP sent response body back to proxy","x-request-id":"17f31f01-3f0b-4ec8-8f5a-66e80fb3d2de"}
{"level":"info","ts":1785055942.6861026,"caller":"handlers/server.go:368","msg":"EPP received request","x-request-id":"63f7be60-1593-4c6f-a842-a76817453643"}
{"level":"info","ts":1785055942.7489884,"caller":"handlers/server.go:368","msg":"EPP received request","x-request-id":"33f96c3b-adb5-4c7f-adbf-58bb810e5496"}
{"level":"info","ts":1785055942.7519522,"caller":"handlers/server.go:368","msg":"EPP received request","x-request-id":"f0fd9dcc-c27a-4780-9473-a86421889065"}
{"level":"info","ts":1785055942.7819061,"caller":"handlers/server.go:626","msg":"EPP sent request body response(s) to proxy","x-request-id":"33f96c3b-adb5-4c7f-adbf-58bb810e5496","modelName":"Qwen/Qwen3-VL-32B-Instruct","targetModelName":"Qwen/Qwen3-VL-32B-Instruct"}
{"level":"info","ts":1785055942.8450902,"caller":"handlers/server.go:626","msg":"EPP sent request body response(s) to proxy","x-request-id":"f0fd9dcc-c27a-4780-9473-a86421889065","modelName":"Qwen/Qwen3-VL-32B-Instruct","targetModelName":"Qwen/Qwen3-VL-32B-Instruct"}
{"level":"info","ts":1785055942.8584492,"caller":"handlers/server.go:626","msg":"EPP sent request body response(s) to proxy","x-request-id":"63f7be60-1593-4c6f-a842-a76817453643","modelName":"Qwen/Qwen3-VL-32B-Instruct","targetModelName":"Qwen/Qwen3-VL-32B-Instruct"}
{"level":"info","ts":1785055942.9271333,"caller":"handlers/server.go:368","msg":"EPP received request","x-request-id":"e0d02797-c12a-4d1b-841b-81accdaaa720"}
{"level":"info","ts":1785055942.9290657,"caller":"handlers/server.go:368","msg":"EPP received request","x-request-id":"c840cab4-1b35-4b80-8709-8bb83d7e5a33"}
{"level":"info","ts":1785055942.9971557,"caller":"handlers/server.go:626","msg":"EPP sent request body response(s) to proxy","x-request-id":"e0d02797-c12a-4d1b-841b-81accdaaa720","modelName":"Qwen/Qwen3-VL-32B-Instruct","targetModelName":"Qwen/Qwen3-VL-32B-Instruct"}
{"level":"info","ts":1785055943.0306811,"caller":"handlers/server.go:626","msg":"EPP sent request body response(s) to proxy","x-request-id":"c840cab4-1b35-4b80-8709-8bb83d7e5a33","modelName":"Qwen/Qwen3-VL-32B-Instruct","targetModelName":"Qwen/Qwen3-VL-32B-Instruct"}
{"level":"info","ts":1785055943.2663915,"caller":"handlers/server.go:368","msg":"EPP received request","x-request-id":"76c5bf6c-6283-4e40-abbc-9de256f26b1c"}
{"level":"info","ts":1785055943.3320282,"caller":"handlers/server.go:368","msg":"EPP received request","x-request-id":"6667b5fb-5250-4f21-bb07-ec5ea7d14b36"}
{"level":"info","ts":1785055943.3345757,"caller":"handlers/server.go:368","msg":"EPP received request","x-request-id":"16375b43-f85c-4405-8c5f-0a04d45c93d0"}
{"level":"info","ts":1785055943.3643086,"caller":"handlers/server.go:626","msg":"EPP sent request body response(s) to proxy","x-request-id":"6667b5fb-5250-4f21-bb07-ec5ea7d14b36","modelName":"Qwen/Qwen3-VL-32B-Instruct","targetModelName":"Qwen/Qwen3-VL-32B-Instruct"}
{"level":"info","ts":1785055943.409426,"caller":"handlers/server.go:626","msg":"EPP sent request body response(s) to proxy","x-request-id":"76c5bf6c-6283-4e40-abbc-9de256f26b1c","modelName":"Qwen/Qwen3-VL-32B-Instruct","targetModelName":"Qwen/Qwen3-VL-32B-Instruct"}
{"level":"info","ts":1785055943.4415903,"caller":"handlers/server.go:626","msg":"EPP sent request body response(s) to proxy","x-request-id":"16375b43-f85c-4405-8c5f-0a04d45c93d0","modelName":"Qwen/Qwen3-VL-32B-Instruct","targetModelName":"Qwen/Qwen3-VL-32B-Instruct"}
{"level":"info","ts":1785055943.486925,"caller":"handlers/server.go:368","msg":"EPP received request","x-request-id":"3ca35ac7-ac43-4773-917c-a54ade0dbf11"}
{"level":"info","ts":1785055943.58899,"caller":"handlers/server.go:626","msg":"EPP sent request body response(s) to proxy","x-request-id":"3ca35ac7-ac43-4773-917c-a54ade0dbf11","modelName":"Qwen/Qwen3-VL-32B-Instruct","targetModelName":"Qwen/Qwen3-VL-32B-Instruct"}
{"level":"info","ts":1785055943.7903898,"caller":"handlers/server.go:654","msg":"EPP sent response body back to proxy","x-request-id":"e16e4ba6-07bf-406f-a0fb-dbaf8027542a"}
{"level":"info","ts":1785055943.8648024,"caller":"handlers/server.go:368","msg":"EPP received request","x-request-id":"e1154bcd-4cf4-4a15-bf32-007778e39663"}
{"level":"info","ts":1785055943.9084609,"caller":"handlers/server.go:368","msg":"EPP received request","x-request-id":"9e3aa0db-f620-4563-9ab1-606bb9332391"}
{"level":"info","ts":1785055943.9097376,"caller":"handlers/server.go:368","msg":"EPP received request","x-request-id":"70676f23-01db-4518-90e7-9b2eb819457b"}
{"level":"info","ts":1785055943.9430637,"caller":"handlers/server.go:626","msg":"EPP sent request body response(s) to proxy","x-request-id":"9e3aa0db-f620-4563-9ab1-606bb9332391","modelName":"Qwen/Qwen3-VL-32B-Instruct","targetModelName":"Qwen/Qwen3-VL-32B-Instruct"}
{"level":"info","ts":1785055943.9624615,"caller":"handlers/server.go:626","msg":"EPP sent request body response(s) to proxy","x-request-id":"e1154bcd-4cf4-4a15-bf32-007778e39663","modelName":"Qwen/Qwen3-VL-32B-Instruct","targetModelName":"Qwen/Qwen3-VL-32B-Instruct"}
{"level":"info","ts":1785055943.9755523,"caller":"handlers/server.go:626","msg":"EPP sent request body response(s) to proxy","x-request-id":"70676f23-01db-4518-90e7-9b2eb819457b","modelName":"Qwen/Qwen3-VL-32B-Instruct","targetModelName":"Qwen/Qwen3-VL-32B-Instruct"}
{"level":"info","ts":1785055944.0874343,"caller":"handlers/server.go:368","msg":"EPP received request","x-request-id":"293c43da-a62b-4a7f-802a-20f5fd345ebf"}
{"level":"info","ts":1785055944.1681147,"caller":"handlers/server.go:654","msg":"EPP sent response body back to proxy","x-request-id":"fdf618b5-9c9a-4481-89e8-8f97a770e9f3"}
{"level":"info","ts":1785055944.1844053,"caller":"handlers/server.go:626","msg":"EPP sent request body response(s) to proxy","x-request-id":"293c43da-a62b-4a7f-802a-20f5fd345ebf","modelName":"Qwen/Qwen3-VL-32B-Instruct","targetModelName":"Qwen/Qwen3-VL-32B-Instruct"}
{"level":"info","ts":1785055944.256407,"caller":"handlers/server.go:654","msg":"EPP sent response body back to proxy","x-request-id":"1507037d-f98e-4704-bd46-185606dcf102"}
{"level":"info","ts":1785055944.4471717,"caller":"handlers/server.go:654","msg":"EPP sent response body back to proxy","x-request-id":"bfe055b2-4ffa-40d2-ada0-fc92d2c22cc3"}
{"level":"info","ts":1785055944.4542212,"caller":"handlers/server.go:368","msg":"EPP received request","x-request-id":"d87631e4-2b24-49c1-9629-c523b9f0cf3a"}
{"level":"info","ts":1785055944.4795904,"caller":"handlers/server.go:368","msg":"EPP received request","x-request-id":"bfa3b7e2-5d6d-480f-8339-b6222fdd107a"}
{"level":"info","ts":1785055944.4863193,"caller":"handlers/server.go:368","msg":"EPP received request","x-request-id":"53be5d8a-8d15-4645-bb1b-6ac1fe79f967"}
{"level":"info","ts":1785055944.4936528,"caller":"handlers/server.go:368","msg":"EPP received request","x-request-id":"cdd7970a-4bda-4998-9ae2-8d2428a527c3"}
{"level":"info","ts":1785055944.5136383,"caller":"handlers/server.go:626","msg":"EPP sent request body response(s) to proxy","x-request-id":"bfa3b7e2-5d6d-480f-8339-b6222fdd107a","modelName":"Qwen/Qwen3-VL-32B-Instruct","targetModelName":"Qwen/Qwen3-VL-32B-Instruct"}
{"level":"info","ts":1785055944.592061,"caller":"handlers/server.go:626","msg":"EPP sent request body response(s) to proxy","x-request-id":"d87631e4-2b24-49c1-9629-c523b9f0cf3a","modelName":"Qwen/Qwen3-VL-32B-Instruct","targetModelName":"Qwen/Qwen3-VL-32B-Instruct"}
{"level":"info","ts":1785055944.6240919,"caller":"handlers/server.go:626","msg":"EPP sent request body response(s) to proxy","x-request-id":"cdd7970a-4bda-4998-9ae2-8d2428a527c3","modelName":"Qwen/Qwen3-VL-32B-Instruct","targetModelName":"Qwen/Qwen3-VL-32B-Instruct"}
{"level":"info","ts":1785055944.6628156,"caller":"handlers/server.go:626","msg":"EPP sent request body response(s) to proxy","x-request-id":"53be5d8a-8d15-4645-bb1b-6ac1fe79f967","modelName":"Qwen/Qwen3-VL-32B-Instruct","targetModelName":"Qwen/Qwen3-VL-32B-Instruct"}
{"level":"info","ts":1785055945.0698373,"caller":"handlers/server.go:368","msg":"EPP received request","x-request-id":"b70ea602-0ae6-464f-90f2-554b4401a204"}
{"level":"info","ts":1785055945.0728495,"caller":"handlers/server.go:368","msg":"EPP received request","x-request-id":"771f4171-c124-4414-9bd3-2c35ab2f9d04"}
{"level":"info","ts":1785055945.1044838,"caller":"handlers/server.go:626","msg":"EPP sent request body response(s) to proxy","x-request-id":"b70ea602-0ae6-464f-90f2-554b4401a204","modelName":"Qwen/Qwen3-VL-32B-Instruct","targetModelName":"Qwen/Qwen3-VL-32B-Instruct"}
{"level":"info","ts":1785055945.1417336,"caller":"handlers/server.go:626","msg":"EPP sent request body response(s) to proxy","x-request-id":"771f4171-c124-4414-9bd3-2c35ab2f9d04","modelName":"Qwen/Qwen3-VL-32B-Instruct","targetModelName":"Qwen/Qwen3-VL-32B-Instruct"}
{"level":"info","ts":1785055945.4011936,"caller":"handlers/server.go:654","msg":"EPP sent response body back to proxy","x-request-id":"16cfd76b-0f1c-48c7-9640-acac612fe3c8"}
{"level":"info","ts":1785055945.6151106,"caller":"handlers/server.go:368","msg":"EPP received request","x-request-id":"a88a8c49-99df-4f27-9e93-9f3c683bcd8a"}
{"level":"info","ts":1785055945.6191974,"caller":"handlers/server.go:368","msg":"EPP received request","x-request-id":"37d80f2c-8ddd-42c4-a0cf-9d38efd3b180"}
{"level":"info","ts":1785055945.646831,"caller":"handlers/server.go:626","msg":"EPP sent request body response(s) to proxy","x-request-id":"a88a8c49-99df-4f27-9e93-9f3c683bcd8a","modelName":"Qwen/Qwen3-VL-32B-Instruct","targetModelName":"Qwen/Qwen3-VL-32B-Instruct"}
{"level":"info","ts":1785055945.652537,"caller":"handlers/server.go:654","msg":"EPP sent response body back to proxy","x-request-id":"5f848e8c-7f49-4f5b-89f9-85d6796608a2"}
{"level":"info","ts":1785055945.7098675,"caller":"handlers/server.go:368","msg":"EPP received request","x-request-id":"aafd163b-5699-47b8-8f71-bd5c4cd255ac"}
{"level":"info","ts":1785055945.7160647,"caller":"handlers/server.go:368","msg":"EPP received request","x-request-id":"1a9524c8-3def-493a-a8e0-e106926dd5d4"}
{"level":"info","ts":1785055945.7526238,"caller":"handlers/server.go:626","msg":"EPP sent request body response(s) to proxy","x-request-id":"37d80f2c-8ddd-42c4-a0cf-9d38efd3b180","modelName":"Qwen/Qwen3-VL-32B-Instruct","targetModelName":"Qwen/Qwen3-VL-32B-Instruct"}
{"level":"info","ts":1785055945.8164062,"caller":"handlers/server.go:654","msg":"EPP sent response body back to proxy","x-request-id":"78442a31-6d67-4c69-9d61-5f6e5f30b7a7"}
{"level":"info","ts":1785055945.8583732,"caller":"handlers/server.go:654","msg":"EPP sent response body back to proxy","x-request-id":"3aa1f22a-a8df-4a31-a337-9056bec9fe33"}
{"level":"info","ts":1785055945.897431,"caller":"handlers/server.go:626","msg":"EPP sent request body response(s) to proxy","x-request-id":"aafd163b-5699-47b8-8f71-bd5c4cd255ac","modelName":"Qwen/Qwen3-VL-32B-Instruct","targetModelName":"Qwen/Qwen3-VL-32B-Instruct"}
{"level":"info","ts":1785055945.9056032,"caller":"handlers/server.go:626","msg":"EPP sent request body response(s) to proxy","x-request-id":"1a9524c8-3def-493a-a8e0-e106926dd5d4","modelName":"Qwen/Qwen3-VL-32B-Instruct","targetModelName":"Qwen/Qwen3-VL-32B-Instruct"}
{"level":"info","ts":1785055946.242394,"caller":"handlers/server.go:368","msg":"EPP received request","x-request-id":"1ba6375c-44cb-4231-bec0-66e51a845304"}
{"level":"info","ts":1785055946.2894263,"caller":"handlers/server.go:368","msg":"EPP received request","x-request-id":"2b572ba5-2844-4d8d-b75b-4fb4a7ea5223"}
{"level":"info","ts":1785055946.3215654,"caller":"handlers/server.go:368","msg":"EPP received request","x-request-id":"64eae515-3b6d-4e32-93b5-5bdca61454bb"}
{"level":"info","ts":1785055946.3254354,"caller":"handlers/server.go:368","msg":"EPP received request","x-request-id":"931b6bb1-b4c3-4b07-8a50-a27572fb31fa"}
{"level":"info","ts":1785055946.355292,"caller":"handlers/server.go:626","msg":"EPP sent request body response(s) to proxy","x-request-id":"64eae515-3b6d-4e32-93b5-5bdca61454bb","modelName":"Qwen/Qwen3-VL-32B-Instruct","targetModelName":"Qwen/Qwen3-VL-32B-Instruct"}
{"level":"info","ts":1785055946.420414,"caller":"handlers/server.go:626","msg":"EPP sent request body response(s) to proxy","x-request-id":"2b572ba5-2844-4d8d-b75b-4fb4a7ea5223","modelName":"Qwen/Qwen3-VL-32B-Instruct","targetModelName":"Qwen/Qwen3-VL-32B-Instruct"}
{"level":"info","ts":1785055946.4293263,"caller":"handlers/server.go:626","msg":"EPP sent request body response(s) to proxy","x-request-id":"1ba6375c-44cb-4231-bec0-66e51a845304","modelName":"Qwen/Qwen3-VL-32B-Instruct","targetModelName":"Qwen/Qwen3-VL-32B-Instruct"}
{"level":"info","ts":1785055946.4849155,"caller":"handlers/server.go:626","msg":"EPP sent request body response(s) to proxy","x-request-id":"931b6bb1-b4c3-4b07-8a50-a27572fb31fa","modelName":"Qwen/Qwen3-VL-32B-Instruct","targetModelName":"Qwen/Qwen3-VL-32B-Instruct"}
{"level":"info","ts":1785055946.7376747,"caller":"handlers/server.go:654","msg":"EPP sent response body back to proxy","x-request-id":"c08a1bc0-b542-4c66-933a-8390d8f16744"}
{"level":"info","ts":1785055946.832892,"caller":"handlers/server.go:368","msg":"EPP received request","x-request-id":"46370fae-f41f-4aea-8ae4-43b75f620a0b"}
{"level":"info","ts":1785055946.865023,"caller":"handlers/server.go:368","msg":"EPP received request","x-request-id":"1ec77c80-b9b7-9309-b392-d64b6770c04a"}
{"level":"info","ts":1785055946.8650482,"caller":"handlers/server.go:368","msg":"EPP received request","x-request-id":"17e9b7d0-11db-432f-b8ec-ca8daca2e510"}
{"level":"info","ts":1785055946.889029,"caller":"handlers/server.go:368","msg":"EPP received request","x-request-id":"93b64fda-a268-4ae8-bffd-cc7fa4993e05"}
{"level":"info","ts":1785055946.932686,"caller":"handlers/server.go:626","msg":"EPP sent request body response(s) to proxy","x-request-id":"1ec77c80-b9b7-9309-b392-d64b6770c04a","modelName":"Qwen/Qwen3-VL-32B-Instruct","targetModelName":"Qwen/Qwen3-VL-32B-Instruct"}
{"level":"info","ts":1785055946.9330175,"caller":"handlers/server.go:626","msg":"EPP sent request body response(s) to proxy","x-request-id":"17e9b7d0-11db-432f-b8ec-ca8daca2e510","modelName":"Qwen/Qwen3-VL-32B-Instruct","targetModelName":"Qwen/Qwen3-VL-32B-Instruct"}
{"level":"info","ts":1785055946.957681,"caller":"handlers/server.go:654","msg":"EPP sent response body back to proxy","x-request-id":"088d7e6a-131b-49e3-9fea-94ab6b0727de"}
{"level":"info","ts":1785055946.9772148,"caller":"handlers/server.go:626","msg":"EPP sent request body response(s) to proxy","x-request-id":"46370fae-f41f-4aea-8ae4-43b75f620a0b","modelName":"Qwen/Qwen3-VL-32B-Instruct","targetModelName":"Qwen/Qwen3-VL-32B-Instruct"}
{"level":"info","ts":1785055946.9938648,"caller":"handlers/server.go:626","msg":"EPP sent request body response(s) to proxy","x-request-id":"93b64fda-a268-4ae8-bffd-cc7fa4993e05","modelName":"Qwen/Qwen3-VL-32B-Instruct","targetModelName":"Qwen/Qwen3-VL-32B-Instruct"}
{"level":"info","ts":1785055947.3998284,"caller":"handlers/server.go:368","msg":"EPP received request","x-request-id":"14a02761-bf31-46ad-98a5-81f85a8f0cc3"}
{"level":"info","ts":1785055947.401099,"caller":"handlers/server.go:368","msg":"EPP received request","x-request-id":"66d9234f-a773-4c67-856c-1d5251cdf372"}
{"level":"info","ts":1785055947.4324174,"caller":"handlers/server.go:626","msg":"EPP sent request body response(s) to proxy","x-request-id":"14a02761-bf31-46ad-98a5-81f85a8f0cc3","modelName":"Qwen/Qwen3-VL-32B-Instruct","targetModelName":"Qwen/Qwen3-VL-32B-Instruct"}
{"level":"info","ts":1785055947.4640014,"caller":"handlers/server.go:368","msg":"EPP received request","x-request-id":"ac8977de-5915-4a44-a983-c56bd5cf51a8"}
{"level":"info","ts":1785055947.4676337,"caller":"handlers/server.go:626","msg":"EPP sent request body response(s) to proxy","x-request-id":"66d9234f-a773-4c67-856c-1d5251cdf372","modelName":"Qwen/Qwen3-VL-32B-Instruct","targetModelName":"Qwen/Qwen3-VL-32B-Instruct"}
{"level":"info","ts":1785055947.5048985,"caller":"handlers/server.go:368","msg":"EPP received request","x-request-id":"01607edd-d921-446d-8b32-dcb2b2909ed8"}
{"level":"info","ts":1785055947.5280974,"caller":"handlers/server.go:654","msg":"EPP sent response body back to proxy","x-request-id":"0c4cd1f8-1680-43fa-b39a-612946935aad"}
{"level":"info","ts":1785055947.558909,"caller":"handlers/server.go:626","msg":"EPP sent request body response(s) to proxy","x-request-id":"ac8977de-5915-4a44-a983-c56bd5cf51a8","modelName":"Qwen/Qwen3-VL-32B-Instruct","targetModelName":"Qwen/Qwen3-VL-32B-Instruct"}
{"level":"info","ts":1785055947.6367981,"caller":"handlers/server.go:626","msg":"EPP sent request body response(s) to proxy","x-request-id":"01607edd-d921-446d-8b32-dcb2b2909ed8","modelName":"Qwen/Qwen3-VL-32B-Instruct","targetModelName":"Qwen/Qwen3-VL-32B-Instruct"}
{"level":"info","ts":1785055947.7881265,"caller":"handlers/server.go:654","msg":"EPP sent response body back to proxy","x-request-id":"273ef248-e4aa-4f8d-87f4-2435d786bc63"}
{"level":"info","ts":1785055947.9733427,"caller":"handlers/server.go:368","msg":"EPP received request","x-request-id":"733cbc74-db54-4c9e-9b9a-759a323b8fef"}
{"level":"info","ts":1785055948.0529408,"caller":"handlers/server.go:368","msg":"EPP received request","x-request-id":"45b56e23-cd7a-4f75-b52c-f738eee89af6"}
{"level":"info","ts":1785055948.0530045,"caller":"handlers/server.go:368","msg":"EPP received request","x-request-id":"01a16e42-5c03-4524-b5f1-f997e7b2a15c"}
{"level":"info","ts":1785055948.0683823,"caller":"handlers/server.go:368","msg":"EPP received request","x-request-id":"83eb0e8d-6c7a-43fe-a761-3836321c471b"}
{"level":"info","ts":1785055948.0799644,"caller":"handlers/server.go:626","msg":"EPP sent request body response(s) to proxy","x-request-id":"733cbc74-db54-4c9e-9b9a-759a323b8fef","modelName":"Qwen/Qwen3-VL-32B-Instruct","targetModelName":"Qwen/Qwen3-VL-32B-Instruct"}
{"level":"info","ts":1785055948.1196523,"caller":"handlers/server.go:626","msg":"EPP sent request body response(s) to proxy","x-request-id":"45b56e23-cd7a-4f75-b52c-f738eee89af6","modelName":"Qwen/Qwen3-VL-32B-Instruct","targetModelName":"Qwen/Qwen3-VL-32B-Instruct"}
{"level":"info","ts":1785055948.121507,"caller":"handlers/server.go:626","msg":"EPP sent request body response(s) to proxy","x-request-id":"01a16e42-5c03-4524-b5f1-f997e7b2a15c","modelName":"Qwen/Qwen3-VL-32B-Instruct","targetModelName":"Qwen/Qwen3-VL-32B-Instruct"}
{"level":"info","ts":1785055948.1459734,"caller":"handlers/server.go:654","msg":"EPP sent response body back to proxy","x-request-id":"ce2fecef-6c14-4e79-8104-f448ec44d235"}
{"level":"info","ts":1785055948.1637287,"caller":"handlers/server.go:626","msg":"EPP sent request body response(s) to proxy","x-request-id":"83eb0e8d-6c7a-43fe-a761-3836321c471b","modelName":"Qwen/Qwen3-VL-32B-Instruct","targetModelName":"Qwen/Qwen3-VL-32B-Instruct"}
{"level":"info","ts":1785055948.586462,"caller":"handlers/server.go:368","msg":"EPP received request","x-request-id":"782e4b0d-f100-4cb3-b63f-4b9ad18df238"}
{"level":"info","ts":1785055948.6379395,"caller":"handlers/server.go:368","msg":"EPP received request","x-request-id":"7dda47ad-badd-41df-aa94-7bbc65003b98"}
{"level":"info","ts":1785055948.6800957,"caller":"handlers/server.go:368","msg":"EPP received request","x-request-id":"ddee9ed1-b499-45c3-b309-6f48aca49f92"}
{"level":"info","ts":1785055948.7320075,"caller":"handlers/server.go:626","msg":"EPP sent request body response(s) to proxy","x-request-id":"7dda47ad-badd-41df-aa94-7bbc65003b98","modelName":"Qwen/Qwen3-VL-32B-Instruct","targetModelName":"Qwen/Qwen3-VL-32B-Instruct"}
{"level":"info","ts":1785055948.7416956,"caller":"handlers/server.go:626","msg":"EPP sent request body response(s) to proxy","x-request-id":"782e4b0d-f100-4cb3-b63f-4b9ad18df238","modelName":"Qwen/Qwen3-VL-32B-Instruct","targetModelName":"Qwen/Qwen3-VL-32B-Instruct"}
{"level":"info","ts":1785055948.8098123,"caller":"handlers/server.go:626","msg":"EPP sent request body response(s) to proxy","x-request-id":"ddee9ed1-b499-45c3-b309-6f48aca49f92","modelName":"Qwen/Qwen3-VL-32B-Instruct","targetModelName":"Qwen/Qwen3-VL-32B-Instruct"}
{"level":"info","ts":1785055949.1848605,"caller":"handlers/server.go:368","msg":"EPP received request","x-request-id":"7ac9bfd6-9bdb-406e-a49e-27e0509c1d8b"}
{"level":"info","ts":1785055949.2405775,"caller":"handlers/server.go:368","msg":"EPP received request","x-request-id":"873ff22d-f452-47ef-ab66-e6b9d8d4b528"}
{"level":"info","ts":1785055949.2714326,"caller":"handlers/server.go:368","msg":"EPP received request","x-request-id":"862947a4-529c-4b6e-83a0-56fef42db77d"}
{"level":"info","ts":1785055949.27572,"caller":"handlers/server.go:368","msg":"EPP received request","x-request-id":"dc0a62d0-4a87-458a-8007-ef64c742c352"}
{"level":"info","ts":1785055949.3014555,"caller":"handlers/server.go:626","msg":"EPP sent request body response(s) to proxy","x-request-id":"862947a4-529c-4b6e-83a0-56fef42db77d","modelName":"Qwen/Qwen3-VL-32B-Instruct","targetModelName":"Qwen/Qwen3-VL-32B-Instruct"}
{"level":"info","ts":1785055949.309503,"caller":"handlers/server.go:626","msg":"EPP sent request body response(s) to proxy","x-request-id":"7ac9bfd6-9bdb-406e-a49e-27e0509c1d8b","modelName":"Qwen/Qwen3-VL-32B-Instruct","targetModelName":"Qwen/Qwen3-VL-32B-Instruct"}
{"level":"info","ts":1785055949.3496177,"caller":"handlers/server.go:654","msg":"EPP sent response body back to proxy","x-request-id":"1a5cb83c-20d6-482d-acfb-2f1be47b95b4"}
{"level":"info","ts":1785055949.3594902,"caller":"handlers/server.go:626","msg":"EPP sent request body response(s) to proxy","x-request-id":"873ff22d-f452-47ef-ab66-e6b9d8d4b528","modelName":"Qwen/Qwen3-VL-32B-Instruct","targetModelName":"Qwen/Qwen3-VL-32B-Instruct"}
{"level":"info","ts":1785055949.4337542,"caller":"handlers/server.go:626","msg":"EPP sent request body response(s) to proxy","x-request-id":"dc0a62d0-4a87-458a-8007-ef64c742c352","modelName":"Qwen/Qwen3-VL-32B-Instruct","targetModelName":"Qwen/Qwen3-VL-32B-Instruct"}
{"level":"info","ts":1785055949.7843232,"caller":"handlers/server.go:368","msg":"EPP received request","x-request-id":"447e8983-2de4-4e1a-8c13-417d4d65d874"}
{"level":"info","ts":1785055949.842352,"caller":"handlers/server.go:368","msg":"EPP received request","x-request-id":"29d3b446-1ac0-43a0-8b79-e119488db20d"}
{"level":"info","ts":1785055949.8428116,"caller":"handlers/server.go:368","msg":"EPP received request","x-request-id":"9594e08b-2b99-4f29-9fca-e8f7dd55fdd1"}
{"level":"info","ts":1785055949.8575861,"caller":"handlers/server.go:368","msg":"EPP received request","x-request-id":"8ebc6277-ba22-480a-a947-56a796f51009"}
{"level":"info","ts":1785055949.8736064,"caller":"handlers/server.go:626","msg":"EPP sent request body response(s) to proxy","x-request-id":"9594e08b-2b99-4f29-9fca-e8f7dd55fdd1","modelName":"Qwen/Qwen3-VL-32B-Instruct","targetModelName":"Qwen/Qwen3-VL-32B-Instruct"}
{"level":"info","ts":1785055949.8738396,"caller":"handlers/server.go:626","msg":"EPP sent request body response(s) to proxy","x-request-id":"29d3b446-1ac0-43a0-8b79-e119488db20d","modelName":"Qwen/Qwen3-VL-32B-Instruct","targetModelName":"Qwen/Qwen3-VL-32B-Instruct"}
{"level":"info","ts":1785055949.9155538,"caller":"handlers/server.go:626","msg":"EPP sent request body response(s) to proxy","x-request-id":"447e8983-2de4-4e1a-8c13-417d4d65d874","modelName":"Qwen/Qwen3-VL-32B-Instruct","targetModelName":"Qwen/Qwen3-VL-32B-Instruct"}
{"level":"info","ts":1785055950.0174265,"caller":"handlers/server.go:626","msg":"EPP sent request body response(s) to proxy","x-request-id":"8ebc6277-ba22-480a-a947-56a796f51009","modelName":"Qwen/Qwen3-VL-32B-Instruct","targetModelName":"Qwen/Qwen3-VL-32B-Instruct"}
{"level":"info","ts":1785055950.0878663,"caller":"handlers/server.go:654","msg":"EPP sent response body back to proxy","x-request-id":"a169036e-1a5f-4d60-8bc1-907fd0f60a26"}
{"level":"info","ts":1785055950.3645005,"caller":"handlers/server.go:368","msg":"EPP received request","x-request-id":"4fff94dc-d5b9-47d6-970c-27670a8dd86d"}
{"level":"info","ts":1785055950.4317489,"caller":"handlers/server.go:626","msg":"EPP sent request body response(s) to proxy","x-request-id":"4fff94dc-d5b9-47d6-970c-27670a8dd86d","modelName":"Qwen/Qwen3-VL-32B-Instruct","targetModelName":"Qwen/Qwen3-VL-32B-Instruct"}
{"level":"info","ts":1785055950.459891,"caller":"handlers/server.go:368","msg":"EPP received request","x-request-id":"8b4dc974-39a8-4a65-9a14-ca6312951f39"}
{"level":"info","ts":1785055950.4623024,"caller":"handlers/server.go:368","msg":"EPP received request","x-request-id":"c034d8f7-7480-491e-9bd2-bc167f1fcce0"}
{"level":"info","ts":1785055950.4704087,"caller":"handlers/server.go:368","msg":"EPP received request","x-request-id":"36dd6515-9d7a-4b7a-b91b-a142ad9981a9"}
{"level":"info","ts":1785055950.5231621,"caller":"handlers/server.go:626","msg":"EPP sent request body response(s) to proxy","x-request-id":"8b4dc974-39a8-4a65-9a14-ca6312951f39","modelName":"Qwen/Qwen3-VL-32B-Instruct","targetModelName":"Qwen/Qwen3-VL-32B-Instruct"}
{"level":"info","ts":1785055950.5920167,"caller":"handlers/server.go:626","msg":"EPP sent request body response(s) to proxy","x-request-id":"c034d8f7-7480-491e-9bd2-bc167f1fcce0","modelName":"Qwen/Qwen3-VL-32B-Instruct","targetModelName":"Qwen/Qwen3-VL-32B-Instruct"}
{"level":"info","ts":1785055950.5971491,"caller":"handlers/server.go:626","msg":"EPP sent request body response(s) to proxy","x-request-id":"36dd6515-9d7a-4b7a-b91b-a142ad9981a9","modelName":"Qwen/Qwen3-VL-32B-Instruct","targetModelName":"Qwen/Qwen3-VL-32B-Instruct"}
{"level":"info","ts":1785055950.9923432,"caller":"handlers/server.go:368","msg":"EPP received request","x-request-id":"ff26e537-50b3-4f45-a831-daa49b68ebc5"}
{"level":"info","ts":1785055951.0462255,"caller":"handlers/server.go:368","msg":"EPP received request","x-request-id":"697f7d3a-29fa-47e9-a87f-7066b5e90066"}
{"level":"info","ts":1785055951.1095102,"caller":"handlers/server.go:626","msg":"EPP sent request body response(s) to proxy","x-request-id":"697f7d3a-29fa-47e9-a87f-7066b5e90066","modelName":"Qwen/Qwen3-VL-32B-Instruct","targetModelName":"Qwen/Qwen3-VL-32B-Instruct"}
{"level":"info","ts":1785055951.1633332,"caller":"handlers/server.go:626","msg":"EPP sent request body response(s) to proxy","x-request-id":"ff26e537-50b3-4f45-a831-daa49b68ebc5","modelName":"Qwen/Qwen3-VL-32B-Instruct","targetModelName":"Qwen/Qwen3-VL-32B-Instruct"}
{"level":"info","ts":1785055951.367778,"caller":"handlers/server.go:654","msg":"EPP sent response body back to proxy","x-request-id":"917fbfbe-cd4b-424f-a61b-3072570a9de1"}
{"level":"info","ts":1785055951.5442555,"caller":"handlers/server.go:368","msg":"EPP received request","x-request-id":"61e7314f-cd93-43eb-8bf0-fe9436d03107"}
{"level":"info","ts":1785055951.642914,"caller":"handlers/server.go:626","msg":"EPP sent request body response(s) to proxy","x-request-id":"61e7314f-cd93-43eb-8bf0-fe9436d03107","modelName":"Qwen/Qwen3-VL-32B-Instruct","targetModelName":"Qwen/Qwen3-VL-32B-Instruct"}
{"level":"info","ts":1785055951.6532626,"caller":"handlers/server.go:368","msg":"EPP received request","x-request-id":"f962f616-1603-4d3b-a729-53b485cd3bf5"}
{"level":"info","ts":1785055951.6831734,"caller":"handlers/server.go:368","msg":"EPP received request","x-request-id":"3ab90bed-4e9b-4dfb-a353-cc53441f44c3"}
{"level":"info","ts":1785055951.7474504,"caller":"handlers/server.go:626","msg":"EPP sent request body response(s) to proxy","x-request-id":"f962f616-1603-4d3b-a729-53b485cd3bf5","modelName":"Qwen/Qwen3-VL-32B-Instruct","targetModelName":"Qwen/Qwen3-VL-32B-Instruct"}
{"level":"info","ts":1785055951.8397143,"caller":"handlers/server.go:654","msg":"EPP sent response body back to proxy","x-request-id":"6a296d46-ab9e-4350-b8e2-55275afc8e75"}
{"level":"info","ts":1785055951.8404531,"caller":"handlers/server.go:626","msg":"EPP sent request body response(s) to proxy","x-request-id":"3ab90bed-4e9b-4dfb-a353-cc53441f44c3","modelName":"Qwen/Qwen3-VL-32B-Instruct","targetModelName":"Qwen/Qwen3-VL-32B-Instruct"}
{"level":"info","ts":1785055952.128234,"caller":"handlers/server.go:654","msg":"EPP sent response body back to proxy","x-request-id":"7a624d49-6652-43cf-a9c0-283f563e26d9"}
{"level":"info","ts":1785055952.1385407,"caller":"handlers/server.go:368","msg":"EPP received request","x-request-id":"5382a979-bc60-47aa-84fc-faeb36751974"}
{"level":"info","ts":1785055952.2327023,"caller":"handlers/server.go:626","msg":"EPP sent request body response(s) to proxy","x-request-id":"5382a979-bc60-47aa-84fc-faeb36751974","modelName":"Qwen/Qwen3-VL-32B-Instruct","targetModelName":"Qwen/Qwen3-VL-32B-Instruct"}
{"level":"info","ts":1785055952.2392957,"caller":"handlers/server.go:368","msg":"EPP received request","x-request-id":"b087938d-9edd-43c4-9ed2-952a30671eda"}
{"level":"info","ts":1785055952.2564313,"caller":"handlers/server.go:368","msg":"EPP received request","x-request-id":"c2d0cea0-dc0d-4821-9d09-31f4aa9bb693"}
{"level":"info","ts":1785055952.3489227,"caller":"handlers/server.go:654","msg":"EPP sent response body back to proxy","x-request-id":"8bb1773b-dc32-45b3-bfba-c547558d48d5"}
{"level":"info","ts":1785055952.3640666,"caller":"handlers/server.go:626","msg":"EPP sent request body response(s) to proxy","x-request-id":"b087938d-9edd-43c4-9ed2-952a30671eda","modelName":"Qwen/Qwen3-VL-32B-Instruct","targetModelName":"Qwen/Qwen3-VL-32B-Instruct"}
{"level":"info","ts":1785055952.3763692,"caller":"handlers/server.go:626","msg":"EPP sent request body response(s) to proxy","x-request-id":"c2d0cea0-dc0d-4821-9d09-31f4aa9bb693","modelName":"Qwen/Qwen3-VL-32B-Instruct","targetModelName":"Qwen/Qwen3-VL-32B-Instruct"}
{"level":"info","ts":1785055952.7027457,"caller":"handlers/server.go:368","msg":"EPP received request","x-request-id":"f798b0fc-9ba6-4772-b85a-967b4c9d0002"}
{"level":"info","ts":1785055952.7039452,"caller":"handlers/server.go:368","msg":"EPP received request","x-request-id":"2961651a-9788-4002-af72-da59d48b120c"}
{"level":"info","ts":1785055952.718011,"caller":"handlers/server.go:654","msg":"EPP sent response body back to proxy","x-request-id":"aa01de9b-1a99-4453-aba2-d05d7210fdbe"}
{"level":"info","ts":1785055952.8046567,"caller":"handlers/server.go:626","msg":"EPP sent request body response(s) to proxy","x-request-id":"f798b0fc-9ba6-4772-b85a-967b4c9d0002","modelName":"Qwen/Qwen3-VL-32B-Instruct","targetModelName":"Qwen/Qwen3-VL-32B-Instruct"}
{"level":"info","ts":1785055952.828703,"caller":"handlers/server.go:626","msg":"EPP sent request body response(s) to proxy","x-request-id":"2961651a-9788-4002-af72-da59d48b120c","modelName":"Qwen/Qwen3-VL-32B-Instruct","targetModelName":"Qwen/Qwen3-VL-32B-Instruct"}
{"level":"info","ts":1785055952.8452327,"caller":"handlers/server.go:368","msg":"EPP received request","x-request-id":"39a68521-902a-4405-9eaa-b8883638c908"}
{"level":"info","ts":1785055952.850747,"caller":"handlers/server.go:368","msg":"EPP received request","x-request-id":"9056a95a-9026-4afe-8524-39e538e43c92"}
{"level":"info","ts":1785055952.9220433,"caller":"handlers/server.go:654","msg":"EPP sent response body back to proxy","x-request-id":"8e43f5a7-5c26-4998-9b4f-28e3a26297ed"}
{"level":"info","ts":1785055952.9366963,"caller":"handlers/server.go:626","msg":"EPP sent request body response(s) to proxy","x-request-id":"39a68521-902a-4405-9eaa-b8883638c908","modelName":"Qwen/Qwen3-VL-32B-Instruct","targetModelName":"Qwen/Qwen3-VL-32B-Instruct"}
{"level":"info","ts":1785055952.963556,"caller":"handlers/server.go:626","msg":"EPP sent request body response(s) to proxy","x-request-id":"9056a95a-9026-4afe-8524-39e538e43c92","modelName":"Qwen/Qwen3-VL-32B-Instruct","targetModelName":"Qwen/Qwen3-VL-32B-Instruct"}
{"level":"info","ts":1785055953.4628844,"caller":"handlers/server.go:654","msg":"EPP sent response body back to proxy","x-request-id":"725f5ebc-1838-4501-b298-0a05344a31e3"}
{"level":"info","ts":1785055953.4669995,"caller":"handlers/server.go:368","msg":"EPP received request","x-request-id":"766c2561-18e0-45ad-88ba-11ca82487c68"}
{"level":"info","ts":1785055953.475198,"caller":"handlers/server.go:368","msg":"EPP received request","x-request-id":"4cc52741-6efd-4dc4-851a-753ea9dfb526"}
{"level":"info","ts":1785055953.6434138,"caller":"handlers/server.go:626","msg":"EPP sent request body response(s) to proxy","x-request-id":"766c2561-18e0-45ad-88ba-11ca82487c68","modelName":"Qwen/Qwen3-VL-32B-Instruct","targetModelName":"Qwen/Qwen3-VL-32B-Instruct"}
{"level":"info","ts":1785055953.6451385,"caller":"handlers/server.go:626","msg":"EPP sent request body response(s) to proxy","x-request-id":"4cc52741-6efd-4dc4-851a-753ea9dfb526","modelName":"Qwen/Qwen3-VL-32B-Instruct","targetModelName":"Qwen/Qwen3-VL-32B-Instruct"}
{"level":"info","ts":1785055953.704029,"caller":"handlers/server.go:368","msg":"EPP received request","x-request-id":"e3f028b2-588e-412e-9661-dc159cc4fa97"}
{"level":"info","ts":1785055953.7050653,"caller":"handlers/server.go:368","msg":"EPP received request","x-request-id":"589e2ab1-8e79-4a8f-8194-fe936ee87e25"}
{"level":"info","ts":1785055953.8065598,"caller":"handlers/server.go:626","msg":"EPP sent request body response(s) to proxy","x-request-id":"e3f028b2-588e-412e-9661-dc159cc4fa97","modelName":"Qwen/Qwen3-VL-32B-Instruct","targetModelName":"Qwen/Qwen3-VL-32B-Instruct"}
{"level":"info","ts":1785055953.83511,"caller":"handlers/server.go:626","msg":"EPP sent request body response(s) to proxy","x-request-id":"589e2ab1-8e79-4a8f-8194-fe936ee87e25","modelName":"Qwen/Qwen3-VL-32B-Instruct","targetModelName":"Qwen/Qwen3-VL-32B-Instruct"}
{"level":"info","ts":1785055953.906828,"caller":"handlers/server.go:654","msg":"EPP sent response body back to proxy","x-request-id":"af03d075-ff08-42fe-bccb-c366541d42c0"}
{"level":"info","ts":1785055954.0532882,"caller":"handlers/server.go:368","msg":"EPP received request","x-request-id":"dda16071-7de1-4dc6-b428-84d76826bb1f"}
{"level":"info","ts":1785055954.0614257,"caller":"handlers/server.go:368","msg":"EPP received request","x-request-id":"b07747f3-7532-4059-be8c-a25c5646f278"}
{"level":"info","ts":1785055954.0616124,"caller":"handlers/server.go:368","msg":"EPP received request","x-request-id":"1dd4035e-80fb-45b4-9e5f-c65bf0414b35"}
{"level":"info","ts":1785055954.1541457,"caller":"handlers/server.go:626","msg":"EPP sent request body response(s) to proxy","x-request-id":"dda16071-7de1-4dc6-b428-84d76826bb1f","modelName":"Qwen/Qwen3-VL-32B-Instruct","targetModelName":"Qwen/Qwen3-VL-32B-Instruct"}
{"level":"info","ts":1785055954.1615343,"caller":"handlers/server.go:626","msg":"EPP sent request body response(s) to proxy","x-request-id":"b07747f3-7532-4059-be8c-a25c5646f278","modelName":"Qwen/Qwen3-VL-32B-Instruct","targetModelName":"Qwen/Qwen3-VL-32B-Instruct"}
{"level":"info","ts":1785055954.172219,"caller":"handlers/server.go:626","msg":"EPP sent request body response(s) to proxy","x-request-id":"1dd4035e-80fb-45b4-9e5f-c65bf0414b35","modelName":"Qwen/Qwen3-VL-32B-Instruct","targetModelName":"Qwen/Qwen3-VL-32B-Instruct"}
{"level":"info","ts":1785055954.673383,"caller":"handlers/server.go:368","msg":"EPP received request","x-request-id":"901a88e8-71ef-450b-80b1-565ae0ae246f"}
{"level":"info","ts":1785055954.6802223,"caller":"handlers/server.go:368","msg":"EPP received request","x-request-id":"cabd7401-a5ba-4c39-8389-19a6b8c692b5"}
{"level":"info","ts":1785055954.8199875,"caller":"handlers/server.go:626","msg":"EPP sent request body response(s) to proxy","x-request-id":"cabd7401-a5ba-4c39-8389-19a6b8c692b5","modelName":"Qwen/Qwen3-VL-32B-Instruct","targetModelName":"Qwen/Qwen3-VL-32B-Instruct"}
{"level":"info","ts":1785055954.837025,"caller":"handlers/server.go:626","msg":"EPP sent request body response(s) to proxy","x-request-id":"901a88e8-71ef-450b-80b1-565ae0ae246f","modelName":"Qwen/Qwen3-VL-32B-Instruct","targetModelName":"Qwen/Qwen3-VL-32B-Instruct"}
{"level":"info","ts":1785055954.891519,"caller":"handlers/server.go:368","msg":"EPP received request","x-request-id":"2e0eefd4-338d-4566-9662-2c33b3127bb3"}
{"level":"info","ts":1785055955.0290675,"caller":"handlers/server.go:626","msg":"EPP sent request body response(s) to proxy","x-request-id":"2e0eefd4-338d-4566-9662-2c33b3127bb3","modelName":"Qwen/Qwen3-VL-32B-Instruct","targetModelName":"Qwen/Qwen3-VL-32B-Instruct"}
{"level":"info","ts":1785055955.2600644,"caller":"handlers/server.go:368","msg":"EPP received request","x-request-id":"01503568-e5e9-4766-81c3-37c09d75c07d"}
{"level":"info","ts":1785055955.3578904,"caller":"handlers/server.go:626","msg":"EPP sent request body response(s) to proxy","x-request-id":"01503568-e5e9-4766-81c3-37c09d75c07d","modelName":"Qwen/Qwen3-VL-32B-Instruct","targetModelName":"Qwen/Qwen3-VL-32B-Instruct"}
{"level":"info","ts":1785055955.5030446,"caller":"handlers/server.go:368","msg":"EPP received request","x-request-id":"c824db47-ca8b-4c82-856e-5fa0d9201d90"}
{"level":"info","ts":1785055955.6685774,"caller":"handlers/server.go:626","msg":"EPP sent request body response(s) to proxy","x-request-id":"c824db47-ca8b-4c82-856e-5fa0d9201d90","modelName":"Qwen/Qwen3-VL-32B-Instruct","targetModelName":"Qwen/Qwen3-VL-32B-Instruct"}
{"level":"info","ts":1785055955.8611922,"caller":"handlers/server.go:368","msg":"EPP received request","x-request-id":"cd15d19a-78cb-40bc-a90c-1bae83338db3"}
{"level":"info","ts":1785055955.8846927,"caller":"handlers/server.go:368","msg":"EPP received request","x-request-id":"ebb4ef82-1012-4ad9-8ad8-c8ede6bba3ec"}
{"level":"info","ts":1785055956.0093634,"caller":"handlers/server.go:626","msg":"EPP sent request body response(s) to proxy","x-request-id":"cd15d19a-78cb-40bc-a90c-1bae83338db3","modelName":"Qwen/Qwen3-VL-32B-Instruct","targetModelName":"Qwen/Qwen3-VL-32B-Instruct"}
{"level":"info","ts":1785055956.06416,"caller":"handlers/server.go:626","msg":"EPP sent request body response(s) to proxy","x-request-id":"ebb4ef82-1012-4ad9-8ad8-c8ede6bba3ec","modelName":"Qwen/Qwen3-VL-32B-Instruct","targetModelName":"Qwen/Qwen3-VL-32B-Instruct"}
{"level":"info","ts":1785055956.0695217,"caller":"handlers/server.go:368","msg":"EPP received request","x-request-id":"7411f0b6-a04c-4d13-901a-8493f1952b0a"}
{"level":"info","ts":1785055956.0695305,"caller":"handlers/server.go:368","msg":"EPP received request","x-request-id":"3eecc0a7-1ccf-47ef-aa5a-1814cf4bd1e3"}
{"level":"info","ts":1785055956.163732,"caller":"handlers/server.go:626","msg":"EPP sent request body response(s) to proxy","x-request-id":"7411f0b6-a04c-4d13-901a-8493f1952b0a","modelName":"Qwen/Qwen3-VL-32B-Instruct","targetModelName":"Qwen/Qwen3-VL-32B-Instruct"}
{"level":"info","ts":1785055956.1734085,"caller":"handlers/server.go:626","msg":"EPP sent request body response(s) to proxy","x-request-id":"3eecc0a7-1ccf-47ef-aa5a-1814cf4bd1e3","modelName":"Qwen/Qwen3-VL-32B-Instruct","targetModelName":"Qwen/Qwen3-VL-32B-Instruct"}
{"level":"info","ts":1785055956.4225461,"caller":"handlers/server.go:368","msg":"EPP received request","x-request-id":"60cd3bbb-2bc6-4032-91bb-0e26d3d24868"}
{"level":"info","ts":1785055956.4936416,"caller":"handlers/server.go:368","msg":"EPP received request","x-request-id":"16427287-8c8e-4453-ae6c-2a149032fec8"}
{"level":"info","ts":1785055956.5523334,"caller":"handlers/server.go:626","msg":"EPP sent request body response(s) to proxy","x-request-id":"60cd3bbb-2bc6-4032-91bb-0e26d3d24868","modelName":"Qwen/Qwen3-VL-32B-Instruct","targetModelName":"Qwen/Qwen3-VL-32B-Instruct"}
{"level":"info","ts":1785055956.599164,"caller":"handlers/server.go:626","msg":"EPP sent request body response(s) to proxy","x-request-id":"16427287-8c8e-4453-ae6c-2a149032fec8","modelName":"Qwen/Qwen3-VL-32B-Instruct","targetModelName":"Qwen/Qwen3-VL-32B-Instruct"}
{"level":"info","ts":1785055956.6807659,"caller":"handlers/server.go:368","msg":"EPP received request","x-request-id":"630378e9-5977-4ab7-80d0-236100052c62"}
{"level":"info","ts":1785055956.819389,"caller":"handlers/server.go:626","msg":"EPP sent request body response(s) to proxy","x-request-id":"630378e9-5977-4ab7-80d0-236100052c62","modelName":"Qwen/Qwen3-VL-32B-Instruct","targetModelName":"Qwen/Qwen3-VL-32B-Instruct"}
{"level":"info","ts":1785055957.0209148,"caller":"handlers/server.go:368","msg":"EPP received request","x-request-id":"46900bc5-d84a-421b-baa9-fe34974727e1"}
{"level":"info","ts":1785055957.111588,"caller":"handlers/server.go:368","msg":"EPP received request","x-request-id":"ae8116b2-2a34-4a5a-8e27-a4829db10621"}
{"level":"info","ts":1785055957.1523807,"caller":"handlers/server.go:626","msg":"EPP sent request body response(s) to proxy","x-request-id":"46900bc5-d84a-421b-baa9-fe34974727e1","modelName":"Qwen/Qwen3-VL-32B-Instruct","targetModelName":"Qwen/Qwen3-VL-32B-Instruct"}
{"level":"info","ts":1785055957.2340488,"caller":"handlers/server.go:626","msg":"EPP sent request body response(s) to proxy","x-request-id":"ae8116b2-2a34-4a5a-8e27-a4829db10621","modelName":"Qwen/Qwen3-VL-32B-Instruct","targetModelName":"Qwen/Qwen3-VL-32B-Instruct"}
{"level":"info","ts":1785055957.240374,"caller":"handlers/server.go:368","msg":"EPP received request","x-request-id":"1755fe95-db6f-47b2-82ef-5f8ed199c420"}
{"level":"info","ts":1785055957.2423236,"caller":"handlers/server.go:368","msg":"EPP received request","x-request-id":"26764464-d648-4b04-9aaf-47f40e1d3dcd"}
{"level":"info","ts":1785055957.3698425,"caller":"handlers/server.go:626","msg":"EPP sent request body response(s) to proxy","x-request-id":"1755fe95-db6f-47b2-82ef-5f8ed199c420","modelName":"Qwen/Qwen3-VL-32B-Instruct","targetModelName":"Qwen/Qwen3-VL-32B-Instruct"}
{"level":"info","ts":1785055957.3734696,"caller":"handlers/server.go:626","msg":"EPP sent request body response(s) to proxy","x-request-id":"26764464-d648-4b04-9aaf-47f40e1d3dcd","modelName":"Qwen/Qwen3-VL-32B-Instruct","targetModelName":"Qwen/Qwen3-VL-32B-Instruct"}
{"level":"info","ts":1785055957.710462,"caller":"handlers/server.go:368","msg":"EPP received request","x-request-id":"44019cee-5580-495d-b829-84c3bab6ecec"}
{"level":"info","ts":1785055957.7123697,"caller":"handlers/server.go:368","msg":"EPP received request","x-request-id":"35b98fab-26af-4e51-b3da-e9ce3921e5ff"}
{"level":"info","ts":1785055957.8101876,"caller":"handlers/server.go:626","msg":"EPP sent request body response(s) to proxy","x-request-id":"44019cee-5580-495d-b829-84c3bab6ecec","modelName":"Qwen/Qwen3-VL-32B-Instruct","targetModelName":"Qwen/Qwen3-VL-32B-Instruct"}
{"level":"info","ts":1785055957.844147,"caller":"handlers/server.go:626","msg":"EPP sent request body response(s) to proxy","x-request-id":"35b98fab-26af-4e51-b3da-e9ce3921e5ff","modelName":"Qwen/Qwen3-VL-32B-Instruct","targetModelName":"Qwen/Qwen3-VL-32B-Instruct"}
{"level":"info","ts":1785055958.2877529,"caller":"handlers/server.go:368","msg":"EPP received request","x-request-id":"57c4ef50-5fdd-4f8f-9070-8a991e1a26cc"}
{"level":"info","ts":1785055958.3909345,"caller":"handlers/server.go:626","msg":"EPP sent request body response(s) to proxy","x-request-id":"57c4ef50-5fdd-4f8f-9070-8a991e1a26cc","modelName":"Qwen/Qwen3-VL-32B-Instruct","targetModelName":"Qwen/Qwen3-VL-32B-Instruct"}
{"level":"info","ts":1785055958.444535,"caller":"handlers/server.go:368","msg":"EPP received request","x-request-id":"0be3a80c-b3e1-4ad3-8c49-b42f53e8f2c3"}
{"level":"info","ts":1785055958.6122286,"caller":"handlers/server.go:626","msg":"EPP sent request body response(s) to proxy","x-request-id":"0be3a80c-b3e1-4ad3-8c49-b42f53e8f2c3","modelName":"Qwen/Qwen3-VL-32B-Instruct","targetModelName":"Qwen/Qwen3-VL-32B-Instruct"}
{"level":"info","ts":1785055958.8996902,"caller":"handlers/server.go:368","msg":"EPP received request","x-request-id":"1b4b79ae-663d-4e5f-aca2-19bc5ba6b306"}
{"level":"info","ts":1785055959.0234804,"caller":"handlers/server.go:368","msg":"EPP received request","x-request-id":"52d99805-78b0-4b5e-9a90-745343ef99d8"}
{"level":"info","ts":1785055959.0450504,"caller":"handlers/server.go:626","msg":"EPP sent request body response(s) to proxy","x-request-id":"1b4b79ae-663d-4e5f-aca2-19bc5ba6b306","modelName":"Qwen/Qwen3-VL-32B-Instruct","targetModelName":"Qwen/Qwen3-VL-32B-Instruct"}
{"level":"info","ts":1785055959.1671677,"caller":"handlers/server.go:626","msg":"EPP sent request body response(s) to proxy","x-request-id":"52d99805-78b0-4b5e-9a90-745343ef99d8","modelName":"Qwen/Qwen3-VL-32B-Instruct","targetModelName":"Qwen/Qwen3-VL-32B-Instruct"}
{"level":"info","ts":1785055959.4978323,"caller":"handlers/server.go:368","msg":"EPP received request","x-request-id":"4aa20997-3a58-476d-babd-578e21356168"}
{"level":"info","ts":1785055959.6202862,"caller":"handlers/server.go:626","msg":"EPP sent request body response(s) to proxy","x-request-id":"4aa20997-3a58-476d-babd-578e21356168","modelName":"Qwen/Qwen3-VL-32B-Instruct","targetModelName":"Qwen/Qwen3-VL-32B-Instruct"}
{"level":"info","ts":1785055959.6221018,"caller":"handlers/server.go:368","msg":"EPP received request","x-request-id":"ca9d25b6-11af-46c2-80de-1641047b5c17"}
{"level":"info","ts":1785055959.7467499,"caller":"handlers/server.go:626","msg":"EPP sent request body response(s) to proxy","x-request-id":"ca9d25b6-11af-46c2-80de-1641047b5c17","modelName":"Qwen/Qwen3-VL-32B-Instruct","targetModelName":"Qwen/Qwen3-VL-32B-Instruct"}
{"level":"info","ts":1785055960.0191367,"caller":"handlers/server.go:368","msg":"EPP received request","x-request-id":"4bbddb9d-2757-4159-8b91-982a6af7b725"}
{"level":"info","ts":1785055960.0912032,"caller":"handlers/server.go:368","msg":"EPP received request","x-request-id":"469b7efb-de2c-4988-a96c-1c66c318978b"}
{"level":"info","ts":1785055960.1672866,"caller":"handlers/server.go:626","msg":"EPP sent request body response(s) to proxy","x-request-id":"4bbddb9d-2757-4159-8b91-982a6af7b725","modelName":"Qwen/Qwen3-VL-32B-Instruct","targetModelName":"Qwen/Qwen3-VL-32B-Instruct"}
{"level":"info","ts":1785055960.2184625,"caller":"handlers/server.go:626","msg":"EPP sent request body response(s) to proxy","x-request-id":"469b7efb-de2c-4988-a96c-1c66c318978b","modelName":"Qwen/Qwen3-VL-32B-Instruct","targetModelName":"Qwen/Qwen3-VL-32B-Instruct"}
{"level":"info","ts":1785055960.754716,"caller":"handlers/server.go:368","msg":"EPP received request","x-request-id":"c98cd543-6225-9389-bd42-1e9b1fac4472"}
{"level":"info","ts":1785055960.9124606,"caller":"handlers/server.go:626","msg":"EPP sent request body response(s) to proxy","x-request-id":"c98cd543-6225-9389-bd42-1e9b1fac4472","modelName":"Qwen/Qwen3-VL-32B-Instruct","targetModelName":"Qwen/Qwen3-VL-32B-Instruct"}
{"level":"info","ts":1785055966.8900678,"caller":"handlers/server.go:654","msg":"EPP sent response body back to proxy","x-request-id":"c301f751-e7a3-4ef4-985e-c546d6b29e78"}
{"level":"info","ts":1785055967.6429858,"caller":"controller/pod_reconciler.go:97","msg":"Pod added","controller":"pod","controllerGroup":"","controllerKind":"Pod","Pod":{"name":"epd-nvidia-gpu-vllm-decode-slow-7b7f4bb875-5zmjg","namespace":"dpikus-epd-sglang-bench"},"namespace":"dpikus-epd-sglang-bench","name":"epd-nvidia-gpu-vllm-decode-slow-7b7f4bb875-5zmjg","reconcileID":"981d3f45-b463-420e-b2d5-30a4237ef963"}
{"level":"info","ts":1785055968.3866522,"caller":"handlers/server.go:654","msg":"EPP sent response body back to proxy","x-request-id":"08a02583-0757-4895-9e32-ead81c1b60e2"}
{"level":"info","ts":1785055969.2249935,"caller":"handlers/server.go:654","msg":"EPP sent response body back to proxy","x-request-id":"d97f70fa-74ed-4573-9a2c-563149f8ec38"}
{"level":"info","ts":1785055969.2818942,"caller":"handlers/server.go:654","msg":"EPP sent response body back to proxy","x-request-id":"2c873390-2f24-4f76-a26a-409b35066a20"}
{"level":"info","ts":1785055969.9753785,"caller":"handlers/server.go:654","msg":"EPP sent response body back to proxy","x-request-id":"519d559f-23b0-4a31-8d85-4fa0075c80ec"}
{"level":"info","ts":1785055970.067898,"caller":"handlers/server.go:654","msg":"EPP sent response body back to proxy","x-request-id":"f1c5b2ca-dbdd-4222-9b51-8bd1783d5a00"}
{"level":"info","ts":1785055970.5967221,"caller":"handlers/server.go:654","msg":"EPP sent response body back to proxy","x-request-id":"06f8322d-412b-48b9-aa6c-7b107bad6179"}
{"level":"info","ts":1785055971.7934341,"caller":"handlers/server.go:654","msg":"EPP sent response body back to proxy","x-request-id":"b47e9276-eb42-46c5-9d9d-e040e7233d05"}
{"level":"info","ts":1785055972.6034875,"caller":"handlers/server.go:654","msg":"EPP sent response body back to proxy","x-request-id":"a9de2f06-2b69-4fc4-b8bd-eb5f4a8b5c06"}
{"level":"info","ts":1785055973.1398351,"caller":"handlers/server.go:654","msg":"EPP sent response body back to proxy","x-request-id":"cf04b251-6d14-4be0-b21a-5e2fa98b15c9"}
{"level":"info","ts":1785055975.2390833,"caller":"handlers/server.go:654","msg":"EPP sent response body back to proxy","x-request-id":"6d7f6c35-f8c4-4177-8a6c-5189758b01aa"}
{"level":"info","ts":1785055975.2719007,"caller":"handlers/server.go:654","msg":"EPP sent response body back to proxy","x-request-id":"6b195ed9-e266-4fc7-8fff-7a7346b62a45"}
{"level":"info","ts":1785055975.9093466,"caller":"handlers/server.go:654","msg":"EPP sent response body back to proxy","x-request-id":"5e23c324-82be-4838-9459-0c90b6f45055"}
{"level":"info","ts":1785055975.9952521,"caller":"handlers/server.go:654","msg":"EPP sent response body back to proxy","x-request-id":"3b8970de-fcda-4395-bbe3-b96758b4993a"}
{"level":"info","ts":1785055976.516838,"caller":"handlers/server.go:654","msg":"EPP sent response body back to proxy","x-request-id":"ec286c2e-ab8c-4276-a9c8-b7290074a4bc"}
{"level":"info","ts":1785055978.1113575,"caller":"handlers/server.go:654","msg":"EPP sent response body back to proxy","x-request-id":"f73acfbe-e244-4d18-956e-55a5f3450386"}
{"level":"info","ts":1785055978.8983846,"caller":"handlers/server.go:654","msg":"EPP sent response body back to proxy","x-request-id":"ac88d302-87ce-493a-910b-128e9c8c5a57"}
{"level":"info","ts":1785055978.9938295,"caller":"handlers/server.go:654","msg":"EPP sent response body back to proxy","x-request-id":"5c9bf331-8b10-48ae-80d3-0dff3527b58c"}
{"level":"info","ts":1785055979.2508395,"caller":"handlers/server.go:654","msg":"EPP sent response body back to proxy","x-request-id":"efb75546-a185-45f7-9d6d-9eca7d283c36"}
{"level":"info","ts":1785055979.4372113,"caller":"handlers/server.go:654","msg":"EPP sent response body back to proxy","x-request-id":"fd0cfa65-04b2-4352-8efd-9f3e30e40f8b"}
{"level":"info","ts":1785055980.1163037,"caller":"handlers/server.go:654","msg":"EPP sent response body back to proxy","x-request-id":"75adc8aa-0808-47ef-926d-16af8be525a9"}
{"level":"info","ts":1785055980.3142674,"caller":"handlers/server.go:654","msg":"EPP sent response body back to proxy","x-request-id":"507cc8a9-0416-468d-87a0-713a2fbda4a1"}
{"level":"info","ts":1785055980.4771185,"caller":"handlers/server.go:654","msg":"EPP sent response body back to proxy","x-request-id":"b0d5a1d6-bb9f-4836-986f-9f2e0b5b8f61"}
{"level":"info","ts":1785055980.8119192,"caller":"handlers/server.go:654","msg":"EPP sent response body back to proxy","x-request-id":"f342e492-fe64-4de1-8bc9-f3ed8d23e8d6"}
{"level":"info","ts":1785055991.396436,"caller":"handlers/server.go:654","msg":"EPP sent response body back to proxy","x-request-id":"ee344a58-2540-47c1-8999-6768f8dc280a"}
{"level":"info","ts":1785055993.0684288,"caller":"handlers/server.go:654","msg":"EPP sent response body back to proxy","x-request-id":"5afd29f5-93be-4259-86bd-a472a2d97275"}
{"level":"info","ts":1785055993.8616548,"caller":"handlers/server.go:654","msg":"EPP sent response body back to proxy","x-request-id":"946c682e-7310-40ae-9c12-6f52eb5fe345"}
{"level":"info","ts":1785055993.921502,"caller":"handlers/server.go:654","msg":"EPP sent response body back to proxy","x-request-id":"06de499c-9043-440b-bfd2-6a6d2b910777"}
{"level":"info","ts":1785055994.5183308,"caller":"handlers/server.go:654","msg":"EPP sent response body back to proxy","x-request-id":"0700d9f1-06d1-4570-ac88-569ef3c7fe85"}
{"level":"info","ts":1785055994.6724067,"caller":"handlers/server.go:654","msg":"EPP sent response body back to proxy","x-request-id":"143e102f-6701-41b2-9057-77aef932db3d"}
{"level":"info","ts":1785055995.2454164,"caller":"handlers/server.go:654","msg":"EPP sent response body back to proxy","x-request-id":"1b10c702-e0cc-4516-bbfc-9450bfa468d4"}
{"level":"info","ts":1785055996.5630329,"caller":"handlers/server.go:654","msg":"EPP sent response body back to proxy","x-request-id":"79468626-6310-4271-bad0-c5dd9a8432ee"}
{"level":"info","ts":1785055999.1432846,"caller":"handlers/server.go:654","msg":"EPP sent response body back to proxy","x-request-id":"8a352732-ccb0-4b30-b124-1c7885fadf35"}
{"level":"info","ts":1785055999.7747893,"caller":"handlers/server.go:654","msg":"EPP sent response body back to proxy","x-request-id":"f73cfa77-9dae-40a2-86d7-1f29193cce96"}
{"level":"info","ts":1785056001.2976694,"caller":"handlers/server.go:654","msg":"EPP sent response body back to proxy","x-request-id":"923e6c60-ace4-40c2-a51f-a5f8f826f6ad"}
{"level":"info","ts":1785056002.0480564,"caller":"handlers/server.go:654","msg":"EPP sent response body back to proxy","x-request-id":"5dd36fcd-fbbe-4983-b5aa-067f353837dc"}
{"level":"info","ts":1785056002.18522,"caller":"handlers/server.go:654","msg":"EPP sent response body back to proxy","x-request-id":"03973a00-7ef3-4a47-a0a2-fe6e309a0091"}
{"level":"info","ts":1785056002.5245981,"caller":"handlers/server.go:654","msg":"EPP sent response body back to proxy","x-request-id":"fec2fe49-a2aa-455e-962f-5fe0bc075a98"}
{"level":"info","ts":1785056003.7512321,"caller":"handlers/server.go:654","msg":"EPP sent response body back to proxy","x-request-id":"de8bc5fe-1701-46b2-9b39-a64ee45335f4"}
{"level":"info","ts":1785056004.313308,"caller":"handlers/server.go:654","msg":"EPP sent response body back to proxy","x-request-id":"524433e4-5404-49fd-a917-11a9cf5f868d"}
{"level":"info","ts":1785056005.3603837,"caller":"handlers/server.go:654","msg":"EPP sent response body back to proxy","x-request-id":"5ad3f41f-0986-97d0-9eea-8f314c59c9fb"}
{"level":"info","ts":1785056006.2850757,"caller":"handlers/server.go:654","msg":"EPP sent response body back to proxy","x-request-id":"855569c8-03a3-4002-afb8-df4aa6e9d151"}
{"level":"info","ts":1785056006.4113634,"caller":"handlers/server.go:654","msg":"EPP sent response body back to proxy","x-request-id":"06d3822d-755e-4413-bbb8-32ebd33168be"}
{"level":"info","ts":1785056006.5175269,"caller":"handlers/server.go:654","msg":"EPP sent response body back to proxy","x-request-id":"ac4069b3-0025-4e96-a2f9-6050795b21bf"}
{"level":"info","ts":1785056006.660775,"caller":"handlers/server.go:654","msg":"EPP sent response body back to proxy","x-request-id":"fed2de8b-fb80-4b5e-b52c-f33a071f5369"}
{"level":"info","ts":1785056006.944415,"caller":"handlers/server.go:654","msg":"EPP sent response body back to proxy","x-request-id":"fe0d7927-c800-431d-be84-2f468abd8b59"}
{"level":"info","ts":1785056007.7521539,"caller":"handlers/server.go:654","msg":"EPP sent response body back to proxy","x-request-id":"17c6b418-a139-4ef9-b380-68bd8d5df7ab"}
{"level":"info","ts":1785056008.3974676,"caller":"handlers/server.go:654","msg":"EPP sent response body back to proxy","x-request-id":"c015a7d9-2dd7-48fe-b1b9-fe2f54c36c22"}
{"level":"info","ts":1785056016.622744,"caller":"handlers/server.go:654","msg":"EPP sent response body back to proxy","x-request-id":"b6918e6a-f989-45e0-af10-27451ebd800f"}
{"level":"info","ts":1785056018.3027112,"caller":"handlers/server.go:654","msg":"EPP sent response body back to proxy","x-request-id":"bc5634f1-1a16-4183-9da9-15c73cc55cd9"}
{"level":"info","ts":1785056018.6783981,"caller":"handlers/server.go:654","msg":"EPP sent response body back to proxy","x-request-id":"149845cb-9e13-452d-a1eb-3c78088ee1b0"}
{"level":"info","ts":1785056018.7346354,"caller":"handlers/server.go:654","msg":"EPP sent response body back to proxy","x-request-id":"bbc67666-89df-4204-b822-0b35cd243ca8"}
{"level":"info","ts":1785056019.9556472,"caller":"handlers/server.go:654","msg":"EPP sent response body back to proxy","x-request-id":"a6a662a3-96cf-4a56-90a1-7734c6384dbb"}
{"level":"info","ts":1785056020.0081332,"caller":"handlers/server.go:654","msg":"EPP sent response body back to proxy","x-request-id":"9de550a1-8052-4bee-ab79-fdcb73c2c0ac"}
{"level":"info","ts":1785056020.1518161,"caller":"handlers/server.go:654","msg":"EPP sent response body back to proxy","x-request-id":"8a9f6c9c-45e3-42fb-8d2d-8dd8d5a7904a"}
{"level":"info","ts":1785056021.3506024,"caller":"handlers/server.go:654","msg":"EPP sent response body back to proxy","x-request-id":"17ce4dd4-d4c7-417e-af38-f0c4c60b5543"}
{"level":"info","ts":1785056026.0202081,"caller":"handlers/server.go:654","msg":"EPP sent response body back to proxy","x-request-id":"9a3beb4c-3083-46c4-ad81-e462776d8da8"}
{"level":"info","ts":1785056028.2600625,"caller":"handlers/server.go:654","msg":"EPP sent response body back to proxy","x-request-id":"27990412-2dee-4233-9430-48949331d718"}
{"level":"info","ts":1785056028.832483,"caller":"handlers/server.go:654","msg":"EPP sent response body back to proxy","x-request-id":"4a834d73-b0ec-40a4-9191-d3eccfe832f3"}
{"level":"info","ts":1785056028.9277763,"caller":"handlers/server.go:654","msg":"EPP sent response body back to proxy","x-request-id":"000922f9-3fe3-4caa-8ee4-f974957b43b9"}
{"level":"info","ts":1785056028.9492395,"caller":"handlers/server.go:654","msg":"EPP sent response body back to proxy","x-request-id":"727012d2-4449-4f01-8e4e-912473bdae20"}
{"level":"info","ts":1785056030.6428516,"caller":"controller/pod_reconciler.go:97","msg":"Pod added","controller":"pod","controllerGroup":"","controllerKind":"Pod","Pod":{"name":"epd-nvidia-gpu-vllm-decode-slow-7b7f4bb875-5zmjg","namespace":"dpikus-epd-sglang-bench"},"namespace":"dpikus-epd-sglang-bench","name":"epd-nvidia-gpu-vllm-decode-slow-7b7f4bb875-5zmjg","reconcileID":"9cc2e688-6b58-4831-aa78-8b41e6600890"}
{"level":"info","ts":1785056030.8510566,"caller":"handlers/server.go:654","msg":"EPP sent response body back to proxy","x-request-id":"41900c8c-0256-4547-8e7b-22111eb0dd46"}
{"level":"info","ts":1785056031.6033535,"caller":"handlers/server.go:654","msg":"EPP sent response body back to proxy","x-request-id":"6b830674-5737-4db4-9ad2-e2a2599a8dd5"}
{"level":"info","ts":1785056031.9403608,"caller":"handlers/server.go:654","msg":"EPP sent response body back to proxy","x-request-id":"6918f7ec-7c09-4caa-b1fc-f49782b7d4ae"}
{"level":"info","ts":1785056032.8303666,"caller":"handlers/server.go:654","msg":"EPP sent response body back to proxy","x-request-id":"a763f010-1cfd-4589-8bc3-4f2bf1f316bc"}
{"level":"info","ts":1785056033.0055382,"caller":"handlers/server.go:654","msg":"EPP sent response body back to proxy","x-request-id":"d2ce3582-284d-4476-91ee-303cbeb93374"}
{"level":"info","ts":1785056033.543048,"caller":"handlers/server.go:654","msg":"EPP sent response body back to proxy","x-request-id":"64f817db-2712-4426-930d-b8bde9bc1591"}
{"level":"info","ts":1785056035.4697602,"caller":"handlers/server.go:654","msg":"EPP sent response body back to proxy","x-request-id":"d1af69fc-201c-4ac4-9ac1-6cda84000efe"}
{"level":"info","ts":1785056035.7618556,"caller":"handlers/server.go:654","msg":"EPP sent response body back to proxy","x-request-id":"3dbc476f-4e1a-48f6-bf02-fdf9ff3a536c"}
{"level":"info","ts":1785056036.194365,"caller":"handlers/server.go:654","msg":"EPP sent response body back to proxy","x-request-id":"10a4bafa-c026-4282-867c-a72e74a2ec39"}
{"level":"info","ts":1785056036.8817096,"caller":"handlers/server.go:654","msg":"EPP sent response body back to proxy","x-request-id":"814eb6bd-8f92-4af9-a3e6-c8397c0d05e6"}
{"level":"info","ts":1785056037.5327857,"caller":"handlers/server.go:654","msg":"EPP sent response body back to proxy","x-request-id":"b2fb1092-0976-4dfb-9a71-0e5a18d42938"}
{"level":"info","ts":1785056041.991728,"caller":"handlers/server.go:654","msg":"EPP sent response body back to proxy","x-request-id":"4fc6dead-8b06-4b9a-a304-1badac9b9966"}
{"level":"info","ts":1785056043.0903082,"caller":"handlers/server.go:654","msg":"EPP sent response body back to proxy","x-request-id":"a99fd8b0-2b55-4ccd-b800-f46bc5851f4a"}
{"level":"info","ts":1785056043.314571,"caller":"handlers/server.go:654","msg":"EPP sent response body back to proxy","x-request-id":"699ed700-e924-4624-9533-7af27d02025e"}
{"level":"info","ts":1785056043.6225314,"caller":"handlers/server.go:654","msg":"EPP sent response body back to proxy","x-request-id":"2545e3e3-81dd-4d26-af4c-90def8b57ca8"}
{"level":"info","ts":1785056044.5905252,"caller":"handlers/server.go:654","msg":"EPP sent response body back to proxy","x-request-id":"619dce79-0d8f-44b6-be71-673142f753bf"}
{"level":"info","ts":1785056045.3220026,"caller":"handlers/server.go:654","msg":"EPP sent response body back to proxy","x-request-id":"7efdb90b-563e-4038-bf1c-59448016b56c"}
{"level":"info","ts":1785056045.4736137,"caller":"handlers/server.go:654","msg":"EPP sent response body back to proxy","x-request-id":"e2996beb-9c18-467b-8283-fb5063234733"}
{"level":"info","ts":1785056046.0003633,"caller":"handlers/server.go:654","msg":"EPP sent response body back to proxy","x-request-id":"885e9d59-cf4b-4643-ab39-991ee8b625ba"}
{"level":"info","ts":1785056052.9058342,"caller":"handlers/server.go:654","msg":"EPP sent response body back to proxy","x-request-id":"71c5c0aa-f2b7-42e0-a1d8-3bd5e708bf31"}
{"level":"info","ts":1785056055.0766072,"caller":"handlers/server.go:654","msg":"EPP sent response body back to proxy","x-request-id":"da20f265-f798-43bd-9471-6b44518bc356"}
{"level":"info","ts":1785056055.6758142,"caller":"handlers/server.go:654","msg":"EPP sent response body back to proxy","x-request-id":"9682f59c-f6ee-49c7-9ad8-a3323cf05179"}
{"level":"info","ts":1785056055.84258,"caller":"handlers/server.go:654","msg":"EPP sent response body back to proxy","x-request-id":"6965fee7-7d7b-40a0-87e9-9c81e494dcfd"}
{"level":"info","ts":1785056056.6336553,"caller":"handlers/server.go:654","msg":"EPP sent response body back to proxy","x-request-id":"90576f1d-5c40-4070-b831-858d5dde4eb7"}
{"level":"info","ts":1785056058.0403333,"caller":"handlers/server.go:654","msg":"EPP sent response body back to proxy","x-request-id":"9f5ac4dc-22ad-44de-b548-06c1fe7696eb"}
{"level":"info","ts":1785056059.0914469,"caller":"handlers/server.go:654","msg":"EPP sent response body back to proxy","x-request-id":"70a7a68f-38ce-4c89-a09d-d9142e521817"}
{"level":"info","ts":1785056059.3263383,"caller":"handlers/server.go:654","msg":"EPP sent response body back to proxy","x-request-id":"62323fce-aa3d-47bc-b963-9186e0f44653"}
{"level":"info","ts":1785056060.0972471,"caller":"handlers/server.go:654","msg":"EPP sent response body back to proxy","x-request-id":"bf20de51-b89f-4c6d-95b1-6e3b92c3d2bd"}
{"level":"info","ts":1785056060.4871573,"caller":"handlers/server.go:654","msg":"EPP sent response body back to proxy","x-request-id":"4d3766e2-0e21-45c5-a11b-e211db335577"}
{"level":"info","ts":1785056060.5600524,"caller":"handlers/server.go:654","msg":"EPP sent response body back to proxy","x-request-id":"f0fd9dcc-c27a-4780-9473-a86421889065"}
{"level":"info","ts":1785056062.5431643,"caller":"controller/pod_reconciler.go:97","msg":"Pod added","controller":"pod","controllerGroup":"","controllerKind":"Pod","Pod":{"name":"epd-nvidia-gpu-vllm-decode-d9d499948-4fb9l","namespace":"dpikus-epd-sglang-bench"},"namespace":"dpikus-epd-sglang-bench","name":"epd-nvidia-gpu-vllm-decode-d9d499948-4fb9l","reconcileID":"72599b86-3887-4673-bb7f-ab1f050e9e78"}
{"level":"info","ts":1785056062.9889705,"caller":"handlers/server.go:654","msg":"EPP sent response body back to proxy","x-request-id":"96855017-5f11-4103-b81d-96e30dba4ff1"}
{"level":"info","ts":1785056063.1821568,"caller":"handlers/server.go:654","msg":"EPP sent response body back to proxy","x-request-id":"2a898355-02b6-4cff-9a9a-f1401d3c7322"}
{"level":"info","ts":1785056063.696596,"caller":"handlers/server.go:654","msg":"EPP sent response body back to proxy","x-request-id":"33f96c3b-adb5-4c7f-adbf-58bb810e5496"}
{"level":"info","ts":1785056064.5435836,"caller":"handlers/server.go:654","msg":"EPP sent response body back to proxy","x-request-id":"63f7be60-1593-4c6f-a842-a76817453643"}
{"level":"info","ts":1785056064.9858806,"caller":"handlers/server.go:654","msg":"EPP sent response body back to proxy","x-request-id":"c840cab4-1b35-4b80-8709-8bb83d7e5a33"}
{"level":"info","ts":1785056067.0287318,"caller":"handlers/server.go:654","msg":"EPP sent response body back to proxy","x-request-id":"db4c13b9-b2a3-4164-bc5e-68c4b62eee11"}
{"level":"info","ts":1785056068.4647925,"caller":"handlers/server.go:654","msg":"EPP sent response body back to proxy","x-request-id":"2101e939-6606-4ed8-9bb2-448bb3c8f440"}
{"level":"info","ts":1785056068.550184,"caller":"handlers/server.go:654","msg":"EPP sent response body back to proxy","x-request-id":"1c01277b-1dbb-49b1-8d77-cb03c57df63c"}
{"level":"info","ts":1785056068.6229987,"caller":"handlers/server.go:654","msg":"EPP sent response body back to proxy","x-request-id":"e88641a1-0a04-4830-896f-205a38afb9d2"}
{"level":"info","ts":1785056069.9724526,"caller":"handlers/server.go:654","msg":"EPP sent response body back to proxy","x-request-id":"675de616-3860-44f0-8283-c47a14220112"}
{"level":"info","ts":1785056070.0243702,"caller":"handlers/server.go:654","msg":"EPP sent response body back to proxy","x-request-id":"93215155-0e04-4ef9-8991-61dafa0ef452"}
{"level":"info","ts":1785056070.2541318,"caller":"handlers/server.go:654","msg":"EPP sent response body back to proxy","x-request-id":"706a4574-129a-4dc2-b4b1-213ce6cbc066"}
{"level":"info","ts":1785056071.4032717,"caller":"handlers/server.go:654","msg":"EPP sent response body back to proxy","x-request-id":"fa4f7eeb-c3c0-4056-aa2c-0a70ed87efd8"}
{"level":"info","ts":1785056079.5934327,"caller":"handlers/server.go:654","msg":"EPP sent response body back to proxy","x-request-id":"e0d02797-c12a-4d1b-841b-81accdaaa720"}
{"level":"info","ts":1785056081.640184,"caller":"handlers/server.go:654","msg":"EPP sent response body back to proxy","x-request-id":"6667b5fb-5250-4f21-bb07-ec5ea7d14b36"}
{"level":"info","ts":1785056082.339752,"caller":"handlers/server.go:654","msg":"EPP sent response body back to proxy","x-request-id":"16375b43-f85c-4405-8c5f-0a04d45c93d0"}
{"level":"info","ts":1785056082.626098,"caller":"handlers/server.go:654","msg":"EPP sent response body back to proxy","x-request-id":"17e9b7d0-11db-432f-b8ec-ca8daca2e510"}
{"level":"info","ts":1785056083.696414,"caller":"handlers/server.go:654","msg":"EPP sent response body back to proxy","x-request-id":"76c5bf6c-6283-4e40-abbc-9de256f26b1c"}
{"level":"info","ts":1785056084.7778676,"caller":"handlers/server.go:654","msg":"EPP sent response body back to proxy","x-request-id":"1ec77c80-b9b7-9309-b392-d64b6770c04a"}
{"level":"info","ts":1785056085.8327157,"caller":"handlers/server.go:654","msg":"EPP sent response body back to proxy","x-request-id":"46370fae-f41f-4aea-8ae4-43b75f620a0b"}
{"level":"info","ts":1785056086.3283126,"caller":"handlers/server.go:654","msg":"EPP sent response body back to proxy","x-request-id":"3ca35ac7-ac43-4773-917c-a54ade0dbf11"}
{"level":"info","ts":1785056086.8053799,"caller":"handlers/server.go:654","msg":"EPP sent response body back to proxy","x-request-id":"93b64fda-a268-4ae8-bffd-cc7fa4993e05"}
{"level":"info","ts":1785056087.2661076,"caller":"handlers/server.go:654","msg":"EPP sent response body back to proxy","x-request-id":"14a02761-bf31-46ad-98a5-81f85a8f0cc3"}
{"level":"info","ts":1785056087.6426015,"caller":"handlers/server.go:654","msg":"EPP sent response body back to proxy","x-request-id":"9e3aa0db-f620-4563-9ab1-606bb9332391"}
{"level":"info","ts":1785056090.2177033,"caller":"handlers/server.go:654","msg":"EPP sent response body back to proxy","x-request-id":"e1154bcd-4cf4-4a15-bf32-007778e39663"}
{"level":"info","ts":1785056090.443612,"caller":"handlers/server.go:654","msg":"EPP sent response body back to proxy","x-request-id":"70676f23-01db-4518-90e7-9b2eb819457b"}
{"level":"info","ts":1785056090.9829454,"caller":"handlers/server.go:654","msg":"EPP sent response body back to proxy","x-request-id":"293c43da-a62b-4a7f-802a-20f5fd345ebf"}
{"level":"info","ts":1785056091.8605368,"caller":"handlers/server.go:654","msg":"EPP sent response body back to proxy","x-request-id":"9594e08b-2b99-4f29-9fca-e8f7dd55fdd1"}
{"level":"info","ts":1785056092.1168385,"caller":"handlers/server.go:654","msg":"EPP sent response body back to proxy","x-request-id":"b1ffeed0-8c19-9c17-8683-4c1c76623a61"}
{"level":"info","ts":1785056092.3684697,"caller":"handlers/server.go:654","msg":"EPP sent response body back to proxy","x-request-id":"29d3b446-1ac0-43a0-8b79-e119488db20d"}
{"level":"info","ts":1785056093.536009,"caller":"handlers/server.go:654","msg":"EPP sent response body back to proxy","x-request-id":"9174ca41-4a09-44dd-8bc1-2e26a7d5c57c"}
{"level":"info","ts":1785056093.6563652,"caller":"handlers/server.go:654","msg":"EPP sent response body back to proxy","x-request-id":"71f70452-31e3-4cdd-95fa-0f36bb9d59af"}
{"level":"info","ts":1785056093.6866834,"caller":"handlers/server.go:654","msg":"EPP sent response body back to proxy","x-request-id":"03e39ba4-1c05-4889-8a1c-b3574c95da23"}
{"level":"info","ts":1785056094.9565628,"caller":"handlers/server.go:654","msg":"EPP sent response body back to proxy","x-request-id":"e1e3d699-f35e-43d5-9758-a20967f2684b"}
{"level":"info","ts":1785056095.2111194,"caller":"handlers/server.go:654","msg":"EPP sent response body back to proxy","x-request-id":"1f59e39a-b914-49e0-9a50-2b287e3b57e0"}
{"level":"info","ts":1785056095.4575875,"caller":"handlers/server.go:654","msg":"EPP sent response body back to proxy","x-request-id":"e7788032-d3e0-4b18-bd1b-020d405de827"}
{"level":"info","ts":1785056096.325839,"caller":"handlers/server.go:654","msg":"EPP sent response body back to proxy","x-request-id":"261f3f6a-dc4d-4712-87af-4f3a3179c8ab"}
{"level":"info","ts":1785056106.7072082,"caller":"handlers/server.go:654","msg":"EPP sent response body back to proxy","x-request-id":"66d9234f-a773-4c67-856c-1d5251cdf372"}
{"level":"info","ts":1785056108.8595574,"caller":"handlers/server.go:654","msg":"EPP sent response body back to proxy","x-request-id":"ac8977de-5915-4a44-a983-c56bd5cf51a8"}
{"level":"info","ts":1785056109.6739352,"caller":"handlers/server.go:654","msg":"EPP sent response body back to proxy","x-request-id":"01607edd-d921-446d-8b32-dcb2b2909ed8"}
{"level":"info","ts":1785056110.0415766,"caller":"handlers/server.go:654","msg":"EPP sent response body back to proxy","x-request-id":"733cbc74-db54-4c9e-9b9a-759a323b8fef"}
{"level":"info","ts":1785056112.1111531,"caller":"handlers/server.go:654","msg":"EPP sent response body back to proxy","x-request-id":"45b56e23-cd7a-4f75-b52c-f738eee89af6"}
{"level":"info","ts":1785056112.920816,"caller":"handlers/server.go:654","msg":"EPP sent response body back to proxy","x-request-id":"447e8983-2de4-4e1a-8c13-417d4d65d874"}
{"level":"info","ts":1785056113.3115802,"caller":"handlers/server.go:654","msg":"EPP sent response body back to proxy","x-request-id":"01a16e42-5c03-4524-b5f1-f997e7b2a15c"}
{"level":"info","ts":1785056114.3209405,"caller":"handlers/server.go:654","msg":"EPP sent response body back to proxy","x-request-id":"83eb0e8d-6c7a-43fe-a761-3836321c471b"}
{"level":"info","ts":1785056114.817134,"caller":"handlers/server.go:654","msg":"EPP sent response body back to proxy","x-request-id":"39a68521-902a-4405-9eaa-b8883638c908"}
{"level":"info","ts":1785056115.6003158,"caller":"handlers/server.go:654","msg":"EPP sent response body back to proxy","x-request-id":"8ebc6277-ba22-480a-a947-56a796f51009"}
{"level":"info","ts":1785056116.7145615,"caller":"handlers/server.go:654","msg":"EPP sent response body back to proxy","x-request-id":"78157fb2-f386-4022-a36e-d4e594f5ad8c"}
{"level":"info","ts":1785056116.7667956,"caller":"handlers/server.go:654","msg":"EPP sent response body back to proxy","x-request-id":"4fff94dc-d5b9-47d6-970c-27670a8dd86d"}
{"level":"info","ts":1785056118.3670888,"caller":"handlers/server.go:654","msg":"EPP sent response body back to proxy","x-request-id":"39a401fa-6a8c-4401-bb93-78b61842a324"}
{"level":"info","ts":1785056118.535303,"caller":"handlers/server.go:654","msg":"EPP sent response body back to proxy","x-request-id":"fb63e05e-42c0-4b43-bff0-c5b0063c7dc8"}
{"level":"info","ts":1785056118.7246995,"caller":"handlers/server.go:654","msg":"EPP sent response body back to proxy","x-request-id":"6f4ac110-79cd-95b7-ac7c-bf24c5ec0f4d"}
{"level":"info","ts":1785056119.4486752,"caller":"handlers/server.go:654","msg":"EPP sent response body back to proxy","x-request-id":"8b4dc974-39a8-4a65-9a14-ca6312951f39"}
{"level":"info","ts":1785056119.7150185,"caller":"handlers/server.go:654","msg":"EPP sent response body back to proxy","x-request-id":"c034d8f7-7480-491e-9bd2-bc167f1fcce0"}
{"level":"info","ts":1785056119.8254478,"caller":"handlers/server.go:654","msg":"EPP sent response body back to proxy","x-request-id":"efa5dcdb-1b11-4075-9775-73bb28b94d71"}
{"level":"info","ts":1785056119.9170573,"caller":"handlers/server.go:654","msg":"EPP sent response body back to proxy","x-request-id":"0f42a365-7419-4d3c-9c02-475210969bb2"}
{"level":"info","ts":1785056120.2403557,"caller":"handlers/server.go:654","msg":"EPP sent response body back to proxy","x-request-id":"36dd6515-9d7a-4b7a-b91b-a142ad9981a9"}
{"level":"info","ts":1785056120.2458196,"caller":"handlers/server.go:654","msg":"EPP sent response body back to proxy","x-request-id":"55cb315f-a4f2-408c-be56-4f880d191344"}
{"level":"info","ts":1785056121.1199198,"caller":"handlers/server.go:654","msg":"EPP sent response body back to proxy","x-request-id":"697f7d3a-29fa-47e9-a87f-7066b5e90066"}
{"level":"info","ts":1785056121.4273288,"caller":"handlers/server.go:654","msg":"EPP sent response body back to proxy","x-request-id":"46bbcb5e-0bae-4b6a-ba9f-932b6b5f1c05"}
{"level":"info","ts":1785056121.6936774,"caller":"handlers/server.go:654","msg":"EPP sent response body back to proxy","x-request-id":"ff26e537-50b3-4f45-a831-daa49b68ebc5"}
{"level":"info","ts":1785056122.5598311,"caller":"controller/pod_reconciler.go:97","msg":"Pod added","controller":"pod","controllerGroup":"","controllerKind":"Pod","Pod":{"name":"epd-nvidia-gpu-vllm-decode-slow-7b7f4bb875-6lk9k","namespace":"dpikus-epd-sglang-bench"},"namespace":"dpikus-epd-sglang-bench","name":"epd-nvidia-gpu-vllm-decode-slow-7b7f4bb875-6lk9k","reconcileID":"6f7617af-2544-4c57-91e0-cbbd36cba38a"}
{"level":"info","ts":1785056134.5438066,"caller":"controller/pod_reconciler.go:97","msg":"Pod added","controller":"pod","controllerGroup":"","controllerKind":"Pod","Pod":{"name":"epd-nvidia-gpu-vllm-decode-d9d499948-4fb9l","namespace":"dpikus-epd-sglang-bench"},"namespace":"dpikus-epd-sglang-bench","name":"epd-nvidia-gpu-vllm-decode-d9d499948-4fb9l","reconcileID":"e66936b7-8658-4e87-8ee8-68558a7a4693"}
{"level":"info","ts":1785056135.3743372,"caller":"handlers/server.go:654","msg":"EPP sent response body back to proxy","x-request-id":"9056a95a-9026-4afe-8524-39e538e43c92"}
{"level":"info","ts":1785056137.7337966,"caller":"handlers/server.go:654","msg":"EPP sent response body back to proxy","x-request-id":"766c2561-18e0-45ad-88ba-11ca82487c68"}
{"level":"info","ts":1785056138.5540004,"caller":"handlers/server.go:654","msg":"EPP sent response body back to proxy","x-request-id":"4cc52741-6efd-4dc4-851a-753ea9dfb526"}
{"level":"info","ts":1785056138.9062445,"caller":"handlers/server.go:654","msg":"EPP sent response body back to proxy","x-request-id":"e3f028b2-588e-412e-9661-dc159cc4fa97"}
{"level":"info","ts":1785056140.863612,"caller":"handlers/server.go:654","msg":"EPP sent response body back to proxy","x-request-id":"589e2ab1-8e79-4a8f-8194-fe936ee87e25"}
{"level":"info","ts":1785056140.9460008,"caller":"handlers/server.go:654","msg":"EPP sent response body back to proxy","x-request-id":"bcb5a8fe-d9fe-40d6-9d9c-d984c99d4f92"}
{"level":"info","ts":1785056141.5287118,"caller":"handlers/server.go:654","msg":"EPP sent response body back to proxy","x-request-id":"61e7314f-cd93-43eb-8bf0-fe9436d03107"}
{"level":"info","ts":1785056141.8439093,"caller":"handlers/server.go:654","msg":"EPP sent response body back to proxy","x-request-id":"dda16071-7de1-4dc6-b428-84d76826bb1f"}
{"level":"info","ts":1785056142.611601,"caller":"handlers/server.go:654","msg":"EPP sent response body back to proxy","x-request-id":"c21d93cd-ba54-4520-bbb8-3e25197aefbf"}
{"level":"info","ts":1785056142.6925774,"caller":"handlers/server.go:654","msg":"EPP sent response body back to proxy","x-request-id":"b07747f3-7532-4059-be8c-a25c5646f278"}
{"level":"info","ts":1785056143.0403144,"caller":"handlers/server.go:654","msg":"EPP sent response body back to proxy","x-request-id":"1dd4035e-80fb-45b4-9e5f-c65bf0414b35"}
{"level":"info","ts":1785056143.7230825,"caller":"handlers/server.go:654","msg":"EPP sent response body back to proxy","x-request-id":"d65dcc1f-6115-42ef-970b-9da2e668f75b"}
{"level":"info","ts":1785056143.9273202,"caller":"handlers/server.go:654","msg":"EPP sent response body back to proxy","x-request-id":"44b2b3d7-8b38-4bf8-91d3-0bae84493916"}
{"level":"info","ts":1785056144.1056435,"caller":"handlers/server.go:654","msg":"EPP sent response body back to proxy","x-request-id":"5b561ca8-07e5-9058-a1c7-dfd4f8fb4092"}
{"level":"info","ts":1785056144.2753186,"caller":"handlers/server.go:654","msg":"EPP sent response body back to proxy","x-request-id":"f962f616-1603-4d3b-a729-53b485cd3bf5"}
{"level":"info","ts":1785056144.3547585,"caller":"handlers/server.go:654","msg":"EPP sent response body back to proxy","x-request-id":"c873ea33-1f74-4ea9-83be-3c61565ae6a9"}
{"level":"info","ts":1785056145.1921885,"caller":"handlers/server.go:654","msg":"EPP sent response body back to proxy","x-request-id":"d50666d3-06d6-485f-b799-beac79c75613"}
{"level":"info","ts":1785056145.558269,"caller":"handlers/server.go:654","msg":"EPP sent response body back to proxy","x-request-id":"3ab90bed-4e9b-4dfb-a353-cc53441f44c3"}
{"level":"info","ts":1785056146.3591707,"caller":"handlers/server.go:654","msg":"EPP sent response body back to proxy","x-request-id":"c78637b1-92dc-4eb9-8a02-9d52400c32f6"}
{"level":"info","ts":1785056147.9821587,"caller":"handlers/server.go:654","msg":"EPP sent response body back to proxy","x-request-id":"5382a979-bc60-47aa-84fc-faeb36751974"}
{"level":"info","ts":1785056148.1231382,"caller":"handlers/server.go:654","msg":"EPP sent response body back to proxy","x-request-id":"b087938d-9edd-43c4-9ed2-952a30671eda"}
{"level":"info","ts":1785056148.446082,"caller":"handlers/server.go:654","msg":"EPP sent response body back to proxy","x-request-id":"c2d0cea0-dc0d-4821-9d09-31f4aa9bb693"}
{"level":"info","ts":1785056149.077923,"caller":"handlers/server.go:654","msg":"EPP sent response body back to proxy","x-request-id":"f798b0fc-9ba6-4772-b85a-967b4c9d0002"}
{"level":"info","ts":1785056149.469719,"caller":"handlers/server.go:654","msg":"EPP sent response body back to proxy","x-request-id":"2961651a-9788-4002-af72-da59d48b120c"}
{"level":"info","ts":1785056150.258921,"caller":"controller/pod_reconciler.go:97","msg":"Pod added","controller":"pod","controllerGroup":"","controllerKind":"Pod","Pod":{"name":"epd-nvidia-gpu-vllm-decode-d9d499948-ccdx2","namespace":"dpikus-epd-sglang-bench"},"namespace":"dpikus-epd-sglang-bench","name":"epd-nvidia-gpu-vllm-decode-d9d499948-ccdx2","reconcileID":"bfd4aca0-0255-43c6-827b-a1ab390e7d67"}
{"level":"info","ts":1785056161.0148454,"caller":"handlers/server.go:654","msg":"EPP sent response body back to proxy","x-request-id":"4aa20997-3a58-476d-babd-578e21356168"}
{"level":"info","ts":1785056162.8279538,"caller":"handlers/server.go:654","msg":"EPP sent response body back to proxy","x-request-id":"ca9d25b6-11af-46c2-80de-1641047b5c17"}
{"level":"info","ts":1785056163.3199213,"caller":"handlers/server.go:654","msg":"EPP sent response body back to proxy","x-request-id":"4bbddb9d-2757-4159-8b91-982a6af7b725"}
{"level":"info","ts":1785056166.2965796,"caller":"handlers/server.go:654","msg":"EPP sent response body back to proxy","x-request-id":"493e7839-1422-4fb3-9601-8051fd0bb11f"}
{"level":"info","ts":1785056166.5876777,"caller":"handlers/server.go:654","msg":"EPP sent response body back to proxy","x-request-id":"469b7efb-de2c-4988-a96c-1c66c318978b"}
{"level":"info","ts":1785056168.133216,"caller":"handlers/server.go:654","msg":"EPP sent response body back to proxy","x-request-id":"bfa3b7e2-5d6d-480f-8339-b6222fdd107a"}
{"level":"info","ts":1785056168.40223,"caller":"handlers/server.go:654","msg":"EPP sent response body back to proxy","x-request-id":"a4575aca-fa50-45ba-aabb-815f4a6ca773"}
{"level":"info","ts":1785056168.4360547,"caller":"handlers/server.go:654","msg":"EPP sent response body back to proxy","x-request-id":"183faa38-9c41-44f5-b1fc-4edfb7a46b9a"}
{"level":"info","ts":1785056168.7466094,"caller":"handlers/server.go:654","msg":"EPP sent response body back to proxy","x-request-id":"c98cd543-6225-9389-bd42-1e9b1fac4472"}
{"level":"info","ts":1785056169.5799553,"caller":"handlers/server.go:654","msg":"EPP sent response body back to proxy","x-request-id":"d87631e4-2b24-49c1-9629-c523b9f0cf3a"}
{"level":"info","ts":1785056169.7268696,"caller":"handlers/server.go:654","msg":"EPP sent response body back to proxy","x-request-id":"cdd7970a-4bda-4998-9ae2-8d2428a527c3"}
{"level":"info","ts":1785056170.0275178,"caller":"handlers/server.go:654","msg":"EPP sent response body back to proxy","x-request-id":"b4d5801c-14f0-4eaf-99ef-bef8b46504cb"}
{"level":"info","ts":1785056171.215479,"caller":"handlers/server.go:654","msg":"EPP sent response body back to proxy","x-request-id":"572fecb7-7215-4224-8e07-d15ff82cc36e"}
{"level":"info","ts":1785056191.125694,"caller":"handlers/server.go:654","msg":"EPP sent response body back to proxy","x-request-id":"53be5d8a-8d15-4645-bb1b-6ac1fe79f967"}
{"level":"info","ts":1785056192.8518503,"caller":"handlers/server.go:654","msg":"EPP sent response body back to proxy","x-request-id":"b70ea602-0ae6-464f-90f2-554b4401a204"}
{"level":"info","ts":1785056193.523824,"caller":"handlers/server.go:654","msg":"EPP sent response body back to proxy","x-request-id":"2f77431a-c24d-4279-bdf6-6233dfdf2f87"}
{"level":"info","ts":1785056193.8576288,"caller":"handlers/server.go:654","msg":"EPP sent response body back to proxy","x-request-id":"c0c528d1-2de8-4567-9206-c9037f60ec1e"}
{"level":"info","ts":1785056194.4871938,"caller":"handlers/server.go:654","msg":"EPP sent response body back to proxy","x-request-id":"771f4171-c124-4414-9bd3-2c35ab2f9d04"}
{"level":"info","ts":1785056194.781487,"caller":"handlers/server.go:654","msg":"EPP sent response body back to proxy","x-request-id":"a88a8c49-99df-4f27-9e93-9f3c683bcd8a"}
{"level":"info","ts":1785056195.2475038,"caller":"handlers/server.go:654","msg":"EPP sent response body back to proxy","x-request-id":"b860883b-50c7-4e1b-a254-7b91b74e27a3"}
{"level":"info","ts":1785056196.4427967,"caller":"handlers/server.go:654","msg":"EPP sent response body back to proxy","x-request-id":"7dda47ad-badd-41df-aa94-7bbc65003b98"}
{"level":"info","ts":1785056200.5597742,"caller":"controller/pod_reconciler.go:97","msg":"Pod added","controller":"pod","controllerGroup":"","controllerKind":"Pod","Pod":{"name":"epd-nvidia-gpu-vllm-decode-slow-7b7f4bb875-6lk9k","namespace":"dpikus-epd-sglang-bench"},"namespace":"dpikus-epd-sglang-bench","name":"epd-nvidia-gpu-vllm-decode-slow-7b7f4bb875-6lk9k","reconcileID":"1cbf85d5-7865-4615-9c7b-c92692e89fec"}
{"level":"info","ts":1785056216.5434625,"caller":"controller/pod_reconciler.go:97","msg":"Pod added","controller":"pod","controllerGroup":"","controllerKind":"Pod","Pod":{"name":"epd-nvidia-gpu-vllm-decode-d9d499948-4fb9l","namespace":"dpikus-epd-sglang-bench"},"namespace":"dpikus-epd-sglang-bench","name":"epd-nvidia-gpu-vllm-decode-d9d499948-4fb9l","reconcileID":"aa4f98a9-cf0c-4568-8cfa-14665a218381"}
{"level":"info","ts":1785056216.8054705,"caller":"handlers/server.go:654","msg":"EPP sent response body back to proxy","x-request-id":"37d80f2c-8ddd-42c4-a0cf-9d38efd3b180"}
{"level":"info","ts":1785056218.567602,"caller":"handlers/server.go:654","msg":"EPP sent response body back to proxy","x-request-id":"aafd163b-5699-47b8-8f71-bd5c4cd255ac"}
{"level":"info","ts":1785056219.1043994,"caller":"handlers/server.go:654","msg":"EPP sent response body back to proxy","x-request-id":"782e4b0d-f100-4cb3-b63f-4b9ad18df238"}
{"level":"info","ts":1785056219.3057163,"caller":"handlers/server.go:654","msg":"EPP sent response body back to proxy","x-request-id":"ddee9ed1-b499-45c3-b309-6f48aca49f92"}
{"level":"info","ts":1785056220.2450328,"caller":"handlers/server.go:654","msg":"EPP sent response body back to proxy","x-request-id":"1a9524c8-3def-493a-a8e0-e106926dd5d4"}
{"level":"info","ts":1785056220.5248187,"caller":"handlers/server.go:654","msg":"EPP sent response body back to proxy","x-request-id":"64eae515-3b6d-4e32-93b5-5bdca61454bb"}
{"level":"info","ts":1785056220.7431216,"caller":"handlers/server.go:654","msg":"EPP sent response body back to proxy","x-request-id":"862947a4-529c-4b6e-83a0-56fef42db77d"}
{"level":"info","ts":1785056222.0978544,"caller":"handlers/server.go:654","msg":"EPP sent response body back to proxy","x-request-id":"7ac9bfd6-9bdb-406e-a49e-27e0509c1d8b"}
{"level":"info","ts":1785056222.2587492,"caller":"controller/pod_reconciler.go:97","msg":"Pod added","controller":"pod","controllerGroup":"","controllerKind":"Pod","Pod":{"name":"epd-nvidia-gpu-vllm-decode-d9d499948-ccdx2","namespace":"dpikus-epd-sglang-bench"},"namespace":"dpikus-epd-sglang-bench","name":"epd-nvidia-gpu-vllm-decode-d9d499948-ccdx2","reconcileID":"12377853-6312-48c3-9c41-79c59a0999a0"}
{"level":"info","ts":1785056243.2038748,"caller":"handlers/server.go:654","msg":"EPP sent response body back to proxy","x-request-id":"2b572ba5-2844-4d8d-b75b-4fb4a7ea5223"}
{"level":"info","ts":1785056244.9852161,"caller":"handlers/server.go:654","msg":"EPP sent response body back to proxy","x-request-id":"1ba6375c-44cb-4231-bec0-66e51a845304"}
{"level":"info","ts":1785056245.295899,"caller":"handlers/server.go:654","msg":"EPP sent response body back to proxy","x-request-id":"873ff22d-f452-47ef-ab66-e6b9d8d4b528"}
{"level":"info","ts":1785056245.5047338,"caller":"handlers/server.go:654","msg":"EPP sent response body back to proxy","x-request-id":"dc0a62d0-4a87-458a-8007-ef64c742c352"}
{"level":"info","ts":1785056246.6620283,"caller":"handlers/server.go:654","msg":"EPP sent response body back to proxy","x-request-id":"931b6bb1-b4c3-4b07-8a50-a27572fb31fa"}
{"level":"info","ts":1785056246.8539927,"caller":"handlers/server.go:654","msg":"EPP sent response body back to proxy","x-request-id":"c824db47-ca8b-4c82-856e-5fa0d9201d90"}
{"level":"info","ts":1785056246.8664336,"caller":"handlers/server.go:654","msg":"EPP sent response body back to proxy","x-request-id":"cabd7401-a5ba-4c39-8389-19a6b8c692b5"}
{"level":"info","ts":1785056248.1826606,"caller":"handlers/server.go:654","msg":"EPP sent response body back to proxy","x-request-id":"901a88e8-71ef-450b-80b1-565ae0ae246f"}
{"level":"info","ts":1785056251.644014,"caller":"controller/pod_reconciler.go:97","msg":"Pod added","controller":"pod","controllerGroup":"","controllerKind":"Pod","Pod":{"name":"epd-nvidia-gpu-vllm-decode-slow-7b7f4bb875-5zmjg","namespace":"dpikus-epd-sglang-bench"},"namespace":"dpikus-epd-sglang-bench","name":"epd-nvidia-gpu-vllm-decode-slow-7b7f4bb875-5zmjg","reconcileID":"60eda0f8-d0c1-4b52-a52b-5b15f45c40ea"}
{"level":"info","ts":1785056268.9493906,"caller":"handlers/server.go:654","msg":"EPP sent response body back to proxy","x-request-id":"cd15d19a-78cb-40bc-a90c-1bae83338db3"}
{"level":"info","ts":1785056270.7171228,"caller":"handlers/server.go:654","msg":"EPP sent response body back to proxy","x-request-id":"ebb4ef82-1012-4ad9-8ad8-c8ede6bba3ec"}
{"level":"info","ts":1785056270.8395379,"caller":"handlers/server.go:654","msg":"EPP sent response body back to proxy","x-request-id":"2e0eefd4-338d-4566-9662-2c33b3127bb3"}
{"level":"info","ts":1785056270.9923372,"caller":"handlers/server.go:654","msg":"EPP sent response body back to proxy","x-request-id":"01503568-e5e9-4766-81c3-37c09d75c07d"}
{"level":"info","ts":1785056272.248169,"caller":"handlers/server.go:654","msg":"EPP sent response body back to proxy","x-request-id":"7411f0b6-a04c-4d13-901a-8493f1952b0a"}
{"level":"info","ts":1785056272.433073,"caller":"handlers/server.go:654","msg":"EPP sent response body back to proxy","x-request-id":"44019cee-5580-495d-b829-84c3bab6ecec"}
{"level":"info","ts":1785056272.484582,"caller":"handlers/server.go:654","msg":"EPP sent response body back to proxy","x-request-id":"3eecc0a7-1ccf-47ef-aa5a-1814cf4bd1e3"}
{"level":"info","ts":1785056273.7871904,"caller":"handlers/server.go:654","msg":"EPP sent response body back to proxy","x-request-id":"35b98fab-26af-4e51-b3da-e9ce3921e5ff"}
{"level":"info","ts":1785056283.544068,"caller":"controller/pod_reconciler.go:97","msg":"Pod added","controller":"pod","controllerGroup":"","controllerKind":"Pod","Pod":{"name":"epd-nvidia-gpu-vllm-decode-d9d499948-4fb9l","namespace":"dpikus-epd-sglang-bench"},"namespace":"dpikus-epd-sglang-bench","name":"epd-nvidia-gpu-vllm-decode-d9d499948-4fb9l","reconcileID":"a533558e-c034-4a48-b998-9ca36674815e"}
{"level":"info","ts":1785056286.5612404,"caller":"controller/pod_reconciler.go:97","msg":"Pod added","controller":"pod","controllerGroup":"","controllerKind":"Pod","Pod":{"name":"epd-nvidia-gpu-vllm-decode-slow-7b7f4bb875-6lk9k","namespace":"dpikus-epd-sglang-bench"},"namespace":"dpikus-epd-sglang-bench","name":"epd-nvidia-gpu-vllm-decode-slow-7b7f4bb875-6lk9k","reconcileID":"8b0f1d64-2037-47c9-b35f-1f6da5d5440b"}
{"level":"info","ts":1785056294.631244,"caller":"handlers/server.go:654","msg":"EPP sent response body back to proxy","x-request-id":"60cd3bbb-2bc6-4032-91bb-0e26d3d24868"}
{"level":"info","ts":1785056296.3853416,"caller":"handlers/server.go:654","msg":"EPP sent response body back to proxy","x-request-id":"16427287-8c8e-4453-ae6c-2a149032fec8"}
{"level":"info","ts":1785056296.6790266,"caller":"handlers/server.go:654","msg":"EPP sent response body back to proxy","x-request-id":"57c4ef50-5fdd-4f8f-9070-8a991e1a26cc"}
{"level":"info","ts":1785056296.705426,"caller":"handlers/server.go:654","msg":"EPP sent response body back to proxy","x-request-id":"0be3a80c-b3e1-4ad3-8c49-b42f53e8f2c3"}
{"level":"info","ts":1785056297.893004,"caller":"handlers/server.go:654","msg":"EPP sent response body back to proxy","x-request-id":"1b4b79ae-663d-4e5f-aca2-19bc5ba6b306"}
{"level":"info","ts":1785056298.0041673,"caller":"handlers/server.go:654","msg":"EPP sent response body back to proxy","x-request-id":"630378e9-5977-4ab7-80d0-236100052c62"}
{"level":"info","ts":1785056298.2290888,"caller":"handlers/server.go:654","msg":"EPP sent response body back to proxy","x-request-id":"46900bc5-d84a-421b-baa9-fe34974727e1"}
{"level":"info","ts":1785056298.996943,"caller":"handlers/server.go:654","msg":"EPP sent response body back to proxy","x-request-id":"52d99805-78b0-4b5e-9a90-745343ef99d8"}
{"level":"info","ts":1785056319.8105943,"caller":"handlers/server.go:654","msg":"EPP sent response body back to proxy","x-request-id":"ae8116b2-2a34-4a5a-8e27-a4829db10621"}
{"level":"info","ts":1785056321.3222592,"caller":"handlers/server.go:654","msg":"EPP sent response body back to proxy","x-request-id":"1755fe95-db6f-47b2-82ef-5f8ed199c420"}
{"level":"info","ts":1785056322.6502562,"caller":"handlers/server.go:654","msg":"EPP sent response body back to proxy","x-request-id":"26764464-d648-4b04-9aaf-47f40e1d3dcd"}
{"level":"info","ts":1785056323.742839,"caller":"controller/pod_reconciler.go:97","msg":"Pod added","controller":"pod","controllerGroup":"","controllerKind":"Pod","Pod":{"name":"epd-nvidia-gpu-vllm-decode-slow-7b7f4bb875-5zmjg","namespace":"dpikus-epd-sglang-bench"},"namespace":"dpikus-epd-sglang-bench","name":"epd-nvidia-gpu-vllm-decode-slow-7b7f4bb875-5zmjg","reconcileID":"cac9712a-40b6-4454-8ba3-9d0c237c7d14"}
{"level":"info","ts":1785056356.5428412,"caller":"controller/pod_reconciler.go:97","msg":"Pod added","controller":"pod","controllerGroup":"","controllerKind":"Pod","Pod":{"name":"epd-nvidia-gpu-vllm-decode-d9d499948-4fb9l","namespace":"dpikus-epd-sglang-bench"},"namespace":"dpikus-epd-sglang-bench","name":"epd-nvidia-gpu-vllm-decode-d9d499948-4fb9l","reconcileID":"b937824a-90bb-4202-8e6d-470e3e735437"}
{"level":"info","ts":1785056420.5438573,"caller":"controller/pod_reconciler.go:97","msg":"Pod added","controller":"pod","controllerGroup":"","controllerKind":"Pod","Pod":{"name":"epd-nvidia-gpu-vllm-decode-d9d499948-4fb9l","namespace":"dpikus-epd-sglang-bench"},"namespace":"dpikus-epd-sglang-bench","name":"epd-nvidia-gpu-vllm-decode-d9d499948-4fb9l","reconcileID":"fe3241f3-f127-49a0-9b79-c4a471d2642a"}
{"level":"info","ts":1785056465.6436875,"caller":"controller/pod_reconciler.go:97","msg":"Pod added","controller":"pod","controllerGroup":"","controllerKind":"Pod","Pod":{"name":"epd-nvidia-gpu-vllm-decode-slow-7b7f4bb875-5zmjg","namespace":"dpikus-epd-sglang-bench"},"namespace":"dpikus-epd-sglang-bench","name":"epd-nvidia-gpu-vllm-decode-slow-7b7f4bb875-5zmjg","reconcileID":"232dc159-28f0-4af1-8d91-b47090e33201"}
