{
  "load_summary": {
    "count": 120,
    "schedule_delay": {
      "mean": 0.011081592668779195,
      "min": -0.0003983303904533386,
      "max": 0.14219208527356386,
      "p0.1": -0.00038746736710891126,
      "p1": -0.00030612495262175796,
      "p5": -0.00017807085532695055,
      "p10": -6.66920095682144e-05,
      "p25": 0.00042826123535633087,
      "median": 0.000948991859331727,
      "p75": 0.0020340816117823124,
      "p90": 0.035056271636858656,
      "p95": 0.09860413388814775,
      "p99": 0.13009708165656778,
      "p99.9": 0.14085056287329661
    },
    "send_duration": 119.26018860610202,
    "requested_rate": 1.0,
    "achieved_rate": 1.00620333912385
  },
  "successes": {
    "count": 120,
    "latency": {
      "request_latency": {
        "mean": 0.13192078926755738,
        "min": 0.12692307913675904,
        "max": 0.14704043604433537,
        "p0.1": 0.12701801731158047,
        "p1": 0.1277268599672243,
        "p5": 0.1282775986706838,
        "p10": 0.12885436099022626,
        "p25": 0.12997972790617496,
        "median": 0.13149673701263964,
        "p75": 0.13316594634670764,
        "p90": 0.13558207182213663,
        "p95": 0.13766742588486522,
        "p99": 0.13955416615121066,
        "p99.9": 0.14616573472088212
      },
      "normalized_time_per_output_token": {
        "mean": 0.008844222541168867,
        "min": 0.008058535138843581,
        "max": 0.010468765770873198,
        "p0.1": 0.008082949435396586,
        "p1": 0.008301287144480739,
        "p5": 0.008538816949973504,
        "p10": 0.008588805130372445,
        "p25": 0.008670505904592573,
        "median": 0.008786624173323314,
        "p75": 0.008923905001332362,
        "p90": 0.009209442111397428,
        "p95": 0.0093320358827311,
        "p99": 0.009838552102712648,
        "p99.9": 0.01039477122392363
      },
      "time_per_output_token": {
        "mean": 0.006290651221393741,
        "min": 0.006073503196239472,
        "max": 0.006571173729995886,
        "p0.1": 0.006076005970469366,
        "p1": 0.006097927127654354,
        "p5": 0.006184829150526119,
        "p10": 0.00622998354335626,
        "p25": 0.00628803827178975,
        "median": 0.00629853877859811,
        "p75": 0.006308092650336524,
        "p90": 0.006315236119553446,
        "p95": 0.006327113807201386,
        "p99": 0.006504951578254502,
        "p99.9": 0.006564762018434704
      },
      "time_to_first_token": {
        "mean": 0.03732245957556491,
        "min": 0.032858912367373705,
        "max": 0.04772013006731868,
        "p0.1": 0.032897816381882876,
        "p1": 0.03320788047742099,
        "p5": 0.03354158990550786,
        "p10": 0.034097325848415495,
        "p25": 0.03523502917960286,
        "median": 0.036921561462804675,
        "p75": 0.03885378781706095,
        "p90": 0.04108679387718439,
        "p95": 0.04277788198087364,
        "p99": 0.044791885134764016,
        "p99.9": 0.047394596729893275
      },
      "inter_token_latency": {
        "mean": 0.006290709076468947,
        "min": 8.71904194355011e-06,
        "max": 0.011653510853648186,
        "p0.1": 9.329874999821186e-06,
        "p1": 9.818747639656066e-06,
        "p5": 1.1060340330004693e-05,
        "p10": 0.003516330011188984,
        "p25": 0.006607639603316784,
        "median": 0.006709098815917969,
        "p75": 0.006812256993725896,
        "p90": 0.0073299860581755635,
        "p95": 0.008971847686916586,
        "p99": 0.011265793237835168,
        "p99.9": 0.011597204934805634
      }
    },
    "throughput": {
      "input_tokens_per_sec": 1.0051093484373506,
      "output_tokens_per_sec": 15.001257025427455,
      "total_tokens_per_sec": 16.006366373864807,
      "requests_per_sec": 1.0051093484373506
    },
    "prompt_len": {
      "mean": 1.0,
      "min": 1.0,
      "max": 1.0,
      "p0.1": 1.0,
      "p1": 1.0,
      "p5": 1.0,
      "p10": 1.0,
      "p25": 1.0,
      "median": 1.0,
      "p75": 1.0,
      "p90": 1.0,
      "p95": 1.0,
      "p99": 1.0,
      "p99.9": 1.0
    },
    "output_len": {
      "mean": 14.925,
      "min": 13.0,
      "max": 16.0,
      "p0.1": 13.119,
      "p1": 14.0,
      "p5": 14.0,
      "p10": 15.0,
      "p25": 15.0,
      "median": 15.0,
      "p75": 15.0,
      "p90": 15.0,
      "p95": 15.0,
      "p99": 15.810000000000002,
      "p99.9": 16.0
    }
  },
  "failures": {
    "count": 0,
    "request_latency": null,
    "prompt_len": null
  }
}