{
  "load_summary": {
    "count": 120,
    "schedule_delay": {
      "mean": 0.012874677292226503,
      "min": -0.000791449099779129,
      "max": 0.21070253755897284,
      "p0.1": -0.0007220508744940162,
      "p1": -0.00020285682287067176,
      "p5": -7.817172445356846e-05,
      "p10": 5.327388644218446e-05,
      "p25": 0.0004642844432964921,
      "median": 0.0010492312721908092,
      "p75": 0.0021427482133731246,
      "p90": 0.0557259287685156,
      "p95": 0.09224481738638128,
      "p99": 0.11499512546230109,
      "p99.9": 0.19939915533736485
    }
  },
  "successes": {
    "count": 120,
    "latency": {
      "request_latency": {
        "mean": 0.11701758032819877,
        "min": 0.1145465699955821,
        "max": 0.12238431675359607,
        "p0.1": 0.11455291613796725,
        "p1": 0.11462291727773845,
        "p5": 0.11484443845693022,
        "p10": 0.11522467602044344,
        "p25": 0.11611932097002864,
        "median": 0.11688882787711918,
        "p75": 0.11785742943175137,
        "p90": 0.11868056226521731,
        "p95": 0.11918700833339244,
        "p99": 0.12082756991032512,
        "p99.9": 0.12222285726619886
      },
      "normalized_time_per_output_token": {
        "mean": 0.007858455121813978,
        "min": 0.007639993261545896,
        "max": 0.009094414086296009,
        "p0.1": 0.007640954378806054,
        "p1": 0.007648213514437278,
        "p5": 0.007660729138491054,
        "p10": 0.007691637345900138,
        "p25": 0.00774664186562101,
        "median": 0.007806400287275513,
        "p75": 0.00787452863684545,
        "p90": 0.007965641707802812,
        "p95": 0.008323497360106557,
        "p99": 0.008915527771984401,
        "p99.9": 0.009080682969544658
      },
      "time_per_output_token": {
        "mean": 0.006747070471756159,
        "min": 0.006561514207472404,
        "max": 0.006951589602977037,
        "p0.1": 0.006572819402534515,
        "p1": 0.0066571153635159135,
        "p5": 0.006709582274779678,
        "p10": 0.0067306559967497985,
        "p25": 0.0067378340677047765,
        "median": 0.006748247317348918,
        "p75": 0.006758711013632516,
        "p90": 0.00676729617640376,
        "p95": 0.006776228297191361,
        "p99": 0.0068386500297735135,
        "p99.9": 0.006939671155655137
      },
      "time_to_first_token": {
        "mean": 0.015603418291235963,
        "min": 0.012933788821101189,
        "max": 0.020760309416800737,
        "p0.1": 0.012943462223280222,
        "p1": 0.013015190013684333,
        "p5": 0.013188092480413615,
        "p10": 0.013543463544920087,
        "p25": 0.014596967026591301,
        "median": 0.0154724745079875,
        "p75": 0.016631008707918227,
        "p90": 0.017420202773064376,
        "p95": 0.017753468709997833,
        "p99": 0.02010907314252109,
        "p99.9": 0.02073978967079893
      },
      "inter_token_latency": {
        "mean": 0.00674707047175616,
        "min": 4.250090569257736e-06,
        "max": 0.013572261668741703,
        "p0.1": 9.363529272377492e-06,
        "p1": 9.909439831972122e-06,
        "p5": 1.0716496035456657e-05,
        "p10": 0.0055589293595403435,
        "p25": 0.007109994883649051,
        "median": 0.007208210648968816,
        "p75": 0.007284648949280381,
        "p90": 0.007635172503069043,
        "p95": 0.008122040401212869,
        "p99": 0.010083988192491233,
        "p99.9": 0.012123325059190398
      }
    },
    "throughput": {
      "input_tokens_per_sec": 1.001555379710993,
      "output_tokens_per_sec": 14.923175157693796,
      "total_tokens_per_sec": 15.92473053740479,
      "requests_per_sec": 1.001555379710993
    },
    "prompt_len": {
      "mean": 1.0,
      "min": 1.0,
      "max": 1.0,
      "p0.1": 1.0,
      "p1": 1.0,
      "p5": 1.0,
      "p10": 1.0,
      "p25": 1.0,
      "median": 1.0,
      "p75": 1.0,
      "p90": 1.0,
      "p95": 1.0,
      "p99": 1.0,
      "p99.9": 1.0
    },
    "output_len": {
      "mean": 14.9,
      "min": 13.0,
      "max": 15.0,
      "p0.1": 13.0,
      "p1": 13.19,
      "p5": 14.0,
      "p10": 15.0,
      "p25": 15.0,
      "median": 15.0,
      "p75": 15.0,
      "p90": 15.0,
      "p95": 15.0,
      "p99": 15.0,
      "p99.9": 15.0
    }
  },
  "failures": {
    "count": 0,
    "request_latency": null,
    "prompt_len": null
  }
}