{
  "load_summary": {
    "count": 120,
    "schedule_delay": {
      "mean": 4.773440839129035,
      "min": 0.00019219517707824707,
      "max": 12.8848971799016,
      "p0.1": 0.0002649784586392343,
      "p1": 0.0008119091624394059,
      "p5": 0.0018322579562664032,
      "p10": 0.4116851678583771,
      "p25": 2.2470826528733596,
      "median": 4.611989779397845,
      "p75": 6.935093333944678,
      "p90": 8.976715735625476,
      "p95": 10.392334155272692,
      "p99": 12.235087362742053,
      "p99.9": 12.832129299827857
    }
  },
  "successes": {
    "count": 120,
    "latency": {
      "request_latency": {
        "mean": 1.8587890376530898,
        "min": 1.853895330335945,
        "max": 1.8693042960949242,
        "p0.1": 1.8540266521996818,
        "p1": 1.8550043948739767,
        "p5": 1.8553446186473592,
        "p10": 1.8555753752123565,
        "p25": 1.8566573032876477,
        "median": 1.8590182214975357,
        "p75": 1.8601302278693765,
        "p90": 1.861688088113442,
        "p95": 1.8627461118390785,
        "p99": 1.8645578923122956,
        "p99.9": 1.8687408230639995
      },
      "normalized_time_per_output_token": {
        "mean": 0.003775248678085434,
        "min": 0.00247796619738712,
        "max": 0.004023585312302301,
        "p0.1": 0.0026255638352150547,
        "p1": 0.003718319709552452,
        "p5": 0.003726319124117748,
        "p10": 0.0037319724007987285,
        "p25": 0.00374664512327722,
        "median": 0.0037685814477863176,
        "p75": 0.0038052483769857415,
        "p90": 0.0038587749359889644,
        "p95": 0.003892086053938767,
        "p99": 0.003964736943569999,
        "p99.9": 0.004017507274154111
      },
      "time_per_output_token": {
        "mean": 0.0036447744554650246,
        "min": 0.0036093315640464427,
        "max": 0.0037431223192647503,
        "p0.1": 0.0036095600414639342,
        "p1": 0.0036114459735900164,
        "p5": 0.0036145986371207985,
        "p10": 0.003615267703868449,
        "p25": 0.0036158556935843083,
        "median": 0.00362971293229745,
        "p75": 0.003673471111711493,
        "p90": 0.003690325127045687,
        "p95": 0.003712964649240406,
        "p99": 0.0037336883096651175,
        "p99.9": 0.003742174601656939
      },
      "time_to_first_token": {
        "mean": 0.04897626761036614,
        "min": 0.0455687060020864,
        "max": 0.05858195526525378,
        "p0.1": 0.04557348027965054,
        "p1": 0.04562712663784623,
        "p5": 0.04596666975412518,
        "p10": 0.046220718324184416,
        "p25": 0.04754353209864348,
        "median": 0.04907408566214144,
        "p75": 0.05006517900619656,
        "p90": 0.05150664574466646,
        "p95": 0.05211197522003204,
        "p99": 0.054165610806085174,
        "p99.9": 0.05807679605856544
      },
      "inter_token_latency": {
        "mean": 0.003644454377760924,
        "min": 3.2195821404457092e-06,
        "max": 0.025149237364530563,
        "p0.1": 1.1061369441449642e-05,
        "p1": 0.0007672521751374006,
        "p5": 0.002629945520311594,
        "p10": 0.003524643834680319,
        "p25": 0.0035896175540983677,
        "median": 0.0036184522323310375,
        "p75": 0.003648191224783659,
        "p90": 0.003722510300576687,
        "p95": 0.004976219031959772,
        "p99": 0.007097670994698989,
        "p99.9": 0.008856479516252926
      }
    },
    "throughput": {
      "input_tokens_per_sec": 124.10112050253345,
      "output_tokens_per_sec": 237.88057765973377,
      "total_tokens_per_sec": 361.9816981622672,
      "requests_per_sec": 0.48232071707164187
    },
    "prompt_len": {
      "mean": 257.3,
      "min": 250.0,
      "max": 267.0,
      "p0.1": 250.0,
      "p1": 250.19,
      "p5": 252.0,
      "p10": 253.0,
      "p25": 255.0,
      "median": 257.0,
      "p75": 260.0,
      "p90": 261.1,
      "p95": 263.0,
      "p99": 266.81,
      "p99.9": 267.0
    },
    "output_len": {
      "mean": 493.2,
      "min": 462.0,
      "max": 749.0,
      "p0.1": 462.714,
      "p1": 468.76,
      "p5": 477.0,
      "p10": 482.0,
      "p25": 488.75,
      "median": 493.0,
      "p75": 496.0,
      "p90": 498.0,
      "p95": 499.0,
      "p99": 500.0,
      "p99.9": 719.3690000000036
    }
  },
  "failures": {
    "count": 0,
    "request_latency": null,
    "prompt_len": null
  }
}