{
  "load_summary": {
    "count": 120,
    "schedule_delay": {
      "mean": 195.06636604582891,
      "min": 0.0023627635091543198,
      "max": 398.93330168910325,
      "p0.1": 0.7348369406783023,
      "p1": 6.449768801126629,
      "p5": 28.682561487262138,
      "p10": 57.1892902801279,
      "p25": 89.97345592372585,
      "median": 200.38626362825744,
      "p75": 291.2831256391946,
      "p90": 350.0959188326262,
      "p95": 375.5428003054811,
      "p99": 398.2308896881016,
      "p99.9": 398.8795817713584
    }
  },
  "successes": {
    "count": 120,
    "latency": {
      "request_latency": {
        "mean": 7.38139982620487,
        "min": 7.374453258700669,
        "max": 7.39049819111824,
        "p0.1": 7.374461389939766,
        "p1": 7.37471302036196,
        "p5": 7.376950418250635,
        "p10": 7.377814997499809,
        "p25": 7.379455046611838,
        "median": 7.381558693945408,
        "p75": 7.383170540910214,
        "p90": 7.384843881195411,
        "p95": 7.385345227364451,
        "p99": 7.3876465483382345,
        "p99.9": 7.390177039009053
      },
      "normalized_time_per_output_token": {
        "mean": 0.007576849094821001,
        "min": 0.00593569830780208,
        "max": 0.012081101168642116,
        "p0.1": 0.00610775639346184,
        "p1": 0.00738443544064752,
        "p5": 0.007408175449938806,
        "p10": 0.00742753967947291,
        "p25": 0.007457373636031542,
        "median": 0.007518627726659008,
        "p75": 0.007596950407321733,
        "p90": 0.007694625507675588,
        "p95": 0.00773996898167913,
        "p99": 0.008713932782478886,
        "p99.9": 0.011684111708801794
      },
      "time_per_output_token": {
        "mean": 0.007318413588753902,
        "min": 0.0073136675809510054,
        "max": 0.007322793139144778,
        "p0.1": 0.007313721140834503,
        "p1": 0.00731431602648925,
        "p5": 0.007315981475543231,
        "p10": 0.007316531674191356,
        "p25": 0.007317464788560755,
        "median": 0.007318543305620552,
        "p75": 0.007319321035523899,
        "p90": 0.007320234174979851,
        "p95": 0.007320500561362133,
        "p99": 0.0073223307060962545,
        "p99.9": 0.007322756269754842
      },
      "time_to_first_token": {
        "mean": 0.05995250021029885,
        "min": 0.05521749798208475,
        "max": 0.06834178883582354,
        "p0.1": 0.055243932253215465,
        "p1": 0.05544234967790544,
        "p5": 0.05572296432219446,
        "p10": 0.0562220364343375,
        "p25": 0.05849397473502904,
        "median": 0.05967235658317804,
        "p75": 0.06191472883801907,
        "p90": 0.06332628345116972,
        "p95": 0.06455982967745513,
        "p99": 0.0652449947455898,
        "p99.9": 0.06797529596835379
      },
      "inter_token_latency": {
        "mean": 0.007318413588753902,
        "min": 9.530223906040192e-06,
        "max": 0.017448313999921083,
        "p0.1": 1.7150084022432566e-05,
        "p1": 0.0026698452048003673,
        "p5": 0.004719001916237176,
        "p10": 0.006462736381217838,
        "p25": 0.007249892572872341,
        "median": 0.007322334218770266,
        "p75": 0.007401705952361226,
        "p90": 0.008205164922401309,
        "p95": 0.00990605370607227,
        "p99": 0.011888074777089058,
        "p99.9": 0.01262490155966953
      }
    },
    "throughput": {
      "input_tokens_per_sec": 34.88173379236323,
      "output_tokens_per_sec": 132.34400726910317,
      "total_tokens_per_sec": 167.2257410614664,
      "requests_per_sec": 0.13546304385383778
    },
    "prompt_len": {
      "mean": 257.5,
      "min": 251.0,
      "max": 268.0,
      "p0.1": 251.0,
      "p1": 251.19,
      "p5": 252.0,
      "p10": 254.0,
      "p25": 255.75,
      "median": 257.0,
      "p75": 259.0,
      "p90": 262.0,
      "p95": 262.05,
      "p99": 264.62,
      "p99.9": 267.64300000000003
    },
    "output_len": {
      "mean": 976.975,
      "min": 611.0,
      "max": 1244.0,
      "p0.1": 638.727,
      "p1": 847.04,
      "p5": 953.6,
      "p10": 959.9,
      "p25": 971.5,
      "median": 982.0,
      "p75": 990.0,
      "p90": 994.0,
      "p95": 996.05,
      "p99": 999.62,
      "p99.9": 1214.9640000000036
    }
  },
  "failures": {
    "count": 0,
    "request_latency": null,
    "prompt_len": null
  }
}