{
  "load_summary": {
    "count": 120,
    "schedule_delay": {
      "mean": 0.005458928070341548,
      "min": -0.00038840528577566147,
      "max": 0.12259188387542963,
      "p0.1": -0.0003858322617597878,
      "p1": -0.00035787267610430716,
      "p5": -0.00011649047955870628,
      "p10": 0.0001496192999184132,
      "p25": 0.0003795736702159047,
      "median": 0.0008885953575372696,
      "p75": 0.0014960134867578745,
      "p90": 0.002957532787695529,
      "p95": 0.00514433726202691,
      "p99": 0.10413993832189591,
      "p99.9": 0.1205378222293223
    }
  },
  "successes": {
    "count": 120,
    "latency": {
      "request_latency": {
        "mean": 0.1280179671322306,
        "min": 0.1252605221234262,
        "max": 0.13877583108842373,
        "p0.1": 0.12526173956226558,
        "p1": 0.12528232735116035,
        "p5": 0.12553662622813136,
        "p10": 0.12564134504646063,
        "p25": 0.12640349939465523,
        "median": 0.1274142984766513,
        "p75": 0.1290304729482159,
        "p90": 0.13093531541526318,
        "p95": 0.132646230654791,
        "p99": 0.13412726526148616,
        "p99.9": 0.13822437939327217
      },
      "normalized_time_per_output_token": {
        "mean": 0.008581638504678961,
        "min": 0.007871469133533537,
        "max": 0.00932892385338034,
        "p0.1": 0.007877436343231238,
        "p1": 0.008003140420032044,
        "p5": 0.008357166587375104,
        "p10": 0.008374307279785475,
        "p25": 0.008429964949997763,
        "median": 0.008512835080424944,
        "p75": 0.008636082910622159,
        "p90": 0.008949940593114922,
        "p95": 0.00911944555617603,
        "p99": 0.009250528276166214,
        "p99.9": 0.009319736841462908
      },
      "time_per_output_token": {
        "mean": 0.006315566116116113,
        "min": 0.005959783680737019,
        "max": 0.00662489499275883,
        "p0.1": 0.00596168520161882,
        "p1": 0.005978478560534617,
        "p5": 0.0062367374791453285,
        "p10": 0.0062990209429214395,
        "p25": 0.00630784589642038,
        "median": 0.006315912461529176,
        "p75": 0.0063237477249155445,
        "p90": 0.0063520252580444025,
        "p95": 0.006462276506548126,
        "p99": 0.0065562888470788805,
        "p99.9": 0.006617244556111595
      },
      "time_to_first_token": {
        "mean": 0.03295947740940998,
        "min": 0.03006896935403347,
        "max": 0.042282058857381344,
        "p0.1": 0.030078870063181967,
        "p1": 0.03017817565239966,
        "p5": 0.03042569812387228,
        "p10": 0.03064647107385099,
        "p25": 0.0312858164543286,
        "median": 0.03230630955658853,
        "p75": 0.03384817996993661,
        "p90": 0.03634766261093319,
        "p95": 0.0379383176099509,
        "p99": 0.03912629714235663,
        "p99.9": 0.04190753366425638
      },
      "inter_token_latency": {
        "mean": 0.006315566116116113,
        "min": 7.289927452802658e-06,
        "max": 0.011721874121576548,
        "p0.1": 9.48754558339715e-06,
        "p1": 1.0447907261550426e-05,
        "p5": 1.6134791076183318e-05,
        "p10": 0.003829177049919963,
        "p25": 0.006652205134741962,
        "median": 0.006742125144228339,
        "p75": 0.006840448593720794,
        "p90": 0.007116203336045146,
        "p95": 0.008911662665195762,
        "p99": 0.010858593271113931,
        "p99.9": 0.011592394039034878
      }
    },
    "throughput": {
      "input_tokens_per_sec": 1.0068279767033024,
      "output_tokens_per_sec": 15.026907552296787,
      "total_tokens_per_sec": 16.03373552900009,
      "requests_per_sec": 1.0068279767033024
    },
    "prompt_len": {
      "mean": 1.0,
      "min": 1.0,
      "max": 1.0,
      "p0.1": 1.0,
      "p1": 1.0,
      "p5": 1.0,
      "p10": 1.0,
      "p25": 1.0,
      "median": 1.0,
      "p75": 1.0,
      "p90": 1.0,
      "p95": 1.0,
      "p99": 1.0,
      "p99.9": 1.0
    },
    "output_len": {
      "mean": 14.925,
      "min": 14.0,
      "max": 16.0,
      "p0.1": 14.0,
      "p1": 14.0,
      "p5": 14.0,
      "p10": 15.0,
      "p25": 15.0,
      "median": 15.0,
      "p75": 15.0,
      "p90": 15.0,
      "p95": 15.0,
      "p99": 15.810000000000002,
      "p99.9": 16.0
    }
  },
  "failures": {
    "count": 0,
    "request_latency": null,
    "prompt_len": null
  }
}