{
  "load_summary": {
    "count": 2700,
    "schedule_delay": {
      "mean": 9.805539691889728e-05,
      "min": -0.0019407435320317745,
      "max": 0.0016242759302258492,
      "p0.1": -0.0013100933050736786,
      "p1": -0.0010453313728794455,
      "p5": -0.0007220032159239054,
      "p10": -0.0005565703380852937,
      "p25": -0.0002757767215371132,
      "median": 0.00010173977352678776,
      "p75": 0.0004669887712225318,
      "p90": 0.0007647016551345587,
      "p95": 0.0009555433178320523,
      "p99": 0.0012654975848272406,
      "p99.9": 0.0014922126126475936
    }
  },
  "successes": {
    "count": 2700,
    "latency": {
      "request_latency": {
        "mean": 157.37864684808483,
        "min": 94.11717849224806,
        "max": 179.06367030506954,
        "p0.1": 95.35456380290911,
        "p1": 99.81357416124548,
        "p5": 116.7403098240029,
        "p10": 132.65076171397232,
        "p25": 149.3754252830986,
        "median": 162.18517876113765,
        "p75": 170.8234669645317,
        "p90": 173.6920392123051,
        "p95": 174.66189148884732,
        "p99": 178.57579279957804,
        "p99.9": 179.01053086521105
      },
      "normalized_time_per_output_token": {
        "mean": 0.03225386239053164,
        "min": 0.019044350160309198,
        "max": 0.06171559168630824,
        "p0.1": 0.01926649648298073,
        "p1": 0.020364926124627435,
        "p5": 0.02388752694470656,
        "p10": 0.02712406572960505,
        "p25": 0.030567677161242115,
        "median": 0.03317467506628098,
        "p75": 0.03484964316976885,
        "p90": 0.03559633836258611,
        "p95": 0.03618893997600126,
        "p99": 0.037911195286793084,
        "p99.9": 0.04225145014275257
      },
      "time_per_output_token": {
        "mean": 0.031112260386093618,
        "min": 0.018806092068552972,
        "max": 0.03500079833902418,
        "p0.1": 0.019048363231785687,
        "p1": 0.019906084901985713,
        "p5": 0.023322990288250148,
        "p10": 0.026504491047617047,
        "p25": 0.029141747085968152,
        "median": 0.03200296394852921,
        "p75": 0.034013834124198186,
        "p90": 0.03463886437797919,
        "p95": 0.034781096181417816,
        "p99": 0.034982819377987646,
        "p99.9": 0.03500000645620851
      },
      "time_to_first_token": {
        "mean": 1.8568325988051515,
        "min": 0.06741962395608425,
        "max": 9.17403664207086,
        "p0.1": 0.08107967318408191,
        "p1": 0.09495416903868317,
        "p5": 0.11252244838979096,
        "p10": 0.1298039261251688,
        "p25": 0.19098569208290428,
        "median": 0.40731452219188213,
        "p75": 3.318535123486072,
        "p90": 5.402426466578616,
        "p95": 6.481434112763961,
        "p99": 7.933300766730679,
        "p99.9": 9.039673651323692
      },
      "inter_token_latency": {
        "mean": 0.031113083656711085,
        "min": 3.1096860766410828e-06,
        "max": 0.31231188029050827,
        "p0.1": 3.3602118492126465e-06,
        "p1": 3.6400742828845978e-06,
        "p5": 4.489906132221222e-06,
        "p10": 5.419831722974777e-06,
        "p25": 7.539987564086914e-06,
        "median": 0.012488339096307755,
        "p75": 0.0740574998781085,
        "p90": 0.09355037286877632,
        "p95": 0.09783667605370283,
        "p99": 0.10712552536278963,
        "p99.9": 0.20450017414987148
      }
    },
    "throughput": {
      "input_tokens_per_sec": 2629.0588735282245,
      "output_tokens_per_sec": 49846.55589181111,
      "total_tokens_per_sec": 52475.61476533934,
      "requests_per_sec": 10.209159112683544
    },
    "prompt_len": {
      "mean": 257.5196296296296,
      "min": 250.0,
      "max": 273.0,
      "p0.1": 250.0,
      "p1": 251.0,
      "p5": 252.0,
      "p10": 253.0,
      "p25": 255.0,
      "median": 257.0,
      "p75": 260.0,
      "p90": 262.0,
      "p95": 264.0,
      "p99": 267.0,
      "p99.9": 270.0
    },
    "output_len": {
      "mean": 4882.532962962963,
      "min": 2888.0,
      "max": 5213.0,
      "p0.1": 3946.796,
      "p1": 4382.89,
      "p5": 4706.9,
      "p10": 4796.9,
      "p25": 4866.0,
      "median": 4907.0,
      "p75": 4934.0,
      "p90": 4959.0,
      "p95": 4972.049999999999,
      "p99": 4995.0199999999995,
      "p99.9": 5195.505000000002
    }
  },
  "failures": {
    "count": 0,
    "request_latency": null,
    "prompt_len": null
  }
}