{
  "load_summary": {
    "count": 120,
    "schedule_delay": {
      "mean": 41.63519241264245,
      "min": 0.0021134046837687492,
      "max": 84.60654836241156,
      "p0.1": 0.004306681043002755,
      "p1": 0.12001389036886391,
      "p5": 2.758404601807706,
      "p10": 7.848710386268794,
      "p25": 21.51228342030663,
      "median": 40.82161738304421,
      "p75": 60.26768070447724,
      "p90": 74.54965274562127,
      "p95": 76.59742513822857,
      "p99": 83.57888607568573,
      "p99.9": 84.52152554867324
    }
  },
  "successes": {
    "count": 120,
    "latency": {
      "request_latency": {
        "mean": 1.7110977032765124,
        "min": 1.7066856981255114,
        "max": 1.7565822931937873,
        "p0.1": 1.7067067762198858,
        "p1": 1.706899118386209,
        "p5": 1.707454293151386,
        "p10": 1.7076926871202887,
        "p25": 1.7082664195913821,
        "median": 1.7092852524947375,
        "p75": 1.7101633624406531,
        "p90": 1.7112911082338542,
        "p95": 1.7261640084441752,
        "p99": 1.750399109250866,
        "p99.9": 1.7559309077793732
      },
      "normalized_time_per_output_token": {
        "mean": 0.00691023805457376,
        "min": 0.006805839139478378,
        "max": 0.00720412859826777,
        "p0.1": 0.006807016461011601,
        "p1": 0.006818768988893816,
        "p5": 0.0068320755879394705,
        "p10": 0.006835526584088802,
        "p25": 0.006840601871255785,
        "median": 0.006887884299841619,
        "p75": 0.0069425834744328225,
        "p90": 0.007027934578304303,
        "p95": 0.007064524816017975,
        "p99": 0.007181306670208563,
        "p99.9": 0.007201548618584761
      },
      "time_per_output_token": {
        "mean": 0.006710448975364367,
        "min": 0.006687057765200734,
        "max": 0.006903747035190463,
        "p0.1": 0.006688901330230757,
        "p1": 0.006702790850140155,
        "p5": 0.006704428912885487,
        "p10": 0.006705613864026964,
        "p25": 0.006707659234292805,
        "median": 0.006708867469802499,
        "p75": 0.0067104174932464955,
        "p90": 0.00671182324551046,
        "p95": 0.006712716045510024,
        "p99": 0.006719197477251292,
        "p99.9": 0.006881817892882976
      },
      "time_to_first_token": {
        "mean": 0.0326647696007664,
        "min": 0.029449219815433025,
        "max": 0.07373596401885152,
        "p0.1": 0.02947437009587884,
        "p1": 0.02966478478629142,
        "p5": 0.029743281821720303,
        "p10": 0.029787081014364957,
        "p25": 0.030064664431847632,
        "median": 0.030915634473785758,
        "p75": 0.03217451472301036,
        "p90": 0.03325338740833104,
        "p95": 0.03982263638172296,
        "p99": 0.0684513849252835,
        "p99.9": 0.07328172229370108
      },
      "inter_token_latency": {
        "mean": 0.006710448975364367,
        "min": 9.650364518165588e-06,
        "max": 0.019206892233341932,
        "p0.1": 1.0679921600967645e-05,
        "p1": 0.004116100785322488,
        "p5": 0.00593540130648762,
        "p10": 0.006549473991617561,
        "p25": 0.006679104524664581,
        "median": 0.00672972621396184,
        "p75": 0.006786408484913409,
        "p90": 0.006921973638236522,
        "p95": 0.007403812767006457,
        "p99": 0.008925239881500601,
        "p99.9": 0.011201780790463117
      }
    },
    "throughput": {
      "input_tokens_per_sec": 0.5843052581256821,
      "output_tokens_per_sec": 144.7031971748252,
      "total_tokens_per_sec": 145.28750243295087,
      "requests_per_sec": 0.5843052581256821
    },
    "prompt_len": {
      "mean": 1.0,
      "min": 1.0,
      "max": 1.0,
      "p0.1": 1.0,
      "p1": 1.0,
      "p5": 1.0,
      "p10": 1.0,
      "p25": 1.0,
      "median": 1.0,
      "p75": 1.0,
      "p90": 1.0,
      "p95": 1.0,
      "p99": 1.0,
      "p99.9": 1.0
    },
    "output_len": {
      "mean": 247.65,
      "min": 237.0,
      "max": 251.0,
      "p0.1": 237.119,
      "p1": 238.0,
      "p5": 241.95,
      "p10": 243.0,
      "p25": 247.0,
      "median": 249.0,
      "p75": 250.0,
      "p90": 250.0,
      "p95": 250.0,
      "p99": 250.81,
      "p99.9": 251.0
    }
  },
  "failures": {
    "count": 0,
    "request_latency": null,
    "prompt_len": null
  }
}