{
  "load_summary": {
    "count": 120,
    "schedule_delay": {
      "mean": 0.011291334269723544,
      "min": -0.0003431318327784538,
      "max": 0.17560267681255937,
      "p0.1": -0.0003424512417986989,
      "p1": -0.0003320143278688192,
      "p5": -0.00011426063720136881,
      "p10": 6.607002578675749e-05,
      "p25": 0.0003477472346276045,
      "median": 0.000844885129481554,
      "p75": 0.0019348837668076158,
      "p90": 0.008744260342791963,
      "p95": 0.1100572200026363,
      "p99": 0.1367438251618296,
      "p99.9": 0.17105367558309864
    },
    "send_duration": 119.56259968224913,
    "requested_rate": 1.0,
    "achieved_rate": 1.0036583372970587
  },
  "successes": {
    "count": 120,
    "latency": {
      "request_latency": {
        "mean": 0.13681827960535883,
        "min": 0.1334007908590138,
        "max": 0.1451099910773337,
        "p0.1": 0.13344894884945824,
        "p1": 0.1338324583787471,
        "p5": 0.13411804831121116,
        "p10": 0.13428606423549355,
        "p25": 0.13560957089066505,
        "median": 0.13663278915919363,
        "p75": 0.13775617082137614,
        "p90": 0.13904605186544358,
        "p95": 0.1399966096272692,
        "p99": 0.14284965040627867,
        "p99.9": 0.14488306784769522
      },
      "normalized_time_per_output_token": {
        "mean": 0.009171598585359741,
        "min": 0.008893386057267586,
        "max": 0.010493410607943168,
        "p0.1": 0.008896596589963883,
        "p1": 0.008922163891916473,
        "p5": 0.008941203220747412,
        "p10": 0.008952404282366237,
        "p25": 0.009045307423608998,
        "median": 0.009119280769179266,
        "p75": 0.009197027104285858,
        "p90": 0.009350934037938713,
        "p95": 0.00967455826777344,
        "p99": 0.01034688558125009,
        "p99.9": 0.010488326286503043
      },
      "time_per_output_token": {
        "mean": 0.006892565978794462,
        "min": 0.006669426709413529,
        "max": 0.00723558288688461,
        "p0.1": 0.006672866621551415,
        "p1": 0.006704046807562311,
        "p5": 0.006827047610034546,
        "p10": 0.006879527817169825,
        "p25": 0.006887219442675511,
        "median": 0.006894036227216323,
        "p75": 0.006899989365289608,
        "p90": 0.0069097893405705695,
        "p95": 0.006916817948222161,
        "p99": 0.007175212168755631,
        "p99.9": 0.007232497349008918
      },
      "time_to_first_token": {
        "mean": 0.03313953167138,
        "min": 0.02968440391123295,
        "max": 0.039264613296836615,
        "p0.1": 0.029723876802716404,
        "p1": 0.030052443617023528,
        "p5": 0.03041454905178398,
        "p10": 0.030682117911055684,
        "p25": 0.031912174774333835,
        "median": 0.03303660568781197,
        "p75": 0.03416961233597249,
        "p90": 0.035363656794652344,
        "p95": 0.03614160583820194,
        "p99": 0.03752031898591667,
        "p99.9": 0.03905998742906379
      },
      "inter_token_latency": {
        "mean": 0.006892565978794462,
        "min": 5.959998816251755e-06,
        "max": 0.012996602803468704,
        "p0.1": 6.475917529314756e-06,
        "p1": 9.810086339712143e-06,
        "p5": 1.144919078797102e-05,
        "p10": 0.004929396044462919,
        "p25": 0.0072735612047836185,
        "median": 0.007358999224379659,
        "p75": 0.007425289950333536,
        "p90": 0.007737199077382684,
        "p95": 0.008770055440254509,
        "p99": 0.01159909652546048,
        "p99.9": 0.01265356124285609
      }
    },
    "throughput": {
      "input_tokens_per_sec": 1.0025292404935129,
      "output_tokens_per_sec": 14.962748914365678,
      "total_tokens_per_sec": 15.965278154859192,
      "requests_per_sec": 1.0025292404935129
    },
    "prompt_len": {
      "mean": 1.0,
      "min": 1.0,
      "max": 1.0,
      "p0.1": 1.0,
      "p1": 1.0,
      "p5": 1.0,
      "p10": 1.0,
      "p25": 1.0,
      "median": 1.0,
      "p75": 1.0,
      "p90": 1.0,
      "p95": 1.0,
      "p99": 1.0,
      "p99.9": 1.0
    },
    "output_len": {
      "mean": 14.925,
      "min": 13.0,
      "max": 15.0,
      "p0.1": 13.0,
      "p1": 13.19,
      "p5": 14.0,
      "p10": 15.0,
      "p25": 15.0,
      "median": 15.0,
      "p75": 15.0,
      "p90": 15.0,
      "p95": 15.0,
      "p99": 15.0,
      "p99.9": 15.0
    }
  },
  "failures": {
    "count": 0,
    "request_latency": null,
    "prompt_len": null
  }
}