{
  "load_summary": {
    "count": 120,
    "schedule_delay": {
      "mean": 10.907106557996789,
      "min": 0.00023011025041341782,
      "max": 36.79070836817846,
      "p0.1": 0.0002856204742565751,
      "p1": 0.0007275731721892953,
      "p5": 0.0027213366702198982,
      "p10": 0.2273464468307794,
      "p25": 3.458854902535677,
      "median": 7.844264062820002,
      "p75": 15.036071501672268,
      "p90": 28.64361133719795,
      "p95": 31.343177393777296,
      "p99": 34.14172536363825,
      "p99.9": 36.48171591449113
    }
  },
  "successes": {
    "count": 120,
    "latency": {
      "request_latency": {
        "mean": 3.673386791460992,
        "min": 3.6674135481007397,
        "max": 3.757330823224038,
        "p0.1": 3.667445594449062,
        "p1": 3.6677415258204564,
        "p5": 3.668692207150161,
        "p10": 3.6691998502705245,
        "p25": 3.671291586593725,
        "median": 3.672125388868153,
        "p75": 3.6744529271963984,
        "p90": 3.675982267735526,
        "p95": 3.6767475663218647,
        "p99": 3.6834697507321836,
        "p99.9": 3.748697169005872
      },
      "normalized_time_per_output_token": {
        "mean": 0.0037869957109933723,
        "min": 0.003678664581883766,
        "max": 0.008284409209858819,
        "p0.1": 0.0036790691513721207,
        "p1": 0.003682152292719575,
        "p5": 0.0036943797617691523,
        "p10": 0.0037003130081087795,
        "p25": 0.003713904805345076,
        "median": 0.0037325731699359866,
        "p75": 0.0037694493627755234,
        "p90": 0.0038188134251698575,
        "p95": 0.0038581303820896793,
        "p99": 0.004084456442270053,
        "p99.9": 0.0077877384971687955
      },
      "time_per_output_token": {
        "mean": 0.0036431427336384753,
        "min": 0.003617016927804798,
        "max": 0.0037311788979610522,
        "p0.1": 0.0036170666386531668,
        "p1": 0.003617505894228816,
        "p5": 0.003618740176432766,
        "p10": 0.003619019755208865,
        "p25": 0.0036194506731117146,
        "median": 0.003630444387145856,
        "p75": 0.0036579280495267086,
        "p90": 0.003686329603606573,
        "p95": 0.0037051957842786274,
        "p99": 0.00371878830116799,
        "p99.9": 0.003729887710898957
      },
      "time_to_first_token": {
        "mean": 0.0514236356675004,
        "min": 0.04625004902482033,
        "max": 0.13484348682686687,
        "p0.1": 0.04625775474216789,
        "p1": 0.04631727770436555,
        "p5": 0.04660440299194306,
        "p10": 0.04731169966980815,
        "p25": 0.04921756777912378,
        "median": 0.05030313367024064,
        "p75": 0.05258241598494351,
        "p90": 0.05417473395355046,
        "p95": 0.05547295459546149,
        "p99": 0.060566025776788594,
        "p99.9": 0.1260336232706915
      },
      "inter_token_latency": {
        "mean": 0.003642908916385819,
        "min": 3.6400742828845978e-06,
        "max": 0.013366742059588432,
        "p0.1": 1.2272336054593324e-05,
        "p1": 0.0008935291785746813,
        "p5": 0.002705786051228643,
        "p10": 0.003522485261783004,
        "p25": 0.0035890131257474422,
        "median": 0.00361808342859149,
        "p75": 0.0036477618850767612,
        "p90": 0.003730712039396167,
        "p95": 0.004773705033585427,
        "p99": 0.006847181408666073,
        "p99.9": 0.008746864944230789
      }
    },
    "throughput": {
      "input_tokens_per_sec": 63.498044855416126,
      "output_tokens_per_sec": 240.17648203696749,
      "total_tokens_per_sec": 303.6745268923836,
      "requests_per_sec": 0.24619597359127415
    },
    "prompt_len": {
      "mean": 257.9166666666667,
      "min": 251.0,
      "max": 269.0,
      "p0.1": 251.238,
      "p1": 253.0,
      "p5": 253.0,
      "p10": 254.0,
      "p25": 256.0,
      "median": 258.0,
      "p75": 260.0,
      "p90": 262.0,
      "p95": 263.0,
      "p99": 264.81,
      "p99.9": 268.52400000000006
    },
    "output_len": {
      "mean": 975.55,
      "min": 443.0,
      "max": 998.0,
      "p0.1": 496.669,
      "p1": 899.7,
      "p5": 951.85,
      "p10": 963.9,
      "p25": 975.0,
      "median": 984.0,
      "p75": 989.0,
      "p90": 992.1,
      "p95": 995.0,
      "p99": 997.81,
      "p99.9": 998.0
    }
  },
  "failures": {
    "count": 0,
    "request_latency": null,
    "prompt_len": null
  }
}