{
  "load_summary": {
    "count": 120,
    "schedule_delay": {
      "mean": 0.019363858147213857,
      "min": -0.00035064807161688805,
      "max": 0.2971815406344831,
      "p0.1": -0.00034794061398133635,
      "p1": -0.00031499702017754314,
      "p5": -0.00010469197295606136,
      "p10": 5.92102762311697e-05,
      "p25": 0.0005377805791795254,
      "median": 0.0010911780409514904,
      "p75": 0.0023708572844043374,
      "p90": 0.0825813961680979,
      "p95": 0.13999135205522178,
      "p99": 0.2034746173582972,
      "p99.9": 0.2870004113228073
    },
    "send_duration": 115.46877394011244,
    "requested_rate": 1.0,
    "achieved_rate": 1.0392420037493224
  },
  "successes": {
    "count": 120,
    "latency": {
      "request_latency": {
        "mean": 0.17104573535422485,
        "min": 0.16792392684146762,
        "max": 0.17677545780315995,
        "p0.1": 0.16794749456224964,
        "p1": 0.1681262023700401,
        "p5": 0.16833508685231208,
        "p10": 0.16849227878265083,
        "p25": 0.1692299849819392,
        "median": 0.1707811583764851,
        "p75": 0.17220280494075269,
        "p90": 0.17419750983826815,
        "p95": 0.17538051151204853,
        "p99": 0.1762936260411516,
        "p99.9": 0.1767204788303934
      },
      "normalized_time_per_output_token": {
        "mean": 0.008620324201468191,
        "min": 0.008396196342073382,
        "max": 0.009532018771602048,
        "p0.1": 0.008397548164660111,
        "p1": 0.00840783938858658,
        "p5": 0.008418214773992076,
        "p10": 0.008428829286713154,
        "p25": 0.00846853650873527,
        "median": 0.00856979617383331,
        "p75": 0.008686119143385441,
        "p90": 0.008945868463304483,
        "p95": 0.009022721611453514,
        "p99": 0.009271672696218286,
        "p99.9": 0.00950198751177138
      },
      "time_per_output_token": {
        "mean": 0.006863346270595988,
        "min": 0.006641775462776422,
        "max": 0.007090328051708639,
        "p0.1": 0.00664347644150257,
        "p1": 0.006656221783254295,
        "p5": 0.006732963942922651,
        "p10": 0.006839643947314471,
        "p25": 0.006868608738295734,
        "median": 0.006875947373919189,
        "p75": 0.0068818022846244276,
        "p90": 0.0068863606918603175,
        "p95": 0.006890953953843564,
        "p99": 0.006939029079629109,
        "p99.9": 0.007073337285197342
      },
      "time_to_first_token": {
        "mean": 0.03346994875076537,
        "min": 0.030184350907802582,
        "max": 0.0409000962972641,
        "p0.1": 0.03018725569359958,
        "p1": 0.03022009230218828,
        "p5": 0.03042357547674328,
        "p10": 0.03079012930393219,
        "p25": 0.0315504833124578,
        "median": 0.03318499098531902,
        "p75": 0.03473872214090079,
        "p90": 0.036562464525923134,
        "p95": 0.03806132124736905,
        "p99": 0.03983099068515003,
        "p99.9": 0.0407873345850967
      },
      "inter_token_latency": {
        "mean": 0.006863346270595988,
        "min": 4.858709871768951e-06,
        "max": 0.013299469836056232,
        "p0.1": 5.517630372196436e-06,
        "p1": 1.0149721056222916e-05,
        "p5": 0.0009634044719859986,
        "p10": 0.004734078235924244,
        "p25": 0.007145245908759534,
        "median": 0.007222372107207775,
        "p75": 0.0073032432701438665,
        "p90": 0.007584050204604864,
        "p95": 0.009571743197739124,
        "p99": 0.01186487051658332,
        "p99.9": 0.012587844953872268
      }
    },
    "throughput": {
      "input_tokens_per_sec": 1.0376877894932863,
      "output_tokens_per_sec": 20.598102621441733,
      "total_tokens_per_sec": 21.63579041093502,
      "requests_per_sec": 1.0376877894932863
    },
    "prompt_len": {
      "mean": 1.0,
      "min": 1.0,
      "max": 1.0,
      "p0.1": 1.0,
      "p1": 1.0,
      "p5": 1.0,
      "p10": 1.0,
      "p25": 1.0,
      "median": 1.0,
      "p75": 1.0,
      "p90": 1.0,
      "p95": 1.0,
      "p99": 1.0,
      "p99.9": 1.0
    },
    "output_len": {
      "mean": 19.85,
      "min": 18.0,
      "max": 20.0,
      "p0.1": 18.119,
      "p1": 19.0,
      "p5": 19.0,
      "p10": 19.0,
      "p25": 20.0,
      "median": 20.0,
      "p75": 20.0,
      "p90": 20.0,
      "p95": 20.0,
      "p99": 20.0,
      "p99.9": 20.0
    }
  },
  "failures": {
    "count": 0,
    "request_latency": null,
    "prompt_len": null
  }
}