{
  "load_summary": {
    "count": 120,
    "schedule_delay": {
      "mean": 776.0286689300943,
      "min": 0.006130856461822987,
      "max": 1568.8641508296132,
      "p0.1": 1.9935168402493002,
      "p1": 19.427536540813744,
      "p5": 89.0648513127584,
      "p10": 169.83613579990342,
      "p25": 382.53939119610004,
      "median": 772.2869159791153,
      "p75": 1163.7868697358062,
      "p90": 1395.4349241598977,
      "p95": 1479.4323283210163,
      "p99": 1552.199579364625,
      "p99.9": 1567.2443921720137
    },
    "send_duration": 2031.6051724837162,
    "requested_rate": 0.25,
    "achieved_rate": 0.05906659503790067
  },
  "successes": {
    "count": 120,
    "latency": {
      "request_latency": {
        "mean": 17.07036211057954,
        "min": 16.92231655213982,
        "max": 21.794835817068815,
        "p0.1": 16.92282347377902,
        "p1": 16.926578271850012,
        "p5": 16.928235718701035,
        "p10": 16.92870445139706,
        "p25": 16.93092629010789,
        "median": 16.933071367209777,
        "p75": 16.935282568796538,
        "p90": 16.937864926364274,
        "p95": 16.963271430903113,
        "p99": 21.455730397161098,
        "p99.9": 21.77336150874803
      },
      "normalized_time_per_output_token": {
        "mean": 0.006991577304975229,
        "min": 0.006793653626102554,
        "max": 0.008903119206318961,
        "p0.1": 0.006795481248209156,
        "p1": 0.006809472001824529,
        "p5": 0.006825105170075773,
        "p10": 0.006836528649221283,
        "p25": 0.0068576130267732835,
        "median": 0.006890445812856973,
        "p75": 0.00697546655331035,
        "p90": 0.007092207421270969,
        "p95": 0.007324329797722968,
        "p99": 0.008807785164746526,
        "p99.9": 0.008892205360314664
      },
      "time_per_output_token": {
        "mean": 0.00684891391407695,
        "min": 0.006757884867303074,
        "max": 0.009866329013285312,
        "p0.1": 0.006758044878088124,
        "p1": 0.006759263703158125,
        "p5": 0.006759700267529116,
        "p10": 0.006760028979126364,
        "p25": 0.00676068296758458,
        "median": 0.00676184796905145,
        "p75": 0.006762575505021959,
        "p90": 0.006763558833040297,
        "p95": 0.006776459338925995,
        "p99": 0.009667725432943034,
        "p99.9": 0.009854772694918582
      },
      "time_to_first_token": {
        "mean": 0.026392851766043654,
        "min": 0.021902653854340315,
        "max": 0.14229568326845765,
        "p0.1": 0.021909240713808686,
        "p1": 0.0219819212006405,
        "p5": 0.022135946177877487,
        "p10": 0.022343993419781327,
        "p25": 0.022809375543147326,
        "median": 0.023445487255230546,
        "p75": 0.02431552263442427,
        "p90": 0.025404728855937718,
        "p95": 0.02785394857637583,
        "p99": 0.111143595725298,
        "p99.9": 0.13935223949374667
      },
      "inter_token_latency": {
        "mean": 0.006839812559340568,
        "min": 3.0999071896076202e-06,
        "max": 0.1493075587786734,
        "p0.1": 4.879029002040625e-06,
        "p1": 0.0034143950790166853,
        "p5": 0.005722643109038472,
        "p10": 0.006602089619264007,
        "p25": 0.006707656313665211,
        "median": 0.006758672650903463,
        "p75": 0.006814118940383196,
        "p90": 0.006960966624319553,
        "p95": 0.007931874017231166,
        "p99": 0.011194008099846693,
        "p99.9": 0.027405819073319675
      }
    },
    "throughput": {
      "input_tokens_per_sec": 15.054168791461898,
      "output_tokens_per_sec": 143.12468215511083,
      "total_tokens_per_sec": 158.1788509465727,
      "requests_per_sec": 0.05857843169283789
    },
    "prompt_len": {
      "mean": 256.9916666666667,
      "min": 250.0,
      "max": 267.0,
      "p0.1": 250.119,
      "p1": 251.0,
      "p5": 252.0,
      "p10": 253.0,
      "p25": 254.75,
      "median": 256.0,
      "p75": 259.0,
      "p90": 262.0,
      "p95": 262.1,
      "p99": 265.81,
      "p99.9": 266.88100000000003
    },
    "output_len": {
      "mean": 2443.3,
      "min": 1926.0,
      "max": 2492.0,
      "p0.1": 1953.37,
      "p1": 2187.35,
      "p5": 2380.8,
      "p10": 2410.0,
      "p25": 2435.0,
      "median": 2458.0,
      "p75": 2469.25,
      "p90": 2477.0,
      "p95": 2481.05,
      "p99": 2486.81,
      "p99.9": 2491.405
    }
  },
  "failures": {
    "count": 0,
    "request_latency": null,
    "prompt_len": null
  }
}