{
  "load_summary": {
    "count": 120,
    "schedule_delay": {
      "mean": 1933.752998444046,
      "min": 0.012903865426778793,
      "max": 3872.3064214461483,
      "p0.1": 4.103215411720332,
      "p1": 39.53872556031216,
      "p5": 188.08264483753592,
      "p10": 385.0346108872909,
      "p25": 956.8895365498029,
      "median": 1956.9956728550605,
      "p75": 2906.226423158776,
      "p90": 3477.8102278530137,
      "p95": 3673.661083181109,
      "p99": 3836.3440338780406,
      "p99.9": 3868.7321718274266
    },
    "send_duration": 4340.644407718908,
    "requested_rate": 0.25,
    "achieved_rate": 0.027645664728169313
  },
  "successes": {
    "count": 120,
    "latency": {
      "request_latency": {
        "mean": 36.47509583985278,
        "min": 36.45831159828231,
        "max": 36.574346892070025,
        "p0.1": 36.45869642033708,
        "p1": 36.46159481840674,
        "p5": 36.46491203990299,
        "p10": 36.46618280895054,
        "p25": 36.469054184737615,
        "median": 36.47310868953355,
        "p75": 36.47689603304025,
        "p90": 36.48421156862751,
        "p95": 36.48907918969635,
        "p99": 36.52419811287895,
        "p99.9": 36.56885450224951
      },
      "normalized_time_per_output_token": {
        "mean": 0.007461499668577929,
        "min": 0.0070008438084661435,
        "max": 0.008221062733557731,
        "p0.1": 0.007014703121102257,
        "p1": 0.007151307775102714,
        "p5": 0.007328459797640735,
        "p10": 0.0073464913027105035,
        "p25": 0.007376109743042666,
        "median": 0.007423504834210641,
        "p75": 0.00748557985525354,
        "p90": 0.0076117365810042395,
        "p95": 0.007804889124942425,
        "p99": 0.008204342676593793,
        "p99.9": 0.008219896299705256
      },
      "time_per_output_token": {
        "mean": 0.007281472541840834,
        "min": 0.007278470848407596,
        "max": 0.007292147249635309,
        "p0.1": 0.007278574227018841,
        "p1": 0.007279358538527973,
        "p5": 0.007279710222398862,
        "p10": 0.0072799505315721035,
        "p25": 0.0072804920865921306,
        "median": 0.007281258586980402,
        "p75": 0.0072819511377252635,
        "p90": 0.007283332437649369,
        "p95": 0.007283733049351722,
        "p99": 0.007287613617979922,
        "p99.9": 0.0072916697691804725
      },
      "time_to_first_token": {
        "mean": 0.05866258728007476,
        "min": 0.05387801304459572,
        "max": 0.15821258537471294,
        "p0.1": 0.05391518842894584,
        "p1": 0.05419808207079768,
        "p5": 0.05481564220972359,
        "p10": 0.05550192794762552,
        "p25": 0.05626372341066599,
        "median": 0.057880105916410685,
        "p75": 0.05898674065247178,
        "p90": 0.06044526523910463,
        "p95": 0.0612984920386225,
        "p99": 0.06665924105327578,
        "p99.9": 0.14743650966137778
      },
      "inter_token_latency": {
        "mean": 0.007281472531743178,
        "min": 6.619840860366821e-06,
        "max": 0.01878942782059312,
        "p0.1": 0.0023781990492716433,
        "p1": 0.004686895501799881,
        "p5": 0.006599012529477477,
        "p10": 0.007072898093611002,
        "p25": 0.007215753081254661,
        "median": 0.007275526411831379,
        "p75": 0.007341325515881181,
        "p90": 0.00749593460932374,
        "p95": 0.007971737417392433,
        "p99": 0.00990691885817796,
        "p99.9": 0.011800069338642093
      }
    },
    "throughput": {
      "input_tokens_per_sec": 7.048721308205116,
      "output_tokens_per_sec": 134.08791248980074,
      "total_tokens_per_sec": 141.13663379800585,
      "requests_per_sec": 0.027415374744258706
    },
    "prompt_len": {
      "mean": 257.10833333333335,
      "min": 251.0,
      "max": 272.0,
      "p0.1": 251.0,
      "p1": 251.19,
      "p5": 252.95,
      "p10": 253.0,
      "p25": 255.0,
      "median": 256.5,
      "p75": 259.0,
      "p90": 262.0,
      "p95": 264.0,
      "p99": 267.81,
      "p99.9": 271.52400000000006
    },
    "output_len": {
      "mean": 4890.975,
      "min": 4437.0,
      "max": 5209.0,
      "p0.1": 4437.595,
      "p1": 4445.8,
      "p5": 4672.95,
      "p10": 4790.8,
      "p25": 4874.5,
      "median": 4913.0,
      "p75": 4946.0,
      "p90": 4964.1,
      "p95": 4977.05,
      "p99": 5100.25,
      "p99.9": 5198.885000000001
    }
  },
  "failures": {
    "count": 0,
    "request_latency": null,
    "prompt_len": null
  }
}