{
  "load_summary": {
    "count": 120,
    "schedule_delay": {
      "mean": 1771.706683744009,
      "min": 0.0018932255916297436,
      "max": 3559.9928747634403,
      "p0.1": 3.7478249160619455,
      "p1": 36.90112819413655,
      "p5": 175.90563602966722,
      "p10": 364.0466224272736,
      "p25": 896.5784435064998,
      "median": 1769.2784196909051,
      "p75": 2647.920741117443,
      "p90": 3190.4531898315067,
      "p95": 3373.079493381642,
      "p99": 3520.0439520825585,
      "p99.9": 3555.9588232678334
    },
    "send_duration": 4039.4881116407923,
    "requested_rate": 0.25,
    "achieved_rate": 0.029706734289968593
  },
  "successes": {
    "count": 120,
    "latency": {
      "request_latency": {
        "mean": 33.94428795148463,
        "min": 33.926182196009904,
        "max": 34.0468480871059,
        "p0.1": 33.92694266433222,
        "p1": 33.93266318422277,
        "p5": 33.934885312872936,
        "p10": 33.936000276124105,
        "p25": 33.93951731757261,
        "median": 33.94336908846162,
        "p75": 33.94742071861401,
        "p90": 33.95003630099818,
        "p95": 33.95391596227419,
        "p99": 33.96133605039213,
        "p99.9": 34.03668130456563
      },
      "normalized_time_per_output_token": {
        "mean": 0.00694760627125357,
        "min": 0.006792396282762653,
        "max": 0.007774564254290733,
        "p0.1": 0.006793484090068991,
        "p1": 0.006805879673187131,
        "p5": 0.006832999303525434,
        "p10": 0.006842429110265878,
        "p25": 0.006872933639481582,
        "median": 0.00691151462091146,
        "p75": 0.006963118707092527,
        "p90": 0.007041911803277624,
        "p95": 0.007154942053758074,
        "p99": 0.007731982956760663,
        "p99.9": 0.007772460181223656
      },
      "time_per_output_token": {
        "mean": 0.0067748365939658385,
        "min": 0.006772645721118897,
        "max": 0.006778229109477252,
        "p0.1": 0.006772671737338044,
        "p1": 0.006772885459167883,
        "p5": 0.00677332546478603,
        "p10": 0.006773476449260489,
        "p25": 0.006774256514478475,
        "median": 0.006774829405779019,
        "p75": 0.006775415396201424,
        "p90": 0.0067759800378978255,
        "p95": 0.006776507208915428,
        "p99": 0.0067767564344592395,
        "p99.9": 0.0067780545215882365
      },
      "time_to_first_token": {
        "mean": 0.060825891695761435,
        "min": 0.055658815894275904,
        "max": 0.1678159348666668,
        "p0.1": 0.05565976147353649,
        "p1": 0.055684281443245706,
        "p5": 0.05626428984105587,
        "p10": 0.05684570372104645,
        "p25": 0.05828420305624604,
        "median": 0.05981638818047941,
        "p75": 0.061267003300599754,
        "p90": 0.06284145899116993,
        "p95": 0.06438866814132779,
        "p99": 0.070436809505336,
        "p99.9": 0.1563512291428647
      },
      "inter_token_latency": {
        "mean": 0.006774836589821761,
        "min": 4.220288246870041e-06,
        "max": 0.015307054854929447,
        "p0.1": 0.0019205527873709797,
        "p1": 0.0025962919695302843,
        "p5": 0.004723839950747788,
        "p10": 0.006571892090141774,
        "p25": 0.0067054107785224915,
        "median": 0.006772092543542385,
        "p75": 0.00684461067430675,
        "p90": 0.006986477971076966,
        "p95": 0.008844255609437825,
        "p99": 0.010945525104179978,
        "p99.9": 0.011579089964274319
      }
    },
    "throughput": {
      "input_tokens_per_sec": 7.584532451709692,
      "output_tokens_per_sec": 143.99466237523131,
      "total_tokens_per_sec": 151.579194826941,
      "requests_per_sec": 0.029459261828942
    },
    "prompt_len": {
      "mean": 257.4583333333333,
      "min": 250.0,
      "max": 271.0,
      "p0.1": 250.0,
      "p1": 250.19,
      "p5": 252.0,
      "p10": 253.0,
      "p25": 255.0,
      "median": 257.5,
      "p75": 259.0,
      "p90": 262.1,
      "p95": 264.0,
      "p99": 266.62,
      "p99.9": 270.52400000000006
    },
    "output_len": {
      "mean": 4887.925,
      "min": 4365.0,
      "max": 4997.0,
      "p0.1": 4366.19,
      "p1": 4389.44,
      "p5": 4744.3,
      "p10": 4819.7,
      "p25": 4875.0,
      "median": 4911.5,
      "p75": 4939.0,
      "p90": 4960.2,
      "p95": 4965.2,
      "p99": 4986.96,
      "p99.9": 4996.167
    }
  },
  "failures": {
    "count": 0,
    "request_latency": null,
    "prompt_len": null
  }
}