{
  "load_summary": {
    "count": 120,
    "schedule_delay": {
      "mean": 185.5382461834932,
      "min": 0.0011171186342835426,
      "max": 354.2428306587972,
      "p0.1": 0.5780186746213586,
      "p1": 6.228137179948389,
      "p5": 24.18136623695027,
      "p10": 29.876868767896667,
      "p25": 95.27800412778743,
      "median": 192.6756001128815,
      "p75": 262.7874312598724,
      "p90": 322.4848248536233,
      "p95": 345.2536682484206,
      "p99": 351.7064223429095,
      "p99.9": 353.9472441775194
    }
  },
  "successes": {
    "count": 120,
    "latency": {
      "request_latency": {
        "mean": 7.007586680981331,
        "min": 6.805325543042272,
        "max": 8.84941628575325,
        "p0.1": 6.805370572043117,
        "p1": 6.805715162470006,
        "p5": 6.806168426107615,
        "p10": 6.80700147380121,
        "p25": 6.808757617720403,
        "median": 6.811199626419693,
        "p75": 6.833020638907328,
        "p90": 7.323414814425632,
        "p95": 8.532079473114573,
        "p99": 8.770041372724808,
        "p99.9": 8.844325617058203
      },
      "normalized_time_per_output_token": {
        "mean": 0.007173344921874222,
        "min": 0.005586227349374654,
        "max": 0.009629805458385545,
        "p0.1": 0.005731776274662069,
        "p1": 0.00680958301503677,
        "p5": 0.006835089508389452,
        "p10": 0.00685483943756318,
        "p25": 0.00691386549048088,
        "median": 0.0069743786036828145,
        "p75": 0.007158863655584579,
        "p90": 0.007556971898058857,
        "p95": 0.0086552036211371,
        "p99": 0.009093176395513013,
        "p99.9": 0.009568734249944907
      },
      "time_per_output_token": {
        "mean": 0.007014999144125803,
        "min": 0.006748022203799337,
        "max": 0.009783403749281275,
        "p0.1": 0.006748032574638258,
        "p1": 0.006748152080187574,
        "p5": 0.006748745368979871,
        "p10": 0.00674899686104618,
        "p25": 0.006749797126394697,
        "median": 0.006750583759741857,
        "p75": 0.006753920311108231,
        "p90": 0.007261089681321755,
        "p95": 0.009253564322700442,
        "p99": 0.009644425300355006,
        "p99.9": 0.009767663797703106
      },
      "time_to_first_token": {
        "mean": 0.06495907807645078,
        "min": 0.05220197606831789,
        "max": 0.18304081493988633,
        "p0.1": 0.05231741359690204,
        "p1": 0.053199362382292746,
        "p5": 0.05356179827358574,
        "p10": 0.054480652697384356,
        "p25": 0.05586058599874377,
        "median": 0.05779146053828299,
        "p75": 0.06045486219227314,
        "p90": 0.08486138060688983,
        "p95": 0.10854199619498099,
        "p99": 0.1532973139872775,
        "p99.9": 0.1799776906655174
      },
      "inter_token_latency": {
        "mean": 0.006996658623396338,
        "min": 3.08966264128685e-06,
        "max": 0.23151971027255058,
        "p0.1": 3.539050929248333e-06,
        "p1": 1.1502611450850963e-05,
        "p5": 0.0051944749662652615,
        "p10": 0.0065690063871443275,
        "p25": 0.006707134540192783,
        "median": 0.006762844044715166,
        "p75": 0.00687985704280436,
        "p90": 0.007352667720988393,
        "p95": 0.008845268422737716,
        "p99": 0.01640144596807657,
        "p99.9": 0.03757239488093344
      }
    },
    "throughput": {
      "input_tokens_per_sec": 36.77971065164471,
      "output_tokens_per_sec": 139.59190948366296,
      "total_tokens_per_sec": 176.3716201353077,
      "requests_per_sec": 0.14269067531594082
    },
    "prompt_len": {
      "mean": 257.7583333333333,
      "min": 251.0,
      "max": 267.0,
      "p0.1": 251.119,
      "p1": 252.0,
      "p5": 253.0,
      "p10": 253.0,
      "p25": 255.75,
      "median": 257.0,
      "p75": 260.0,
      "p90": 263.0,
      "p95": 263.05,
      "p99": 266.0,
      "p99.9": 266.88100000000003
    },
    "output_len": {
      "mean": 978.2833333333333,
      "min": 707.0,
      "max": 1219.0,
      "p0.1": 731.633,
      "p1": 916.85,
      "p5": 956.5,
      "p10": 964.6,
      "p25": 971.75,
      "median": 980.5,
      "p75": 988.0,
      "p90": 994.0,
      "p95": 997.0,
      "p99": 1000.0,
      "p99.9": 1192.9390000000033
    }
  },
  "failures": {
    "count": 0,
    "request_latency": null,
    "prompt_len": null
  }
}