{
  "load_summary": {
    "count": 120,
    "schedule_delay": {
      "mean": 3.508694203865404,
      "min": 0.00026241037994623184,
      "max": 10.789009568747133,
      "p0.1": 0.00027089842781424523,
      "p1": 0.00034822401124984026,
      "p5": 0.001246100291609764,
      "p10": 0.0020270202308893203,
      "p25": 0.6529719603713602,
      "median": 2.5634976192377508,
      "p75": 5.945413783425465,
      "p90": 8.510516881616786,
      "p95": 9.369654318201356,
      "p99": 10.649092290163972,
      "p99.9": 10.780108975741548
    },
    "send_duration": 245.49153979308903,
    "requested_rate": 0.5,
    "achieved_rate": 0.4888152157957917
  },
  "successes": {
    "count": 120,
    "latency": {
      "request_latency": {
        "mean": 1.7250104942747082,
        "min": 1.7224598973989487,
        "max": 1.7298900610767305,
        "p0.1": 1.7225142320212907,
        "p1": 1.7229330131597818,
        "p5": 1.7233537589432673,
        "p10": 1.723515342734754,
        "p25": 1.7241488239960745,
        "median": 1.7247195595409721,
        "p75": 1.7259271263610572,
        "p90": 1.7269088941626252,
        "p95": 1.727282298495993,
        "p99": 1.7280229898542165,
        "p99.9": 1.7296769675533288
      },
      "normalized_time_per_output_token": {
        "mean": 0.006950790787642795,
        "min": 0.004956892623309174,
        "max": 0.0072541004946815365,
        "p0.1": 0.004964213215716811,
        "p1": 0.005021715269176091,
        "p5": 0.006895018851019041,
        "p10": 0.006901123872026801,
        "p25": 0.006936754821893202,
        "median": 0.006981160630272166,
        "p75": 0.007038949592970311,
        "p90": 0.007119980124633544,
        "p95": 0.007170855734113444,
        "p99": 0.007237728226579353,
        "p99.9": 0.007253332482314348
      },
      "time_per_output_token": {
        "mean": 0.006717763548965255,
        "min": 0.006696693835780024,
        "max": 0.00673290372826159,
        "p0.1": 0.006697076942337676,
        "p1": 0.006700098354257643,
        "p5": 0.0067120422341860825,
        "p10": 0.0067154032208025455,
        "p25": 0.0067168155028484765,
        "median": 0.006718026293441653,
        "p75": 0.006718869322910905,
        "p90": 0.006721795492060483,
        "p95": 0.006724648627731949,
        "p99": 0.006727138959486037,
        "p99.9": 0.0067322464298736305
      },
      "time_to_first_token": {
        "mean": 0.044402491064586984,
        "min": 0.042053505312651396,
        "max": 0.05039528990164399,
        "p0.1": 0.04206536722322926,
        "p1": 0.042191488374955954,
        "p5": 0.042666972149163485,
        "p10": 0.04293264914304018,
        "p25": 0.043299788841977715,
        "median": 0.04393415921367705,
        "p75": 0.045040821307338774,
        "p90": 0.04670508597046137,
        "p95": 0.04739471829961985,
        "p99": 0.04887462938204408,
        "p99.9": 0.050223945387173466
      },
      "inter_token_latency": {
        "mean": 0.006717763548965255,
        "min": 4.730187356472015e-06,
        "max": 0.013382164295762777,
        "p0.1": 1.0550002101808786e-05,
        "p1": 0.004494505440816283,
        "p5": 0.006179310660809278,
        "p10": 0.0066143757663667205,
        "p25": 0.006695176940411329,
        "median": 0.0067403658758848906,
        "p75": 0.006789401057176292,
        "p90": 0.006881391070783139,
        "p95": 0.007174653164111078,
        "p99": 0.00886848868336528,
        "p99.9": 0.010618929360061912
      }
    },
    "throughput": {
      "input_tokens_per_sec": 50.178492303341116,
      "output_tokens_per_sec": 120.81670359662978,
      "total_tokens_per_sec": 170.9951958999709,
      "requests_per_sec": 0.4854025857638802
    },
    "prompt_len": {
      "mean": 103.375,
      "min": 100.0,
      "max": 110.0,
      "p0.1": 100.0,
      "p1": 100.0,
      "p5": 100.0,
      "p10": 101.0,
      "p25": 102.0,
      "median": 103.0,
      "p75": 105.0,
      "p90": 106.0,
      "p95": 108.0,
      "p99": 109.81,
      "p99.9": 110.0
    },
    "output_len": {
      "mean": 248.9,
      "min": 238.0,
      "max": 348.0,
      "p0.1": 238.0,
      "p1": 238.38,
      "p5": 240.95,
      "p10": 242.0,
      "p25": 245.0,
      "median": 247.0,
      "p75": 249.0,
      "p90": 250.0,
      "p95": 250.05,
      "p99": 343.81,
      "p99.9": 347.52400000000006
    }
  },
  "failures": {
    "count": 0,
    "request_latency": null,
    "prompt_len": null
  }
}