{
  "load_summary": {
    "count": 450,
    "schedule_delay": {
      "mean": 0.0001414991408172581,
      "min": -0.0013032476417720318,
      "max": 0.0016663912683725357,
      "p0.1": -0.0012023679162375628,
      "p1": -0.0009858747478574514,
      "p5": -0.0006826874101534485,
      "p10": -0.0005565851926803589,
      "p25": -0.00022646109573543072,
      "median": 0.00012301537208259106,
      "p75": 0.000526795512996614,
      "p90": 0.0008612341713160278,
      "p95": 0.0010591679019853464,
      "p99": 0.0013180222036316984,
      "p99.9": 0.0015895300372503775
    },
    "send_duration": 19.811448998283595,
    "requested_rate": 22.5,
    "achieved_rate": 22.714138680062558
  },
  "successes": {
    "count": 450,
    "latency": {
      "request_latency": {
        "mean": 73.4857120327548,
        "min": 69.70239250687882,
        "max": 78.11835462599993,
        "p0.1": 69.71674676481588,
        "p1": 69.84441946954466,
        "p5": 71.10934574578422,
        "p10": 71.55658958847634,
        "p25": 72.36450490134303,
        "median": 73.08339526504278,
        "p75": 74.80705974786542,
        "p90": 75.68434887765906,
        "p95": 75.84916099172551,
        "p99": 77.6308497862285,
        "p99.9": 78.05893978139945
      },
      "normalized_time_per_output_token": {
        "mean": 0.015066113748480575,
        "min": 0.014068759109627524,
        "max": 0.01914728661816321,
        "p0.1": 0.014089937729131002,
        "p1": 0.014169811105744893,
        "p5": 0.014434320197440896,
        "p10": 0.014567090923141651,
        "p25": 0.014736858211091983,
        "median": 0.014988781188520654,
        "p75": 0.015324207658751374,
        "p90": 0.015578815015129003,
        "p95": 0.015855282003582806,
        "p99": 0.016681349130299616,
        "p99.9": 0.01908349578924374
      },
      "time_per_output_token": {
        "mean": 0.014604856658738142,
        "min": 0.01386227643545717,
        "max": 0.015141671607024869,
        "p0.1": 0.01386392008804474,
        "p1": 0.01390457923698891,
        "p5": 0.014139561923393048,
        "p10": 0.014275492974771186,
        "p25": 0.01441590276923962,
        "median": 0.014544461236428469,
        "p75": 0.014861950417486716,
        "p90": 0.015084333003023639,
        "p95": 0.015118184448227288,
        "p99": 0.015139507131739368,
        "p99.9": 0.015141321356116583
      },
      "time_to_first_token": {
        "mean": 0.45720390217585694,
        "min": 0.08896476915106177,
        "max": 3.1945013217628,
        "p0.1": 0.08985374553175643,
        "p1": 0.09228625719435513,
        "p5": 0.09866100063081831,
        "p10": 0.10300488490611315,
        "p25": 0.11338594229891896,
        "median": 0.13097469811327755,
        "p75": 0.17368038895074278,
        "p90": 1.789345725206659,
        "p95": 2.450087399757467,
        "p99": 2.918128735022618,
        "p99.9": 3.150834882874512
      },
      "inter_token_latency": {
        "mean": 0.014604830269256394,
        "min": 3.5497359931468964e-06,
        "max": 0.3350989599712193,
        "p0.1": 0.0026869687577709554,
        "p1": 0.006591907050460577,
        "p5": 0.010141911916434765,
        "p10": 0.011432155035436153,
        "p25": 0.013466961914673448,
        "median": 0.014762958977371454,
        "p75": 0.01563182706013322,
        "p90": 0.0171275669708848,
        "p95": 0.018794174306094646,
        "p99": 0.023706550290808075,
        "p99.9": 0.03180887446273152
      }
    },
    "throughput": {
      "input_tokens_per_sec": 1231.336125764511,
      "output_tokens_per_sec": 23320.683695946485,
      "total_tokens_per_sec": 24552.019821710997,
      "requests_per_sec": 4.778423896325684
    },
    "prompt_len": {
      "mean": 257.68666666666667,
      "min": 250.0,
      "max": 269.0,
      "p0.1": 250.0,
      "p1": 251.0,
      "p5": 252.0,
      "p10": 253.0,
      "p25": 255.0,
      "median": 258.0,
      "p75": 260.0,
      "p90": 262.0,
      "p95": 263.54999999999995,
      "p99": 265.51,
      "p99.9": 269.0
    },
    "output_len": {
      "mean": 4880.413333333333,
      "min": 3801.0,
      "max": 5075.0,
      "p0.1": 3868.799,
      "p1": 4454.93,
      "p5": 4703.05,
      "p10": 4795.9,
      "p25": 4872.0,
      "median": 4906.0,
      "p75": 4932.0,
      "p90": 4954.1,
      "p95": 4968.1,
      "p99": 4993.51,
      "p99.9": 5040.427000000003
    }
  },
  "failures": {
    "count": 0,
    "request_latency": null,
    "prompt_len": null
  }
}