{
  "load_summary": {
    "count": 120,
    "schedule_delay": {
      "mean": 0.5565362257882953,
      "min": -0.00025517726317048073,
      "max": 3.279518097639084,
      "p0.1": -0.00024158345302566887,
      "p1": -0.00010590252000838519,
      "p5": 0.0001986619783565402,
      "p10": 0.0007320360280573369,
      "p25": 0.001945126918144524,
      "median": 0.006104661151766777,
      "p75": 1.1202163534471765,
      "p90": 1.6477349576540297,
      "p95": 2.216248257481493,
      "p99": 2.8035158448107547,
      "p99.9": 3.227146523997194
    },
    "send_duration": 469.18632565718144,
    "requested_rate": 0.25,
    "achieved_rate": 0.25576192961701943
  },
  "successes": {
    "count": 120,
    "latency": {
      "request_latency": {
        "mean": 1.8378647029865534,
        "min": 1.8347835801541805,
        "max": 1.8437988869845867,
        "p0.1": 1.8348146261745133,
        "p1": 1.8350524990959094,
        "p5": 1.8352990816580133,
        "p10": 1.8355386273935437,
        "p25": 1.8362100890371948,
        "median": 1.8377312838565558,
        "p75": 1.8391578340670094,
        "p90": 1.8401966638397425,
        "p95": 1.8411126693245023,
        "p99": 1.8429560609394684,
        "p99.9": 1.8437220714148135
      },
      "normalized_time_per_output_token": {
        "mean": 0.007420020451008417,
        "min": 0.007327635043423133,
        "max": 0.008024373465913092,
        "p0.1": 0.007329127641490501,
        "p1": 0.007340374879948795,
        "p5": 0.007344343387056142,
        "p10": 0.007345578087866306,
        "p25": 0.007354307795409114,
        "median": 0.007400148970660783,
        "p75": 0.007449020480789877,
        "p90": 0.00752999666223272,
        "p95": 0.007567337514169575,
        "p99": 0.007626056394199706,
        "p99.9": 0.007977282729485871
      },
      "time_per_output_token": {
        "mean": 0.007216554336684446,
        "min": 0.007205243419855833,
        "max": 0.007231141354888677,
        "p0.1": 0.007205529923722148,
        "p1": 0.007208592806048691,
        "p5": 0.007213514023832977,
        "p10": 0.007214044276997447,
        "p25": 0.007214983227197081,
        "median": 0.007216125514358282,
        "p75": 0.007217610976658762,
        "p90": 0.0072190230572596195,
        "p95": 0.007219975909963251,
        "p99": 0.0072278451657108965,
        "p99.9": 0.007230750667072832
      },
      "time_to_first_token": {
        "mean": 0.03277184033455948,
        "min": 0.030283724889159203,
        "max": 0.03800179110839963,
        "p0.1": 0.030302444299682974,
        "p1": 0.030445529669523238,
        "p5": 0.03058943843934685,
        "p10": 0.030697697261348366,
        "p25": 0.03096453205216676,
        "median": 0.032745168544352055,
        "p75": 0.034040457918308675,
        "p90": 0.03524520541541278,
        "p95": 0.03615756046492606,
        "p99": 0.03704736855812371,
        "p99.9": 0.03788845990970732
      },
      "inter_token_latency": {
        "mean": 0.007216554336684446,
        "min": 3.82913276553154e-06,
        "max": 0.01412681769579649,
        "p0.1": 1.0789827909320593e-05,
        "p1": 0.004437720244750381,
        "p5": 0.006147826998494565,
        "p10": 0.0070657732896506785,
        "p25": 0.007189299911260605,
        "median": 0.0072415051981806755,
        "p75": 0.0072958540404215455,
        "p90": 0.007420081133022905,
        "p95": 0.007983532990328964,
        "p99": 0.009874451770447195,
        "p99.9": 0.011809115133714194
      }
    },
    "throughput": {
      "input_tokens_per_sec": 0.25476485694863527,
      "output_tokens_per_sec": 63.11162418760067,
      "total_tokens_per_sec": 63.3663890445493,
      "requests_per_sec": 0.25476485694863527
    },
    "prompt_len": {
      "mean": 1.0,
      "min": 1.0,
      "max": 1.0,
      "p0.1": 1.0,
      "p1": 1.0,
      "p5": 1.0,
      "p10": 1.0,
      "p25": 1.0,
      "median": 1.0,
      "p75": 1.0,
      "p90": 1.0,
      "p95": 1.0,
      "p99": 1.0,
      "p99.9": 1.0
    },
    "output_len": {
      "mean": 247.725,
      "min": 229.0,
      "max": 251.0,
      "p0.1": 230.428,
      "p1": 241.0,
      "p5": 243.0,
      "p10": 244.0,
      "p25": 247.0,
      "median": 248.0,
      "p75": 250.0,
      "p90": 250.0,
      "p95": 250.0,
      "p99": 250.0,
      "p99.9": 250.88100000000003
    }
  },
  "failures": {
    "count": 0,
    "request_latency": null,
    "prompt_len": null
  }
}