{
  "load_summary": {
    "count": 120,
    "schedule_delay": {
      "mean": 0.007731580066805085,
      "min": -0.0001651747152209282,
      "max": 0.149446836207062,
      "p0.1": -0.00016143224062398076,
      "p1": -0.00011302735656499864,
      "p5": 0.00012691186275333167,
      "p10": 0.0003118884284049273,
      "p25": 0.0007310761138796806,
      "median": 0.0014597333502024412,
      "p75": 0.0033078588312491775,
      "p90": 0.006773227592930211,
      "p95": 0.03555551690515128,
      "p99": 0.13976539370138205,
      "p99.9": 0.14907626699749385
    },
    "send_duration": 231.0232038591057,
    "requested_rate": 0.5,
    "achieved_rate": 0.5194283431078399
  },
  "successes": {
    "count": 120,
    "latency": {
      "request_latency": {
        "mean": 0.18383702647794659,
        "min": 0.17990332189947367,
        "max": 0.19159859418869019,
        "p0.1": 0.17997649152530357,
        "p1": 0.18053521471098066,
        "p5": 0.18138807085342706,
        "p10": 0.18203645879402758,
        "p25": 0.18286613002419472,
        "median": 0.18370833853259683,
        "p75": 0.18479654507245868,
        "p90": 0.1858650868292898,
        "p95": 0.186336409044452,
        "p99": 0.18676607352215796,
        "p99.9": 0.1910238808225841
      },
      "normalized_time_per_output_token": {
        "mean": 0.009282071261386101,
        "min": 0.008703181054443121,
        "max": 0.010141577985551622,
        "p0.1": 0.008708442304904262,
        "p1": 0.008766229943860145,
        "p5": 0.009041417422704399,
        "p10": 0.009092394795734437,
        "p25": 0.009146297228289768,
        "median": 0.009209759207442403,
        "p75": 0.009315013641025872,
        "p90": 0.009684349096527226,
        "p95": 0.009698801568562261,
        "p99": 0.009823948628220119,
        "p99.9": 0.010104494381184034
      },
      "time_per_output_token": {
        "mean": 0.006864218341264253,
        "min": 0.006720790453255176,
        "max": 0.007007719064131379,
        "p0.1": 0.006724854482430965,
        "p1": 0.006755709454184398,
        "p5": 0.0068214059644378724,
        "p10": 0.0068438407685607675,
        "p25": 0.0068602376559283584,
        "median": 0.006866468442603945,
        "p75": 0.006872156535973772,
        "p90": 0.00687984115909785,
        "p95": 0.006884352299384773,
        "p99": 0.006981929733185097,
        "p99.9": 0.007004972470575012
      },
      "time_to_first_token": {
        "mean": 0.04584792610645915,
        "min": 0.04191942187026143,
        "max": 0.05243675829842687,
        "p0.1": 0.04197463119775057,
        "p1": 0.04240231223870069,
        "p5": 0.04347992988768965,
        "p10": 0.04408321217633784,
        "p25": 0.044730698922649026,
        "median": 0.04553136485628784,
        "p75": 0.046923047630116343,
        "p90": 0.04808177067898214,
        "p95": 0.0485951280221343,
        "p99": 0.05034218543674797,
        "p99.9": 0.05220481275953355
      },
      "inter_token_latency": {
        "mean": 0.006864218341264253,
        "min": 4.149973392486572e-06,
        "max": 0.012488190084695816,
        "p0.1": 9.54747525975108e-06,
        "p1": 1.007996965199709e-05,
        "p5": 0.0018519815988838728,
        "p10": 0.006633799150586128,
        "p25": 0.007151321042329073,
        "median": 0.00722576049156487,
        "p75": 0.00728342670481652,
        "p90": 0.007435947470366955,
        "p95": 0.007786536309868096,
        "p99": 0.00979341238271445,
        "p99.9": 0.011137591390870573
      }
    },
    "throughput": {
      "input_tokens_per_sec": 53.33684985919268,
      "output_tokens_per_sec": 10.285033162922495,
      "total_tokens_per_sec": 63.62188302211518,
      "requests_per_sec": 0.5190092428724555
    },
    "prompt_len": {
      "mean": 102.76666666666667,
      "min": 100.0,
      "max": 111.0,
      "p0.1": 100.0,
      "p1": 100.0,
      "p5": 100.0,
      "p10": 100.0,
      "p25": 101.0,
      "median": 102.0,
      "p75": 104.0,
      "p90": 106.0,
      "p95": 106.05,
      "p99": 109.43,
      "p99.9": 110.88100000000001
    },
    "output_len": {
      "mean": 19.816666666666666,
      "min": 18.0,
      "max": 21.0,
      "p0.1": 18.119,
      "p1": 19.0,
      "p5": 19.0,
      "p10": 19.0,
      "p25": 20.0,
      "median": 20.0,
      "p75": 20.0,
      "p90": 20.0,
      "p95": 20.0,
      "p99": 21.0,
      "p99.9": 21.0
    }
  },
  "failures": {
    "count": 0,
    "request_latency": null,
    "prompt_len": null
  }
}