{
  "load_summary": {
    "count": 1200,
    "schedule_delay": {
      "mean": 0.00010764532606117428,
      "min": -0.0013128118589520454,
      "max": 0.005591258872300386,
      "p0.1": -0.0012310202927328646,
      "p1": -0.0010440224409103394,
      "p5": -0.0007500861305743456,
      "p10": -0.0005445662885904312,
      "p25": -0.00027450791094452143,
      "median": 9.555695578455925e-05,
      "p75": 0.00045483780559152365,
      "p90": 0.0007991092745214702,
      "p95": 0.0009700365364551544,
      "p99": 0.0012954237777739763,
      "p99.9": 0.0014821278834715524
    },
    "send_duration": 119.9300430812873,
    "requested_rate": 10.0,
    "achieved_rate": 10.005833143799114
  },
  "successes": {
    "count": 1200,
    "latency": {
      "request_latency": {
        "mean": 62.91955434307068,
        "min": 45.96486956393346,
        "max": 68.20743373315781,
        "p0.1": 46.92157632491691,
        "p1": 48.01963473901153,
        "p5": 51.837203487055376,
        "p10": 55.370155029557644,
        "p25": 60.04281512112357,
        "median": 64.50643861992285,
        "p75": 67.15057567961048,
        "p90": 67.98073192760349,
        "p95": 68.08582603398244,
        "p99": 68.16354095051531,
        "p99.9": 68.19358133096061
      },
      "normalized_time_per_output_token": {
        "mean": 0.01611731452088095,
        "min": 0.011621964491512886,
        "max": 0.023910686374212783,
        "p0.1": 0.011884742858066193,
        "p1": 0.012263949644564075,
        "p5": 0.013267462150730361,
        "p10": 0.014131154470401698,
        "p25": 0.01535542521725229,
        "median": 0.016515252988236098,
        "p75": 0.01712613001855414,
        "p90": 0.017376429087449952,
        "p95": 0.017564794084645535,
        "p99": 0.018553647962759004,
        "p99.9": 0.020991254341288543
      },
      "time_per_output_token": {
        "mean": 0.015693634259071068,
        "min": 0.011471559669240378,
        "max": 0.017006553605780936,
        "p0.1": 0.011704264298000255,
        "p1": 0.011981170982003677,
        "p5": 0.012932561791775515,
        "p10": 0.01381451003513066,
        "p25": 0.01498034188587917,
        "median": 0.016091469949227756,
        "p75": 0.016748831641889412,
        "p90": 0.016956240692012944,
        "p95": 0.016982410616072592,
        "p99": 0.017002902619332308,
        "p99.9": 0.017006350573251606
      },
      "time_to_first_token": {
        "mean": 0.13665221293767293,
        "min": 0.06399633409455419,
        "max": 0.22031410923227668,
        "p0.1": 0.06511353113874793,
        "p1": 0.08686790371313691,
        "p5": 0.09774102589581161,
        "p10": 0.1044288613833487,
        "p25": 0.12263223552145064,
        "median": 0.1392405240330845,
        "p75": 0.1500759682385251,
        "p90": 0.1629443076439202,
        "p95": 0.1718753318535164,
        "p99": 0.1889085212862119,
        "p99.9": 0.2153368402705536
      },
      "inter_token_latency": {
        "mean": 0.015693634259071065,
        "min": 3.4598633646965027e-06,
        "max": 0.07532388903200626,
        "p0.1": 0.0014664716590195893,
        "p1": 0.005175060564652085,
        "p5": 0.009237626288086175,
        "p10": 0.011124721169471741,
        "p25": 0.013773816986940801,
        "median": 0.015964116901159286,
        "p75": 0.017152624437585473,
        "p90": 0.019008027948439126,
        "p95": 0.02231807161588219,
        "p99": 0.028972305753268292,
        "p99.9": 0.05503196795517581
      }
    },
    "throughput": {
      "input_tokens_per_sec": 1748.0386301606534,
      "output_tokens_per_sec": 26515.00191530197,
      "total_tokens_per_sec": 28263.040545462623,
      "requests_per_sec": 6.787576951329541
    },
    "prompt_len": {
      "mean": 257.535,
      "min": 250.0,
      "max": 270.0,
      "p0.1": 250.0,
      "p1": 251.99,
      "p5": 252.95,
      "p10": 253.0,
      "p25": 255.0,
      "median": 257.0,
      "p75": 260.0,
      "p90": 262.0,
      "p95": 264.0,
      "p99": 267.0,
      "p99.9": 269.6020000000003
    },
    "output_len": {
      "mean": 3906.4016666666666,
      "min": 2782.0,
      "max": 4226.0,
      "p0.1": 3013.686,
      "p1": 3481.91,
      "p5": 3737.9,
      "p10": 3841.9,
      "p25": 3894.75,
      "median": 3927.0,
      "p75": 3950.0,
      "p90": 3969.0,
      "p95": 3976.0,
      "p99": 3999.01,
      "p99.9": 4216.0
    }
  },
  "failures": {
    "count": 0,
    "request_latency": null,
    "prompt_len": null
  }
}